machine_downtime,demand_volatility,material_delay,sales_order_quantity,production_schedule_stability,production_volume,factory_issues,vehicle_fill_rate,delivery_to_distributor
4.583159234967758,0.28213917160950686,0.5972173075808402,338.80362513987933,71.0690302644985,861.2831631416769,33.57283672788199,0.8600905666039412,2.0751764553869916
6.538392988661058,0.5271787816469388,4.213109887705637,176.6347065123512,65.0108732161456,787.30402378434,11.073846487093759,0.7889355848213733,3.95726245572513
3.930808346305127,0.6505656867643812,3.721031642554785,283.7492715471165,62.89470383407383,802.9529272803575,30.260347080762283,0.7123118994244659,2.539898408164862
3.4458398184169865,0.12299158454088535,1.2849619397023226,266.37505399712416,82.91557664994568,938.2830723185278,6.023043378047464,0.8661767017493885,2.3113580211886746
7.192874419502637,0.20882174371642592,2.9211362341571636,554.0066760992713,64.96423886226144,907.0286389347865,24.20083306749681,0.8686896218409591,1.261325618887366
3.718353583217951,0.6571078666306596,2.4903825545619034,239.70157569460815,58.65305856776503,780.0864199700408,21.0878101561417,0.7294170491477463,3.2686891620245384
5.2439796605072875,0.24856385371783232,3.8839863779948276,248.60497192123555,77.31370059744036,883.3843601911472,21.0014089437376,0.7877392584584969,3.175048138838905
4.836024266932057,0.7782141714442962,2.8327551399019364,134.1125005226301,64.2833967567609,765.6003670934703,23.09108372799495,0.7557882359416686,2.3997404807188816
7.187911813509431,0.7062405426075784,3.514675167998032,77.75435635852277,55.581110296360215,706.7528940046784,38.05554642039618,0.7527333124329834,2.549321231233975
2.9345016972847278,0.18239129984349542,2.1646363909787003,326.6026036291612,81.85117336830984,971.5480171952112,6.526490400521025,0.8545926418896305,1.330916775560304
9.1440580624739,0.09692363346542772,11.008974429021878,331.1578785521697,64.10708797927572,594.7145769278533,23.885529364493067,0.6688503085200644,3.806533070637963
2.287440197130878,0.7665623542005767,3.583031059990139,307.7462226832261,63.81074081297539,714.6768570602992,11.449924252928334,0.6657786707433739,1.3829121920180671
5.523747834958488,0.12855865020489357,1.8956633569430625,475.095911709556,81.74482036196953,879.073291803376,28.364878517634025,0.840968186939944,3.4897780708311763
5.014987258913038,0.8222090399779977,1.8003664130605443,270.743213944414,58.89675993069082,840.7066058168315,40.290210799487966,0.7133533241992359,4.56113865076424
2.088709986625692,0.5291422615243463,4.6777214248448375,210.80931637047405,77.31352072272864,673.4868676637909,28.956140911888387,0.7195829582828472,4.03120635756617
5.89947477640533,0.4112790268074674,14.656714067545622,303.3371527636954,64.52549021605505,371.2713156118814,34.03078274968123,0.5668327772380958,3.0361931925743315
3.1435998657844246,0.20139959780658226,6.228805061282852,243.9677901842261,82.74858106967098,710.5144080278803,8.530574793316683,0.7179638187041929,1.4215520490920914
1.4504911953316055,0.3461337085041031,2.7159954297872106,101.36612823677902,87.72098595874147,852.3258058227331,8.330444684193573,0.8392647593746448,1.5274654549745215
6.503082842560341,0.17913761307804119,0.5052986945343502,503.4009188630342,71.84543208060418,831.638272045414,21.45684549982023,0.8112477600591121,2.8920707226682247
0.9113304387070758,0.6661653869942652,1.35351534323861,177.59814337766318,77.41469715767721,791.5130317178933,18.05643924468994,0.7060514608129719,1.5831644423162687
1.756083985442543,0.940165170349519,1.676466707063994,254.12275085823572,70.61763414829687,807.1367379349274,13.99461276123304,0.7252283083354462,3.3879405495148913
3.8918842465912875,0.3677081296836928,0.47108430170136123,188.7094083387095,77.66837545011643,989.157375759437,8.757283145746152,0.8753921476658673,2.4205924360981674
7.151213856431207,0.2718368494840413,2.374600641203149,551.001460393098,71.97115330463804,856.3712648071127,11.59771743630163,0.8063940117734435,3.3639618273450056
6.193045492831887,0.2754070201734169,4.277137609791891,193.3357204439018,71.14003146811237,830.9567569977114,17.64280069754418,0.7594468222395292,2.1536690986431766
4.522930037554252,0.25825772027604127,2.0180566786623775,600.9174020310754,76.5763921942423,791.6449854917857,14.476832996649536,0.7139751150220763,3.0121694755960053
0.5833038969607108,0.23773584978087856,5.034874692241505,166.64562203746212,88.50353544229192,736.0289678266528,5.331486410252058,0.5988016584912277,3.211888983271124
2.186363249611945,0.46754188219193227,1.7794623168900048,408.1861001784178,81.07612940791392,875.48158739526,14.754042015154926,0.908967729310199,3.071446656794778
2.681997792436727,0.24523591666942657,0.7870523121197204,248.05669563914927,78.6643603984141,927.9905802890158,6.637652328195008,0.9420298620971765,2.4650792012265086
1.3772796945811652,0.8241739334578905,1.53110253683559,88.49291287557547,72.91656643153742,860.8868537585886,13.832148109506324,0.7742842851116396,2.0445356764743052
0.38865901430633387,0.521663134553889,1.3844962940214363,589.3034851604723,92.27962914710372,850.9583832185803,0.8423533007398873,0.7385528199213157,2.639731502813958
4.054312244144196,0.20403046722182508,0.609367543089891,158.02971471722807,79.53107037961549,930.1935029035875,19.241961366504242,0.9308656490939344,2.726943331204734
6.347489826577787,0.7518268889994018,1.1305291416645116,215.76916524537702,51.1760746838266,881.2224801950719,35.36168541860537,0.7227475705809066,5.534990007467337
2.487248310213575,0.43024860436306583,0.38985941947452407,322.14934274355096,75.33126115716168,887.6247952484445,19.297302586936006,0.8839686682680611,0.2567507732413632
7.081251690306674,0.6096753498090295,0.3584943151932029,121.26386970558414,61.61831757052391,839.7492548748536,21.26351539916583,0.8356879932086163,2.559360729318292
0.780121483511881,0.23617186084794334,1.984040752501043,174.36901035528751,83.40237374413014,913.103767931543,11.861302650734912,0.8303819695610384,2.7597979676074242
1.2860667835033492,0.2685297803129927,1.651057396321912,235.7636965659543,79.53906886365398,835.8559400154891,9.67616295932584,0.8711649131979539,2.80888365755078
3.9820944229066892,0.7151631108387366,9.517378067080667,83.83316131766361,58.27830833630805,597.1428123416882,24.764082677570393,0.6252980035778769,2.8201981776686798
2.290064987664876,0.5200818785755917,1.17699458217831,303.83728733915717,74.08632731617166,764.3824872573024,20.357029503748578,0.8006546022185831,3.224121204636732
5.94369362086071,0.14911185461307638,1.8748006422602403,111.7673432935607,81.49966983675654,884.7460724143467,9.068866288431899,0.8183644674718556,2.229412761760428
5.198568292935874,0.6238705940427928,3.0998993968111215,403.23854115829477,61.1515751000799,880.0210524025329,26.560818115045592,0.7671803545912226,4.884278883229042
2.4504565456020613,0.46085000561144296,5.285829324316176,508.21010658219325,80.5065405870686,837.9896291894447,12.026075106674815,0.9049384895859245,2.619478026251139
0.8791541014767335,0.8207834665486934,6.656463672634583,418.45164510678563,70.44771037066899,605.1490895069367,13.641234121356991,0.6276656668466536,3.3024737570345915
2.1886616655556437,0.6873761580784739,3.1292990660481204,451.4168095378851,69.31324830368968,837.9599916781852,18.015707882332304,0.7813120392920521,2.729415888644482
5.300344218734653,0.6708629542895727,2.4020720801339817,228.88738312862625,64.91215632172876,849.7946214370138,21.192491779040243,0.8505460907728037,3.7228959809627304
6.129135756338135,0.34117736883286276,1.4594931703026357,103.49726826431005,60.41465465652014,860.951291538151,25.419652068372695,0.8785860534943476,3.8484377875403952
2.2997358427064603,0.7643036273982972,2.8396468468770726,494.533215306018,77.34004132796466,799.8009942321497,5.044496962968974,0.713943475879067,3.294367831925456
0.38532624787470693,0.11921000480205629,6.300099197932145,177.0095890576414,93.55035739063383,678.419362855399,0.13904301975061983,0.7790940091002143,1.7697409120048062
0.7254478851725891,0.7459952870543517,2.766185737257013,261.5128309834849,79.43085063934082,683.7319965629899,19.86953018415029,0.7099244380744884,3.2278856072874667
4.961808450869057,0.22407505845666312,3.646211482760042,144.11502464700342,73.22330794753604,850.7962762175812,21.368013853971327,0.806083012758871,1.9919882537268057
2.412057054168734,0.5956124075861481,4.849499597034037,130.7329879349329,75.35545496949962,750.4671400497982,14.854445276638707,0.7419085869704872,1.4837642507635742
2.4678452361021597,0.26896592953227305,3.4302290910861966,317.1272842600339,85.53634233511688,751.3175178458047,3.046108896781619,0.7499544875900731,2.6579091810880433
1.2626622345777625,0.8327580435296454,3.8923225201628906,281.4039733679769,69.93951631652516,710.8293746791467,21.644738150359117,0.6485313094345078,4.481380260318432
1.2359152410564607,0.7572348288783651,3.3558271469273118,85.41315160072581,67.99536646365284,681.014967833331,28.209326472768616,0.7289374455443505,3.4862878569366242
6.990065269617074,0.8993053279269421,1.0754606472890273,182.42073216424384,46.83154645428821,794.4067423986107,46.32017068934286,0.7868548242088195,4.954558716505461
5.104851218119413,0.8316403787516619,2.8905685675605772,719.7963691142438,56.78035133611792,733.4429474843279,27.10980359265778,0.7217000644184423,4.656565060127421
1.9061722023946328,0.14486130575841555,3.135758256481049,375.22648085400317,86.79486780288893,897.2921585506142,2.8830914736407998,0.8486592425470182,2.633675021206578
3.7389675871544776,0.5575212329315198,8.014245882384843,169.89606567556035,69.0309301742716,565.7965398010648,24.568911748925252,0.6292221060502902,4.1741633049382525
4.309391121748377,0.5133087813279257,1.478091309344327,210.88033812041172,66.79203664122403,788.1725570567868,25.400223636658982,0.7692005859280803,2.71553940497133
11.678810402605734,0.8338006301323551,3.0292038465215887,277.6692807091479,42.508675415150215,856.7054462354882,40.30654224585103,0.834904745498009,4.784143506241241
1.1207440799214177,0.5290000440118127,1.974799710215532,211.6401113951133,76.10744735507568,871.3524803801829,12.913549516827539,0.811515383806827,0.4388176535432864
4.262364571141476,0.5415978488811044,7.560674131335755,567.1154315366127,65.68494941050396,670.0949483325091,16.167502155238576,0.6631912582179624,2.820558283700689
6.963392964320937,0.27603022198402893,5.720214415127271,362.01130641648035,71.90596271594812,766.2783701257496,23.713406880137597,0.7977093467267516,1.4788682462576013
10.705218305781568,0.8394541916455034,2.9869310924864703,419.02244203047445,44.6507889481396,811.0674693853789,44.12367128784602,0.7328875294545416,4.312534556539952
1.8093150565472123,0.03892715454112739,0.077791399274976,444.5285062809976,82.4737393995082,1017.2420767693342,10.108524362066714,0.9629202860269198,1.045094406518047
2.382730397695301,0.5010835920296441,5.896720491386332,360.61802861837566,68.6705136894412,716.8762659835775,32.193886691098434,0.7129405109461991,2.0749095110171134
5.987899171783077,0.2484167559065042,0.6556146234507583,390.8092378593099,65.28721028148463,944.1523098565468,25.716285721656085,0.9102790833233101,4.280470818580904
0.5700106359093382,0.5037378107479553,0.4080508916549321,553.2269043516657,80.54339513360165,881.7711109541542,12.569887978089957,0.900954756298282,1.9004311074604603
4.617361871512078,0.23054929041047803,5.050702030243513,402.19281706205516,81.27641030990675,816.5897910677562,6.009303464087829,0.7869873227015729,1.6011540737995744
14.776004148113245,0.21426852148498352,3.7605577080253134,123.61856729283467,52.5521675191493,801.5612127072586,23.01066287809563,0.8245415563147456,1.7534745904362374
5.021896262019385,0.3722249683995288,3.507373423467075,667.93095040342,74.38114265343762,810.9354241384763,14.861438348827516,0.8180780262184114,3.636080078696947
0.14005041152660683,0.628070029033716,1.5381167009736592,70.26796771822764,88.44251661125662,866.469688380923,10.302751170824248,0.8290219417094226,2.8584671756524775
1.4713765838685404,0.5975158696837781,0.546544122776701,352.6622128142298,76.65609858982954,915.783550484932,30.342228808127345,0.8796057204111855,4.016575347331546
1.867651277726501,0.4828963812950287,0.11613151577291767,294.86357966973935,82.86977550204877,862.0595940066672,12.396530891155992,0.803242183914436,2.5197338038463655
8.215088459785093,0.4066624083889496,3.4931985222628494,200.30286469914728,57.332147615016815,811.3445614276886,33.4210427291494,0.868901392939242,1.493138767915269
3.0107187316961594,0.7399081932526439,0.7909149522972208,445.7143252738641,59.68961782912187,796.1294118535684,23.253762550930638,0.7818916016269561,3.3046806422955113
0.39482011365653025,0.4261839319061946,3.9545870329633965,247.3574133351333,81.61768238710151,788.604154044627,14.119539854852308,0.7366451423393633,3.0615840785143282
3.3286011765427954,0.7621443463326673,0.9061806501800458,364.70004094884064,65.33487553490836,896.2178969937041,24.733461553510097,0.8160309033416924,4.459167159096296
3.939336585335173,0.3410898152295251,3.042361375119799,113.56590642065699,87.57908156049902,935.1338217625001,3.0217999277190106,0.9054556266892237,1.3590385159100073
2.118589098455494,0.6837290915062864,1.0348301411856924,492.185513730263,71.54883976068496,890.708919581311,27.94490978513873,0.788405436323776,5.942610095189562
1.2116397672475747,0.3036209256449614,4.731597124587993,467.1876234550652,78.68551128511805,817.0303575256693,14.115821032793743,0.8848179716238329,1.6807889360199795
15.91935618940165,0.7983749471777695,3.384483409278932,273.6088870020546,32.10579802152226,679.5991792133852,54.158109277846926,0.7730400477811867,4.8323791232714495
6.980722118277393,0.665189027010454,2.8392063429314556,148.3626108287606,53.63017467161275,818.9437493186949,32.51676308156457,0.7298078710742358,4.091991744147389
7.469633736739446,0.7191120196392252,1.2021358598707441,511.9045798582615,55.330999166468075,777.1215193610398,29.279908314275925,0.8049393990637487,5.229090358132695
3.0165752883228967,0.2651422686178349,0.6216349319543242,73.9165793148721,83.70814687513152,1007.5099074197117,6.716627823330901,0.8561173205193097,2.5556635531494725
1.7781130617790315,0.32972946205653375,3.5109007262905054,282.35850398897895,76.7642331697912,746.1309377044013,14.162872255231855,0.7060013496139367,0.5443769741497979
2.223006166222458,0.30581385662867216,1.5741316729015467,226.1966475010028,88.27293462858373,832.5344259117013,16.997133472007285,0.7760736399236767,2.594378073070298
0.7774428274220888,0.16626178007435682,2.6968130247235766,346.28108766035604,94.14514051371702,912.4721708307216,0.0,0.8103662493538912,2.2139582188749882
11.515417019916606,0.23009739075911215,2.573335087008422,223.52080721157037,56.46771339184669,963.3382437544819,34.4705344557993,0.9142751510283392,4.386483346386536
3.1294711635447525,0.4846548580664177,2.439177156594375,452.7750836666336,82.25362221483267,893.2057273392519,10.555369239126728,0.8486035234983798,2.7690280604679534
9.666717496156352,0.36957469566469076,5.765597152605938,123.37529609644562,54.849236892094815,692.7010889156404,35.14249971595442,0.7367532087305361,3.762666292638939
2.3301667364896472,0.41523355486177504,2.479582858684489,514.2964231528782,81.59949704005578,779.1707108535722,14.121586486816431,0.767652910957152,0.0
5.081269777054674,0.33655129012687335,1.055214610685585,252.08399612568067,72.73650074183395,881.6381452499267,11.084705724487165,0.8025892529932183,4.039434769599265
4.127955153024625,0.38842136303759733,4.1547684417101065,194.4244393160924,69.71637607948793,783.0893574912227,22.192674397468224,0.7438215458090514,3.5448700917372213
0.6750696415111024,0.5673265955405188,4.049553774287515,341.35760654522136,75.75271980419681,748.2750389689156,29.96750853239228,0.8042469589828415,2.785607310114461
12.583135733967605,0.2933879693369452,1.4285768889376818,438.0495583794982,60.07124829394268,837.1163443810336,29.794995860619373,0.7848283881450797,3.5813451401451606
2.3993758365376414,0.4767405521150859,1.2101752066412779,238.3458346128096,81.17993074836951,957.2518021038494,18.736425170861416,0.9441345609892434,2.4038330795403735
0.9987457881942108,0.1879048310078703,3.3681487673322907,252.13409765504755,91.75367881706825,915.5638078200325,7.555792124534692,0.8175650859135707,2.1312269945590696
6.025875614256597,0.28852230660407335,0.836242372754529,161.1168037361825,66.58297293171123,1036.3689915308967,28.12128104199158,0.924120641963754,1.4097936949087273
3.483429474644468,0.6498891866138742,3.3990828333963314,70.47186164650309,71.84220643082813,666.9245902506019,15.402283394414585,0.7156242018643639,1.2353209880989846
4.711780381796558,0.38278856554204366,6.879820393448744,187.50812862531836,69.45477896806966,618.8711720728237,20.653067004800114,0.7304196773105511,3.3362682005510713
3.801810734819145,0.14162515360355132,4.116509984988008,275.8089842143774,88.5441342014268,829.1466883949978,13.299560578784977,0.8459561851971225,1.5006677750152349
0.17343710505645402,0.758058606199233,7.139679818997676,215.9512990351974,81.59275287025318,600.9942005980281,10.78408444165581,0.6759662142429852,0.4881173691442606
1.4169820057189455,0.7267771904189624,2.7111055235592985,216.51373964774717,77.1762572714975,755.5657681866601,22.40959879189649,0.7570733224972205,2.163155241417123
1.3559510428658563,0.7077621618669478,2.7051126702634707,122.37486674612126,77.3269457518475,734.2595701237555,9.849887187556106,0.6951201841192791,1.9350727394744054
7.385778170520265,0.8339803341366577,2.9495439396612206,136.7250550361801,51.55422600703063,697.0577115554199,34.264899559944375,0.7086125816436322,2.2498123114858353
3.600198625266151,0.8271497483484579,3.6475038057593236,120.36818222513608,65.95654578402423,851.5965012021429,22.277196057100806,0.9240939622467561,3.885567416869537
5.333605662761036,0.8079113526551361,3.490519432394085,280.05980266105695,66.50807396462909,653.5731575807339,39.274001646167015,0.6442193997268968,5.957522700155149
2.5419683287363704,0.4747174042321611,1.2500164524386137,349.6650450311631,77.83945275023488,785.3411152190822,13.173675039200607,0.7430774597993767,3.440451781416558
5.549290678412966,0.6406427395924619,2.5313285630288203,287.03186600674127,58.1324428881561,731.3590769872387,31.828613715074326,0.6697090422016002,4.202069357659535
3.022836965525081,0.3208550139114334,5.635144668553284,360.76334489289104,84.1848480182991,737.9983881842998,0.0,0.7054354463392475,0.3694897210428565
2.8235732948780097,0.626057633323494,1.0177924705121537,135.25373028571207,67.48069970363457,848.9976041939038,15.756553694826593,0.7502415093432431,1.4410749349830323
4.103907543146694,0.6278315261068295,2.9455150350329617,266.3536154402221,66.84468388267838,812.8224052790912,25.043272051575244,0.7264019672902442,4.680074067701491
3.801485028288994,0.1022933066675077,3.5988518160866554,196.3519453543756,78.66984428398058,798.3013842527836,13.34776068749509,0.7951225875134219,1.2815240697144765
19.63649022480955,0.22637447727493581,3.597785590579083,241.3251991640279,17.386250017630402,827.4169464411732,56.36173571620194,0.832972303477069,5.460068567094106
1.399299470884105,0.10956570509409594,0.6053097157504752,89.47291376981205,88.93933044060087,964.4384534404234,5.792604899088543,0.8962966053511914,0.6638959518409631
0.5771568346558231,0.22268579714117426,0.9924708665879495,118.19593320762378,98.56525544061847,1021.3850110102538,0.0,0.8617470292648773,0.4945128763131768
4.625517433187016,0.6302813836670185,5.491146001652621,274.79740171580625,66.96634024708099,792.5523942216553,12.85458247342578,0.691328763627532,2.378109139531103
1.6291943215240892,0.7145656493005939,5.429940090745712,160.55852565402537,87.06478564332974,666.5608289430114,8.534022136563149,0.5976883931644391,1.9720793193137203
0.13435118855663775,0.6004854410917817,2.6179012438277365,167.27553870910535,78.81872137879289,856.5071978727907,13.511057793380798,0.7529559274838821,1.7050819720622234
1.0627506111331064,0.277645116573655,3.253820899507387,228.92540293464373,85.97786132890839,837.942478257779,16.214369860553248,0.7514666288008872,2.1813465237096645
16.665225221328303,0.5468890627296344,1.1102572713355763,353.38416861950327,30.81094559402507,919.8017641600678,53.4432212433301,0.8289387465137988,5.286708174168528
1.3581764372491618,0.08031181187748537,0.7639604953467682,432.2018077559484,89.21933918800443,980.4863365213367,0.0,0.9014047961980541,0.21578463226079936
0.33526865672281325,0.5486683271640416,0.4299976840490872,74.74554220905094,82.12748400663669,944.6554402229407,8.102916780385277,0.8474546093050987,0.0
15.926272305969974,0.5462303641794042,0.7479684147777205,190.37933008574836,41.11692119085025,939.3310280686578,52.030760905684176,0.9428208241052749,4.344455559336563
1.0132254375994025,0.7602821692782258,3.2512965978451644,296.3827614442925,68.75902397741564,781.3803678407752,27.304188976573514,0.8841647459388059,2.2492994078696267
23.874952611071926,0.13587622423032267,2.327350917828377,344.0438787718398,20.021813243998796,894.7312193802579,58.92987422448949,0.8315173401667717,5.841924520907335
2.437207304053154,0.649193275126744,2.824642275035529,410.53211597840766,74.53725838455998,852.2045379751016,14.807537552150368,0.7156186538888767,1.7918876309234963
12.621440199548266,0.43118039667821173,2.788650333104823,323.862900031094,52.75657945040997,815.6980673396758,37.51098844645682,0.7625753725529661,2.4684458166541674
2.763852206811084,0.7250765298508407,0.9653695225731463,171.37164319864226,57.79262385518636,818.0578887280237,20.453340626472063,0.7774957203993582,4.101134954713505
5.106278417958713,0.42177360253633867,3.398539819120639,292.40249694788577,62.14496457814684,707.540365506658,23.102928706181594,0.7588229857207779,2.5240010337735694
3.0840260860184467,0.7239212858739589,5.997627143245352,271.098268970961,67.85297036437125,677.0247463169048,24.571949497270772,0.639409630837357,1.36596337925082
2.7835657513764827,0.12333708644614175,0.9802702517737225,114.09765093867219,89.16235633612617,983.8267623207686,11.232018473274128,0.8091421638399096,2.4426159314036626
4.307506649217498,0.629905745421253,2.4644416315763875,158.82026540757983,63.92655799977038,703.5019372650745,26.549781408245224,0.7352032080614184,2.743998875170506
5.2610934096717274,0.46362968930264015,4.246189700277127,311.98280983024176,70.97079178114075,723.7813215531152,22.681891036245904,0.706927399435533,3.2496682137884516
4.028193123576795,0.5927779885510525,5.418323235765326,411.0983665176004,77.98531629379217,739.4108411183552,16.39538489373227,0.7155157440678903,3.104466050776066
3.675083953044524,0.9598169641259775,3.6885022234721987,183.54700963245077,60.03106233865505,699.8668343689575,26.086728352004872,0.6759346271029891,4.346402944649932
1.6438853308299919,0.5647273382605992,1.1069608473956212,719.7967594536108,74.809364674998,874.3274278893325,25.6776242645857,0.8044072719534099,4.294783313568156
3.194125353037903,0.568247894209341,0.37714254933346314,33.81988638987479,73.57071230019623,954.4356617835515,29.608603914806714,0.882615759231883,1.296552085659074
11.474347339911308,0.7690178643416266,1.9782978412231365,256.96434267443004,42.25164298596349,799.0278476721918,40.11910146512024,0.6592601387790715,3.458108984058737
1.563964223517545,0.5625979294069859,2.242751814188498,274.6392085881763,77.51940543304065,848.9583716579937,8.684843049554402,0.8101930995056423,0.28558189624996855
4.416283358998114,0.2997520110997619,5.423368355243764,456.9778085102816,73.35303806903775,673.2478079064421,17.243331463164264,0.7383286575156571,2.4897629052447323
8.952416265068544,0.29015258573903807,1.8304989977720534,168.02129133371528,59.60325457258943,904.3500650754089,28.798794656463233,0.8649678973184135,3.3432577465118123
5.297766812378086,0.9073470429454275,0.9526051286318539,186.99407312053543,51.40087440273549,745.4633178141232,20.759484923799175,0.8526393421484407,1.5733454667134112
7.44744778965144,0.42176593730971673,1.3438990117641005,189.18418384496346,65.17995775844051,805.1737581497055,32.40487795493458,0.7612291142486264,2.917807192162753
0.993999119183523,0.35001718944237276,3.6637634407612105,443.8380809827996,78.06880965665842,770.7409032025623,11.52210178651477,0.7577988357389063,1.7252677002247758
4.425974858830571,0.787031580252271,2.594943563640933,490.65984773014924,57.9606079451591,811.0772535409736,24.46689563151103,0.8503240138445112,2.712625433279802
2.636055511328705,0.9201790008561435,2.266618200133377,207.9035886478967,58.098070358745304,774.4572624282906,27.294012409682615,0.7673762512033223,3.887440199216969
2.745346805583706,0.3357770967924362,5.519387568559614,144.06938653710156,76.73877357441424,681.5018853298086,13.446366694491111,0.7841753460461048,1.6365890849726703
10.761228971250516,0.6648501526711671,0.20931812177471734,147.145478285586,46.22470592754661,944.5487350852899,37.98278726295939,0.9075717158173999,4.634003914018684
2.787248671126417,0.7940996874701354,4.839338062259639,101.15608187247432,61.287246302882934,706.4365656715817,31.836863497675687,0.731054340108974,2.9427689222891678
4.549410263762576,0.26080695343844823,0.060066846017699446,520.5970859020541,73.49998424583065,1021.1796017655571,26.203302466327177,0.9121340354363595,3.351191938986023
0.33595199146414584,0.44221701025573434,4.659911559508434,259.98771491103156,83.74536653814056,693.8265779419402,16.121458273765683,0.7045600673899678,2.4245160001908097
12.611175558910883,0.3377316195322642,2.918688978848643,430.967261309869,40.87657997805776,918.6499620921655,35.72973005731765,0.8494542694879688,4.383800088460256
7.111629522535628,0.24893592685408225,2.7795890941442556,221.97459730750245,63.644479099323746,946.3912679065293,24.794635784142326,0.8255586026190037,3.411219439115792
3.305023359758926,0.881105762702871,2.826505422692335,781.6824699984803,72.080533787046,809.4717446330217,20.171652242590074,0.8195531608242536,3.673447694901921
2.524250476380645,0.012621599208395442,4.656937301194851,391.3471722301541,83.56856381741093,841.1014847094935,13.345246541211267,0.9003760682566837,4.773800791893401
5.747853776374059,0.8612213587242205,0.9203224840063393,314.65707625401177,59.76803829566555,863.7900386933837,31.098027197455266,0.7276825647232603,5.393824122422717
8.869456540483343,0.76891682528817,3.9559104309154254,352.5335340651806,46.63119689815263,746.2660392509089,37.82493182121331,0.8067020285536061,3.706518121695499
12.737901689855445,0.16958119132485364,4.754203529188366,138.26051031872484,53.5473045635363,702.0051239016566,31.998317237173673,0.7333034894397278,4.924575048196589
6.926945182182228,0.5017337378778394,2.369405746080729,191.44970116822287,57.6893020799126,794.0443106416965,35.081901566638024,0.8286478748422538,4.883220121270394
3.720091748399288,0.2903459300854489,1.519739513918936,427.4634312810039,67.07230639984009,889.4165200960936,22.252640354387616,0.8042982375367779,1.8776322719129614
7.785582601575669,0.6418149283025887,0.4784136704585709,264.85754915598164,53.39293369475861,822.7683047901522,38.36658677409319,0.7845927973546429,2.100826191031562
6.6964361754576185,0.9073759078894716,13.074567849846403,365.3272599884897,54.43544573675471,427.0028621521915,36.775874380858774,0.6194783042058161,5.001370813203877
3.733105740020111,0.346844446040422,2.816175563222112,217.5310320531649,78.52095349770973,865.3474249393512,23.75176694338373,0.81674380005781,2.724529193450015
6.540446686341788,0.678076190316147,0.3915383243623187,242.5253870913723,59.14190882043351,989.567927322743,29.90716842095179,0.9349905290986078,0.5665133292836524
6.442157579436403,0.4998250338686565,1.056434362722321,498.1166545200664,59.29093199842297,930.1772882413059,37.158490667845896,0.8286841297082689,4.584213464998813
3.287498776783636,0.3453295192716016,1.6012096655051655,291.1763167147839,81.10551848344075,800.3494472246863,11.40515962193022,0.770293640172895,2.2043179735071305
2.0748742390346475,0.34170219400114127,4.833692825264465,298.91013308557746,76.6229698629606,833.8155287214651,18.4376328570095,0.8257553819368662,1.96068884391866
5.998950942736619,0.6657431025582251,1.05652222990106,250.65618478449773,57.05597710132918,830.8384343024233,34.65089167687252,0.8187364464729078,5.369242389699377
1.1356426963211692,0.8307600560930309,1.5366211617624463,203.08131686753188,65.92291022160958,895.7930946003002,17.789945106147357,0.8788200555300564,1.943175248747878
0.8526944512392791,0.16795362152736232,4.286160670148918,225.8075830614759,86.12787552191807,893.8457089682213,7.353854164982142,0.8192593231904532,1.1615275429363505
4.6115007002688655,0.6839973409350465,1.909635447572346,266.003264342838,62.58765782164604,902.1164309868564,22.18141814327036,0.8412688322724718,2.757134960233097
5.86641050544834,0.211221157162119,2.7287544122235663,512.9670819120909,73.58682636568268,923.5704292486669,18.14365196229758,0.9026001894653576,1.3809087108877516
4.581800548188053,0.4807805800270336,0.6931409913289,267.6370056248091,62.470583296442676,926.1603740621231,23.07436203224885,0.927827265485843,1.655843115534605
5.019756540812211,0.33234806908200926,0.8446483330804062,458.93992851088683,69.33022010718005,915.7424695809319,22.108116860392315,0.8074952398281481,0.42014278041022957
5.785150233926395,0.9553488097003359,0.9528889749944123,147.46057638203558,49.757899766815875,931.6880541564892,34.70183715383584,0.9184141949341984,3.6761550096375206
10.791795859455641,0.32381557413547013,2.446095694271706,339.7671381402857,56.66706303037836,869.9266854593461,28.656444215467747,0.7835217024942659,4.511678834394977
7.02236584801439,0.7068956123644168,2.7063342460689235,68.0123780995778,57.77320249088336,762.5954902624205,30.463572393125684,0.7679465695085547,3.52546037590519
6.854541432934971,0.8922582097701922,2.9136813598458895,163.51193570575816,46.98241807945179,776.1288676889853,33.01799776163407,0.7797866832179443,3.8075200953253585
4.310142384504685,0.8611735243719043,5.505005523647034,168.12365665851684,63.00144506409585,719.5536766353048,20.725850437022352,0.7073671447878157,2.755298638161596
4.451130184081765,0.8263572882970754,1.5096506228047493,193.58191869908723,60.72589855541612,882.3810416386042,20.332385799705726,0.8205510016402363,4.0255840359246315
3.0433868466632847,0.7311819866735925,0.5533063191602027,458.2295227594928,71.55617730423381,803.0244523367253,9.182876448676925,0.6933552759125277,2.3860215385724786
4.895126182525288,0.6484181435543441,4.372081033486377,73.25267882601587,60.87349701820398,792.6724990955914,23.310342344799025,0.8118419470503271,3.4323495522634504
1.068438111040601,0.6132529632839306,3.0276113482366984,491.2191446370405,79.41558478564072,828.2678678963473,17.64200107103755,0.7830811575851584,3.7990472405894096
10.829639624575337,0.6500480737718723,4.164819597849398,66.82927594061667,50.58480427895739,715.1718549509453,33.40438898827715,0.7270098138220794,2.2068226407530704
1.4545137186734929,0.3156058320691589,3.0208692490192313,210.72246778002213,83.09092204831028,782.3582092860272,11.909464537464535,0.7407970587367264,2.7653572211311177
7.011037774480645,0.07817488967564905,1.6462941400595605,217.78778126279042,82.50171859703718,1008.2272130700942,9.820617833464851,0.9413388101866741,0.2392896459145426
9.81390695914606,0.8224744478070245,1.6458750410415575,581.8888023712746,47.45380372905653,902.5239728393938,48.375650608350746,0.8507790418612119,4.876924713509888
6.997837801801087,0.5385232588093047,1.3645853427387595,380.9378856236475,69.35742744076023,958.8243875726702,22.443087696584072,0.8178365219433411,2.880209097464283
17.75772240317538,0.7478799822855936,6.119314218723767,691.2663208712528,35.63908036273644,564.5701846586263,41.64053231804858,0.6331197506920841,7.024024170896307
0.19464047212602725,0.6881617797314251,9.892297838598285,750.7218454283146,68.84757588116311,488.5068445555616,15.465628074437149,0.54135140798083,3.3558892431603935
2.216509736715515,0.40229413474996756,3.822611529340528,456.4038459951934,84.05138543859051,790.1690083976365,21.443195918845092,0.7751190365255105,3.5915392893819567
9.689372978761954,0.5919378002053887,2.1008006653319615,160.1579457120221,53.71513691885427,917.3260186855711,23.98798830417236,0.8845340960966237,0.9827288600710089
0.8091090776239178,0.15936273798975015,1.4578802140713318,329.9339704451052,89.80562619730632,966.2356467478934,2.3675396746938127,0.889374998708427,0.9517837552509572
1.5058375462981632,0.7554523003971201,3.4050664870848224,277.66789637009424,68.29188168444055,737.0489920632731,17.430673543555933,0.7639471105495192,2.1376562109097033
5.488152114055933,0.675925942748861,0.7018922167565482,182.8166741710377,57.1808643081214,880.2549557532577,29.765181307243857,0.8810084082025769,4.323270406187357
3.6790965771436754,0.5610603083654792,3.7311002293268283,441.584432787993,64.6705152330177,809.4246420394792,26.860950767988815,0.7447215890777374,3.006438003479785
5.209588111723968,0.43414646685674146,1.385232306835368,100.78463717097623,79.63406516829352,924.3297736346937,14.666800254980497,0.8326659917892334,0.2720610555450611
3.9673358992934338,0.49626762082866277,0.09452113622118906,146.25367789329036,73.12821506529089,1022.6101149879624,16.62236566479366,0.8235751341233976,1.6787429595247487
4.296506369856612,0.2316450754276067,7.188621913048159,72.35267221565576,69.52346526526323,765.0997574318876,12.950494578883838,0.7400852886893042,1.303967918310605
1.677166621372767,0.8177058349559587,4.456029384295638,134.52810366856895,64.2627801315402,773.9270210015922,36.155785960615674,0.7336909531694756,4.164570878834562
4.177132053784865,0.9825476344114833,0.6212081633194311,154.86243404034923,47.77932181927126,781.917306951728,38.14394714155143,0.8018509422684383,5.237828191350481
2.37288551356891,0.5670427412904355,4.983878910713827,237.2221123183565,79.66057721993592,673.4154258916061,17.643267323607013,0.7271166515737534,2.3310106358158627
2.707321536825061,0.5048012737560386,1.365326984663167,461.73810678248464,74.48443490034134,810.2218374405792,13.8048104548437,0.8611766159587219,2.773210619402968
6.934767656645523,0.6796432445675424,4.911383824745894,189.67676871878353,59.75050953533928,726.987580565087,26.392014230472665,0.7111217489899258,3.221952662814753
0.755621886490899,0.7626435156353545,2.4193742519112296,467.33996532577163,73.67920668287584,760.654353604465,25.46168448634301,0.7762227723177743,4.10789921500225
0.07669249479471518,0.11922855511223268,2.5478578190724424,742.5136769815479,96.52822313201014,915.942406365665,0.0,0.8865813894301324,0.8129120733177277
6.53339417869515,0.4890618892052133,2.710726517526312,504.0956449045704,61.18902887186654,862.6140981574636,31.748675542275592,0.9321338605885653,3.693997004412088
4.180830005105207,0.6870973432600136,2.43710191753295,140.4555603948879,66.75729540119133,814.2380305995338,21.787767845571516,0.8103209519553372,3.5031225768715184
9.805697490929298,0.26615515565900966,1.0264626101480656,170.43917987363798,60.299277732912344,973.4413228171467,30.28641246012411,0.8816622890849279,2.32276236277826
1.5518781178451406,0.40161803855695166,7.201480036887355,468.7757919111118,74.50242770906532,614.7562866594403,27.837714845166143,0.6751355534080351,3.9311077710416065
3.1916934823396685,0.3910570623683774,3.8052153985592163,167.87625823708203,72.03330601680908,702.2456301510325,16.709828522925513,0.7446126587319075,2.3351506790773193
3.8070922476268216,0.41236566730664664,0.8111174556706577,274.4043892533716,71.75507204302994,865.1466218612724,3.5593771310103435,0.8877569901726527,0.0
1.9056311435053426,0.28256159297225886,1.5407772601989018,343.7735850801121,83.82406380285319,948.0586743413642,4.774961875728159,0.8475602497431357,2.2129828277110786
1.338834969544712,0.2332488307354473,7.259424689285846,396.6873214240443,92.09439108395722,786.8785362037097,5.611453312504396,0.736580899114724,1.4274047532494745
6.803042078855678,0.5175284339714419,0.6051625033352238,297.8270072292538,62.23134974915812,988.8008583041906,36.332652828590994,1.0,3.420364579227527
0.6600147385786104,0.634157257066893,3.708215162285895,117.73908665526041,76.72744927907313,746.5253954314445,13.96176512048701,0.6915744174230496,2.856497675003673
1.0950887836390524,0.8912379696162352,0.9588113385137182,203.88074091736596,70.98366124957307,887.6235493252769,29.599688726623164,0.8753559117557557,3.8297525033970836
3.0921826960697345,0.44259209264425925,1.3338281927439612,503.6233941619827,73.87332129374448,799.1168221398726,4.341030255069423,0.800282058371603,0.7297943662066706
7.452050946256817,0.5735441975659266,2.428805440980576,261.878305606046,58.19172557799001,911.8792433022204,26.244322597690413,0.8632264107615184,3.412849015423984
2.0393595528868436,0.49005278548557557,3.4703083791511053,651.8947016782552,84.21014475094685,821.4842226718264,17.28026680777909,0.7315093300303562,4.441053501933138
1.7791539357284707,0.2252842626382769,2.7767326377989234,307.5749294896581,82.91510818838391,904.9468847468041,17.622631425596808,0.9784216729705834,1.3984082812051668
2.9218944768013393,0.6438201119493937,0.8645968753079969,151.46323874354678,71.44852043970752,756.5404554106764,8.26070133646559,0.7627474972975766,2.435321831531884
4.80862500039418,0.5901549363572196,7.049700795315273,367.2756236784043,62.59547036018308,659.7789801586651,21.142923390194362,0.6701105502949485,3.79450041980225
2.5026048941220997,0.4815202645721424,4.11498255546353,518.4079632318159,81.7583901029638,876.4571726083959,11.938756209678226,0.7593902380029232,3.1734862414315126
8.22219954591902,0.17005960668183545,5.741629158667489,284.58927412447343,61.52492867811757,765.2791634317778,22.9479307851451,0.6586251589343441,4.260399820484574
8.496448762526533,0.20987490751779722,2.3335105295761425,287.2659724059199,63.904353599408296,872.4962724810648,32.282684026858,0.8587050728126909,2.6656609429842346
3.0920308995160326,0.3535669098758697,4.320488499437291,328.7507912488393,81.79722743832087,761.6563688606439,12.81919567328726,0.7151128635651234,1.5628269060475486
14.392402128325632,0.8422621251289789,5.78491819571403,350.735458570191,26.43631501304927,601.9050226256383,42.828403502831165,0.6477374101875771,6.317615614888077
3.7296686714419627,0.8275438475451504,3.2462727568789584,173.4957386723661,67.46180966329747,754.3195721005635,25.540872582350154,0.7224715275974471,2.887491319041885
8.273946076664794,0.48176556128001463,3.171628236373018,74.53179399510019,47.88861519421979,730.816498199734,39.56003923273515,0.7653804769464797,2.543417351800483
4.694008182289731,0.14962580829949054,3.6611457215353225,378.4219634408599,71.71766269165313,861.0919358238142,12.902157463472363,0.8361320431806691,2.1002653727839937
4.618899167017523,0.44910939986361637,3.645277524213289,263.30655747384685,69.44462878477908,856.3977154425603,16.042785640310925,0.8514420835774827,2.131767653109359
0.46277483043503176,0.4672229366617877,3.30378134363767,331.8149639113726,93.97930466517265,774.9731383523545,0.0,0.8044951693218806,1.4799105747591483
0.9842957986869749,0.6621142893288806,4.717631247566221,235.1103483067531,76.22159926575239,737.9921800604261,24.84439510627443,0.7069960528286683,2.937234752135295
2.6333193640208488,0.7048280845274313,2.29794702649128,335.0204105554452,70.31318515885766,801.5235352217568,20.251091953904734,0.7135810660789658,4.872785338741267
8.446218187258255,0.28016134291803035,6.716925398043542,142.61445908618998,68.39593530682104,715.9936650634569,8.866759262488284,0.7221726212275846,0.9183027271903111
4.751929767038892,0.17562899223089656,0.28167618784837367,208.4350735858973,70.92172529174826,1020.0097164450401,13.134309704239104,0.9378729561550178,0.0
2.6570532290257285,0.7188683643977996,4.254649282336736,138.5361312532755,53.89051850516847,749.862484786689,36.57185216768702,0.7553307924484586,2.4555577578820884
5.914134942138833,0.6185757755403141,6.455136896668789,211.4368557600656,70.46245952857952,703.6320859395679,18.227007871916758,0.6287141662337007,2.244021291943394
8.202911931477503,0.7024273491049663,1.5223407016444845,104.96669368221222,55.85387199827432,868.0495514359108,23.537919337412205,0.8237039855033736,3.082913965295977
3.520581119635575,0.0893811716195884,1.8637721309227653,399.9359798783753,79.97735542019211,966.8370584887401,11.745186759099028,0.8300734740490605,2.028802694230989
4.2737675508632496,0.3710146334735858,6.810379592903642,569.2747791439593,73.19012261132583,693.9103206763912,24.654778362762418,0.7174528537812038,4.289596850204699
3.8050140707052043,0.22908413395866192,4.230921647552028,109.43029173129084,83.11853418100723,819.2792512132132,24.87374157219991,0.8397936461326619,2.002294098186739
3.319206917679291,0.3247906360841987,4.445634090957137,265.2072732684831,76.2762848430208,817.9587137567543,16.258810217288183,0.6661090364664985,3.227344806361346
1.5330616373166652,0.24657278700460972,2.1988519473285417,235.1647119187132,84.96092636415673,873.7176496078149,13.464902804326847,0.8995863557031675,0.24737458583105942
1.4023019975526356,0.5602708343753225,2.054504794691544,582.3895432353561,86.96300544815915,863.7732332245444,8.524741312009821,0.7659619983035084,2.6899372268631447
5.883456088633221,0.07791332621258806,2.205036920306563,275.9419900827919,69.1840357716616,849.6290531135868,22.884854684672828,0.859572818830348,3.3824423736956875
8.326077335002173,0.6698650928898158,2.013349068195626,489.99374114485164,55.86119948251073,713.2281446708936,25.34713418159602,0.7699886110333324,2.755383866816064
2.6519736649000962,0.4432198784860245,2.232470687447547,385.0698736492721,69.8534965027079,852.7336247037274,29.772658152311344,0.7965812387293977,5.4229391561665805
2.5920386561496795,0.3313368490141374,3.918138378397489,311.27792751480683,86.75655017411792,748.6102269731695,6.520036393783973,0.771888865318409,0.0
0.2877292614581006,0.8444284525548126,1.9533160064727078,185.89659496320033,74.49163150092991,913.9743023917772,11.259134712604741,0.8133107011974952,2.5128370730325265
10.04051192677855,0.2898033694591644,0.9674095666036928,312.1501564630901,54.199242972626124,872.6952291176763,27.445711275468305,0.73732210668341,4.422175556568663
1.6479568732913128,0.37729833954170844,6.230243816556831,136.8527677162739,73.12080714169421,742.8808731910927,22.805256447814365,0.8026154722612824,1.803568405825962
18.66010831077978,0.3498678677850862,1.5099868790187796,207.5346745743528,28.522007965243287,847.2355940433879,45.84123102677877,0.7741829445890899,5.054842728648241
1.98187563677275,0.9800084864385671,1.8621978552770364,67.44167724243799,65.48229938906348,779.792380837551,33.26249040331604,0.8579142334930966,2.341339782167161
0.48725448906764235,0.3327590582563635,0.6814191901051749,535.983743426425,91.01141564891557,858.4846523166652,10.12934878513301,0.859241854579707,2.5756537094826304
3.8323408863695727,0.5723438637824563,3.203598012426372,289.88203308529637,63.72632398798141,716.0816781279955,30.560664048676717,0.6874186724152156,3.7174902449325704
6.7387528290526255,0.2502663266343199,1.4649754720351633,527.3764656016208,64.40397856194389,923.6503692144282,22.404939069467485,0.883617977918724,3.1745438376863695
6.142991314393453,0.27823105866490966,0.9314323765537977,282.48191693406267,67.13005759273119,899.8176886703367,19.28027986367658,0.8662844998788806,1.9008020019553535
7.289773603109925,0.1278281008825172,5.026864756709396,295.62083459893825,66.05905026052982,826.927331943746,23.9562235639637,0.8822832037176402,2.2584985107256434
1.2036172627390285,0.24632122063215747,8.130502003996954,372.03899050847286,82.65835146920874,715.3208263552117,5.0162324447286935,0.7047450023250088,1.2346266938579675
9.857940319353109,0.11248007941242058,1.6627457225205384,252.80031417687044,57.88831724683975,823.578279151609,32.31264490896328,0.7825335238775633,4.362510692194717
10.304205733860469,0.3644225635651329,4.268736332270201,233.82336613631466,57.06251724319055,840.1517454244033,35.55980089151973,0.8257554168955097,5.4802201866622955
10.648938076273835,0.07272989631224841,3.3855182561075896,214.666734922187,58.82024487608862,795.9912478220486,24.673687304706753,0.7785028171329366,5.321937448742994
4.405210472568369,0.49803173046751475,2.943832738005593,143.30347409803878,69.38761124494971,787.558232025858,25.56726118522282,0.7030217822389873,4.135604339097969
2.453736938802921,0.8714452150867503,0.8911610804196509,215.3627006807504,67.37417995011906,749.5244414025447,24.365983513480508,0.8004565897998893,2.9511756730495504
2.2384112015646256,0.5409645738527343,3.15809238027989,463.70067121171763,67.86362434709379,710.2119742542179,29.19294923366933,0.8060362722493712,4.82002882896391
0.4830878670701784,0.15906691083865884,4.395895137958534,203.3412309156099,92.54219533075806,683.5925281338788,15.082109834395752,0.7178218102303506,2.7897593047261373
2.0283680989971775,0.417279434239568,9.651216121927797,726.2061805553399,79.53017793218608,527.0904093874108,19.01935314822164,0.552621629172879,3.952125848784518
0.06231098947180211,0.2154946722212423,0.33044777747361653,72.86064948242262,90.47812966301514,958.131654926787,6.327617977861191,0.8692235329690877,2.9967285433308692
0.3859714120282061,0.18488768324142899,4.229627525610986,475.1792802080287,88.55336865768552,780.7931092627288,15.247251432629337,0.7230105054357175,3.9600571942346123
4.365430366702331,0.6167790507304381,2.940143228683258,228.13299378479252,65.1363436420292,682.4390274229888,24.68841700480563,0.6965069372207292,2.5811718700880686
2.7414896739281414,0.2534497511557002,2.249933988156812,347.15479823627066,80.7083279597664,754.5677050983816,11.910871357547617,0.7620126148400322,3.307469599318485
4.201285489827249,0.3575235642518065,6.269853682288572,150.04296083409,73.93657243465664,696.1842473477802,14.585770887753547,0.750512977633091,2.7762683341371277
6.326421017745808,0.8875995079848611,1.6348008412614323,85.72322852154252,47.92985094533746,848.8097222503959,37.03566219650082,0.8795439234276007,2.54348580897763
4.901791846434812,0.08875397710189162,8.016961064787298,423.2746927306515,85.95227241347564,680.8757408306362,15.864331650579004,0.7398810301065997,2.956609389668276
4.551046886853812,0.7496200530022502,0.28229728162754086,527.2374112493088,59.12755903295142,988.33947887202,22.421807288455444,0.8401044615762152,3.2573917030973063
3.225300065477951,0.5965554287680394,1.9902782812990978,268.3722845793071,70.74375011281597,828.6184743482818,13.038448635563054,0.8312642369669945,0.0
1.5820823266342754,0.7699346090505407,5.091566219178171,203.40135026411508,76.83140456197236,699.7730755096532,8.896258162991302,0.7055768504231424,0.5801662942205978
0.8178986498642622,0.5367632785453651,3.0589347542733476,256.26903018741416,77.41833270222531,795.8674083442884,21.938455104116294,0.7688732752120341,4.040700605623405
2.0852016355014307,0.884093496768168,1.46329440083907,255.93456410876283,67.82693269869834,761.9625174876846,24.9105527085533,0.7564759917595549,2.5073869242677365
3.2759287804547563,0.2614260044155476,1.7151351419418635,225.45844105111578,67.6803875799583,882.3263119790943,31.470572972089485,0.8361494442864926,4.042033468282799
3.668348480291413,0.7019852329513165,3.74392653796247,285.85965056636684,56.53630115628809,795.2555309774816,27.310613661609356,0.8277836018574504,4.53609317909151
7.30230119263593,0.46781079140327997,1.3004487028784604,358.04816613889614,61.26990629818271,930.4645500959001,19.774821946541028,0.8831199361880738,0.575191319701708
3.00774936176262,0.022336368034710955,6.921486415972845,340.4847814718308,86.3656782600396,741.2439524492947,18.88593171936258,0.6854704022526334,4.744465813117348
5.594851230862345,0.2452547867513864,2.4930659849391783,179.34243209242945,77.61470780002342,958.4252568658851,11.257010715151946,0.7999499202674695,1.6862031443594565
0.5922087767502833,0.5576284704981681,2.308545118985331,228.32747309689228,83.28844997779059,851.4631380435848,15.753267391834502,0.8433878953350326,2.572575046223683
4.419606670617208,0.810723418219872,3.4375420743404828,131.5093640265743,53.512854245436145,760.4950594240294,24.53568761047004,0.783231779018701,4.813167917497536
4.151907249455657,0.9306400379900313,0.6867306380027971,334.7563688552337,65.61960798331013,923.0668005496125,25.150936530540164,0.9168963358429286,3.8942002641561753
9.860536982161339,0.6522694063050009,3.07029059294169,157.96111276752464,43.15882772858024,736.4461501676723,38.810009799883495,0.7369442497569997,4.0314188127879405
2.7438589501375406,0.5336327393291054,10.624189711579122,46.21288911944819,77.7415060032878,580.6693968468396,7.03724557969802,0.6624014769295048,1.1339053993202275
2.6317453212411195,0.1628214348920096,2.4364954782850607,191.2489057007547,80.77566661326239,819.6802253415808,24.808684349713243,0.8156796061440681,2.470485496386736
6.362777623904874,0.07834949819055254,2.9894350574705126,344.31178741500463,87.5319193320913,852.7088531389419,3.397632944388814,0.7339059672513466,1.192795436063646
0.9041883534549676,0.5574548206328983,4.609785021912461,355.4725581149446,75.39931941924647,621.8054946639421,11.60928214626269,0.592470703083555,4.124463651863056
4.319718521347475,0.45953510756581906,6.801586885753869,470.09610421491016,70.1823143456819,674.0807668506194,16.946237857254808,0.7412429272604961,3.611947660328523
0.8453664783666266,0.4727843508043339,3.044829324025784,794.8533314647445,81.4358072186895,886.825632473987,0.0,0.8505567254516563,2.2474984635153685
13.340293126281132,0.6132856932845119,2.2177352825369088,262.12321287269964,38.434403623677994,763.029245728205,41.13298530112162,0.8251540441969623,4.1201722049530325
2.298228915209429,0.7094110229977622,4.968959120412876,234.26456276697962,65.38419691881657,677.8610660832105,20.30653468896439,0.7989036826267619,3.4244907175852024
0.7737268548906135,0.0748351683004641,1.2868187590137068,282.5298882387746,100.0,924.0029544027525,5.953879002228337,0.839381775263442,0.0
2.069599691137902,0.5648923334809254,6.681554903807552,207.9174505062814,71.61557053689852,635.0986635370958,21.764720065358937,0.6634346574405626,5.02931917907764
4.342918177815951,0.738980576765674,5.4488188427004545,121.85999855488593,60.264262722314754,608.3288250911194,20.208194299365978,0.5971686226574018,2.800923604482068
5.449853042047873,0.17255852756893206,4.867212914823156,115.38167255028915,73.78948146332004,781.6779793373337,14.427186772976892,0.7949107642005933,1.0479937654484885
9.466832958653825,0.0407648823820205,3.5493492510719995,245.09358581976218,66.54662361091258,946.1118144233953,36.351695669361305,0.7647545576297446,5.250582595102661
1.8158688539922163,0.6489020318194876,4.175359416245163,553.9926007108531,69.90553582310571,705.5968562267492,15.594854722150096,0.6748419124354803,4.454249868264739
6.599901808007394,0.762500487433909,4.172303824557722,199.26226853831898,60.90522796707718,732.5458786375916,32.30756872627135,0.7549600627288573,3.644066766319394
0.3866206910598287,0.41451639163306436,3.2871044936614338,390.54388792841235,84.2408635129254,819.6708639500517,6.950775828458081,0.7588591298406783,3.388071446287661
1.1044280113581724,0.363447755423174,1.6460811021116593,498.27797323160354,82.70100173318477,855.9006790250967,6.091032026602153,0.8111774660425551,3.0532365951809504
0.6167196451580049,0.6171810915905052,4.2637360191074665,387.4596544936973,80.51080428107079,753.5692503970089,10.391221729446926,0.7417906633614338,2.7606838351229657
1.4829396238171921,0.35465591817611913,0.8687660255110097,412.23665610303726,77.4417875023509,889.20058395962,24.6131283604129,0.7779214170842619,1.8195389924453074
6.359996199771367,0.4487130841353723,1.047015346691635,121.9576191668095,61.77701041165341,915.8702569111075,17.951979038840374,0.7462295450340029,2.5677916060370323
1.8636463546386794,0.08311373587423058,6.927154246049096,224.11948493398438,87.22097612943315,706.2164534228068,12.884780732985853,0.7587340675625849,2.2116465835826937
2.257495693526668,0.22433586792375193,1.0240846048512984,92.79275128287219,87.26872238914152,841.0405461738349,16.22852189753663,0.7957319636792236,1.8478989593835553
4.445694026867248,0.7452564523542506,5.889865914056905,177.3235559702798,61.81210515961474,544.6736511930307,23.419625502669838,0.6437828085614171,2.926235629013435
5.259383290262848,0.4232739250823987,0.9885976879326751,114.10174922823515,67.05450159385364,768.6878916408095,29.043981294940682,0.7582869444145475,4.028435108833847
2.3284103359968014,0.6898943515372804,2.336055624669371,345.9851606267664,60.22536894940908,778.464420088552,32.89060170706092,0.7632620206829782,2.7885123539618233
1.0950258918860831,0.41403256204780237,2.530213689423811,113.9025713452142,77.896525097092,886.5275410318004,10.63298445066275,0.840091310271627,2.752172798316346
11.745201276283243,0.1686176731809496,0.6295588449642349,115.45429711726084,47.29622742883707,905.7212154685865,31.19380486009568,0.8338151382708779,3.1745903282416466
2.3441734333588875,0.40041376757273733,3.908875767095059,252.14469778755907,70.9497993702025,768.7685482853772,19.411377107675325,0.7443342506532344,1.9820902964002731
2.5872382859544327,0.5524223504955366,0.7492614335678851,69.46682707998157,75.25658036528853,847.9362310460976,17.96941879971681,0.7585104987491573,2.010797662780916
2.9199427526726933,0.5739729863785282,0.7995894679068067,754.1082155522305,88.4851248124704,831.8220583600789,5.841952807443816,0.9232184838657878,2.4049664364838756
5.73390929065369,0.9355051961492689,0.7164404111579159,221.17631650673607,55.381809387122416,963.1727128130476,34.62301616142409,0.9282520147622331,4.869725765903521
0.5475080314731888,0.8783748195123708,0.27512977140344363,491.5475907227771,73.06188029463688,809.3545689557907,14.21399348793856,0.8601633603739814,3.2499146677469164
15.254690387418304,0.7936799758980527,4.798761268564197,119.63382319880715,25.591404104010618,607.8637443068917,46.61627908334329,0.72817032806085,5.965267035240164
2.516781328427338,0.825977516338561,1.7046483839381805,314.834817424524,61.55821803419374,754.220570707129,26.932939483720745,0.7385707368192393,3.5054189361937826
5.896158824860005,0.8657333293010759,2.0755745988569747,353.5284402661408,65.94890164811723,791.6024793782645,25.206680658635726,0.765874307026556,3.2137600188694586
0.7859780857661871,0.8015683823244466,2.311294175779981,137.4034590058668,68.57600475536877,752.9048588488422,29.868354911857118,0.7518863449844105,5.265516627436867
4.060168062473237,0.3497591650576907,1.774843769928621,402.6252685447802,64.07611501773066,893.6979558420416,27.872685295621753,0.818010208266034,3.4432822509690957
13.551127424235744,0.3578368510784036,0.9471959988103,174.25113946353207,46.62848684718199,864.6189994885342,41.616557689077055,0.8626665940959337,3.5420960882684867
12.163714961855941,0.5502012826543,1.614465227849263,198.4858625708337,42.6049993950559,817.6128121034915,38.10640216329443,0.749894762983078,3.545967246313057
5.768644561163899,0.5890265160998253,2.2989647630960874,136.67183145835637,65.94767297519618,777.2461853739943,21.80715624369423,0.7130050876648165,3.1737664005010355
1.371691010162202,0.792142930772126,0.8916579805788962,414.3992276935341,78.9194648863025,840.0282045866794,10.943074804605196,0.7391971659113019,1.4025716381414595
9.082591007223398,0.5224218416440436,1.6685509666669627,311.05892523330033,56.53666265537559,897.7075798998966,31.52116160438771,0.8224236043014909,3.8596463667543133
0.3818915621347972,0.3915197956463137,5.286308094590165,299.37104519026263,85.20091216928049,778.9709391237566,11.232881178962442,0.7437889412545596,2.429919493825569
1.3145836384496026,0.2531326998936047,1.6040071090633166,294.2862101036575,88.02601414893873,982.3217125354035,8.962829130655372,0.8584525085807481,2.3214001647169447
3.242226106911467,0.5336475605698634,3.4676219704043065,305.6092910053381,85.45565017251046,702.4966600075632,8.965416727715178,0.7256854756392851,0.40163504220443547
0.441177411366767,0.29152715948017244,3.838121258887717,168.888566390592,97.78081020468032,740.3546636447932,1.2976057415232065,0.6859201519103431,0.0
2.0647404250804677,0.325129038866286,0.466231676348462,384.9756305903302,79.09774513793509,877.4635554173014,24.572722751691508,0.8635919691981794,2.7071996434818315
6.708897307417787,0.4112609534933096,3.905009279817965,152.50369426424632,69.34079352451424,781.9099522881028,23.107416620396013,0.7142942572806988,2.8712757988461592
1.6589744438167975,0.25238612591161697,4.828996353706156,297.221486022961,92.64385662017341,704.3540327381993,8.649783284119941,0.6639781531393565,1.1773511348480366
6.966964478251301,0.3625731932341591,3.5699794771941344,239.36297414391694,68.50193413481864,761.4710619979754,24.86187276174462,0.7246982657564927,1.9251779199132952
18.288665001705287,0.47440178309908515,1.9020804785932768,191.37375988568414,27.942307412366777,893.8239352035334,49.39503394590175,0.829390636716927,5.278569707667761
4.912610390528858,0.3354735806849071,0.7056673345514013,243.31928072507355,69.386166547357,985.6570404464777,24.650940959953086,0.9344211436943686,2.343558577662808
6.8698313354064595,0.8419697393299223,3.697988882250354,299.1460435232588,53.83437910141499,767.366235215189,32.44079991106342,0.7566876260585923,4.732136454483946
9.324616864480072,0.689613970369263,1.683991092701255,384.0597985822422,44.0866889234723,848.4294807987053,31.63757565983223,0.7288239518998259,2.7367246744332894
2.2702069503130504,0.5692528240740389,2.1372750870441752,270.55988384569616,78.43472934917797,789.3644420457464,11.611855456257224,0.7979951586916068,1.967888202555393
6.738730760613489,0.5028926742484855,1.2471260419508927,441.4286636557089,69.16610951557779,875.957030059628,33.54469711501795,0.8489899497567087,5.691938610421429
2.2137841483559617,0.16846747217804203,2.319886555174591,175.17224902255984,82.16223055648969,950.3765347155686,19.48738981804731,0.8412077641698847,2.0883567024151217
4.619558109527619,0.5739089580816567,2.2147354989121535,220.60492476954866,64.54091506240862,865.0175809359664,23.02816907676858,0.8275529308607016,2.2173782421252204
7.580183025852602,0.7525791480149934,1.000147080845536,350.4829909372662,48.16431926218614,900.1860890190036,40.33454385723091,0.9118410019972262,5.104288838372039
1.4464893403664165,0.24758613003365396,3.354387604678524,120.01132139617594,86.80557975991039,885.7257439378661,10.548238661150997,0.7882258343503424,2.937795653845507
0.08010652288622264,0.18212472300754304,6.913891281516522,859.6389134796037,90.15219035242642,676.4475129604991,17.350118868896498,0.7538932818753271,3.2104103125164123
1.2932217911254105,0.3885504281997916,5.097800939935812,410.6480701795017,74.18961819907987,775.8298150874857,17.289735820450293,0.8287755039051692,2.1563839526774213
8.486932197295108,0.23333055893491814,7.307662083546443,126.0207928328593,78.2805128672281,649.9080174679768,16.550486187169383,0.6987364369272282,3.345207411965414
1.1096844634838545,0.6201219932762698,1.6037833254292264,652.0771768588443,67.27640012135369,878.5404171527259,18.124118015204296,0.765675336376937,3.757087361039779
8.119279047453627,0.4194127099310704,1.1175183711440786,176.4839005493469,52.95789227536249,965.9905501992337,32.12309080694799,0.9449400233406388,3.4105664592048983
1.300880736254651,0.6596511361405631,0.38698313426793857,620.441334444832,79.30368570549095,978.8026301048222,0.0,0.9330811488454095,1.6783140751596242
2.8301007369651057,0.05354689782630127,1.9719551256234547,392.9623487268091,88.4565230302602,948.7719401273182,9.63867984301697,0.8966824060823563,1.816343880559401
3.455965313988803,0.8103923698211999,2.1927371380637295,103.72080732542466,60.80077874665091,814.3662994840341,33.460612548245884,0.7860003450456908,4.528882498501029
1.1032718586832084,0.5479919300015965,2.5815731111657367,147.96212288553392,74.0967673495563,897.8029900747865,28.28566158088629,0.8965509368529977,4.257677150271017
2.860714516175323,0.4917882289658448,0.9559741616513042,112.96972850919171,76.4125807702483,836.1186902187793,19.397027313963466,0.7591679423021773,1.470419990111654
0.48506471735735124,0.6860440729066927,2.940408486560358,218.4373137659097,78.284320179943,866.2271867214093,13.008619723337201,0.8625924354672242,2.77690928896692
2.4815052749540967,0.18925532657105437,2.4410028140826645,438.87474898334153,79.30458471277007,881.8140935327206,9.558134764391335,0.8130038281782124,2.159477091027329
3.197503490797153,0.6540650191787777,2.9773013879626844,576.5363856337723,74.02518509878567,791.078987472842,15.330516726068282,0.6908252668795362,2.021090983832078
0.09090733879807862,0.4650783617938006,3.4642153462929266,135.4590884885119,85.95961614626074,764.61513020147,0.23734267766151085,0.7085388903863816,0.2399795584235851
1.2803664244789854,0.561948962995019,2.6688635945864694,123.54484641109202,83.79258479026116,738.5605627806975,9.834202614878043,0.7633326955516867,1.3343549705116315
4.4978632330522865,0.28762095793557707,4.995145138669387,324.81305713074846,74.06676930147218,845.3457864875635,10.799403544992394,0.8183171481411593,3.116775514104601
0.9529539361179336,0.3180166916291072,3.2903652653585276,106.13583048147837,88.24167772033147,844.9234156977138,4.647467135767118,0.8291169532454332,0.06251684875608476
5.160857378657705,0.15659825056018242,2.495830165700999,434.9615934127341,74.46110772775994,854.526536598896,16.651176217152827,0.7943633108072208,1.0182454571756712
5.596228636727603,0.387890473759111,1.3973756392865657,373.1839484561274,71.21945541455976,906.9216740839447,22.12260004127604,0.8547042476008643,2.6872575586059577
4.480866179665242,0.11451048790691945,2.018388337414298,273.28023336742524,80.48374555047974,881.88789874289,3.7546057777156463,0.8604061686413768,0.7882965982829098
6.673575151815028,0.7029785938340865,0.6708981955751975,425.1769614081335,61.64529417854415,765.4295060962163,24.78962507774019,0.8772546220386773,4.2723938437517806
0.43775375401085015,0.3011111774957311,4.322780844165826,417.4540499949976,88.7564445630402,771.2367707738232,11.986621216524139,0.743135404511064,2.821349122658225
7.852928407791861,0.712654661331726,1.4058858494221131,146.677622785578,44.180615590673696,752.4485700363323,47.47206075629525,0.8027059066035989,5.3954666867931795
1.1251093203797764,0.5111720971158513,1.0955717851178466,121.12588838921607,75.71271392312676,893.7717103073729,16.55509207661495,0.8685926242484544,1.5674836932529361
3.830817312251715,0.7657036661488709,0.7705354906085116,254.0009229811921,64.78082107784493,949.4769829867306,37.83659273430769,0.8758185780781962,2.6897757715922723
13.153747492312053,0.1290872991142092,1.3125090461123528,430.8658733155326,54.64343409633178,889.6560022054567,35.951342916884876,0.7687261575928734,5.743827178455001
2.4283900577434436,0.4753205038990123,1.65510207802504,141.626657707502,79.95612429387181,909.9533624440634,14.400742280492201,0.9154656903652478,1.099086603343446
3.5372377125418026,0.30540065427202756,5.689151906441726,126.07604165552004,79.49670684991243,688.2292641731163,21.812853401307667,0.7253794364748825,3.468445401896453
1.1335775339175678,0.4586395576339609,1.3802002372985642,130.65424856606606,76.60982024360965,874.7706848491213,13.330571501908093,0.7953176222393271,1.5737669962572867
13.05665636349476,0.36865419685894657,6.578612969000185,201.36825710272336,51.20426101997235,628.8797557087819,27.86980737045611,0.6331079855605697,4.39059254470453
1.2837440187483666,0.47930905500812937,5.732553720635254,33.965757917723394,75.12082044649343,735.9608982921887,22.98865934852971,0.7546266652192604,2.945178521287192
6.00866766428667,0.33122475517500927,5.583791672002581,155.5251942538549,75.00965627726367,807.7530978268903,20.67725609978711,0.737757783697763,2.8801025691797335
9.311796013344761,0.4877344200209055,3.73502472558154,340.0136244394433,61.521105540873705,788.9855887564343,33.20063768546989,0.7449562654968225,4.514486101931132
6.487228612248282,0.8660449472420724,0.5159968673179804,429.5163576407537,53.83668290938703,881.5857040709229,38.44116625568427,0.7993824322080683,4.295107811210298
4.724500615963906,0.5489000692976784,5.1587362946941555,756.7881888644952,63.86385294078044,743.335827648746,37.357161960922696,0.7483099487588427,3.5523648149726403
3.7780158938070523,0.6362847974028234,0.5852978576055448,247.95703963840757,64.27859643587476,866.2303368035872,16.296366446887795,0.8497627411521932,2.539234928267059
0.7751828718999489,0.26732549557617385,0.9953016444052896,182.86941452512454,80.52133752554737,998.5321540508284,11.50808814438252,0.8832346084791787,2.7821375623325086
12.62370878397922,0.7535930121245958,1.6480781208336843,668.2451193786841,33.675936932012995,789.9771610601236,44.699571521239875,0.7633571648456785,5.5780409919359215
4.393829870901856,0.6237937090799252,1.4219847005669293,265.43369105359915,65.32138982459719,755.2083185302287,31.27528345890491,0.7585382148317936,3.443712508297926
3.5392022283296374,0.7302020815753608,4.482155015548067,269.93096362052256,63.33022631308486,655.8999184024069,27.905316173997406,0.6561133028572258,4.065062118087823
1.0179323674798855,0.6341493223287152,4.09532995775477,515.0235260188012,68.04293529099044,778.0087787739344,29.39348741587418,0.7374434824128234,5.148432571219937
3.6993418835338168,0.2572688154641994,2.235635343730936,87.19896987465718,75.05240109980821,848.7679722905184,19.162151169487178,0.7858943896280184,2.068632443642745
3.336709736669337,0.46854647847846753,3.6957970851885014,277.8300186186112,73.74065894393584,787.4546230564425,18.27067526574397,0.7868736486986174,1.1621181138400776
13.15348622566508,0.6355030405956196,2.737860358576741,113.18444367831124,37.956404400304336,780.8473583889206,47.514819883125725,0.8489479258345669,4.638656843824722
3.5372186137760813,0.574110750552812,2.420914052869584,70.66067215282975,65.56099024683768,827.9002317649649,25.67501657636961,0.7344554360869554,3.3565397774456738
3.6452281037400542,0.8641836118302364,1.801771839501637,147.76714991086016,50.50377773172001,863.9027267915504,36.985900538015535,0.8302989359994226,3.937623211931697
1.0337227981308423,0.24546765330016454,1.2529745504723295,600.5007780493253,91.48933268011137,1004.5930040686482,9.868816545244762,0.8912785751571947,1.8220652189379227
1.5963039140626774,0.32571959911873555,0.13096998351966846,87.6176564468934,81.87002519644575,887.7432428458089,15.293462495006313,0.824156866570807,2.2606943034606735
5.431639724335708,0.13507083260692948,4.401700985478386,200.9817776864863,76.93181167556732,859.5930120042381,22.044192340203505,0.7913556214647041,2.56060559461708
0.315991324963181,0.5480376866268457,1.3445478066045917,407.6898931370964,81.25518671761168,875.815468779283,13.432193711076557,0.8825515559616394,1.8051632661548045
7.819410510566836,0.1419845503228063,1.45527462801939,153.7112725132597,70.47899729249306,847.0994990082905,21.682342274983082,0.6869671430575633,2.695353078328784
7.987482622093096,0.3113524984966751,1.2691386669054254,750.0614461054984,64.45666136303156,932.186147323861,18.874885402423704,0.8025293304666029,3.7755607067339976
1.4137657266254742,0.636642930528888,2.983468168582423,259.3851881788352,75.33567742465235,896.073482758336,23.163468099590414,0.892144651951932,2.9762225822983717
4.73960972986345,0.2768669424722018,3.516312542231163,81.28789071359131,77.67597586443206,773.5330355389257,25.894653052340345,0.8223614948991101,2.253381133896421
9.548110710227203,0.13819891316870606,1.517111107424709,145.93547349812818,67.7901023793601,904.862947117691,11.734239998955564,0.9309152984039792,1.6369114369498496
3.088776772836682,0.3279462755778735,2.492052391707626,85.6884993878,84.45149337842055,754.77132155356,14.729753432241369,0.7681945178753298,2.427015361276
2.564462810922063,0.7270400357472887,1.6002242187303493,158.20722131904478,64.97103984555773,819.9289351119887,23.644442408710972,0.8160673882767135,3.3171808776522234
2.885164145502008,0.2793503045259776,4.40817485592778,218.24690081523198,80.60790530396066,791.3817819285927,12.468356549249286,0.6816746006594248,2.8708090125474155
4.385054799011631,0.41566562823736597,3.1822924880902335,412.5018112972117,63.426301164396406,928.7874847208362,29.367549390336432,0.8574192403437523,4.90483460372127
1.8338143819157622,0.3220854432641883,0.29507813036446956,836.814077873347,79.03937792822425,883.8259144075058,14.49414964807188,0.8582736305728623,3.944524772857287
2.352310708929784,0.8188252394447694,3.424807486318096,223.24502860029284,66.48753702219801,798.0192117190064,25.813957003106786,0.7544155867332822,5.252532552855278
4.462020362634789,0.5790843131087531,2.6241869003561407,375.3287561393819,70.84137414904048,826.210192911115,18.252948956681912,0.7911158452744949,3.869075327610841
2.1607285973359764,0.8452841308773709,1.170039495950642,242.49554039821373,66.79674145195166,960.4506588697934,32.27095132175087,0.9378797246634543,4.252743936845599
0.9234280530574424,0.6646249094259703,1.0334070106550157,140.5071114941567,78.97812945635533,869.4832849869132,13.317356449625146,0.894527723505569,0.43651391728822
3.601142349196069,0.2604663481039313,4.063884113861694,171.63023288734638,75.9594238531972,795.2885742379397,12.261027409137505,0.7896884931720418,2.7113875229130384
9.09281984955787,0.32935376173590314,4.249028928940807,569.6754884300665,56.59917659514998,831.4324653304878,32.462387340853354,0.7963168176141504,5.198452673765752
4.946120890105156,0.9569756743168408,2.735812272806101,193.89375328468535,52.22650305977247,776.3543273299242,28.431818121632645,0.8022586994638928,3.21134524252348
0.9699056707386495,0.5016840855440582,1.5411003095639872,629.664250467866,83.00180259077742,919.2442199702067,13.307703414506097,0.8330751139881247,0.7769841820649379
1.583295827338512,0.5927357262783582,1.200940844389123,273.1521992072594,73.53975237957702,896.7271990359186,28.40470570636253,0.8902390428130706,0.8187389285115705
2.5456645753194223,0.7814603985689486,1.2443459140179653,287.42343988966985,55.69403919837445,744.4790386776494,30.74527068601013,0.7204425649367409,3.593591983716682
13.46789874788756,0.8412995488152128,1.8389331029605316,504.4471300457901,36.74252541445246,831.5754898133208,36.15419960348264,0.8364455691884699,3.853932096674083
14.013585296208113,0.3529976138281639,4.925107080939481,300.00115186330135,39.4879591027312,779.9779408742513,39.86775532009002,0.7670024701768962,2.9970085419781567
12.812849414252787,0.447899888176469,0.45246481468354455,29.587024326085356,46.329908680050266,870.3359873457595,42.44377368741864,0.7912452332039858,4.46807397138775
3.9420836123491263,0.6429383982431963,2.438157417595147,160.0813319562677,61.45473131011364,823.4076588765491,27.623013737859342,0.8120037811551671,1.960509011648516
27.2101974820266,0.1363841190473593,1.8532744184352477,285.54094418548584,10.033463000448851,795.2591521177064,67.18429778579568,0.757540805788795,5.007410598565222
1.672030108462858,0.43218698261091854,3.224394814871161,305.75199468171274,64.82718050268195,821.5143335184594,20.824926802068653,0.8426225030742751,4.812966207800137
2.453578242121883,0.46199247767577234,0.9776419083957277,301.28973371728813,75.92102327582802,932.681044370179,14.383521792267146,0.8098926373859094,2.8282491214628322
7.346923473380812,0.6113369083075397,2.032043989006959,247.91986350206687,53.299962774266675,884.5878842679575,36.49189891096562,0.8419865789450447,3.463357443851811
4.482517571154461,0.4744144773261202,4.1888962724808705,279.8426749147276,63.353409111071926,803.3271293164912,35.3179991048746,0.7453920134098753,2.7363906725199203
4.707864668033254,0.6481046109785387,2.7579941346662324,532.496170648942,68.4946969251455,739.290393126404,19.730064649398873,0.8036311157000464,2.3468573208153125
1.1848363831532813,0.5845559800364493,1.6338406574449258,206.07049542909323,76.2382182581673,759.0401463134341,16.857634407788588,0.7911579297962659,1.7647524347933718
3.3141173098242,0.8169245567913487,1.1455426366835437,248.3729375024373,63.41398459318498,888.1113550281809,32.209641976644846,0.830627411116957,3.0379999620111917
1.6994228535184601,0.23711077540349032,5.740690059302322,441.074023975575,80.35242972270608,759.1007028899268,14.53959650161276,0.7546960051738131,2.458570629519618
0.7035690012885409,0.33907245891829696,0.6987083591946508,451.25352256076195,88.88532513525581,950.7812375462004,11.606914438516508,0.9546887614703071,0.7859884299092592
1.9262877180419413,0.5491401063578459,6.279547760214324,119.11356875789019,73.31895469991782,767.3233833302538,14.235844131330143,0.7983494444395176,1.1085641785850346
4.483619659705591,0.801600827960226,2.703571917398261,61.1474905388361,68.94781978798677,675.1833882441096,21.757838915821395,0.6673205853306031,1.1498931602080387
6.4106143540536085,0.07784920425881445,2.1892258370285274,397.6601670902131,79.96976706778732,1008.9377268970688,10.29287058484146,0.9520978878937592,0.0
0.25221075928835834,0.584676568496646,4.859362358307698,333.04279362947665,86.75295478193216,684.1939416583061,0.0,0.6823790692168629,0.08339022104858196
3.4602325011194566,0.46111688115006216,5.0118899801444945,262.65087739990133,77.93144488346502,779.8527364640344,10.141180030031924,0.7755616453529409,1.4001291772585218
3.17546246165558,0.49485686099475,2.5583433678192686,419.0585758815552,70.07085344773034,822.6480805143055,23.639660806898917,0.6886770429512651,3.355291612355862
4.282955166457056,0.3024632318973843,3.3038565310682504,229.64284439700876,74.85180339814784,801.7362791865881,20.914681736364265,0.8217886889571391,3.1324109030558134
0.9930554889396879,0.5997941162734065,0.8656903414232212,324.74001365363534,76.01064780157739,784.8682119937001,21.404100329934682,0.737437249597564,3.564730601631522
1.018142207081055,0.37034740987936937,2.0404286131173217,194.32311277051292,86.87772567195299,822.4856689085474,12.239383340747137,0.7831107671452715,2.642240496600334
9.282473838943885,0.3414598220163483,1.3864983468397267,157.67007102452922,58.56310290158643,921.3422669728204,27.673817416569204,0.783149155650628,2.8748322874237964
1.4351356158124733,0.2772869807017285,5.805047147237409,225.60671056271926,82.54620276654562,747.5072045729781,1.2190423679555114,0.7575234252778795,1.9315394162505908
2.3364443094427267,0.5400377236341043,5.433358768505233,89.75042201264178,82.77986821140499,758.7813531438649,5.189434148619803,0.7587918787379689,0.0
2.58389555709331,0.47389621005856636,0.8854877994166098,149.27743141849254,73.76379551917502,851.9988559067701,24.993816688421298,0.7474802132085571,3.6593789631792175
1.7346726980291054,0.17706772168905197,0.8330420842342829,256.79985154844644,82.24709805084072,984.9253862822272,7.37418502549881,0.8925864098907561,1.3859719979310376
5.292352589346696,0.2021240692029867,2.1188475299767053,330.8185133122901,72.06010311123325,888.8968798079131,19.110938380455814,0.8200789831147087,3.69197199435636
4.920692693090459,0.24031530362604872,6.430352698367885,498.77622064535495,79.58620732773876,744.7069184623448,14.666156918821786,0.8080213579771627,0.0668063586264287
3.0436412901469594,0.460259721611735,1.709103014129974,247.7519062253035,75.30150506745406,893.3873099195374,8.977742879481902,0.800608124780797,2.72398777863261
1.8461802098104299,0.5668225362118205,9.441129131347417,154.80268988128358,77.58316701142599,509.0414886987578,17.68504367136611,0.6293744364992192,1.210038854384893
2.819159459823043,0.8509120406378475,0.7201767250765384,113.81252898951824,66.44970165236498,858.6880862782103,32.65189458682366,0.7416909590734297,4.733883740224014
3.731489247455798,0.8611504527447148,1.3410849758816201,477.33773719858084,51.312278957904624,844.83840595197,33.9688843884439,0.810902860629365,3.396404228887384
1.5854661644667676,0.3648366590957166,0.860821344566318,287.31776195193015,75.7786326818658,958.0306495502588,15.339221024258038,0.892697491432381,2.5391204167560146
5.6266044114804386,0.29000756727838123,2.5896400484777296,240.79913241430026,69.47615706771678,943.2221666529002,14.416344197215171,0.8863041286354735,1.889808860848672
7.773558067346233,0.7114842179809571,1.6734338722894095,292.7626569914723,55.465956971156324,788.2767554243233,29.530529746899422,0.7670265341454302,4.661734189309755
10.521916717292928,0.6738704686850403,6.039976012595629,421.78897048820437,41.66595933184021,587.3372773245873,44.081415896769556,0.7389908373660384,5.304315984351908
10.03767605998383,0.7126894889969076,1.5603256969720305,583.3022611793,41.994029274798976,907.8829299433991,40.56595159822371,0.8267004950450582,6.502110322613822
2.567624535542402,0.8246496727557407,4.30638741901304,101.62493331632217,65.11939182998043,626.8659512415774,21.7781621276809,0.7002062478535163,2.1248379200795666
3.900725090597959,0.36442076714157395,0.9130146612634988,228.61311118886212,80.81871048016878,970.8313671326313,19.462294634970423,0.8667574238480815,1.3790206939202656
2.9887235877427583,0.3925182557784178,1.9419057185493827,400.7274075316449,65.45653996866592,808.895136575859,22.610976079854755,0.7434409144038152,2.7264460779559005
2.978346913342136,0.8533615003718463,0.37114226299544484,107.61206450031509,51.47316592777136,819.3715850693153,31.401724836216598,0.7322409029438526,4.1639693996493
2.8000213717855624,0.2667015626311695,6.502643503519073,704.7776190540358,88.6091247102507,695.1446084178453,8.820868079139922,0.6713662873774823,3.775899296566975
3.5195324957346665,0.5319717384555057,2.11127546459341,226.98157418779363,63.49019337474347,748.6706178383777,33.39882760101046,0.7794179876194178,2.500511619007751
8.796751405998169,0.8891385619625389,4.28508226469801,761.453448527935,44.35466946886594,637.0246218538696,38.024492212721626,0.7485679866059693,4.471114262727517
4.602201641989738,0.5126533519632712,0.537852944055759,96.49349867661645,60.87326007404474,801.1953007123192,22.075487913867043,0.8107807505190247,2.815093096941374
0.9384580492545787,0.5485452007880023,0.6592051314601165,467.5232039068234,76.95816052293556,931.5031790957863,19.40418938253131,0.8421508485436854,4.20631508703555
7.5165505988714845,0.444997787984742,0.9347563358011106,171.26735730803267,60.64477386554067,895.1644799066543,25.55811874258544,0.80568412640442,2.2678164441354456
4.231447327756678,0.5781990761919831,1.436649602121937,266.7340816822518,75.90401454950198,856.6696044035951,20.196224013896185,0.8222142226431101,1.2559893965698528
5.343277177436976,0.5613618935839938,4.967766222670573,375.6637055519374,68.53949547293544,713.4195545055435,9.730102473988143,0.6759851622076407,3.5049441181755365
4.523851828190785,0.2728293382353849,1.6195865227336155,445.6905881080123,68.19209133705996,893.231456238962,22.48645826313869,0.8801272963719134,1.3016983013114833
4.704936004537666,0.5394366881284403,3.4481482973372235,341.4687955781345,57.85941777956649,752.2369233464757,28.00669507838072,0.7698165544534943,4.153968708114745
4.893067272276205,0.5173928897061559,7.551569343561789,258.5836810261661,69.8843725158706,677.7099533862105,15.323404956956406,0.6582384134668923,0.5997484659262526
0.3590549448379403,0.2666830292009866,1.8693904513667265,289.1785529633023,84.65769805119336,779.432320030433,3.4619017294787984,0.8422280114499027,1.2082440133144834
5.286607881866207,0.7736140580369822,0.6050882542811634,1005.9782983676902,56.184308991001124,773.1963170671947,28.99065143594821,0.7036088121552436,4.867156762675337
1.6624690841724068,0.05884658177515256,0.9522031777599294,487.9139623851108,94.46534452506148,1034.5784925289388,0.0,0.9233350275735385,0.42336295730323525
2.1541828373606395,0.2873283640261075,3.6836197595889164,138.90927002971634,72.57203273858099,825.5805848798232,1.4045656747019528,0.8370370427253553,2.3185892360422278
3.493782649800834,0.6486250744767951,1.396035756591649,285.7466473894457,66.47146002561912,725.3848069729387,16.418235048126032,0.7719473961576356,2.4857762266098646
11.788378121508591,0.5325873116073545,0.5298641034930457,352.9766011434596,49.4740687250272,918.0821453355235,28.056571610488866,0.8195995064905485,3.323450597327226
1.153133775887417,0.1598273464889172,12.007118704816726,42.846283765839665,81.64339227905107,400.36910323817773,13.025189457656111,0.5196069644917142,2.312070409690286
3.3858715054272723,0.21312232871178513,5.237356445313477,521.6219556421454,86.00485337755224,836.5610764341657,2.6636989536037206,0.754149770751926,1.225890053906539
2.7347369307280625,0.6767740397267512,1.1211179205068837,148.73925347484587,64.81815087541901,908.8432499292916,24.62329731822585,0.8562453375157808,4.52625893712187
7.430945176541154,0.460747001387952,8.981801374264883,180.9256537377212,60.836404902520464,697.4510996649418,21.695643997840623,0.7594750997385222,2.442206258001703
2.6612839770846706,0.5972696453340728,10.448262705296841,120.5732027073114,68.61786227686542,474.54037307624606,26.6625060778735,0.4892564791759668,5.761148008999678
4.273924052958992,0.9149171316018543,7.8445995166268965,469.8875683613414,45.60474594013273,475.95924118976257,40.32457838196836,0.6133690859017166,4.500066748070281
1.1572065592662153,0.5664537997109137,1.9179478497436842,386.5664508174543,75.26409845164083,805.8805169914611,15.514425254467113,0.7589314694341267,2.75570582999687
8.438559178017936,0.37879537886902925,2.2903135237079533,484.5255481491609,64.17580002746712,820.5073041104567,25.940527963532436,0.7876550937497236,3.203132247867911
0.623765840664287,0.444882838603439,3.562192656357685,609.7314762319219,76.83394429324372,813.9124285437422,19.66475654870109,0.7351059774031777,2.783832808418851
5.2264358728438856,0.48887229657697706,1.2504126710448533,308.5315203665589,63.957845668963515,766.7592599267672,25.596388621260147,0.7291160351158796,3.2884306744399217
4.2975107680153055,0.6073972167958609,4.953605658527697,197.7137571289346,64.34024966027296,710.4253296325629,25.808877480352383,0.8258713113039124,4.647258321669286
4.858714116505155,0.5658927577473329,3.0731767847671145,311.81488401033664,68.95686037022506,731.3224914952339,9.08625952328124,0.721877715368521,3.4725116516470775
0.636757362719959,0.9317826170179921,4.851269205108287,179.98450850507447,67.99642396118654,635.4036545852483,19.292363189301838,0.6806978507589447,2.885771951147213
2.608127762819318,0.38830811803250737,1.6374989882784874,371.3680487083498,77.58375243155862,959.2330670073399,11.019915239404758,0.8297971334430918,0.7682323689389117
7.146658997028527,0.9664703852113936,2.8986348956342765,531.9022428621388,49.579437769564635,799.2455911692148,41.599411721311384,0.9086898417157058,4.987657300973267
13.128507124662985,0.5748223910740036,0.7700377454928149,155.3129366167211,38.62677183350632,926.7610405791697,40.618766001530126,0.8793517768439024,3.393090707136501
3.1563262738701425,0.22208302987679776,1.5043012597439818,313.4048949464363,88.42705968312477,944.7024340946494,4.0526455738421845,0.8657463525164134,0.38869097913622386
6.619191527965655,0.2363357939038277,1.7731634453084983,254.667135188052,64.10755254844298,877.7559650894774,28.610180780394106,0.8726718142927288,3.8188019584532045
3.941053682120672,0.6316747042606505,3.669865688297236,265.6531913860641,70.89980991414402,755.5443895992815,11.256187207140506,0.7710755151683985,0.8378751110640226
3.311395271511026,0.3316788276511783,4.623259406569571,464.86904538947033,83.15286099861781,670.963286406386,11.275918255130954,0.6939726768536393,2.8537595599055408
2.321417272655756,0.8335971521393123,0.902559956381637,356.5972845556346,66.50431284878053,764.826201387057,11.588677981665347,0.7524813359681821,2.82938737204367
3.509708334601945,0.26101051533863284,5.742858321267022,229.4720661306373,78.24982838735296,738.7371493115467,10.903485351507728,0.6662806232028,2.9913226215971846
6.151261236844168,0.14543691413559395,3.3472337179906613,247.34353305415118,75.5621205371082,777.1066445775763,14.328932359013768,0.7479862186020376,1.1144175418593916
6.566926915879904,0.23000610992623846,3.900642353836399,288.03839135003795,67.6927830144244,850.8586294013801,31.357453775710194,0.7852491168218221,5.400825886134079
0.8298303124622972,0.7960792283947126,4.596887428478157,277.18065083829606,63.12805398522999,693.7306837742653,24.91689974602193,0.7322912050420413,3.6174855723618395
2.115230721859625,0.18106989647026508,1.0776209999534636,287.7758995623894,82.88069464035489,911.8811404280018,6.64057945141656,0.8365418405877175,1.570292457086922
1.088382469794088,0.6769533391843706,5.671360439653521,420.5392850094553,83.0400287928583,635.1912654875682,11.07109641118041,0.7154044913764063,1.2276738867163532
3.6717975392797184,0.7547552649676273,1.4156124577240137,119.0318336743168,67.95995905431792,857.2083446454338,31.07182782476623,0.8193111596511664,2.4143533667570845
2.518064264106033,0.8700558349675732,2.2015587848048224,359.1955211419837,66.08010530022541,822.0984776111981,11.416619116848025,0.7511972757085432,1.9922394279858802
4.720876018372817,0.7304919929615052,1.9297546797872913,382.0062540594313,66.35630317790329,760.4211560501309,28.186061449271456,0.8306900157632761,3.4694023568828025
5.003036277919792,0.42687990998657244,9.000292694180251,736.6377226388391,68.5969149148977,544.4934685165945,24.25806012824635,0.6073652775853696,4.906021443869397
0.1225740929798681,0.6193173649260985,1.11567603545529,257.885205076985,79.2967193979109,851.1821178550932,13.792316869486596,0.8384213889846173,1.7207751336524906
3.4850089083774716,0.7157956896751736,7.864552798269447,355.6802393301778,64.4939672074127,597.3073149930793,22.99064965474073,0.5928303929644363,5.19019124716946
8.931169416176886,0.7763096059826085,6.542013645146289,462.7151582932118,51.18627983145908,640.3699257333539,42.79226501562609,0.7227289441806032,4.771814185150842
2.1161195183358967,0.1262694151359281,0.7165912581031118,351.38027357536276,82.81422996276208,946.2626320421755,16.340414982614355,0.7859610802654649,2.815493636464809
2.05291336652522,0.20880847568876107,1.3796754173286947,64.76268211833369,82.04464175010601,955.983596617581,6.342916807105455,0.9704448289815901,1.832413317295829
7.766561232512734,0.39800267247421384,1.4030841594327152,70.95254801536194,66.14510819083942,876.0302542828274,23.83246797687117,0.8598540943761954,1.88958487887757
6.813613678557272,0.43084791594257726,3.9567249519516348,243.85638652911106,62.81642066187289,693.3039747601765,33.49987571570604,0.7051063188986573,2.65525415143057
1.2282097488086217,0.8394730522660265,5.684118392780967,274.4673340086804,73.15482013571433,726.9462925163608,22.01893271579618,0.7647373571628298,2.5715090975700337
6.286676294419575,0.5425732790108571,1.4057612618767732,330.4587945796709,65.81534434529986,921.1810439899315,25.503408362918528,0.7893392501877111,4.2155440125327885
1.565354319827184,0.5265834165793586,0.5668424273796059,112.69629320839023,76.75581809609052,815.7137968945905,8.452325046849975,0.7793136123070771,1.6019860503642083
2.0308664609251847,0.5784859533679269,3.9638875337566235,389.249863030999,72.69767842494741,765.3824555663339,32.991753999525194,0.7964769944807809,4.674536852734185
1.2268667770846275,0.6366045155709356,2.6422954987669476,113.88322330483444,68.80550519262529,876.8518308928142,26.164755911770904,0.8547634989629312,1.4140168624175218
0.8212424808732492,0.537342573116331,0.6978109746963151,348.500298946607,73.62075858721184,873.2321699578517,29.166253711345593,0.8235521015753826,1.9158512564592227
3.867457570240793,0.7402368824961306,3.58021510162585,140.3143879804808,67.93722845794767,792.0540122523157,24.25162920045788,0.7910105022954009,3.3982969640969194
0.6652132785513214,0.3066802569095338,2.490670412269301,377.6455937214723,88.29043726973447,921.0043017979021,8.08728068329812,0.9066357496946833,2.0029735466657916
4.008343753831395,0.666619587146079,0.9044591477154788,464.15500485960104,61.36020029949125,879.9202620115739,23.18160531933253,0.8641030900876417,2.246217193443078
3.8976678143409464,0.12011620983317439,1.595434739072413,163.7514231509975,82.28613536729083,1046.7478737497502,18.25105544765807,0.8341192357849379,1.110250336566732
3.025249051619178,0.2975734013524982,7.5202412614902805,345.20272796132394,79.56663994997943,693.5458267698523,23.288888167659987,0.7157392703202397,3.2126712345544446
2.2194461724161396,0.9565029190755708,0.12322355003088328,302.0088088460283,69.10664817992054,857.719371498608,27.873302405620986,0.8155647521460418,3.3134518612404498
1.7996986078027388,0.6486223085627832,1.018928990313101,158.59909873731542,84.21280005798798,851.9263771497573,24.585048163555165,0.748631180028564,1.7901165265503347
1.0488345287136491,0.8515116491584506,0.6317286235965045,109.34870250259645,73.43983597203645,844.1694170343424,19.37845646574657,0.753711690157173,2.409920333558795
10.58158915047031,0.5888943046411277,1.9693805409705476,393.81367696841005,45.07890103824735,799.0232452549362,34.71946859504783,0.8542764713394736,2.5235754770591305
2.8999962951414706,0.5757038493416842,2.8010722540277158,679.4579087617707,75.62436233163291,734.7923364257579,18.606679547059738,0.7045754547085533,3.0687633436027193
2.808341911367472,0.7208870426845365,2.248103338802284,229.22473515584332,63.343103104227524,747.9934879814223,30.48430087187884,0.7276246773918946,2.3719447614534217
1.2970266194267928,0.45665607446339995,2.4608676616521366,65.9022131639055,90.79947856376879,824.5170871988186,4.863761562011462,0.7547253160048002,1.1201411631831497
9.749952027030313,0.3583613528458943,2.9462988414744995,42.70361367944249,50.659160939482184,876.5923256745077,34.27800090844813,0.8466203484638387,2.6203654428669223
1.9225667646637397,0.2775896305912151,1.5837438020793384,286.5052884223698,84.48514705683392,914.6034067461959,12.143385436894832,0.8627298945008999,3.27870252619722
4.350753392913201,0.6168303022794336,10.858399070444559,90.33480245822082,66.53633070409649,483.2816555123744,26.386014061776,0.6868910766909717,3.5085582865951217
5.097231929920818,0.1267394858961378,2.6197560686856534,76.95621305541229,74.47141574386005,1003.4202384276,18.67879792700561,0.8752258480206714,0.6829502178973219
3.8700486537096523,0.5983896021182535,0.7647571314221728,156.113096973447,66.04709538186665,980.622704422848,25.03253824242685,0.9145531412223653,3.455087003474944
0.64318713799642,0.8435483319946377,2.29962799923652,387.77229367902464,78.79071156111088,726.7305838408897,18.66194659315895,0.6416969118684299,3.118462624049646
6.072159803793248,0.2665851062817595,3.9795779626763705,369.20664870741325,72.95114724551507,843.0942157784257,23.546097781990454,0.7349447029726364,4.145937844639829
1.9019851887553614,0.5077947588438739,4.4027892183907325,401.710089031918,75.83740914950718,676.482792457053,13.94378856249191,0.7724652074610395,1.2805311751699824
6.759466470572198,0.5711498621119776,3.5713320317663264,194.2032959357563,69.10385246136359,787.5406260462472,10.609535889175199,0.8277784214306411,2.3273055888436045
3.287109513584503,0.24818234804034917,2.7497424388778606,203.32621752064526,78.34070770623627,770.39775789762,8.932144891116337,0.7844332908788707,3.790312654149421
5.35957621198838,0.5222040609120802,1.0713483526581526,481.9194014749911,69.54055189865731,842.3973004887108,24.0878654500211,0.8617657695556311,3.862145557846659
9.263938811913015,0.6375024966765882,3.17381248298896,221.02775975850344,44.568611532650976,814.8554596298048,34.41704596432409,0.7351295182053438,3.3697878981893084
5.890849739374455,0.42906246470139464,2.257388858108997,107.6634060136169,60.1659997446654,818.077591623275,29.4771034945962,0.8734794048288556,4.075726626320039
5.4683757095638414,0.6599401377223111,1.34859352496716,161.774509694909,65.64513042668779,782.3321435787134,23.704939059669414,0.7176564324429143,2.356006879388811
6.29700898256471,0.7941252050100212,2.6192482649127546,405.51031700085554,57.79614369580034,734.8590040784746,29.944374640400504,0.7571237113267766,4.391344544189136
1.5049823713624515,0.23810890598502363,4.580169977378754,341.22917328930214,95.26599803959989,724.4509059349208,6.261925912337391,0.8732661405862605,3.7834528886205314
6.989613185914814,0.6677073349911384,0.549342289744865,241.4792822263057,53.811874529196004,902.6157152922722,39.47165674613435,0.797467510861806,3.643253238436004
2.6914186812417045,0.4725853762711224,1.065628216898196,85.45540215894385,78.48969740124005,958.6515291469968,14.957331399134226,0.9426135440950606,2.0254899697481537
2.777274636159722,0.5345411311346132,4.147742724358041,339.6249658053275,72.07596028389719,742.0885314336808,13.294149672361852,0.793572312689328,4.3415827963777875
3.762242608309077,0.2476321469159227,0.8548236224395129,214.08466902419553,81.76361091123093,990.4327297358229,14.631339749730593,0.8675781038246023,2.954305702300498
2.4550159046458266,0.6393896602394237,5.473101311255654,106.61897085945537,75.49423066628894,650.7717222812607,21.43175864574009,0.7949645620180499,3.230739255609497
1.1744666126543544,0.3951540128327686,2.027830950175692,399.84564440238717,81.46012301034227,853.5447588004366,0.0,0.7665438024009745,0.0
3.510082520024801,0.5114407582845074,3.533356051767516,221.58332044180798,67.9810470846563,888.9848466381226,18.079298989858472,0.8315595313467488,1.406508638440164
2.7900918110749187,0.44246778135295495,4.025165851631051,278.21994196200694,73.87195950362046,761.9523532548247,18.46505689236103,0.7892481967245227,3.5073816151354196
2.6955528625429226,0.6123193156725154,2.366388483021191,523.6033706771559,66.04144476957391,877.6940152509225,20.88918859095133,0.8218378998071354,2.917601088843011
3.190591961195646,0.8477690176231906,5.7825828385894935,321.26099142289047,66.05793714956172,598.3278243565586,24.566203604348257,0.8144209918450527,2.6447315810827163
2.7148794004841617,0.6938155982633893,2.684910523956038,382.8725583423892,55.46553624172525,787.3226708046309,27.429650271772488,0.7094875556448128,4.9828054952114424
10.157711879188144,0.7081835456241667,2.892791882843368,267.10990877913304,43.916677420251375,726.5693646682556,44.880790271608,0.8168381359629973,5.310293492169288
9.55515466536579,0.4706169486712754,0.7089379139449724,427.5133958064795,59.0896311121114,905.0382126859405,28.945591939656424,0.7299060619045016,3.133555021511255
3.6220231965793737,0.48971007532365673,7.688049076400686,124.1047072455646,76.29209296722055,633.3892684951142,5.796903252751196,0.5354806989231058,2.8416084552223655
3.5123156783466025,0.09175713512294346,4.588147377054182,85.42746000040506,74.10865069080057,848.1094847755629,22.51227075565568,0.8115121818969588,1.5497244844624245
0.08030135881993977,0.4738013700308444,0.9706941529003148,114.81789110181622,85.82855727600119,855.352315269796,14.68942383550803,0.8500642175007163,0.23779600387182653
2.018474726776076,0.654920045479832,0.7170199979847853,204.28923675803787,66.86567077593752,863.0471127778656,22.9700186840651,0.8923323014077423,2.8577394829927982
6.246246737607681,0.8448001226737761,1.7803281604671568,382.61177717616505,53.24968797764881,873.3875739360669,21.68898170912766,0.9044505624211552,1.517491557060441
2.396709904585595,0.7881723470366463,1.9750724469671077,188.38377926532516,71.93536267607465,730.2334270892335,25.056990007199214,0.7481392541712576,1.8502522398919672
8.011988818697509,0.12493064183280829,2.510969456714218,376.0641873603313,62.965066144719906,732.3107107868858,19.792350866916642,0.7643047439395836,1.9895198918042742
7.637846414950724,0.2095078966585303,5.542686255848475,287.0039809312799,73.98342632098004,707.6589041264338,16.043811227813713,0.736743910981687,2.776954548986497
1.9776409066893081,0.4740932016858162,5.745254121268141,745.7597011224449,78.49929719931467,735.6843373687199,11.60553641703447,0.8177077255892217,3.716284881709727
3.870801966300424,0.8392416392112326,4.508756373979824,291.79708120580574,64.72009501212543,698.7368740203525,16.058784464821017,0.6574706388600151,2.565024120804238
10.771246337202586,0.14644515446968942,0.32821459108327944,175.6627946738797,64.41125598508383,907.5330674355871,24.948911210647516,0.8112807872329711,1.6702166132462595
0.6229021029664532,0.5672196511689415,6.984449002203863,354.2216259322004,83.40317886541912,639.8235775200751,12.834257884473061,0.7267018791466197,1.3889933606727065
2.4499282195195065,0.49361514717606825,4.939652196632142,274.6340522718411,79.32598203359196,706.3711442809569,15.152188210565239,0.776461672972339,0.8380735549256462
0.5354431788550071,0.6368591442861747,3.7633968052738194,124.28901525912464,74.1835208543315,660.0012193251433,16.815550025833662,0.7632899718557375,2.9797645452837425
1.385979866567955,0.601531164217702,2.052393039239773,239.34142698671198,70.24914367824134,807.2539189655708,16.355748903635245,0.7808265427752717,1.5002956957379712
13.186260090095931,0.24505430761025604,3.541384473940894,236.26598850539136,47.90346450887441,866.2678450111753,45.28216611770115,0.7948551454853634,4.894304728221222
2.4491040977532186,0.3170711540699955,0.6009327802564548,244.7977977596706,82.09794855702151,911.7284433086322,13.643471047324818,0.8822271865446751,0.08480133861707362
0.24323800921469346,0.601828843217411,3.4346030381634276,130.14835210435425,72.7966113624117,681.5624103367345,13.42943892170127,0.6540986470060847,3.599051472032325
1.1600911705690944,0.48421937856715275,4.7766084072077435,684.9908172770502,82.32852094551623,839.8519713616986,15.01275898858536,0.8872247849991266,2.852180830846446
0.4538855106608185,0.6631430913644691,3.0853679845282205,92.15760312654409,78.93211525465821,717.5206889230786,16.934074788914174,0.7053662945562993,0.8089866259927061
4.004034582718647,0.45310510716779673,2.0318964118710623,529.1381539297139,70.75122972050035,873.1301004341951,24.16615388862298,0.8100436153306866,2.911145197946846
5.034531148763339,0.8650783930998405,5.894430296898397,259.83184060627497,58.577062040716534,684.5684938647438,28.802751410138256,0.7483056178243592,3.715765842147937
7.0642108977907165,0.5028824631747256,9.959140066381769,145.80406684947303,61.560858460557455,551.5057359493965,23.17163517328507,0.594588450832813,2.4302152598480307
5.9772768665708504,0.7051937282018971,3.719968763073478,624.2598745261861,61.64639187751739,731.4788901105036,18.630899184517226,0.6814221846960488,4.011853362831944
0.6662079830607143,0.5560628816302773,4.710085094670001,30.532724878609873,82.83189453115713,619.2054828298438,8.835892486706829,0.7291616029937176,2.812330267084957
4.822421689176118,0.36981072388707725,2.417318598668875,144.58099289724285,85.64463852761813,918.1780592537407,0.1107554672222193,0.7987533000188679,1.769245092165421
3.062736294737408,0.5437485809067842,1.7511231764108497,229.62660438733639,73.06347332747299,778.3979497779875,20.660372060679947,0.7800302922732218,2.700172467201785
7.884990209292855,0.5443233219331061,4.978013163762879,158.38567843434106,54.51639617588329,777.5578571376528,22.20157968965303,0.7676106397701484,4.171127370437395
6.536774177518087,0.34750280661920285,8.431290021964246,246.59171828927384,57.171184197328046,677.2764041292819,27.847438176447895,0.6113966366202868,4.034101365404912
14.47132578336129,0.6875416667701167,1.4161614504657414,365.92776237867344,27.357665335695536,766.9434045517148,55.2234158464707,0.7078291297442169,5.85142082969863
1.2743317809780321,0.5275194982229616,1.000829366807039,108.94492743188411,74.20216992818632,806.6527754110789,16.60598398520817,0.8017237296118999,1.9927785138687728
1.0688128189356625,0.6226700693943478,1.6287210518614108,301.2029599052536,79.67401286721338,817.8632563745467,13.873625854255163,0.8523674826708452,2.1942358182703074
2.1491130812569947,0.654767056175505,1.3516441452608252,386.3521702248646,70.20911450284198,902.8967660776383,23.51448226052253,0.8036306648356606,3.6287759578184993
3.1785713895827605,0.6332930185213269,6.193115258633435,117.45229284615984,71.66560077320266,621.4207409784883,22.913917871613076,0.6285540831293026,2.2384596089465782
1.7383379705524566,0.4265681590430462,5.715492313685658,286.9017078509025,75.46053008417924,713.0278547631026,23.40507078963919,0.7593848314158317,4.251691952969377
1.353615115471667,0.3718976508753468,1.5673783477646486,234.95495499059308,83.91892033304913,851.3956239880923,14.636773841208397,0.8509294332718218,3.335756094411095
4.555267794335047,0.19529385107136837,2.9576862587314188,134.26278153141865,80.8139260666655,899.5393957514797,15.577159354024634,0.8864247246454704,4.277009790849688
2.1423704481918238,0.30333475104744284,1.0217060581541935,142.81642132595817,78.97848170935148,875.53703094705,2.9463609894067204,0.8363615868406218,0.0
1.659606549484182,0.4661799165521109,2.339015640385927,143.91509991015536,80.5415856558671,793.2655684731118,15.07084827423293,0.7494355041061228,2.2303126729506255
0.6644705719245845,0.6035140423960491,0.9757235796999899,192.80439547667308,75.71671435428873,808.4966089530235,26.94971838493118,0.8242827567701653,2.218429232401218
0.0999911134406134,0.8292602885367717,2.0540447319559836,194.4995244615446,67.80915929193186,729.6506631314656,26.41802371177764,0.7335951252769931,3.901850326155506
9.78812459438663,0.04328811448239151,0.9990677007451396,540.1436765093171,67.3219018250683,1017.3858194024124,28.692534522288526,0.9439816469048818,4.71906026645921
9.568576557861949,0.0834016327909255,5.861237395772219,314.0872309831016,66.27296982141888,731.5715907781952,19.563246191141335,0.7130036550416107,3.047885816840586
6.697477386785667,0.12382777404095291,3.0378084576040374,319.5146805223217,74.77916490997217,802.8541518025122,17.2414232871559,0.771215647313975,2.3536624345989288
5.487116136731866,0.8048290317012099,3.383357180648207,278.2728145091822,63.19558857132179,643.6785362840233,29.15051439025093,0.7129771564970291,3.225208714927695
1.9442464093595078,0.6762830995021446,1.4024005462460503,292.09180157683505,71.0161395248062,826.23338720692,22.946856404470235,0.6928849452516364,3.1088168099167137
5.673897514487064,0.49736928240800793,1.8427152706352823,332.29589012066225,64.66833297675268,802.435482940538,29.47279358101617,0.8483978118498358,3.814893408934558
0.9768256613049757,0.42401843609990025,2.8561606075892265,122.20597279965588,80.0446506222564,761.5146797358849,7.16280651523238,0.7543898659009441,1.8855105641626366
3.7878597929212887,0.7397427957086343,8.400299511304613,241.3501067172676,66.86929190844718,506.5792424765217,18.432892168888834,0.4630354535541108,5.027589341941837
1.5088135747341884,0.305907635916015,2.6031988135815425,146.85144590280282,82.13213103188188,857.2926938681946,4.744741271364281,0.8228254042358513,1.0093917031135526
5.693368302208691,0.14098596361149732,6.606047696388851,441.64110684554754,75.02481511480153,644.9534367192234,19.034539128521594,0.6653077010188029,4.290387792627124
11.321464823378374,0.8408786201984045,1.9634221176338966,181.8690436129677,36.41042109171924,776.9606872163475,43.38897798539219,0.7140604585263401,3.7750145972678424
1.1547615040041526,0.5404333251904773,2.7043275553040456,334.8045050748223,72.88690669091227,863.8977035738126,17.811722593947152,0.9162278212917797,1.0531195796723298
2.0459759067628416,0.30995703239387673,5.578278312204903,369.80746140757736,76.5695130134738,697.1704205293901,12.317400976829113,0.7601523143455192,3.427399023002332
3.724956354713293,0.4208202741802343,4.34675168483144,303.16691101458474,75.38757830574421,699.1611478779103,12.167981078848136,0.7115990641838534,2.837914859022437
0.30250027216822706,0.7578798950621275,1.330831123523763,284.5377569577364,74.93119239881726,896.4002841980961,17.559258280408326,0.840563230876762,1.911947075359024
0.488626760813893,0.6460768826921192,3.4441090680862425,258.89104727827555,74.91450884126579,760.0375538640559,24.204000828108214,0.7693766968627554,2.2142477235727944
11.074603713556979,0.3376144688216984,3.6028131441934717,380.0563762228686,56.65251564165926,794.7670444898072,39.74764860676375,0.6954417639041074,4.367739148031532
4.572515926974359,0.29260684614139126,4.028879625958828,154.34790354565405,81.25642214473615,826.2186089366548,22.546025396717614,0.9271718893091472,2.5389201921213442
1.8329328650198602,0.7893367429427754,1.425186926220011,316.92909340143547,67.29392338193722,819.4062521615616,20.08370921275106,0.7938677649212823,3.0069845175686556
3.376601068738119,0.6387543742075237,0.8484434870501383,73.38387558484209,63.48136837359114,874.4425051347363,18.464911106400443,0.9150891409815824,0.42391463714774136
2.1584003853963494,0.6497969081045806,6.871120088811718,176.42912601788058,77.00549997830328,533.4266870744268,21.398355899454153,0.5776522297271252,2.0538144323490224
3.8252399991973447,0.2967809084073878,10.072007423381375,190.88624442241297,76.18190248766496,502.23376999275473,24.320370310592825,0.630678068693149,3.5657959734025804
2.241796134299764,0.12490573015397699,3.967976041348192,98.518925152611,84.2350859824738,934.2916719916446,13.541089819832745,0.8013986503035057,2.4553740672836857
3.138922351601164,0.3635653055928538,1.8809239393057693,284.8254837621317,81.58286455758656,807.8122497235697,12.754227198619697,0.6406017632358131,1.874377547403679
6.113596431322561,0.46990723420557123,6.173669038671509,160.9935389147615,63.598799637732924,686.686985106865,21.719614572346917,0.7572299258969074,1.3627018820072654
5.797155493613782,0.7145124726570068,1.2008621904267511,492.0134100075258,61.73102897433769,949.3050885143522,30.421581822025765,0.8793306558042495,3.8088570974753733
10.610198041996554,0.5412282279085473,1.2855181829225024,222.77600815225398,50.44002608139129,908.6026137676321,38.146258359812286,0.8186485429162198,1.8334217968485818
4.85333634391165,0.06265275299662616,7.1956677124380795,364.76932372545383,95.09617411033064,720.2000270585104,5.130589930663509,0.5633642665224496,2.0594780008290496
3.576226655137737,0.6578548117606271,9.490219653546372,446.91084446211045,67.15348674649614,473.61558454668784,16.353838154252095,0.5606414034349972,4.11382858018556
11.811662554828693,0.4370637423931018,1.7016491768996085,339.3938428561477,53.32250191823441,828.9758654805433,26.712773216148356,0.8110661263281362,3.136002460107637
2.8399754058038864,0.26985690079243513,1.3943307129593396,203.74038352114124,78.48036364398598,885.1980724966454,14.500274469572238,0.7772536014222695,0.6678720160033325
0.1259322599187919,0.637776865908246,2.644639775461177,258.1601372529977,80.92799405342869,818.775396429859,19.601680840759553,0.797858890826148,4.1968831195462
6.764022390819621,0.9354881762996999,1.093583817504548,99.04162419565516,50.34082810234922,892.2874714706302,40.219488242372485,0.803637226778366,4.010399807654605
4.375878064888886,0.7413213997795697,0.7205970043450541,368.2054264554995,67.31634403917073,867.0312668242832,20.483981026969197,0.7601338950950352,3.302993677464607
3.425252687429475,0.7757887428359677,0.7484623088389106,762.4312428372926,64.85112945188729,819.4415505589958,13.642949552283303,0.7845494837647876,4.1406979772704275
6.907611564583943,0.2749814819808273,3.3706248533137275,426.54099013578275,69.92012841611259,818.1299410810416,29.06743493900341,0.682386572267109,3.949724359795627
2.2613646834731194,0.5278681909975612,2.521870235899406,198.14587265568778,71.2392232822133,851.1844617510794,27.577979943689286,0.835782148101576,2.819696778325536
0.1411329771289104,0.07718164472797935,5.538283452774966,209.88394163664066,88.66386959192019,787.1024166802439,8.678838550793468,0.7771790188759464,3.009524259612956
7.016692663961561,0.4566778520582137,7.211758159535058,436.87290660934696,53.12262076863939,628.1033663283522,30.234253980364546,0.7071074146587526,3.3528329397239056
1.7644713411428048,0.5503700327728849,3.848382021043541,52.42900829679269,77.77634551373326,696.2925663571177,13.713386178105882,0.7742054349499696,2.7939947473494993
1.2112652790131686,0.6588683387305159,1.0946135363441096,110.51574710545506,71.64953218355824,922.0068725540314,25.432128367448367,0.8405691715392642,1.6033826934307003
6.555137552009773,0.6031837612455017,0.360822314972465,166.23217267151986,71.23247450396333,879.3792327870643,23.358635052559983,0.6932320222161529,2.3929266850830393
9.207889477376321,0.6152753811589335,1.9975087000870313,175.45038995029435,49.6328415672566,842.5302086148522,32.68895684056493,0.79268147287006,3.879233987631596
2.4903504222001938,0.3169031271390625,1.790974247813195,69.72896654859657,85.8383790388624,840.2256255409369,23.12283269352156,0.7468834193653319,4.176966749160525
6.808015835203161,0.3590097525495339,1.1470312522599495,326.5607748010548,71.3225327491672,858.132001232103,10.894321056164841,0.8865137765048464,2.0125404204989676
4.978920265963336,0.5200050608012168,3.7678042370093494,199.9882462537586,65.83305493534023,801.1293944159698,20.307345951333485,0.7621369411203054,1.338009031334918
13.458664092988714,0.4647588990662261,3.9744397507047973,201.07215252411459,39.321360891510814,695.323407378132,38.999638926139156,0.7592610589242155,4.955401940842415
4.865402570086204,0.9566706584160743,3.2850810100598262,277.2136554260851,55.81356955684015,655.2860823240793,31.566860643243718,0.7662222275004652,2.9868196734619294
8.94799651547373,0.6998920738045383,9.8171267440216,88.0550575696665,56.33319750736389,592.853722406975,37.361007684794956,0.6183261879358588,4.943060190263537
1.9792555556712073,0.3279853098054197,0.7787381295717015,243.98332827386508,92.29003588932136,969.2229928699788,10.368986545142697,0.885308972758289,1.949044631916216
0.48558002337383355,0.6612365390606071,2.0971666899424335,86.95963909379529,70.83817860319657,841.9347651377835,21.17345037099329,0.8071226249715794,0.9452279668288246
7.664091888136516,0.07600119297234448,2.6066853984505123,326.1182023215145,70.17908288446262,819.982202245241,12.911935072419732,0.9023027729885691,2.338534706573227
0.4633384692193585,0.5337035635195048,1.882370911329594,469.4542318111701,77.2447850649709,857.8876290481404,21.659586720370264,0.8780384606656549,1.802740535500034
6.4970841068351,0.2527385606619291,1.685934540760305,367.1393702790633,67.38168530553953,890.2312679296816,16.021429653086464,0.780927217545854,4.025319109024491
1.044771777154001,0.5558018079908956,4.448508971406716,177.19593808397295,86.50495743632634,712.1521998187318,7.035615820735501,0.6967580358235713,0.2543290886579961
4.450187696343673,0.5263474983834474,1.4428310889522962,344.54783282135804,64.64289097361709,857.9567057535978,24.296696168369344,0.7915787210017142,3.098661286846355
13.644580111859574,0.747972591932609,1.2211074040677035,218.38790197953833,27.329944486733318,753.1055204106775,46.024212462062536,0.7112498294500028,4.038813350053848
6.093908828379488,0.5913170899273656,3.954026031374423,268.73089639047623,62.94546759878254,628.9799723646976,20.976436973682993,0.6615638006246184,4.641729702345516
2.851901047541883,0.047817445271406814,3.876590604427463,333.380132897728,87.14676037387397,855.5810740691528,14.318044257256604,0.7868497096652908,0.9029472213517635
5.07728222308163,0.208282206662127,0.6646612055452109,27.04767491109849,72.45572091617935,951.8666862227498,28.006227205657584,0.8729366708586096,5.0062971873779265
2.0556443262580792,0.46494892417595973,5.599424614565323,74.70174615022522,73.80255021174709,721.3932646990754,17.894353870611802,0.7270753172229336,2.0384589929236414
17.58787873206882,0.6479651383224607,8.740448525030478,228.0439368237019,26.838931280544497,599.3629269177414,40.53860282809381,0.7173038128237911,3.9829638497534265
1.622971268179386,0.36542665957518766,0.4732992720880518,152.22613660213204,74.24590180435194,956.9474401446998,19.711092266049537,0.8360799454895891,3.1457077080006624
3.1581082001065717,0.46971237507365743,4.479448550772991,248.39911639183342,75.89170135159074,839.451824370458,12.69900135142571,0.7202129005810209,2.3178244765254665
5.656409409937748,0.4182441036321346,3.1532583853914606,273.8175911006428,65.83610019076627,881.8993618435751,26.078232082781664,0.804476966030211,2.3703969020814792
4.771499251972514,0.44644916953299146,2.9197681216710465,178.1124968649249,76.45930216995065,819.7497974309006,18.251418030921315,0.7611878675260554,1.7687168895531011
5.238331584551383,0.5280687618589178,5.835626881054038,206.23570886266762,67.67535621362593,696.8576394062424,11.337647992304195,0.7917799154700667,1.4469908275574828
2.100532227124418,0.025743825067012026,3.1081227646533254,130.29947323741226,87.28745818715005,885.2877128819969,6.556505300843013,0.8734420926795337,0.47176211634383647
2.7398789338167466,0.7752298854473492,3.0151192047045647,293.602403227269,66.25112655210745,671.0819442695337,27.322357150042794,0.7675422493841219,4.280702952318777
7.387958248031342,0.266887814739642,1.7961948513102575,392.59064554464504,56.49535918928256,943.3191063959251,29.894128461503488,0.9141202957764389,3.5203615156313663
7.102131437341072,0.4232347521234983,6.030796613770265,90.28004769641697,62.49217890443264,730.403468516973,19.677269234202836,0.639626586905013,3.2986085664729536
4.869049757715819,0.785699249607121,0.6374295630068227,381.3612628870418,59.734136804782885,757.195557174418,32.123894405436175,0.7116901034132415,3.778882587797452
9.81178388205276,0.22926287778394216,5.0629804817541855,316.019201626695,60.09016288367285,856.0646666546854,17.944062999703064,0.7387080842796996,3.495770833701891
7.621138073518292,0.18644376309351957,1.3825476169659652,365.3667098604562,66.52400288818573,891.0437316286354,24.837415880767004,0.9129815225381956,2.284909803288815
6.93273352303421,0.6439269920510734,2.5293498336677636,475.6411054931658,65.24516856818124,794.7830243486667,21.094073636716914,0.8188706071365353,2.2611351174566114
0.449693215946975,0.3178165528595809,1.1086903794682246,178.33079642493328,84.36086343019608,899.3765388715583,13.551725181318103,0.8595408054715143,1.352861804551604
4.8190952473998045,0.5264964926835923,1.9654645940742828,436.3712891496713,63.16076907071576,832.0945638431784,24.418686663356382,0.7708202148403043,4.938368505636578
4.106387032469472,0.38123374616262207,1.2766172595395082,480.0262905304643,64.82643146988289,1035.4313489051588,27.538551412026987,0.8984682506580549,2.891787773253961
10.775756867996854,0.7397155613996,2.1229102046829884,98.36102719857493,41.950236235602844,788.4581939029472,48.80154370457806,0.7300688822435385,4.379808664066856
2.9931204791006873,0.19344025524021097,5.31207624426489,274.39223292087775,75.94944907802616,739.0343694891628,21.000681461039512,0.7759141690673529,3.119558808249879
3.814144379158594,0.6796140028644962,1.7579461801675302,268.02143783839017,60.07760500508836,828.9084689040448,32.002190637139066,0.8025287406834681,3.558010905743246
1.0277836855107525,0.6039817411965045,3.7402728311973994,496.57406858200784,75.25833912385711,708.8887344278713,20.81666888584751,0.7600232608205798,2.2909918084044576
1.2921086050652566,0.39668285814720544,1.6016011326227675,877.9690272904314,86.89803406381971,893.9441928105963,0.0,0.8572962669303578,1.0027229884309379
10.801715323780922,0.027430953940913553,1.2745739521751327,367.71052361860995,66.58419852661527,895.632540124958,23.87421898125891,0.8786566850017247,3.758373849663411
5.221538050824255,0.23125998418903415,2.685156703999522,693.8835838732934,67.14391444875346,887.9521981842246,24.6175668855162,0.8585990507072109,2.592923539505235
13.667249306497226,0.06915218280253066,0.20390060474895255,157.93277681962547,52.452886078432634,918.8938226737479,36.600221668827395,0.9064411860973783,4.408884195984763
2.9413138379691923,0.6380050473483021,1.6752940451566096,348.4199598833857,72.34162791946638,802.0562518172711,18.853717139963813,0.8182209784812001,2.2834052473074578
0.6310002598415339,0.6207095282876972,6.141350077833637,245.0982779326418,80.51271634821468,600.9437231042558,17.934475157307254,0.634853145069824,0.6972664759222016
2.551637167767137,0.9035135927996436,3.5786563404508462,330.0005883693938,72.77556339327674,689.4033533656117,13.304366949312971,0.7381048706465091,3.1570297477067877
2.1363534535751754,0.573286863966316,2.5705810147705694,371.2467783292162,68.41038157810911,703.9868588163954,34.06956297091813,0.7378560416273384,5.056034358476037
6.2680415681506005,0.18800426082056235,2.3906518584513945,407.46417249937997,67.06664553229695,729.4595960169243,26.402759902880227,0.7281496561133824,4.324822739950435
6.065159911337755,0.6108991298404068,5.312795816412666,208.3880453942947,58.21900755655976,676.5289709614741,23.724711765290287,0.7050542154520277,2.733401552031472
5.4402356187832135,0.5153381234272165,1.609197840435511,232.2126624358655,67.6276236624523,766.1716733741032,30.793478720544293,0.8100451172885557,3.1422771817065036
16.83722110313314,0.5728925379535025,2.0396666529334606,389.2621216025675,16.556793787992618,936.5094448218954,51.71437384240372,0.8889507830444083,4.793834774985226
9.382102905854728,0.48688131506754556,0.21735843964247864,303.8190133641687,53.53832811834284,896.7336986666484,32.57986134407705,0.8845709750194521,2.8393386789613344
1.4012075707974005,0.7455975178623448,2.406379052866006,168.11892504066543,63.2444739662463,834.4203035327052,26.420931392405237,0.8026618496670155,3.3225442593418135
7.818241537160841,0.29799977458844784,3.7288353215848717,236.09862761004186,64.0836458717378,824.6928769711153,22.681984026351113,0.8523067796018169,2.5245755570692556
3.591589770474658,0.5838064081937441,1.7265851042569422,454.12861095682564,79.98046550140975,779.6048569385355,13.281137755073983,0.8064380532315512,2.0869747406388726
2.8643452569319194,0.36662600139466545,3.3649448993848416,138.68044758511232,81.74633207019892,785.1697095456792,13.157086467393833,0.7307908608115726,1.425615361445297
10.286675847527796,0.41670780007583985,2.0321810655060877,251.01538199526746,47.591123395197705,900.6469450328586,30.246324499242235,0.8224883614330312,3.6019485951531474
1.2994260530740371,0.4127609837659289,3.4779148601126457,107.76294533757094,78.68952421983258,839.5000624923947,16.557534737793606,0.7612148134555327,3.5241635934272555
7.413791997837324,0.48657329194623183,2.830978798913433,476.67128383240725,56.14537786768421,865.7573069304634,30.716203352627282,0.7654807700354214,4.2331890878814855
6.514082318208972,0.5334529037796668,1.388318796010437,902.9385309286079,68.59428943423792,825.0621058251634,33.647567192980475,0.9290194174986186,3.355568609532636
1.270278113196156,0.5883877684232165,2.073456789478374,548.1105972617071,65.47040920668118,863.8514485066448,33.07412142837518,0.9017162090180951,4.012514611665322
0.425239688540305,0.47659145555021915,2.413073967081166,185.7372318268512,79.61333823042126,795.6955286383143,9.871611760735012,0.8352010110674253,2.1368735348659786
3.236498958200146,0.49184262093791853,2.3691187715076345,185.12830516829732,69.51166102633975,892.1118330608858,20.495675535992437,0.8577164661222038,3.1465634272787315
8.533071650867587,0.4863641275263155,7.261632928937804,462.42578546846966,51.37565138132091,695.3800881524343,29.875186014689334,0.6901258348790339,4.760411646513462
4.8033000931577465,0.1945258411253839,2.3165681417819055,430.58404848548895,84.01963379140702,795.7157848298477,9.656165265321713,0.722019202703806,2.6014066283984043
10.538149288547691,0.36707931810940475,6.224639314442278,592.5771107021537,46.37768708573648,712.510005515704,42.692568581016864,0.7170171183148899,8.160437138695443
4.526471650619666,0.5324285940363657,1.057574142863531,258.720551464291,62.138468597332334,812.1096350999344,25.88747166672129,0.7512506970801227,2.1441528026740047
11.072141657042248,0.8779898624195795,3.3902353597241017,125.65915462595538,47.811493307579575,782.3639554776087,33.53799748706369,0.8051110991114308,5.008804642530052
1.9081821552627942,0.20601323288920095,4.470000250809319,262.3769981634807,83.62717412993376,722.603245407965,15.093461912423232,0.74116488585516,3.062281835513417
5.425892885901169,0.5084349829892166,0.6441802179839221,239.5014216465824,65.1338987521999,917.3222163912386,12.786286167496502,0.8932080093780548,4.116187547166719
2.369128965609548,0.7437653882522417,3.8044768897524857,797.7329236134276,66.17175412632582,780.5799765107246,21.361515295010854,0.7804676263042072,2.5143099263532327
3.142808304321808,0.33516507436392523,0.31378789905390403,374.1871308190119,77.18153515283015,941.209398813291,24.19283186013627,0.7801935296952861,4.880035267826246
3.8023505888519584,0.3402042481588321,1.5547909597953824,75.02979291569997,72.94203610147838,938.4756305916999,27.446090892826184,0.8544659069754282,4.420405396278427
4.790217469268503,0.6425794598877341,2.6469636483090615,382.4690924722667,60.89178248169712,815.3274054823526,35.2078015824329,0.8085744705585161,3.998624439112986
1.6379149804499393,0.628289628716063,7.352572699309355,479.29867075100844,67.37192507239374,705.6511748183214,15.452048625677785,0.7371351942069385,2.1330708002873457
5.210940769094918,0.9031676101783317,3.8153588789412867,438.1680140704237,56.989239531932924,645.8115286950373,22.67497561993707,0.6597553796342853,5.834081874381049
3.6320732724749645,0.5300497808144753,1.5122282753530465,423.6857382357398,67.86729398005782,836.9660978516478,19.530594065371865,0.7776788025656791,2.2526175732643665
0.6836522507991312,0.6109708377469683,5.231857309914328,300.5482010493044,75.32914015488853,583.9011716892784,17.34482394881974,0.6170877438236986,4.184104674555483
0.32860156665252405,0.38725609683634377,0.8282520318281101,232.5045109795555,87.63111384013729,890.9858215908076,4.259937482852844,0.7510924438486403,3.0477343514401323
8.557767579824853,0.5160906594292256,0.4226918795088047,120.54950421118582,53.89584876825305,834.4587611012681,22.189254516972905,0.7992214038635105,2.457945230574341
2.9985306186259186,0.08344602583458749,3.3534803567256866,614.8923596992252,83.36875387849697,770.1325855860619,17.20888578958683,0.8010369966719875,3.0360131021808705
0.5833214696481259,0.7154655740034774,1.6913587665523873,355.0018889240764,83.7318708417142,731.6995621039601,15.95472087406445,0.7152327655831291,4.606017335070452
12.448160560600165,0.41717305141223526,2.726230464387064,188.3770057694743,49.14438022923164,799.9896265428529,32.054519030864505,0.7178956055518865,3.4801408988059515
5.6610525611076365,0.7827473009095148,0.8114490070968614,281.6217409596552,55.74937022463906,865.36273804341,35.24731362161371,0.8689358948702133,3.218660520838356
4.681696900749557,0.35214688215761053,5.6192617039259405,121.34556045622777,66.66546664665292,751.0896319282821,28.99500340503499,0.8187914401270965,0.40712706205929017
1.477667826166635,0.3608264480803155,5.248723758828451,280.13709168326216,80.883214070336,796.0432663301142,0.0,0.7556021976290472,2.415031059891211
0.6698435297757335,0.7115268615575658,0.6302233597855227,518.2487139834923,79.14086717603368,924.7146098339814,18.462136868740608,0.8079350673874128,2.716209743577408
4.111722679924005,0.6279047021913345,1.0323777748592975,383.43787260966155,64.01669024709041,796.799179081421,24.823074052526433,0.770837212964203,4.223057086483202
3.4270047272618136,0.809645967262684,6.26420390975219,470.0508299128657,64.26128864438721,583.4292718610525,9.937818946419789,0.6641005179823186,2.595676416598806
1.0492136298087247,0.45426350010004246,1.6685657752528686,450.4264550703687,77.41785385638816,876.6864603160368,21.916550748341027,0.8035374512443914,4.57902181817157
1.003045541345836,0.7444866132947998,0.85267397988542,337.88793403396784,71.34002033503077,866.7313785006558,20.538586738549416,0.741540090765702,4.469389120999772
0.939508075785427,0.3879250399042154,2.9759077900639452,242.08296800979187,76.0964781728765,905.5804124337234,7.155352473083678,0.8913814574544783,0.3869963556880619
0.8978097952340531,0.8953505014261235,1.7634389924590423,210.87611735573915,70.97476532833544,777.8834580935969,22.702661680735712,0.7788395020865733,2.437484185838505
1.8411163546366,0.7827972358534924,0.8183731044290218,590.8704390127469,70.32515792488982,895.9030044229144,21.85841879625671,0.9149840567955265,3.7666054825925595
4.683059747094555,0.45717733271000793,7.522813975453428,362.2739943375707,76.59157503354326,621.938767601573,19.63094704219552,0.6752796021367343,4.676419151521169
5.377516838360674,0.5436018395534254,0.4095101303957591,346.89855385498623,65.49410192686922,923.5438994666708,12.549285029593555,0.9277415275355778,2.0274992048888283
3.3620834463653972,0.4083743685602341,2.225164620243306,361.0388576760576,70.81422566017899,873.0374986538444,18.627140301140088,0.8125012495642102,2.9890125505672174
3.94660575621986,0.231907102478441,4.546975381807468,224.1887691872462,84.2967675392009,781.9961712433425,5.1076823860430425,0.7389835904460994,1.988568618688528
5.593524354287496,0.6649563710110695,5.88890368432905,334.87302832353305,63.08965101928905,606.1399832807873,24.859472564767586,0.6386726155194187,2.866725951136589
0.1975133670484071,0.3945374967066581,3.8716572258739683,176.89297934021653,85.16154911951733,802.5534879722344,0.19764342692685055,0.8727451884822721,0.29790323251536144
4.226600730164384,0.5680346617935419,4.745670826340043,199.46748398305252,67.7188255967632,763.5599551541951,15.893948881091339,0.7487562345509098,2.238955966268339
9.705190931869474,0.315223532970858,4.219665214393383,392.5514240954643,58.42897636089913,790.349965153892,38.33673780993586,0.8532894837822581,5.293094549336018
2.9243665106631695,0.13079252844952638,2.644978567717523,354.93250066642037,78.29798432734616,708.8112251269255,22.160519195899568,0.7022168591743647,5.170980041914351
8.28912973586357,0.5837821580081558,1.2449374408359792,399.656142639628,54.773129791292305,852.0391089769627,37.48854311497606,0.7419929657163405,3.6623486842295647
2.976401752851724,0.4819146766738162,1.8466358073908942,432.16639521224283,72.57022008323207,894.559175485417,28.02517006887811,0.8716826325599653,4.21286585285612
5.905452949416622,0.47781375738490184,0.9679501971148885,225.6189261980322,66.76563634423599,830.8218389623026,12.04666957371214,0.7664229425254179,2.3340286345315366
4.601312972438387,0.7137873265297743,2.818975126930962,268.2359552397783,68.5776952259022,844.1344709783652,21.655867990002527,0.8216638212364348,2.302244200243304
0.9197691367429802,0.6421064391330995,1.2250664866044403,382.71936336357095,80.66207162439183,817.9181817388595,15.000164427465448,0.8008013800820508,1.603299065707815
1.220751207765839,0.10794348603649902,2.277299211559207,163.85841830934393,90.83926167550094,873.5317592221505,4.0880431308542615,0.833430046073766,1.383102855272194
11.071642707948618,0.22836713653579177,2.0876706490668955,30.602242763011024,47.10233214254646,894.608150954194,25.863318839720364,0.919193527059566,1.7877325132921653
6.988084244999047,0.2808522517907119,3.1951298077539407,89.09466228841833,64.48424047632146,774.7892730542487,30.162831987121184,0.777487755941747,3.6317503136890177
3.170793976603374,0.10628343820309252,2.2707942898773035,194.65646211069108,73.3644096604043,947.9378544381359,22.35188365789061,0.8747412981088842,1.551060417163287
2.7877816702259466,0.3955874582522552,2.4357666206883692,227.86531508479717,81.8017514072532,919.0898240896889,9.014789990448207,0.8337153768354421,0.5719432274514884
1.4890878509152328,0.6905803075899388,0.7206939914008151,327.35352236001995,72.31017154334339,801.5791791800872,24.45641920862547,0.8078428228569126,4.262903703056994
4.944387777023185,0.4151088511092313,1.5168571363359953,483.5712032772303,68.69737551396332,865.9284725064074,22.657836563622265,0.8418576357537444,3.449520317290585
1.6384395294973046,0.3254519914259893,0.027419340599928142,236.00549904575726,78.16417885580947,1063.6837023412636,19.087990058320106,0.9181376758055606,2.416714547286892
2.444289637258482,0.3920573643198861,3.7480575679885484,185.2376955768863,83.83031495808495,857.2337011463152,5.832361848019367,0.8614491447650312,0.7466977092429297
1.8331720836764176,0.5445361529569647,1.9869387808421024,120.85654709075509,76.0400348658979,742.0317158409738,18.203953807839895,0.7349873237904944,3.2513702477240924
6.642561220797311,0.7854460802061555,1.7676240949344764,172.3131334648959,54.50917573417834,881.5000531714114,33.33901890552307,0.8579079796231777,3.25534717529905
3.04846190792438,0.45354771786913267,2.884287543914969,170.59685699412557,74.787178554044,611.3350204663413,16.25986731593393,0.6004938053600564,3.6186706574365335
3.973267219659802,0.5685897450078587,2.57614416906475,289.90801206331054,69.52048478759532,848.5437902478798,5.2921587452877645,0.8548059389145392,0.9853147383170677
0.9439017832739454,0.7706933634114745,2.838236423948672,171.09622281898015,71.87244911353513,719.4593896755131,20.71985793502165,0.6957727837624572,1.8500810365763016
1.8196418787417385,0.4332661154884458,3.2091782507855804,220.85076922508637,84.66747741025226,834.2394509959951,12.171735805874684,0.8343144717817597,1.185803932067738
4.051834123235265,0.8707418820818317,2.23011063650486,207.18395024538415,66.98264078556912,794.9960950157696,17.438381488465268,0.8410406693583882,2.7096560237120095
0.46485452788690973,0.4270297512782422,0.9515296187690548,272.4720352857166,83.04443462215136,905.9155878836706,15.302480672767224,0.8640505196390821,1.1887602553479897
2.8346039350011702,0.17468931570607688,0.8085634280938464,371.2987694580236,77.88569011872711,976.594953834697,16.947998141360287,0.9435869881275525,4.0794233019481165
3.458240788377476,0.5158609134673889,1.4149549366649006,334.53954128995053,73.00897770863848,836.2641710091965,21.350746152628574,0.7478379552707535,1.7728121220934023
0.7960685661940607,0.2680085979633043,6.862846514000429,151.31527697839564,82.58110667283913,649.3513959426306,9.92846205360049,0.6854752893626842,1.8907943567540064
4.74405994094696,0.23747347726475557,2.49106326760251,191.61515102470736,81.6119238170177,920.5696718165121,2.6191480618895877,0.8199528167699426,2.3238582132157046
3.0271877870171116,0.6476625756522593,3.511543730599936,411.3932535037806,77.22698464299968,762.7313602581489,5.821509148850833,0.7245985742665252,2.4002944268905084
1.6803517607993173,0.46599359004918256,1.822379052355073,467.01953143378756,81.55830802953051,823.031185072191,17.034160250741937,0.7149152295437251,2.799213972610137
0.4369102393651423,0.9308682004918859,2.1069416058711843,109.63323913252152,64.26260502360459,765.4074773155008,18.45289578142323,0.7632707671187063,3.5561944617942913
7.52991538035333,0.1848611393131008,1.2565367565162897,99.4684450364109,65.10760436755646,906.1241204775517,19.636594176375052,0.8907097914410623,1.1691018639530113
2.2217030551229753,0.2461128412144049,3.622460204246381,601.3498673678685,80.82915221600966,797.4334049624267,18.4573432454858,0.8417728408577481,2.865560147284353
0.6308448718097197,0.5987273030680444,1.9663709487284269,121.76497417331625,73.58589420738664,858.1230910421776,5.671326763571699,0.7620454553050712,0.0
1.6282343169209739,0.18685592850469013,3.880764221442579,162.45713804033986,83.57971335306172,764.5254704157836,1.8549893389086005,0.7347279274981439,2.153029228650679
5.180716553474158,0.5394103119203162,0.24437708015432494,224.46221963073017,66.78714067961167,1000.5585108946937,27.983750449387365,0.8632986400609328,3.6578250064738618
4.331482598063945,0.2283123872353293,4.017733904906906,158.44249221430147,78.58563352479176,818.4742573305208,15.495808764470816,0.7506290200032797,2.8672318969917994
1.0551867038938387,0.7943341852037126,1.087410824174737,164.49140754641653,78.06782511165133,727.1844337141572,3.3915436064025997,0.7214794929114755,1.5660618188080337
8.602812441402548,0.3970745524041855,1.2663580278427404,164.93319698896744,58.81000072557645,906.2880614101412,26.195405155113594,0.8447579877385692,2.9725109812771207
0.6187289770784901,0.3605682301129268,4.692180374654372,289.51024395984365,82.2833364700663,702.4078047928629,13.457595849293646,0.7069386082497522,2.6428840215493885
10.002999436855463,0.41878664428287177,5.148871212106301,85.80851407006841,47.735599509320075,729.5760478753255,29.97352197800322,0.6681172619971094,3.870063405219245
4.1716180397792995,0.38713213458274814,2.649854192873668,411.5097935710758,74.19883543997398,826.7875910749295,9.384956803116372,0.8445251802239228,2.1704494535651824
2.3978303088532167,0.1738233236992224,4.908910624435955,34.53966046004394,80.85332010266285,818.2369545680381,3.2709803518049583,0.7998427092047703,0.0
2.7442535127241623,0.3345506593464296,1.522618269633411,99.61216829172923,77.01820715431147,928.8957546257424,21.165427943883373,0.8770166218322556,0.0032003889971083943
3.760916622785104,0.1204407399813448,1.7612754418886523,563.7577422194371,77.53601612161808,924.765007651561,21.98456804126816,0.8774197600804228,5.342048409535023
5.522958061812416,0.20656375229227503,5.994637892632834,196.3718245540628,70.23834373239049,843.8058902431959,25.361335156464797,0.8371063075612467,2.2619171812192698
0.32237306210136096,0.5840796533608296,0.35323421599209226,185.7399066364207,82.68014153472222,854.7706894912918,19.5177261446744,0.8205371562614282,2.2956445993098
1.5694006776740586,0.4178832908420429,3.569393363933708,72.78381968318683,79.22138660320991,876.4815935186855,22.22756496014627,0.7842258321389051,3.6845801471261534
3.653041435741603,0.7751764555596292,2.1992145113411428,67.29803538871889,72.13314192267194,879.3589827498461,10.410600420187382,0.9033797549759719,1.5942022083585612
8.857985763069562,0.18666377474518414,2.926381942479406,254.01532686568515,57.83120595413149,875.1854500047721,35.5259270266307,0.8570343283201745,2.34859241743691
8.599050474235801,0.8392294463718614,2.6030001312244626,71.88792762973986,54.13670910315392,797.5217630584814,32.777548782421114,0.7336276125715085,2.4003127753665288
11.597045914985772,0.4514282624157057,2.8840829795995706,160.6034837801335,46.12018448180284,873.96562940283,49.113184367068385,0.7802082885689127,5.789920465694287
8.28316838425842,0.7539443367505428,2.1613650762450902,360.1381319877929,50.68833774087772,781.506502433828,54.83368057150113,0.8684002518610321,6.098703825096153
1.439193577060155,0.46671867924377924,2.849795506793037,285.03188710541974,81.14953793726926,785.632394020483,12.021572009457724,0.7632574425163519,1.7256909218554282
3.4450807094692513,0.7844863742232641,3.538688876056159,212.2424404138222,69.84845089409885,713.5368483545278,19.2761707987163,0.6942452491852863,2.842521121383031
8.321621169160778,0.683884585695114,1.8419305052259611,268.3471237960185,57.930916994762455,841.2856384263796,27.146122446000852,0.778252519856337,3.4121097243696807
7.698857005673684,0.4195467278599808,2.2124053197344606,365.04175049587565,66.31062009193988,820.4263838282177,24.014080474949374,0.8148061178262536,3.454345250558608
2.880327822590752,0.39751338815250803,2.771691910980172,193.11725688784824,75.04555699715814,786.1729631984956,18.859910104641006,0.7479251762849181,3.0720757610949336
5.396217211407866,0.10455844489608795,4.937486354711872,405.0025997429142,84.92611221532671,724.6674818261115,26.380195204690185,0.7414681548260588,3.3071798458210115
2.208962607338502,0.5864857644162939,0.5506542925926652,253.7860194513577,76.45122323268022,830.9712565544578,17.343152119122283,0.9140489547640602,2.85376379971931
0.5496744148941387,0.33001967963276063,1.0257464648867212,456.2593398136171,70.05291996052256,871.0849489855397,18.385173857647676,0.7440924733456489,3.744991027167
3.1278759554141935,0.7061939970976675,7.665404607314041,266.8941736816427,67.92388602986159,550.4399314992378,22.53184851792409,0.6099655604966165,4.378278603389872
2.952422172144477,0.8120387685748518,3.2581963649290926,100.0808115123308,63.733781722521236,754.3029907145942,20.436617540893916,0.7556476137966375,3.3388522001846255
2.1016911586061564,0.5666686249085389,3.1762800571115104,158.1954311341892,72.76006854934818,741.3741694917089,8.999351959388012,0.6566252804580408,2.8117767366684094
5.5412824301582795,0.1903444085250563,10.347997032213888,247.25182065830617,76.5989675645083,587.0293189826549,15.492747961629192,0.6780706829945046,2.244989969375896
2.7883731182689413,0.312416245997794,3.1372961763179728,878.9819828873732,80.1583162142199,945.7125600385351,27.88965849922381,0.9121918133915906,4.128518468734086
4.915743227100389,0.48306328379191854,1.663560196786574,150.60726487155796,64.5944952648937,935.9703857617452,30.11407435376728,0.7921610565307522,2.482464496780837
6.54500731810138,0.7235493727559474,0.19675030636814791,761.9300714809217,64.59136832805908,819.9358968568348,21.907909587147653,0.7878913516418395,4.113905805906366
18.331138125785582,0.49089338105608593,2.118186709085026,427.7927523285262,21.10874508148826,823.6894070959986,57.3293341955221,0.8033692132967744,5.2303946781191355
3.1777650042083394,0.6339718593614397,2.5254007194439687,438.93682659047454,62.654195724961795,727.6482302457058,41.22707650396709,0.7653248036103657,5.349972823944509
8.953911399560614,0.2712279652837084,4.422545861034502,365.9094033930234,55.727219947681874,794.1182332768544,32.184433329992686,0.9099184837238659,4.776301224101422
4.277054505957326,0.289884934930199,4.588340484186209,724.6602853500815,76.94316324634272,788.1637936243495,10.798925228633554,0.735833333771129,3.105042580769701
4.495446374814345,0.7422220925304319,3.642197755422603,166.98282113450543,64.59507061328094,753.4165876826469,25.194518922550543,0.77891945100434,2.4713819909669947
3.21847364442371,0.4145634894299676,5.069249444918702,419.86665005798625,70.71879473936465,672.0825813391169,24.348206298696866,0.6968754937563478,4.19099540121388
3.9563621652024676,0.5722795899509722,2.861788410364375,113.10337134360802,65.64800277922218,760.7156703012998,26.54625672742877,0.7415210836056216,4.1576270306753385
2.813586519709527,0.754920194467433,0.5741710106306416,168.08749144077996,67.46577699219344,921.1424658196509,31.49047288740953,0.8534960827368863,2.5471608423234815
7.779774769749235,0.3617969233823651,1.9972766709268908,381.70740461552583,57.07326752595171,889.6514664905819,30.64753979996096,0.8543288951026411,3.767778114963938
1.6351741478317576,0.3483264221378505,2.009874467451568,444.5478378778657,85.17955542936123,815.271069371539,0.0,0.7896440572311607,1.8337641935370295
0.5416364649254622,0.2615946953403267,2.6725033999957217,325.8948469008657,94.46660925299973,776.8242247584752,6.7040319183904415,0.7798633950790478,1.57050682002949
2.0305311147207172,0.4676095854535993,5.195158885980601,63.14009306760256,76.13058179654152,717.6871548052789,19.13144127994496,0.7265930066874876,2.989903501797805
1.8098330213234228,0.34156812518224605,2.3649558252303247,147.92819714978643,82.56504487660145,846.812912394653,14.236730070054113,0.7612378735585628,0.5134806639581726
2.029393375987677,0.6966273432516042,2.409030374188735,100.17230709802298,71.83917701538539,721.9703671370492,14.621212917590816,0.7744588722302146,2.3905286795516862
3.061528097727698,0.5655087857599149,11.237257895907947,238.52571653665916,78.31580671526562,447.18725946108225,27.1387639041963,0.6196497979226636,5.582748998207926
2.0373006702756373,0.6327562757605478,1.1010690636773666,98.84005699023129,82.57457654614097,831.9678347968883,5.6729268304603515,0.8482437876227396,1.6671950235589599
3.020650250492096,0.48528731601558756,3.0585361788816994,172.19286335510938,71.81877791483113,769.6249888224517,13.839476465393911,0.7954928326011346,2.103363521073232
2.043935461842484,0.18166452222978652,1.5463579060563295,169.19400029938933,84.28939399839635,885.2176263486781,9.62437562610623,0.7923364967714168,0.5151918594913545
5.0046135821388535,0.6743347713800808,3.28633423782508,506.3292739990345,67.22008386090518,783.8552587477661,30.904264145366078,0.7226385627621768,3.9740078638643292
18.21075775579088,0.5883489623647539,5.629635829009018,180.96841221047714,27.185178677903263,691.9356872135004,59.188775308654485,0.7609583849092341,6.123091456740828
4.202182005662612,0.389193898172693,4.076595158610199,748.6949044421987,67.90638130596741,853.8702966180367,26.306723962825274,0.7521134485476462,4.438917194199726
2.1322856050354595,0.5772724033168378,3.014756464139346,197.6585932439959,64.92762094452432,804.6879302000832,29.910780963642484,0.7485428892657247,2.3084077080511456
0.07880357451944696,0.2750805940238374,2.4419465705213117,351.36129568908297,84.70195172706602,909.3487789894165,2.893630068550758,0.952915703578703,1.3247464422836503
13.996003589141607,0.6783810439569709,5.07356999911283,297.63058581997194,37.49367209063452,615.8881475302783,33.555647968253496,0.6949261843861414,3.337468405767866
4.411177816432812,0.852802591778653,4.253245826743546,272.08367232436484,58.277986007399306,711.0585382222649,26.97346806915209,0.7346070466809935,2.923682254195844
2.995157326931929,0.486851577060029,2.465581083070272,423.1652536560514,68.37145201344161,806.0041796420401,27.4538069505603,0.6910058290865816,4.866511553269663
0.09233614050058105,0.4713950600922603,10.428739259782073,249.2536287245061,79.83871277837224,555.5746897069463,19.582861975076963,0.5997874181726922,3.0271667841813703
3.1459504357565784,0.34678415249321826,1.3688053172203674,172.1157106340203,85.84850607452549,908.4764819664489,4.691423955266621,0.8868877708075666,0.41268340354729083
3.9264556672357456,0.6232477397271124,9.903010547861008,384.0516373355827,61.79888075419729,604.898379189003,20.877667051113907,0.5887738848481878,2.6873212468141157
2.0517590260125687,0.5917244461980413,5.2119393496088176,130.74472028410446,72.27996374212884,646.8527183245625,26.41583718756635,0.7082455240051875,2.534764745460738
0.7077948052656803,0.5280900874910088,0.8225753092474453,203.43757652366875,76.8959266281285,845.2052654513051,17.314147352032233,0.7380166235085859,2.0384316132484175
0.6436308052369233,0.8973394714308673,1.4907766966312366,422.5495415085767,80.21887046315571,826.2413805272012,1.4166276134822695,0.7645509951824757,2.522766368198516
14.160231325146405,0.5197568844014798,3.0327839407094928,234.201316931182,31.965318966940437,792.9390052678119,40.879334804916994,0.6970916319406312,4.615445588629158
3.8258952730090456,0.2856099829585986,0.6365316971864874,333.568736833489,72.25811705989516,875.0840946130381,22.330152305294074,0.8298058539901879,4.1683203156735384
2.049839067562182,0.7351646053172185,4.331854499578022,302.25728909347123,70.59771436177246,738.8470252837416,13.463679151456388,0.658276180864389,1.5385065148978396
3.623002597260458,0.5445619829543753,2.3781623292635494,179.36538689789495,71.16511824837961,793.4730632198026,14.278425783062582,0.7718945893274637,3.476223229790388
3.4010388643311407,0.6698423185787239,4.4661702396015075,239.58044937424648,73.467328340198,747.9092222735233,12.885121978508945,0.7806837761278884,2.018270463586939
0.5983246586208748,0.5288779370694774,4.070612089407743,126.520075280818,84.88306592645284,655.8503765691843,15.831403942114306,0.7035032154880768,2.182974874579367
7.378964570376955,0.8157521519122644,2.0845196827217123,463.0729234828518,48.758237061228236,776.6526394697423,35.8120692243926,0.7892325447621436,4.1858846675499075
2.921000595387817,0.6154260398275881,1.522893106239254,207.71646396797547,72.22774372289764,856.1855136195927,29.498753576203903,0.8250030614204769,5.559919737887882
3.8733575712802804,0.40869972195644794,0.2961114856393398,482.8978617043505,72.10606739234532,937.0092051631036,16.95202012745432,0.857660133160308,2.272264473308076
10.801715535370276,0.821964545532651,10.200457077231952,226.73920687134816,39.56634743012805,510.62881359209,41.03806542993673,0.6029548713883764,6.998486299476586
0.7378845435694259,0.5585141854486082,3.8805732145815766,348.1927455842789,83.71361310262108,746.3317737358659,13.407912019623135,0.7624509115489684,3.3451551701482907
1.5421072286708744,0.5328112684407476,0.9233413389166358,127.78302503328966,78.13488725040655,910.0031690133754,11.55757081482393,0.7914113342092416,0.7007720519868645
4.618551454667998,0.3899563415554384,2.372246347832587,442.4181950339643,79.17754097830695,842.4490884648322,4.98480765207165,0.7856709561886532,0.9649723406982524
7.263594746832589,0.15275387765098505,5.037811296475173,233.08538315127424,71.57989602158489,819.5720527472305,17.778721702969108,0.8934448226395866,2.4001565872679707
1.8530869955940465,0.3442731129317225,2.6294235949931184,188.06626269423222,85.27973869040261,750.9176071405144,5.8122934420997385,0.7747870653235106,1.6205470426533988
1.9684515142701273,0.2988627619999125,0.7170698058121848,117.46953976175915,67.86207260379756,770.2290323577485,21.73589653691404,0.8245949432315557,2.10169195798289
5.958492548535015,0.4111482917569772,4.233556430611178,982.289484544307,67.10821327168773,844.2053382356222,19.43523699801094,0.8235415793863722,3.513537467622868
17.189740991126715,0.5394808861336162,0.7227101707301948,102.64813856713491,31.923522195004086,856.0570015730863,50.35782182828976,0.7770386285298665,6.4516196856050225
3.733178827329778,0.7930891960392884,4.661198707541032,736.5363249614057,66.41468020271546,592.3862718501401,21.39812183841813,0.6402005628275543,4.418227837128925
1.5365712689384894,0.7949201235219086,3.3579652977198937,608.9690545902388,78.07043028885822,736.7973318708309,5.654875318408241,0.6549638225140364,3.175700588782901
1.0704685166412946,0.3187563409512043,2.4342809400315977,97.98406392718438,86.73957161492602,823.7001275649505,5.546537108293152,0.8629410859481446,1.1681994318405204
3.052974171574461,0.23457087356511896,2.3547465934204244,246.8166491926313,73.74531366365238,892.7689123240275,11.16473197062528,0.8804333260652812,1.7888577101115708
6.999416177678663,0.7336718314172588,2.0031650386541617,233.22711182166023,58.186637574318254,839.3573566142156,40.7991343933102,0.761793448808304,6.599510205681861
22.779130984755316,0.5339446281842561,3.870693121972801,251.53215358907534,17.335295064251333,740.0337556239213,58.141607984879315,0.782233298774512,6.380804195454646
2.585900896667529,0.10090334227220306,0.8808663228906926,301.5680705762615,81.50639534486035,1005.3680705388251,16.948528402654627,0.9369497172843145,4.778458299219578
3.7385887960768303,0.3769193566575387,1.6167183088415107,487.5507268011277,72.14163267024358,806.1378028644933,18.925618880795394,0.7875444744985709,3.9048754119780713
12.449965707663745,0.9263983386398282,6.431883438444449,114.10309722124383,38.266808255171085,462.7342656265745,54.21651497264106,0.6014481944348606,5.108868659824493
4.552969095478541,0.4185035231693301,9.469257092773924,234.51810434780703,70.74046050745027,567.3109884254884,12.916092529555112,0.6688884612722481,3.7394432209543798
4.2279810111525595,0.672846698696719,2.191310219287461,189.3817226457614,70.81552982708865,795.9432845723534,15.679573553111643,0.7967939465060339,2.1659280375459007
10.698749413661144,0.05327923993791212,2.786498016573976,176.11606712564515,62.354793019372934,766.8763250527186,33.028903057467765,0.7676831292437553,5.216224891615882
3.818455866221817,0.4418432692047516,1.0290586484778148,258.2564905017003,61.444039974684266,929.1205865389219,23.883175457714934,0.8617603466567613,2.1658278677246416
1.1826396421920788,0.09427012823248888,1.3432297798633834,219.94327927480785,89.2473020938174,830.2288027522765,3.0374635725499157,0.7697724953370197,0.0
9.084823781822047,0.5538724817416845,0.31776902487217507,40.52827659041598,51.773570252319914,897.4603382369409,30.389796908126915,0.8838940619105135,2.96268515488916
0.46072120373663294,0.8799540853109397,0.561917688499639,304.4318018561886,74.5647440179939,891.5466143109605,29.395624989916847,0.9339996494088475,4.626395347686376
7.9296482239017045,0.7072994795223045,1.804354972879075,63.17745386977892,55.513426606912354,837.1389512759472,43.407957929651914,0.7462860720255696,3.7295210049534573
3.4744488733176278,0.45589812075001784,4.804518530186968,457.13809249378255,68.33647295805794,751.4623100801003,24.622839752823026,0.7525965491836556,4.206166989816154
2.613071942161654,0.21591047311987777,2.4396486854285033,275.0908016283336,82.62550979375658,841.5752236834251,13.342340864506658,0.7722684641634396,1.626786462405716
2.54714265885565,0.2322507030510897,6.226017185756808,208.59074398877829,84.10356549908522,726.2314950051862,15.828193418287462,0.7632602463559218,3.337835498674958
3.0417820385056613,0.661772637208693,1.6279513501251046,95.22180202592497,71.42232138978349,866.12871517685,22.359326895687982,0.8410026202087246,2.091168793385913
2.2517923381461014,0.7734540683448734,5.4577057113195115,309.9281921287565,73.66553773380082,626.998131767321,19.488447089311165,0.682933776643048,3.3984069947770212
5.138393117755882,0.7775921081642926,11.464645713697344,247.24321403938072,54.90544147946551,356.92454840644695,28.862560203148874,0.4845837453715095,4.016604812392426
2.33332637286869,0.2633310764343509,3.2926707384615357,257.8446100180525,80.50862087527393,876.0914783058515,9.9499456207677,0.8020060477373926,1.1553078823969702
3.4981756738390457,0.8386033010703912,0.29417260211025764,280.17096534219706,52.273064804377356,973.5449403204619,36.38574429227034,0.8460950531311989,2.010255097085742
0.20899562979720365,0.4427944475012928,0.28531141817896694,365.274105738715,89.07580791704481,1011.8515123395005,8.48168036857508,0.8210324265412823,0.6461151807045531
3.476989366208151,0.5257576464100501,0.5984855621824696,303.6992517350863,71.90804075169295,739.6126044289912,28.475381585731032,0.8052248644939571,3.191350058639724
2.2059461706159547,0.5171886778022515,1.2751359858230782,583.671838662037,74.89352964366039,946.4996696553534,16.020504198113624,0.9013326959779204,3.1937572922843533
7.475360128985095,0.44461455135558253,4.578938608871269,364.61287734613643,60.818272312963146,712.0916656427376,21.876141051411572,0.7917692174482265,4.958008709548347
2.7210253198115986,0.3175916621782879,1.7531221144532698,299.23984452433336,81.29835768665544,990.2760220120819,4.32453150796651,0.8767247862917789,0.7944586547120043
6.631157976665836,0.41522019883976846,5.450654949370492,264.4872671778491,69.92939519192441,657.3781768980239,16.440469681709544,0.7189289343464436,2.05046395359001
6.031610299143156,0.7705832991690472,1.4907812034578065,137.54638948322003,56.18467111033611,757.0847370350195,22.04258161586532,0.7118685073625155,1.5778968420942694
6.168810051942158,0.1476660133527458,11.194474203146296,85.63181995397011,74.84943903005288,527.0676069660361,24.490925229765857,0.587759760034561,4.222817329711901
2.816290344081802,0.5995446696510686,6.465155240230164,34.20012218890694,73.55181893042169,627.3602373237994,15.962982295926983,0.7788851294944985,2.5802546655822143
3.689345274265242,0.5987099073787886,1.6499841827850998,352.9096798218373,57.97187050429926,823.071551434272,24.812775428669767,0.7751848710319669,3.8127485123296463
5.02274899205198,0.8771160005612766,1.1378142261631046,249.8267848734347,54.46381170103772,879.5070225561403,34.75392261368073,0.8750712026867938,3.9994206385961246
3.7928398458721873,0.4967289412296135,6.521711782561804,370.4772070139367,73.38073903720756,738.8177984100942,30.32787498882804,0.7558489290940547,3.526398535410736
2.726844649881049,0.2540562416708335,0.8979990447021684,561.3566371153805,86.63731562060902,869.3393210047126,6.793056221587749,0.7518585488972171,3.76902202193328
1.3175055765995571,0.05313671844402098,1.545196252981209,235.22498548073938,96.51442994248713,1028.640786344551,0.0,0.9104566481426246,0.0
3.5357179501911085,0.7489677606212185,0.8834556392529093,99.88990829179758,59.5453061796436,778.4789730034915,25.944613946820677,0.7859771052960142,2.4435884014231624
0.5447210376565812,0.5606282943273823,2.950598563455864,434.3320287364782,84.34720169446699,761.6172642513056,0.0,0.7924569822197043,0.47497553321990016
0.983014345582844,0.4138677295820656,5.710920871417575,222.20754259154324,86.87004299580138,861.4892925829186,12.27901683224292,0.7275422173064714,2.115230803820846
6.110291439405328,0.20754692430509744,1.7023380867633036,171.4690276660833,73.54411240966428,922.9558062819756,21.980672063046697,0.8055055788907058,1.9094902126659155
4.3042034350279845,0.8059740905430569,4.914513895957391,162.46293490082277,51.83883588880573,643.1006145939506,31.076314145674203,0.701384316395965,3.0774980386342476
6.160869938292073,0.5261760635251683,3.1092252156805644,350.71474109209777,60.67734080210525,812.5403786991258,20.803303807426015,0.740481872547589,1.9443849460386577
1.702572537346526,0.13413603024670204,0.8572468083046756,347.46510988950115,87.08044705763943,987.9239161571026,23.44550848325971,0.9537007022194669,1.7510207383776626
8.088482968634269,0.5811171268947718,1.5906116296982977,494.7003323892995,55.0269894107886,869.4492940445958,24.104808343308285,0.8185574612496819,1.8535199547045087
0.6443898713168629,0.2255483974732614,0.563940553702521,120.73848251631864,76.58513282452265,1020.4360348196938,11.889264844885625,0.9365888874763673,1.7409291900333699
1.030588183611609,0.18606196839258266,7.845898630871963,119.3278035423828,85.95026421400935,606.3418444895826,10.039525202826496,0.7285965598882861,0.9937933749606478
7.977724576751067,0.6402096095629903,2.7291312868175046,283.23118007924853,50.40825400093093,755.5740411508708,39.87908855403689,0.6926139782576426,6.290147568645162
4.03461467631505,0.4955685353371282,2.409057020115387,302.78903301408536,73.46109369668689,775.8910289547446,17.673156793930712,0.78865572802509,3.600436378464986
6.19119874505218,0.4801824153571405,2.677848777219749,456.60236878297945,66.82149151697217,771.0188019365564,23.437165040034493,0.769347954661989,3.5498078223045586
4.320171543430996,0.5805952812945675,1.1100352733863774,475.59107940900196,70.14000552642165,871.0551717374436,24.573939562919247,0.8308905832750116,3.9945317421272586
1.976924501773949,0.3714154901646924,1.7675958703812336,276.41733694137713,77.93696613361476,809.7594470272744,34.678292327411754,0.7746690076393875,4.861599371609482
0.8810571584108243,0.6411383943005676,3.2699880846426863,493.38708749910074,76.42978257761764,790.4685607700528,13.024065842301878,0.782244505246195,2.187020090235546
0.28957772541821813,0.3428705127642367,0.4195637168733626,243.8893876046576,85.13995424683348,969.7518618987259,7.342547199963009,0.7355628557891644,1.6650369541752952
13.242614032147273,0.6077001547022494,0.2117702874460456,245.881641744303,44.64780997480486,827.0172792115243,38.10074485695459,0.8584187460403537,5.042685171387077
0.43273838927178676,0.7631306408276719,1.4641140069038858,217.8226269624281,71.95688018988469,789.1637837985488,23.704198138353316,0.706688283189491,4.3546959493813775
10.426393680244018,0.4733657627414896,1.2637112372943644,115.48861406471957,48.100706770245125,847.819229524469,51.4806328520161,0.8974178086404383,3.8859131312739033
3.839126228201537,0.7007479223637151,5.970423852868595,81.63431751824797,70.77158406469057,642.9125393850308,19.79564282007502,0.6382776728304282,5.128043557965549
4.437424377848106,0.4011215337527902,1.1071004059982186,279.9550193831237,75.76400649763893,885.6700936189214,20.293254908140185,0.7817627782711891,1.4854480295085286
4.187563987059898,0.6624862546013821,3.328692710286009,439.1470201115032,68.20482015440962,821.7997650691834,9.301951283698841,0.8133352088272182,0.0
5.570213469390614,0.589131027829518,1.25956912442252,166.61673412914402,71.45782331946747,920.0305466119571,20.367221403540107,0.8655893423188951,4.088384051173138
1.5261617751738523,0.2240088594580139,3.180388769148852,471.0388965277132,95.26333657136304,790.6776854762386,3.231047244218404,0.7969445952771717,2.5384239169823175
0.13115634667297288,0.6914782450032828,2.768419983681183,548.0448311259609,83.47283059492267,827.0425773019525,17.683732686994283,0.8143179618346216,3.2532289787906126
1.9334348777343802,0.7061311105542704,7.028148472679472,203.1978154787085,67.80970513360506,695.4501463467911,19.429279689730002,0.7102428771794188,3.6400813116852038
5.182738386738105,0.19756816462892807,1.0111455017466824,67.79735884200218,78.66806475114281,1002.491198195369,7.597972839958738,0.8831140296245026,0.41508387491859966
1.0433685884589035,0.26405714817399656,1.0153673270902912,217.05074618506103,85.81963332750234,932.0689712142683,11.304377150635805,0.8883553117632482,0.0
8.245597190729475,0.4326765714427939,12.421686896774684,126.5913075342037,56.63478238526343,434.97050384506053,21.001205615065846,0.526399946047784,2.904399462455181
3.0953480434423146,0.38366997293190774,5.56520574370686,440.7895637996758,72.41657807370322,635.6241837653798,14.486114784442929,0.6873384809027071,2.28123083994729
0.9249852365933335,0.6865356664924251,1.5689225601952512,288.11638796719325,76.40801853458343,809.4768349302446,16.844383232155423,0.7009541130132384,1.832464311570398
3.999411700207021,0.41757152872573516,1.0676044349499743,67.1065041421483,76.64669069231132,805.022008569582,1.9669754307475174,0.795713829579925,0.30170412490907483
5.109164470654366,0.4292146505306408,0.9324258712794271,333.80472499872525,75.83875294030426,966.7278675044262,15.378656259212764,0.8849593896969777,1.6543536719155556
5.425556334938307,0.27954825297604247,5.394331392222327,457.7723828027464,75.10519515683771,726.4695329061569,26.909300923423082,0.7338338606115377,3.3948408711944187
7.984737394603675,0.268492339374182,1.347586630105594,266.9609814713026,67.20313529517068,900.6371026329359,13.292025556926271,0.925691734187406,2.2012917602344517
0.5744871780529481,0.2090549729510381,1.139444361521629,190.06259190595563,87.02082733910594,886.0168330380766,4.984969431037312,0.9063532155898354,1.6177029511633632
7.993487947135068,0.3538698440382063,1.1115326622801354,319.3778424394867,63.255414062234024,817.8406941760303,29.251972231576296,0.8364262361216366,3.7691661042660614
8.58100220949577,0.35117000907375356,3.715663667050479,617.6751622625187,53.00328085849427,841.4500146980533,37.79028263146764,0.8494936466389768,2.169175167736578
0.8836047872551274,0.472596406941936,1.973599123134398,500.69225783752745,83.36052919690079,880.2875904552614,11.995301802605795,0.8334564480321852,1.443319227705452
1.1302852372306351,0.5573445339258509,5.521893802050251,105.07565044073934,79.83411418637493,751.5379325112814,12.998357676134855,0.7662928252340845,0.947395150377474
6.450206203532877,0.7933814831896826,8.997685044164264,286.0409324614979,65.38594441143911,415.95194445394065,34.150541591476824,0.5712053300366906,5.787205217037805
2.348336088627537,0.049221537929234845,2.77225724685219,130.28014986013315,86.52595769610839,960.8530676039034,10.708253928953837,0.9066375986705744,0.5488519136942324
9.587254384500614,0.06350257098267949,3.0016044439584664,187.3894421696404,70.60703317230455,862.873357358416,14.228973211208793,0.8212938600461044,0.15194693313968566
11.696548430701274,0.45150369621310626,1.8832853437418093,522.2796065371424,46.25088023319734,903.5840301770486,38.34528667757635,0.8692544510034914,5.193412172513881
0.9236214879197344,0.3628781701347806,2.679650713322848,285.2530463886062,91.64234563490706,680.2479824894396,5.040935370402417,0.7113782852709643,1.9308939707221686
1.4920615841945342,0.8543843241169155,0.31473460958409766,138.3146795870787,76.41162163106397,883.8654905609432,13.879973207090023,0.8513997867759889,4.347231594850476
3.816353993780174,0.5407575738446506,3.2202488390514294,214.61192252879258,75.69170423856582,785.6657180719407,6.928578718089925,0.81728061717625,0.15053615097327033
0.12251994148642512,0.3414363551837505,4.688955041092638,390.2335756319762,86.39767043237875,747.9863444290911,9.479109464975812,0.7159856898489638,2.172889575110769
0.30557687355965496,0.48603115054592366,0.8708709735366575,180.19997607688566,80.82131250609078,886.3636134977794,16.9201671794651,0.8384347974791257,1.1616097326029864
1.3033480349802418,0.7079643217628891,7.9654205249574765,294.54071171130494,71.53595661030938,539.4222448274085,24.427650802578707,0.6274484772821441,2.6258024050304445
14.811855488977937,0.4388042634808369,1.490999582814516,189.4353767447986,34.730688117429665,789.8024601279251,45.755263370352466,0.722969978467106,4.047661454564985
4.356819560086459,0.6792655008527957,6.543427326571868,201.74255350593063,67.28611829554123,560.512245296303,23.113038228821278,0.705862232377555,2.0365500155839387
1.7798147653139456,0.4129593403029204,3.9669254630715494,552.0964671289015,78.09472897890281,780.9882438028776,11.97402947991566,0.7273152012302911,3.066066936478591
1.1191804984398142,0.6230979741646794,0.7723224368878842,279.45922181929416,77.97840773354685,954.3268793748445,21.222946486461957,0.9442266653489017,2.4870707260845712
0.8703382220083511,0.598534507066693,5.302016388774206,352.45149360416303,78.27480301984713,764.5506293975498,8.073085531052513,0.6916109996218953,2.2443845676461045
1.9237263799434756,0.6577941538399811,2.427594236879446,276.4791143023716,67.41521048114376,818.0468154491558,19.683174789980654,0.7159999635563972,4.247885223143471
1.8077740343008117,0.09978965140451249,3.4648437746885774,91.59094482790292,92.38833606495862,817.1148914157255,0.49296881428234407,0.7734638017668274,1.4603369390379668
2.789254099864242,0.6982307125434306,1.923811958200944,121.79734229061978,69.65693019596537,942.0966120018273,20.569908076173054,0.8851478617507114,3.0692012514325566
5.31894237317738,0.2773210602780597,2.1756395735894993,550.4418555140647,76.42115611432787,912.2301094519984,24.381855614239797,0.8669497634340575,3.612014438889896
3.2206388507965396,0.29434677059435976,0.4281700974678922,517.4220741958873,72.15250240423478,974.3997468145544,12.366956292791201,0.9492885937544407,2.4855250991806526
6.767569289546005,0.3917274534944755,3.6663860563957833,270.9218254638016,61.084534112035456,714.6374775797733,28.91637221867518,0.6902835807972922,4.712007627801775
2.5972827703535515,0.39489815944688245,2.3805249577067373,152.69895001311227,75.37388371871995,860.8763303252457,19.047513116779495,0.8628277380838465,1.0975319377951585
12.378332322475309,0.6197826968609531,3.021320687811812,78.21323558376992,43.58496662415945,711.9094200676072,33.70613351299081,0.6442255845880971,3.266143526950385
6.634237952855603,0.16867613757370012,3.536994014007939,790.8038426251605,70.36253259105108,958.1177280563082,19.590707110698247,0.8265248266806222,3.7424572440942088
4.25230824603555,0.9126720320913592,3.342796051085584,116.98649174465332,66.24802343838512,678.9280774725205,18.24584840506893,0.6941947653509626,2.652580421562989
5.334267957495486,0.4926922672066619,3.7798214657530638,160.97372127983957,71.85298327779195,738.4964140462089,20.307124551468487,0.6880816245406972,1.461054341929498
1.979930807315587,0.7490890831747093,0.4161314882573465,178.71598944824964,66.67835920929043,832.035041371579,22.615700493698252,0.826576622602057,3.448996906580592
2.7451113465618446,0.19994280455414873,1.966427765635951,150.60839507596705,96.49742486410034,869.1415679383998,11.48067406563867,0.7889347394972452,3.2923245425483634
2.6422178803730105,0.17586897527620834,0.7564220178869719,257.040071059243,82.25251346150426,983.5871736506979,7.831406994069555,0.9403057110685026,2.6833303076061865
1.5560989054029342,0.5251674398966746,0.1177714018308548,738.5308286747414,83.65863369292252,916.6958478093895,10.40716134611694,0.8934468644151872,1.9360292249231077
0.6836685361883134,0.9738624954507865,3.417007862722399,233.86144073339176,67.17961227370743,719.780236763731,20.7325583962336,0.6981098221175427,3.881925954194352
5.581108713968162,0.855071096802885,8.880328545454196,307.7964542073706,60.0035166612488,559.6727525612089,36.137852437121396,0.6181942590247005,4.248866753752512
7.651554230024452,0.9110043899711856,0.14953901127600047,367.284535206777,54.019681127530674,766.3256908102479,29.232214800439827,0.7553283736594611,3.8776519141558947
4.930130152386522,0.5266273525887517,3.684508157254729,419.3361654752165,59.522515133140196,818.5142013666629,22.987229063765056,0.8588270877023513,4.203218881046437
3.2116771031825477,0.11016919690735569,1.788286791529743,271.09675712922206,91.34533376761503,920.0223037641618,1.4025197185212406,0.8048905690424627,2.5803601299275067
16.69376976319845,0.2973084691147398,2.1869776551855784,141.85244038466038,33.5794558652439,825.7577385186742,41.739436017376526,0.6767683626202996,4.15055073582527
1.7553311447643714,0.3129283371929405,3.594188354158105,369.82960092265955,80.16529415743663,817.1993259713719,10.396887190157495,0.7691442134345166,1.7446823926619597
4.38117558648476,0.40875182598158527,3.224080486096991,616.420132361018,68.61182216741459,816.522433259799,16.837124909877062,0.7439345210807033,4.846323195442933
8.543862466071385,0.6399158604430614,1.922436522787168,76.06255953111113,50.53438130794142,669.6820709008656,34.718807508635855,0.6252294001759172,3.9530141827680443
0.9932986894229365,0.33380843355614287,1.4953917026890133,172.98838112663452,81.07432195712961,972.601344167754,5.4562763823034794,0.8817183170466908,0.0
5.9440864967204945,0.4314425962510832,3.2517471281705825,317.89581749502906,60.411761288935836,877.738289571638,31.17134360692603,0.7679754058052823,4.265535356243629
12.994514280952835,0.7280554749584132,0.22094547697107383,378.1379907828482,41.62125896861139,803.5893176682472,41.112218097576815,0.7990451599330505,3.8467606940193115
3.4670646609847555,0.7460401301467289,3.5689496008191073,198.455707771399,66.52404673191168,699.9875115955437,33.163794306486764,0.6598524449172678,3.7861894479875264
4.04197542693484,0.6012593857000631,1.7950987036651407,417.3478536972217,67.15112204832597,919.2240034298095,25.795446922764153,0.9991976539939957,3.4939007739960766
1.7667645657494742,0.8339462896532112,6.111699758817188,492.9072405845536,73.93149090994434,670.3082492345086,20.44331984841887,0.7551457126419323,1.5068965537113526
5.282657155725014,0.10929675517587663,2.3425464674262377,317.92646687423456,85.25174034642882,913.233201232214,22.381132915374952,0.8112905674468202,3.756719140732426
1.513514330593456,0.4747944763213748,5.897169777353519,408.391825349998,70.7893574111357,719.0464583930172,23.05408048308374,0.6928668269186874,2.067399672403264
3.2786629740640283,0.6053746350162941,0.972033219516989,234.30249098363123,78.14743099779336,892.7512989107588,14.008205833969653,0.8261481605741234,1.3680397827617707
0.569038977750202,0.4979609004135004,0.8943732804213711,112.71364805506754,80.72801045150104,825.6415516592375,8.27511663913652,0.8321894043994525,1.7090405459021403
2.168156524627856,0.2157377931179075,1.2240974147405381,138.46719691841537,76.34740577933002,884.797113074943,25.27416649381628,0.8084863062977456,1.6429790620616764
2.1321298917598996,0.5853153082958675,6.876778354945722,682.9662841841899,76.0342622716344,696.9747489907675,10.725785708169669,0.660102929187353,2.0167203112468064
2.3649603582247627,0.38185190495920485,2.2669975613077256,495.921065518485,77.77423504003366,891.4176527977687,8.72075953711051,0.762297797541612,2.7375943258183
6.47170394535772,0.22746304171542328,1.4425915437006198,132.15691937438848,74.20101629482569,925.2169065500826,11.248852885144807,0.854192406163115,2.1309702128237937
7.824137909740898,0.8265164383030164,3.2064206554633072,123.32610815936475,51.59162955151888,708.8891169195032,29.371116266984558,0.689103546555933,3.3513468191509963
4.54400482423869,0.2641312990773172,1.2889228482845356,374.7477122736477,76.54871415793686,968.1769305384219,16.67646523652762,0.8950640071489122,3.01796846039171
6.103994845869474,0.3656349835270534,3.1778768528964783,998.1101942275789,65.37106400357727,760.0422615907688,22.667692190851234,0.6497093944635813,8.888854467031639
1.5632406446609362,0.48524260828381727,2.2551344380728757,276.5644062569903,73.03705602897975,925.8588033910748,22.02631384086799,0.8791411485063629,1.1879757816742855
1.165557743948409,0.5068268098552967,1.395332898307121,155.65878412642266,82.54146253608394,824.6410756226317,5.680765783508749,0.7787384241579576,0.0
5.3740809890372505,0.8526748341586375,2.359708021251574,431.3362729601375,54.9360907261414,725.4178135174225,26.314043958662644,0.6475330653121072,5.148580699608423
0.9765646641547214,0.37191333431195356,2.3627801455600643,537.8184537468971,84.7844081860284,851.5129799376028,11.572166380877785,0.8290177417075715,1.3317827639114042
0.8424410670563374,0.4778115615012461,4.376512076546277,374.98177389027217,87.95665295720615,766.0249412817144,2.645279455992572,0.7845432403089265,1.9775023991341292
3.677193595189518,0.4231025965249463,0.7197203667116026,344.0416190476981,72.59189015337466,913.5689961464018,11.01268145492206,0.8078054513916505,2.7528239992512678
2.133547009258769,0.6459639544999839,1.6037086607478486,130.4658909347705,75.95066418684168,759.5890239253573,7.6554574446440675,0.7880730429434674,1.4744805711934745
1.88771350706398,0.5919195708367093,2.8140489507205033,436.10425173202054,74.38590012186376,823.9429481798991,17.638736987022238,0.7260673862913968,3.3829504585668397
0.5933223745011014,0.32363875868470365,1.1608952849727303,378.99819018824513,83.30580644672209,963.7794644201972,11.272976409322204,0.7635179577735902,4.078586019465971
4.4607194195847235,0.569008794489814,2.039304239365464,211.8411803327524,59.580874926926334,828.2114629447711,27.59763509505731,0.7884334487675446,2.653999766680732
2.5911122478459165,0.7848072504517511,1.371541081678571,104.51725497179274,67.40948928567701,734.6479511511806,30.115082636080565,0.6964436060774949,4.8056893634659
7.64817168197551,0.5047357457885651,1.7324427935018631,200.2626241744442,58.61593451861298,842.3134730244317,30.782077555688456,0.7430916488733783,2.3238699358524917
5.516656004989972,0.05631398464071053,0.9020865422115532,264.09188959619394,72.68818742695545,887.4972530706398,19.12032463105013,0.8610303143412203,2.8256627127774223
2.5042460677799516,0.5867811485795829,8.900319910754817,393.67468822341664,62.64229769391111,440.0682461942873,34.238487517836845,0.5747797716687274,5.288885238718229
0.20706343606464261,0.5820738648616169,0.23723816916684579,434.7379617890233,71.4761581468505,870.3066784582558,25.816759450162493,0.9041948102933185,3.1459189844130604
3.6862806321638617,0.6559981409212953,1.3643637329182228,248.10305713575573,76.46743612331001,944.4736410587793,12.093277521165824,0.8875339858215106,2.7712754335208944
3.389472970924021,0.7217040411754488,2.3305936023722085,235.33488667447108,66.97803077083019,793.5681025912601,28.122669844576738,0.8037788513298862,3.352432460727661
0.131161802928112,0.6241336623968365,2.3120010671222606,478.6963534517366,71.82210627629632,797.5169342353257,30.36223945413635,0.7348476355026767,4.514331545068448
4.992498556879845,0.5434530253717885,5.4468926316764055,324.88029677346805,63.425585436535776,743.2072522593769,36.26202234219581,0.6389151248257146,3.92801630364957
0.9346764324507895,0.23864943040591502,0.7114484902579602,376.318544386683,86.28042340299466,972.4109528249244,15.464102654271073,0.9823424840223505,1.0445025749574546
7.968234615901945,0.29154732768777314,0.44591895503924356,213.25701213075368,66.05083868082097,850.4821066507108,26.09231319972162,0.8349259843413431,1.9858987607250869
3.2002291466793586,0.4740845337922474,1.5393281963607461,473.2699084286648,72.38107380864054,979.4586294826937,21.074639460453174,0.967867289053823,2.1158870404486523
1.831123421634591,0.11719548916748558,2.3329283822194204,179.4466559034177,96.68280958236967,900.9701324396151,11.065211285706567,0.7814984974420862,0.6184151679165111
4.171038670706496,0.7283383177332654,1.8342262030550176,736.0944995516677,74.62022213626672,871.7808617145097,9.73975692525277,0.8733935800206166,4.498895874584658
3.944946613760496,0.27160522132378184,4.652190132251029,120.32663054547746,78.28994206843734,737.4698592789912,22.80277722880509,0.756925167484663,2.4860678857565115
3.815549653560118,0.0768594993250966,0.8106778538242583,275.44568595579176,79.80065075935914,838.7321999834202,14.92201185912628,0.8563550442049214,2.1664920662498792
7.148052429278808,0.7639013231276445,1.412756824893435,113.24168253824611,56.37126673458111,821.8917470723451,25.003936140730474,0.822155828444087,1.6125904932811312
4.399282255709706,0.23090483956796515,3.5318759115128016,361.1618400184002,69.38501151686242,757.9509655586855,14.338503213782808,0.7433231922045346,4.683826397649587
1.6590834340594007,0.3328749957035956,2.3645213282024264,507.28075120829425,86.69826027440179,925.7561029456517,0.0,0.869497040193667,1.1512941291339414
2.6697122507918216,0.7141169043875575,5.526796334819297,377.445886320602,69.99656295481613,586.7907644879309,24.38935293942463,0.6344200340183276,3.2136199465880817
10.28465203712795,0.7699176480013419,2.36917987697734,206.0304625234264,38.8630001831248,791.3388932761364,54.3306336547905,0.8166601707560056,4.8114699676993755
1.4984313170173236,0.6228933528732097,0.7017776484936533,113.18660598534235,72.0110569366299,914.458581423681,16.597140884677618,0.8088812635091982,1.9165070136359101
4.923797097781355,0.515996243245731,5.056977393481146,204.62787759590796,70.19598666223347,745.830959172689,15.738954317590007,0.7123740248185445,2.227439116452831
7.360939356235981,0.21784381989581014,4.66164107429832,383.5145416297422,59.145117389569336,750.8002526542529,35.849216628606335,0.7424421925372576,3.061687418460259
5.33733867743514,0.7962446775039745,3.1748188889389377,139.02528160501367,54.61430209600576,646.7655052592186,32.450989142922126,0.7188138477284648,4.577889939132776
3.7071221542727706,0.3320946620677519,9.987427857991994,86.13619052936639,73.24693494695524,460.2684904336877,26.253329712724124,0.5788244033653869,2.4221985986102244
4.244288579794037,0.6197670370688364,2.457028776144319,231.75973112974972,71.64904292299039,763.3195523799749,13.990597702617574,0.7416315237481428,3.167311659398294
5.624664024466272,0.5878364206993082,2.606608249291797,115.7849135919379,72.00191747937852,722.952130300276,23.514153360405473,0.7865858203327524,1.4225631292140175
1.4783250349979733,0.521603766512847,4.578169436122511,316.1634844651675,79.41859723361242,734.1052653527953,25.298055059347334,0.7698903864212159,3.5197371767339254
3.4099947343600814,0.461412558335459,2.918458119751381,248.5001494955549,57.43376261014286,768.2983663464464,23.49682883992225,0.7380116352991335,2.138347973326729
16.623836662334213,0.14729197701585095,2.5838554940560132,226.65449268767023,35.862345842134,796.9844203356081,42.97178984072529,0.7260708319728433,3.985047879289561
5.05444747359907,0.09052603081296677,0.4340593391215784,787.830219724636,95.05173399738646,883.6982888826255,1.2942428839701923,0.8214365004557737,2.6959355485256378
3.8272636968389486,0.7737344383191185,0.6199414198934553,343.5851298283801,64.9619070818133,763.6255214043144,29.02384232192484,0.7269983117649731,5.009046051997811
2.4123686966609803,0.22248352485378303,0.617928648030031,39.10170893527756,69.16880058109359,938.524921355617,29.14573148648973,0.8245064285453808,4.758880720384235
1.4972308140997,0.6605868824939867,1.762205107104263,727.1953106665472,85.85749286594336,786.3903310989009,5.809157034314794,0.8093132850152844,2.864272331787322
4.370193005380417,0.5964523509950057,5.713567741614588,273.9995964545495,60.298079129409984,683.5337022759737,42.77966594057223,0.7664843604538271,4.665466604218019
4.6391492363593665,0.792943486949723,7.755427194008152,213.16462508145113,64.1263606021311,566.1987546414063,25.45042774871417,0.6367513921744801,2.5887918414539137
3.2012075329262233,0.4921536508551252,6.246415366267021,303.4563784210475,67.36105853202791,664.1216774618485,19.4413724383769,0.6981873652002141,1.2782903021516498
21.60719589071774,0.4167784417420108,6.435587979809611,124.03035386893823,30.769834490053785,718.8971889995531,57.02713615778782,0.6943460018476291,6.347527481564942
1.6479542988892475,0.35179405839132066,1.0436906549293838,242.91652335412363,74.17681776199517,817.0842397834037,18.916621973084844,0.7370859132043847,2.5345098660782046
1.2478392574426433,0.29787983493539716,2.362971103996439,465.34877380427656,80.8829508602408,899.9604663310643,11.124606623918506,0.8797639173446097,2.1904270757187203
2.447076775310036,0.3392782658740087,0.9165405943977172,221.2481240530379,84.42178683963037,936.0001125789657,7.650616032655137,0.7980741812363267,1.2621353859236686
3.298215376002886,0.5931012090033329,3.079190177748754,189.30587741886902,67.51219731268294,776.0006133051587,35.35470620890075,0.7346289729647979,3.2852052693180003
1.4107599306591185,0.6272878850119823,1.77696533639381,164.63250250248163,77.51727047090563,786.3495472856041,9.774577698896106,0.7392361016692109,2.5701772072180225
4.278276422600277,0.1471974243818293,0.45179184648727744,425.33024291402324,82.63871897577353,962.2201570188265,18.907869623131873,0.898534787973363,4.3726220532274915
4.691888145287269,0.5786747480788133,3.3824750594045776,320.2057501130075,67.34307453255504,804.8160391298338,17.990052616430077,0.773019174654576,1.5607136479136343
6.1862751930883935,0.34576163760698764,1.2577439261632104,728.2985585411745,62.24169879938473,813.8209659081342,22.694411022741676,0.7598123904149324,2.1187015511662306
2.0674312312206373,0.8523290996323037,2.1721710986037004,665.0654320620014,63.554423253306595,821.8539441806676,25.020250177842836,0.8610749564426,3.5135633743974086
9.635855623887768,0.4636736929390295,1.507744240266374,230.59686931495227,52.583456179947596,974.468413662774,35.98412933866037,0.9661917985813402,2.723589465940857
5.849198648783117,0.1372029822549584,3.7237902927105164,370.46441647036215,76.95912833676311,826.5692052299918,6.260209830941058,0.8154214037768002,2.97915886500617
1.6111751939344678,0.6115009047888919,2.659628911180731,207.7631627292315,78.93743372789189,880.0839082051248,11.47719290900742,0.8352343701269656,2.3340676213321228
1.4035660636267189,0.15135493653737433,2.339431256735587,188.29945302193266,88.0309940338313,912.2167286735123,14.552844259665179,0.8221609886484573,3.969957484680077
2.616037219554168,0.2604800973771509,6.0983432979750845,180.5810807848965,84.15070614412018,732.8036189410413,17.241845057915206,0.7387620062570576,3.6020358871266054
4.701783603927678,0.4238872147007393,1.5972571693065545,168.57724738393082,62.3392751432013,830.4835342821727,24.620534530610183,0.7380443050591455,3.1974618883448582
5.301549374118695,0.2561740643583517,3.231138554013136,467.3635049765819,74.1795186785054,811.8658734947376,11.022546203949734,0.8365563944159253,2.454430745811666
5.840138209420849,0.5697658400991569,1.6468171163646668,186.88026180504153,62.91100590436947,789.8132754982379,27.25547994856529,0.7673053039212321,3.643570780369118
15.854274326198748,0.40767109025116316,11.368590921323365,211.16605566309667,39.721524500149094,540.7004899714512,47.19613339644078,0.5900422389317245,4.5177636311611
0.34709044509735515,0.2615286262642565,5.19303714246657,317.04987153097466,91.18187265932269,708.3766447289366,7.262010412093791,0.7084493645751051,2.5249241806874037
3.1199565751570137,0.5742266495870122,7.4555771396988355,300.6488241522812,66.02897435953257,721.3642502668874,32.2120085646895,0.7681338194774945,5.244461733070237
14.896481681430075,0.22816315710029986,2.603999014287931,283.7681226146467,44.05648245092923,887.916268699326,37.5418978473377,0.8199251382755774,3.4792922103630093
6.419425955854324,0.48691985294486184,5.3455970718165435,513.3652615029846,70.24111104402597,736.7809959182854,12.923388689078907,0.7027004976909901,2.710659888651305
1.1580858001427075,0.04873440131431454,0.8336453214722903,183.75500393154653,91.82716427791048,879.9320263016658,2.1522280576095367,0.7234903553324817,2.0259323611071514
4.091071367899092,0.09001381045344937,0.7016080147266281,168.11451702171874,79.97518593711277,998.3627336174186,14.026579239813383,0.8951210062090584,3.2718691030088793
2.947646085352539,0.6140836706553217,1.9827845776341029,26.22525448146373,64.71565000082903,815.3565109912181,20.47837915065469,0.8079926463052131,1.5244831794609182
2.848101707029689,0.731299873155248,3.0142712863043086,375.9628841995961,70.88734981584422,735.8888504733982,17.261267261201766,0.7170134569165985,3.226321187846912
2.026648051066423,0.5727624312423454,5.744529800186633,368.8198727498915,67.64969047141429,644.9492774902742,28.41550656182249,0.6472674489393918,4.037763844928893
3.802547357588585,0.22605384061683179,2.444445728595122,486.67517126273356,77.04900933983826,793.8417543958394,11.191665851357335,0.7200389395722271,2.434499738471051
8.300518164734182,0.3314032371314091,1.9628505143923587,229.13464194265813,59.35725035435773,872.3690377978544,20.451253539491134,0.8046149450547209,0.8215153154852348
2.220199528850186,0.27031203101065066,4.267747827386368,251.91164161164608,83.5487638332173,778.7248815252345,16.375660731936602,0.7115234601154394,1.935117556634084
5.875941711149121,0.32946708825785637,7.176938566950573,456.18805326748884,66.14204120492188,584.6862131459442,27.57292339112764,0.5947744895843069,3.1063448283770296
6.736683636953831,0.3534574340851759,4.477556067633181,203.28435797971133,64.31123023429348,798.7647956925978,18.759034566069843,0.755306728447566,2.5069105608057702
9.575691206637906,0.8786610018409856,3.4041400177143104,271.1272604510089,39.75285549961079,859.7442287954445,46.41760080883495,0.9100326200941572,4.07252360130669
1.376261970707469,0.7104712701540599,5.314668298822256,508.09032304555626,71.86725755541147,595.401475688095,12.90930996472338,0.7739973725614204,1.5377119176841945
3.536671247723522,0.5077246566896776,5.028699157007604,362.3143397752402,72.77053408938667,715.8990613388851,14.719448130930477,0.7884215404111664,2.2705772530328963
1.7895356498511252,0.44798308119977903,4.491964869210264,224.06219805413247,76.69488670530285,852.6229158541804,9.687080614434612,0.8437888307181889,3.5573680115619615
3.808987099271552,0.6052935319227066,5.11485819540566,450.44194395440496,66.87310437875414,657.9691993340772,20.43842494740766,0.5978925799410711,3.0793435635046147
3.786111019472804,0.21694733648939046,3.0844261498700964,256.61090469180533,79.04063643794314,870.4614573855201,18.055904277164696,0.9560878780679778,1.7017243837927043
1.0091572124504165,0.44354375842104443,8.187945626823353,456.2381162797852,85.88942469796949,629.5008915980982,11.49656582308716,0.6973028481020271,2.514163145488098
4.012172568463038,0.7752388182395618,0.7187075200201837,319.7225032927409,67.30556565584779,894.4610939031511,18.003748766544646,0.7817051421177155,2.006266677254274
16.435377295255044,0.3759827935648711,3.8460368911297045,198.13124353959682,29.825391773736424,899.7194021267441,50.25892954980763,0.9741479455131046,2.916894887649648
5.3188905407518146,0.15352008468514833,1.3460730473285158,131.26102012992473,79.04228005803685,815.7381396567786,16.96298965198457,0.7845192656133826,4.075287026297058
0.766830898988748,0.39849460310035373,2.855706680369334,412.66055858959373,89.5764043073076,837.4502645422418,13.029221790856504,0.8441830117110628,0.5041945619244872
1.2793832518035302,0.5910854275769069,0.7729737905419751,435.7616252016225,79.91317006919502,850.3590516117854,16.216415453542172,0.7944902019143495,1.0711476124584047
3.3748275920134607,0.37705178676635964,1.7322922111772583,546.8821325086631,63.381677191087384,871.7641796306757,30.059016995763034,0.8514394480815798,4.693054723109647
1.3144429410761225,0.6658914450715224,1.934690901398512,382.97742183694953,75.73315999876226,825.4308941485356,17.375614713025012,0.829572825346636,0.6180094614384104
9.186131295993945,0.20198755401868332,3.5147125662640875,240.9589549475002,69.3093327397402,811.4650176347361,16.594278716363622,0.829882996681576,3.0908237773492604
0.64784578409876,0.4812234770952957,1.6071560658550985,312.7820071820157,78.78278871564164,798.2929707305304,15.822950830439309,0.8431469375787863,3.2231388950096
5.349853981268325,0.6835494455637844,2.0696197417728697,280.73704252526267,76.3624353116603,753.5322784830331,23.83994793693052,0.7598824080876899,2.3874671419331284
0.4690265712684597,0.32961704130816216,4.405758036089759,236.00337231893883,74.45117460201456,901.8638342239294,25.49114654116356,0.8516100072929897,2.9980106953479733
3.325713099900015,0.5875648880162535,5.834810355414216,121.01287608742248,71.06447762935198,595.578505459327,4.766113748393764,0.6549530726211862,1.6079649293010299
1.1010163261206296,0.6156520934309995,1.8647183459412813,133.18132333638516,79.92258685227745,906.6620450084462,17.827775990941188,0.7917939375822263,1.5120155733073608
6.175196402685505,0.19362106341418836,6.479112130491767,420.70742886151254,72.49430642642761,649.6902102729564,16.288657725480842,0.6445799743098135,2.595542133421553
8.03221566828259,0.38738466845659447,4.192561067863693,162.9410286998767,61.98872723257853,779.9128722028775,29.011569268233117,0.7525393615210076,3.2322463118585074
4.689773629832445,0.5203215652921278,6.417862824940359,228.47070615889953,62.72197707332145,783.3279875128999,17.8991921858262,0.8331083485461646,1.9225477810103437
8.322032345327095,0.4573071462563701,2.7144181222790897,88.50574126910769,55.72463236096108,870.5172775800681,28.411842040705114,0.8458478849819563,3.488078073714528
0.06613586517789183,0.9476207563198334,2.0377355154938694,93.74444435378476,73.97939451549378,690.0605669255527,8.589520975286012,0.7093773907899823,1.5961788679479612
3.967208015279363,0.5074145482546925,2.3986371186748885,165.20137920420538,59.844323955899604,807.7207311014145,25.513121659744655,0.7714480510985356,3.508424276242032
5.286955093707829,0.44789310544466965,3.444829048929474,411.9861122191043,72.46838968034601,793.4707785845445,22.91761033147848,0.717733171533539,3.1163923334821315
5.864994426815551,0.4092970148645015,2.6690244366094857,425.4793214181005,66.60235977877558,893.6786701647185,26.04862544897127,0.7912660682537336,4.201176427727068
5.029974780607533,0.29217249528494477,2.7298687975652074,302.48379335210325,75.36713650592426,849.8149690616074,30.11849689986364,0.8176302353935312,4.445439331335229
5.969950215139287,0.6467064015062471,4.165740912946597,179.09032547495028,65.15441585253015,726.8322718480366,21.30168805593157,0.7365134002606268,0.8729439200034506
3.927401271428074,0.7095301791171292,1.625496909391451,577.7831033508755,84.13082820711318,931.7487907555065,5.838571514514177,0.8979632703497747,2.3069049317351413
0.777263630945015,0.3609828345901195,2.9403967467692738,226.08305090547213,90.63720431748801,923.0568476703481,14.869487863696111,0.843010148172446,1.418072345935581
2.0109250656499276,0.2439976721759797,0.7634671939244374,607.6472517346419,76.85857803521924,974.7815041063046,5.901084597104486,0.9132409003570421,1.5088687638320586
9.222380888207153,0.6765301075603501,2.5125431845132797,339.8505291662092,61.2281789220076,760.4518944846888,28.299439808430005,0.6797073140333579,4.217531955746783
8.440081534600687,0.44922500887022343,1.9070543608539015,468.2102108689117,44.882473292204544,697.2582724943658,41.59951175573397,0.6708819075914161,5.37418622257888
5.206096961299704,0.7321399474937881,1.9662258935467367,469.68546420375435,58.85951070007094,734.7861055195567,14.937136882030803,0.7540511383249012,2.638568208462699
6.28151597335431,0.9369490179208296,0.9392567783735869,71.87313152086793,53.5997427548578,729.2590309303978,25.93842249067098,0.7383724367670637,3.6649612077548506
7.683451623013532,0.7358893919673801,1.5488673853355652,130.57215856990393,51.93240205051389,823.9907407167552,25.455782051942847,0.8312791091076214,2.983032334935433
5.156022080513107,0.5968449785980802,3.514233666543996,216.10951778121574,66.01959849357063,826.1789445085435,28.785307928920894,0.8544888704403464,2.4132331243202505
9.022645646262374,0.6004848985188825,1.1394028682112753,164.7952355679212,52.07618521736461,982.9003540433166,29.69184258327705,0.9508060086012888,3.9512104024797674
8.794576653904361,0.7502261612993206,0.396455362155,351.8461834006534,56.28437258081718,948.0244484557295,29.03872801701271,0.9481140177368484,4.246952906174122
2.0998514899700993,0.8673990437594605,3.890745946191344,368.3984397893879,64.60423986234449,671.6780017000935,15.095714434227066,0.7940497795483697,2.575613882221544
2.1396975456696836,0.37502843511094686,9.55341341666768,204.02151170240833,78.62699788893215,576.8469281067286,10.101832078025941,0.6282967490128466,1.7728934739357736
4.8384658257146125,0.6020474037956068,1.4712260235747459,190.26477998694102,74.29091998535657,874.9829950379682,13.255698554007749,0.9399697609408265,0.8496731593428656
14.262785602775908,0.15198504576769298,8.076652209257196,449.0732108543297,53.25264745809036,560.5679201786327,31.41430273866071,0.7808074253943582,5.7417681206525195
9.5715247231808,0.5507361295585003,0.3428036794364741,192.40050816547867,51.667603692206434,851.259450906763,31.997163815174623,0.7456353177662941,3.5233959941054436
6.9188733833982266,0.9168349305685392,3.7267264061626864,495.5245242301435,53.68408833999518,687.561194415927,41.24232925405684,0.6830999778284108,5.386725338125803
10.072749412819785,0.9542024509834364,1.3409877424301417,307.18776931286334,50.28995979766103,931.0267223989449,38.94713361063849,0.8766253493197442,4.522505419145363
5.366312223830802,0.4501531308226781,9.393931781061765,307.95148346239273,60.724379695475804,579.9070180055165,16.834461430492663,0.6595467963934439,0.22162069428342512
2.646492221492229,0.6198306636703151,2.2197480839776023,143.69387135870446,66.12736877812797,739.3598648375666,29.8160410224892,0.6592892808929998,2.7789112502276776
16.880237087047554,0.4887799294642802,1.5625319111879006,397.2682955251962,29.266763155479243,838.6915052214072,54.79370988167089,0.7557321077575878,8.11241565604999
5.0427646555479075,0.31327350353362476,0.05908501750687807,128.58149260935855,73.125827683746,977.573654866329,19.220697409792855,0.8973824524677861,0.0
8.64752687316312,0.34809363902656104,4.626119570654086,396.8377645643842,65.19699994211385,747.6733861034448,30.276539176155445,0.7377202665637602,2.50623450041867
0.06474387043784682,0.18820733409850293,4.419366763396827,367.49822587631826,86.27623974325532,773.6247161197915,16.821978108257294,0.7952227181850167,2.2455429504105444
0.10945326419408201,0.18708017510676692,6.25919644068575,372.42257863071484,85.28642978075005,765.4897749743608,7.384700321952728,0.8570813840388792,0.7722108223037216
4.078380217206992,0.4046649205079189,3.0731873685831683,366.8065526170439,66.09000134044734,900.4614065480232,16.41843763980276,0.7780488902796053,1.962038776943443
1.315109930621249,0.6793636492314086,2.0322485116853457,448.10954144173996,69.35926637350067,889.7750312256874,24.837580073321753,0.9495745490050425,1.8793764925715015
4.414757430958678,0.4670681015337863,5.525584465903316,345.4039890426881,66.80027375238079,690.9018624866738,18.34679901423858,0.808599873777091,2.560819901068296
2.136621112898104,0.12479333610130303,1.739483403451902,73.8418766183073,74.65302801420897,901.7978740412698,19.328760870372427,0.7547866140677568,2.7867775575180187
22.306521378100452,0.42266905071514027,0.6990377356055859,325.10223949062316,14.707087371248859,890.0904315527904,53.476951887805534,0.7743647280731837,6.005872881434241
8.121124585678485,0.6879223942219114,3.6393269705489475,156.28887412917837,48.19099896917229,814.5980888089279,42.11051250342579,0.7685665253029582,3.5538290969546944
10.815929632142204,0.2662953913184606,5.09568617595462,104.85806544746418,55.075350013083074,732.8936177064987,26.890686619254797,0.6920651381782321,4.25733893988029
0.17143859685861434,0.5216231230623591,0.55161231613547,140.78121949406477,89.93542364978163,784.2855674964931,5.779493849490354,0.799670702147024,1.487917639849419
6.8442601347444985,0.5755137635599633,2.9043514221447633,180.69406669006676,52.11212286305082,826.4485766160592,31.870406914110756,0.8276183847383771,4.499280059010236
2.9590496281707948,0.21161298717494445,4.640673394700708,378.19861862447976,85.9022098073287,814.38972439647,1.3708478140987062,0.795710115472424,1.7671805438654538
10.971816410784264,0.15557545047573543,1.6193974630138324,227.95049233774617,66.53362261134377,887.5687155657774,29.90357113085705,0.8512414970742196,3.0328930819046076
6.064189812803343,0.5967779743830571,8.003885374421035,443.51311878895035,66.71233317885142,701.5180707899489,31.012054027913067,0.7142173466402773,3.9884654146003236
3.380680816681537,0.3579601856012009,1.4715186345763176,171.22349030946046,77.62096586654893,854.910659737611,14.804679081427453,0.8327786150356068,2.3807588437676968
0.8929709847442253,0.6065777449372215,1.4722845046950188,232.6203098552517,83.72654490957704,935.1834829646721,6.834131194637411,0.9567510463040237,2.4041453654258946
4.00919053661361,0.599272246995144,1.7597323474707842,176.3303449211055,71.15511597541284,759.3786289237827,18.787400842837247,0.6362843373753411,3.071928470890937
9.06269229071451,0.5829753107255792,1.079711510183595,57.61451232445363,58.79101325663833,885.9476816506118,25.810172260439217,0.8324639616991631,2.8916459688856295
2.478124793001376,0.23027608412625197,1.4713726213171592,274.19986114278754,82.40209534881478,858.0842128368636,12.182124507573775,0.8380887307576674,2.57382695055156
19.784502861435552,0.21583615083278265,2.8295700054749453,925.7576526094855,24.949011765356673,850.0573690059431,50.665414322198885,0.805096849671654,4.714427369663319
8.524601534120723,0.684462808277122,1.2176318538261335,107.50398408726964,58.13338760888844,894.3177633401923,23.86343002270604,0.8522333859091291,1.1370072630981733
1.3472779686582173,0.8119248103546456,3.916208336576056,398.71296480830483,83.70818177616891,687.3797088174521,18.19270082754005,0.7723655584584554,3.1535668340873118
1.0077395137150074,0.6814987579715196,0.6153459916529939,449.9107796011851,73.23723867383738,831.2871971959747,17.449371282303016,0.7729609891807713,2.0206636322565252
3.1410953686637932,0.7248491292236714,1.232689728698619,282.5327500777631,67.56838936800153,828.6099451206596,34.2920283988284,0.9076142274813515,3.3214580423309448
2.4718690769226868,0.7761822647991955,8.110729529594048,116.20724234209369,68.73983397163862,784.7203679123752,22.50760842956689,0.696590454212109,2.9298810864397464
5.402256463442496,0.3059137744928509,1.432750458555046,775.3528427232596,63.80025326369087,908.9387829455832,22.911004872588276,0.8763894669391348,6.167107568572546
3.6399656818454247,0.7932972263693596,2.4925630227984357,363.6986114873042,60.006319465649874,789.888954537216,26.302777581912245,0.7732558471592382,3.3351267283526065
2.6859023174854837,0.44719045500838783,2.6562544487384487,606.867546731911,77.2851412441471,852.7633485918706,13.6968788808839,0.8246529673952777,0.7212534452602002
0.5121184321801148,0.516296661033978,0.9989633358155527,84.00479071188252,80.08680395364367,779.6330127640618,13.302391396960703,0.8058498554981532,2.0185649378690993
6.21736894944428,0.3735597643712833,1.319876645140679,186.10072733282868,67.09248327399835,946.423367455628,24.379201105136936,0.8369463980070552,3.8291910487328615
0.44678249669971604,0.5472123004254399,3.3191982032594582,108.95202113787175,80.11192225841964,827.8312207187339,7.189872784919486,0.8518151669367398,1.7700298530619778
8.546308781525003,0.6203346404277474,1.4395138748037457,476.4539284544954,53.27164348611666,742.3368813606503,26.58171815752867,0.8441541783505389,4.0116902234201826
0.2154915124158126,0.748303890754904,1.3712820618755746,83.95795485956012,71.81732197134231,977.1678535950351,24.408919791562557,0.8718023340947101,1.7684246904902412
0.40611884607225246,0.3492986295267395,1.31308800047624,246.9572136800389,87.22380360718257,895.2639590793514,12.019347749476395,0.811271854175879,1.6012141730028175
1.3399793873725845,0.7110811726201078,6.195159507884357,230.9536784568596,74.84561858287985,578.5249491906372,8.15768033371819,0.7103827321522969,1.1342894653432898
2.2544549499971556,0.6364615834815275,5.354128294388646,67.238807061974,67.92381667028644,709.182770162222,25.588801022537986,0.7746299185619985,2.122701262586478
1.8000290411016202,0.9243286589041189,2.8647408740259617,382.77177724265783,68.56537621444451,692.2301261614066,27.046548468064003,0.637056566407977,3.809702995787771
2.2444174707000983,0.5788500105323301,2.1845602059813425,343.1740417067678,70.67830385903842,729.1672244780913,22.039809209719984,0.7651313737945458,4.074224345624614
4.49245021967406,0.869595146510316,2.747325423453426,179.30946571805856,63.04821571872512,743.3147024770966,15.941772275198122,0.7847589655242745,5.160534324638669
1.3770904402381965,0.1592529157862009,3.498348318413272,606.3102137490093,86.6715560224356,822.5252785556418,1.307317107704625,0.7907762758696427,2.091445066725398
4.5291368963215,0.1736476209321821,3.5156235259735134,77.02706173239558,79.04239580494155,738.8543719479277,14.38829441586582,0.8183400288450402,2.3905850839235936
1.3169281669196176,0.8295038308300328,1.4560815964430083,50.57752530879278,71.19172122182839,770.5138473446408,31.459898184892307,0.6821016533298012,1.1594321963633747
0.37394454765458174,0.31184358727693307,1.8580221082374022,290.70316062431345,85.80046494215964,816.9189891827913,6.709366676396763,0.6826396277576927,1.6305536842755057
8.469420482776476,0.6037199917930213,1.7075116775774517,140.78927340340474,56.13406735206106,819.7004851913229,34.33899792678202,0.8450655365339452,5.025209638806084
1.598446241596395,0.7032856447872929,3.0500702205428887,253.33854054803786,76.8331067345549,811.3655794259781,12.352963921755233,0.7461708260189838,2.3500045708503117
5.900649627511369,0.6959202625214448,5.98876197580014,515.5300379790623,60.50253712148006,664.5431147328626,37.84787387827638,0.6969930437605776,4.862992283155735
0.2698632814474983,0.70297254425547,2.503452589271364,104.13388184163612,77.13741652245353,792.4551626295004,16.252685962176212,0.7188233038670212,5.252909328580112
11.307369995301663,0.863617189424638,2.685928469973741,479.8177386595394,37.71808559699976,653.5125962865193,36.32146755663808,0.7347229686766846,5.85094773539019
3.837366610077426,0.3857118722198053,1.2185896439007267,109.97101635139698,64.75167759965693,891.7145615834291,19.780538651863523,0.8520684442234361,3.017798340764804
3.4457257639303993,0.6948808433277437,0.5168238987403896,201.413650870794,67.45954160850152,809.8204737407722,17.400608073036718,0.7792612139402338,2.393444960255741
0.521775046613704,0.2868041909678784,1.814283762857288,538.9639665217911,79.93292785452874,781.3361387600626,14.744988323253647,0.7070686283086731,3.408319930390565
1.1286217134292365,0.47360288559811187,4.0448080864609475,387.542234516372,76.94432203992511,819.823122355977,11.961052535926651,0.7838818528693149,4.518237685438399
2.7712193097247146,0.594505931699182,1.2425091385004936,148.02106613814908,67.49360775649396,781.2655692848903,19.783294667904297,0.7854440587075937,4.754716735423855
1.1831333972072031,0.4174995220416829,0.40586699360899814,322.9511565692273,77.42525583061935,926.7869215224441,27.48012243916201,0.8294823451774876,2.8184692783273473
7.8185131125232195,0.35972658305791033,3.611888465197235,191.66789779119574,59.275383546538734,772.3343811221168,24.988915657160817,0.7385190256771419,1.5430152063821945
3.732143911100712,0.6667396871056309,3.341199514356297,208.61669011930468,69.56274124277742,709.1291631199425,22.364808635086675,0.7259964894459991,3.077833774130952
1.2012818849131226,0.3636716768756786,1.5053505919654544,232.17052865968208,83.96809604965244,958.427580328132,9.584526751640118,0.9087458737734103,2.268559012836106
6.882880604994938,0.791074697504413,1.3549799484932665,355.4813617088485,55.1292706751215,791.1121548643864,31.114350967916238,0.7958644368378044,5.618757707201802
2.417264707010996,0.6579119672702581,1.9353747473111027,279.37255029254055,77.34766175385447,791.9463495959848,19.857718127292003,0.833971701474019,2.540442283819877
6.629816805474576,0.6941499337463811,1.6013593527716128,236.22278887615832,73.0492485514138,787.7226162667674,5.676282822085781,0.7681477639052562,1.2734262646853274
2.0366776628430423,0.3789129138360865,7.034847898876594,240.90775028822574,81.9543809498865,672.3225424590844,13.533800273569346,0.7540391985591387,3.414417735842367
5.562587032802181,0.156047980857062,1.8902437778321022,302.63184484013965,78.95135177708579,891.4122692535567,12.477067390143148,0.7765533121195294,1.3508107206656665
2.3311384280794645,0.49293173994216744,3.1649361202610886,271.1434136774216,77.0849710675979,757.3547233223395,17.0936639125496,0.7743248384209287,2.3493477637839173
7.820724682103654,0.5602919928766037,2.130608616337195,186.48946379676943,60.770214505824015,775.3743833703453,26.24052625598438,0.7824757073333819,3.130287477747375
0.28105573868651956,0.359374862728856,3.247187155162303,307.90112589221474,77.05073089487888,813.7259875211716,14.898089583836263,0.9061143388938792,2.0176447070276224
0.7996674656911156,0.5847413929555417,1.5476928508862073,340.61010394221523,64.4594423973395,811.3568241000775,26.651708506409253,0.7533063998530835,4.8326534461694735
3.0225281765580467,0.7241235501204633,1.501534358032893,313.01465298278623,57.259228842120166,934.7908125737184,26.6173847814779,0.8008231133374835,3.888470090345351
1.6809759270265867,0.7372906397073146,2.4903740518598916,442.5785290305116,68.4018624289183,758.2684794006113,33.92124697890899,0.7164473979887123,3.909168732312696
2.2578454023895382,0.9614892291241085,1.3322499898216629,176.55574431141164,71.02356832331182,822.5373604045229,14.511028521595223,0.7619163244425669,1.9929604493927517
6.112966935931165,0.42500475601617677,1.8148140145219411,171.22286125986747,67.31277482969162,858.1988854011378,31.51594127808826,0.8354147273958372,6.155255596965132
2.2085693273799016,0.5600123338916445,3.920408335451606,563.5560120822845,72.4206857679069,741.8360981949393,11.858028467813972,0.682074251703056,1.5858806657450986
4.6730592725288105,0.4698361484910508,5.4855145237304335,152.35778809192954,72.08212411942175,764.0629351106932,17.9610306602579,0.7757099480161599,0.5359657832197264
1.3058409331704608,0.24202854707938976,8.59910571344501,222.15320207483867,86.7973541711164,654.5428662451268,11.106441105829829,0.6944378125644624,1.008243301660899
0.18167467767462864,0.4615560725454865,3.704740234991215,56.38743865917986,76.14030449767105,816.2347279213666,11.105036682969033,0.835463467674217,1.7988700389312327
6.596058440010218,0.06003334426436107,3.0510350444461607,110.44579903942959,76.05545090914279,901.9475857176429,10.750535311314112,0.8721312482477142,2.6014783363050813
13.302599268774532,0.8039112381783512,1.1015922902685085,202.3151743547645,39.15607008842627,738.4871213986873,40.90552104101467,0.7845047611677609,4.20849085213815
4.252925368397422,0.326411746272866,5.05593709495324,195.65091002096318,84.584994391659,775.241555789442,16.165161603849626,0.7897025113757276,1.7514274969394579
3.1849542441578524,0.5621093760636979,6.826958067506109,227.35551886561757,70.9947000069544,627.760648709752,20.79549060487583,0.7350463575185571,2.17867485581392
3.8586578412328647,0.2899928520938978,1.7457863250803611,641.3136209160531,84.64305064051246,855.8955074443392,22.11834291523048,0.7390081595686256,2.1020638445449364
10.13155140481998,0.49808529598373036,8.126261190430483,71.48321405665237,50.12925528974771,807.8562934155291,38.297557582837584,0.7119342312731323,5.670351333335317
4.298693957458482,0.5005837863709542,5.421322072600221,260.1953183549406,81.22163726540839,619.6411583337716,10.400953981525168,0.6707556355683559,2.1376877091522255
6.8624185354887475,0.518296475938724,3.7374280433895706,241.99265653314944,58.48037722152398,767.3247610974437,12.89917716650914,0.7646106724194844,2.44463017677268
6.614893978689621,0.2089310121799921,2.1768133560484104,701.250112398412,73.14532984318777,871.311185198928,9.493198005485494,0.7715852144019703,3.7000982578219292
8.357141538622336,0.19772860686674262,0.8036020826198953,419.2891489389208,66.41853418450344,933.2840873904166,21.91485483484949,0.8879811379707657,4.314648097507498
3.11912028513009,0.7277234734113064,7.053071073860019,192.95394620385562,74.898459374037,547.8783074532174,8.181504088248513,0.5635087216845267,2.1240348058700564
2.0074891137278534,0.32343997735335406,0.7219147406310297,555.6730818092171,87.66560140492214,936.1086703704594,7.478386400164503,0.8482636087453218,1.252674214416329
5.615471205809101,0.494930348790926,7.274048273802663,182.72492544589412,60.56808289905504,567.3735514641578,28.942243523050045,0.6395254563896763,3.7406487603792615
7.89143815365302,0.7495672314013417,7.8260774007786065,439.95359718406667,50.90530227575914,591.5335254013913,32.61046317219283,0.6835241681396529,4.306485360273521
9.114486566290639,0.7753468762132721,1.1204810280299446,605.3838028360487,58.904519813895774,848.2762481871059,27.13900240136056,0.7837630166286252,3.472803882596643
11.108914909203659,0.5523592910342424,0.7146365119859387,279.8208940103157,48.35972647920585,873.9103659345226,47.89400916723277,0.8851251027654525,3.4735275669063723
7.329184132893116,0.3171105824089227,1.7014500654929645,127.88484997968665,69.15434708359409,880.0156628665482,21.98645936528542,0.9120190498823926,2.6677140506872483
1.8904169561631285,0.7770494476877771,2.298638143806558,66.74831392996576,64.55077037649662,886.545051926446,23.98789456709378,0.908826509566369,3.651344649631268
4.248367315876447,0.37510383200756947,1.583288614676794,286.2623527634002,71.64781592475207,915.091352279116,13.880739292940335,0.9394463950767908,3.6163936499323492
3.9164699661064457,0.03103067308627657,1.6794232452605056,429.42367671964,78.93135639516319,938.5485707004393,14.728555112009078,0.9164344913646957,1.5314195377287385
3.5357093996826645,0.5577817660152709,2.3668474233007997,1035.305698820046,75.0782906513602,847.1319586093348,14.574083859504494,0.8390383555917813,5.478105093395827
5.625083681531185,0.6056175484818979,6.874547899242636,521.6142942280136,66.67232872241716,636.5884535090796,34.139670332647796,0.6444925417949993,3.740323896894397
2.8478325802392295,0.8353728964936146,2.1382679689852573,267.54069435794094,71.6902122358478,822.2930567149683,23.233050986646077,0.7651698105947494,3.2474363451248203
2.8519228038562394,0.25365553353246933,3.9564542991883638,123.14150550844798,74.6764493059414,767.3402299484836,26.24885798379726,0.8078434968474613,3.968217934706204
13.915675612765348,0.42949110501638593,0.8362036646053014,240.43094959719537,45.25904039329108,1034.7693670567153,39.56951408544623,0.8318156284815261,4.703499821641559
3.277998905158131,0.8400801655010688,2.6219853282354078,636.4402095165044,64.26491884852639,780.3813935144696,32.489748328579104,0.8344073240604957,5.7808072010472635
8.309140431289524,0.1682456350879089,1.815374677435895,775.1740850460544,53.643001263941926,1071.7280123420342,26.445656942917566,0.9127265051574847,2.903032265182212
8.695009094761017,0.42066225385623385,3.8647209082914733,181.39198400447322,60.71439416127927,915.3185076597497,28.997569479464687,0.822486138440683,3.032530619623535
4.354236219493756,0.6020205938565023,0.7716003775137039,226.52764265080373,73.34682395378921,848.6048511882833,13.441866174534965,0.8479569261528519,1.7814515530852109
2.96310156466617,0.7639355436162895,5.840541246812421,577.2227642495649,74.8660284495682,666.1592559185848,14.956014019071958,0.7137168956075244,4.348968719247669
1.3701120581341053,0.5038496559850412,1.754307849589202,557.2909501955957,78.11668054161271,876.1846729316561,15.568104287193252,0.804734468028975,2.7143934410431094
0.4360919907726486,0.46412357840278495,1.282888305217973,186.6802871710654,86.23640091050711,935.0913162787282,3.89144952016804,0.8155217802812055,1.4718429715984958
5.969781824386819,0.6171078973625871,7.767123962939785,397.57588221121966,64.38982607908576,604.6243072960699,16.15422081298479,0.5877099779949375,3.0660605185390812
4.99440597712333,0.8914554630296809,2.965879839197888,194.26580473583618,53.929720313091316,820.060541876977,38.15129274174429,0.6838778448802183,4.750948932389225
6.722099703579813,0.486687913736456,2.3226693982393547,492.46434967570866,58.183184530029045,728.5424473490453,19.188153555675925,0.8102833979876656,2.337941379863364
2.146961476309173,0.9150318542134337,0.7638774519958382,265.7452435707041,65.44395013408308,795.5913215272315,34.32974166848939,0.7665265811409846,2.85879117578729
14.979298991339698,0.4323701821522,1.1075046684536205,213.0269978843951,38.07405025582168,879.3905363301532,38.45419877132824,0.7831961016574941,3.654124947841949
5.382128974556086,0.4945380418554521,0.7967943164626616,418.7463215662623,66.93122526031651,853.9490528130077,26.547198389189735,0.8499454021344905,2.4932264449772497
3.1608679283017436,0.2233930240260061,2.491756655418961,277.86297440968724,77.84389717171653,762.9034505000805,19.259709352911898,0.7187782417811062,2.737366361527608
2.4073185418108336,0.5287324850194505,5.3704685766907625,412.40573913345366,75.62205614824671,758.9030967494533,10.430769223220093,0.7173558813334162,3.2889485329683703
6.986262933888408,0.8032250462979492,3.1422032387453096,133.78796381666268,48.62862083207642,687.4095704780729,38.72062193760863,0.7719298387758129,2.7118838920063095
10.889395564421026,0.595381414502854,2.610837458474993,153.24680362321303,55.064929595025475,765.800339065774,32.48443379347861,0.7965566901350717,3.1016984651399944
3.651376829574427,0.8718946821186083,2.372397987758806,251.4485198582995,53.14895404132953,819.6110753316589,36.58332527024409,0.8009244216378415,6.1971346551009985
12.27180595944004,0.6407071397410651,4.496130538302214,164.3230397576283,41.761718938270896,797.5113586087543,48.02425387642173,0.7507955416131951,3.1233927535794894
1.2497012979790048,0.4264089902072771,2.046954996565606,202.2705152866748,79.57271727905862,820.2287099512512,19.181207120804494,0.8038166770324124,1.4106519804931956
5.126103430637357,0.7683221770678513,0.6061267010252436,255.64176762799153,59.73635699482865,798.3025972679,22.97431749534227,0.8080059017170611,3.227398595200185
5.251838425767232,0.6274945897335128,4.9640126822839115,177.60427902358293,59.33732150736544,658.5187706344387,27.64774520553914,0.708014160447074,1.83906739843172
6.010106870082334,0.1341179047882552,0.9365360196127288,623.9106029965218,66.06142877667044,1009.3022163900285,18.81284032749135,0.9663013553796669,2.722900050408522
4.126798816308382,0.23473139289356829,0.5225673511926597,157.32867363762094,77.95307096141723,1014.1657290029908,11.97788281034887,0.8584334762631134,3.3706378820651173
4.886529849074605,0.27039733189319076,3.03766784942359,246.78941533516405,72.55603662532589,858.1239850067171,22.138501138276812,0.8019695521633323,2.2328914063435135
1.21378431624446,0.12942383352707357,0.3224301621049679,250.17138548518955,90.04550231423539,982.5106673742469,10.59867572674565,0.9173530862576692,0.70064043734656
10.096092259363877,0.4927325772234484,2.4060305321643787,285.2838432145944,44.143535501943674,750.7266875341213,42.59173011033258,0.7218023961115373,3.1842071951972555
7.667002092299682,0.3678373864086572,2.7562238755532733,212.87944294239347,71.38594093353973,862.4805253977185,21.75666305047389,0.8651300777367144,1.6899114485539637
4.720611830477524,0.34778985668809725,3.409060132939218,439.94035723411355,71.74415823707514,858.6123144980746,22.422868023756465,0.8823052906166551,2.7864227164624804
7.811931874988534,0.5091965046890219,3.159273699632096,456.0993383135053,43.625969823409136,807.1763635487736,36.733476504017474,0.78727227613837,6.623744760224604
10.346467632976431,0.764370189842393,0.7175851421819086,181.22718917045987,45.79523728420697,868.753578218411,46.0501696220437,0.8403930234307574,4.3386670666992675
5.937210485229551,0.7813247902795719,4.502842869442628,477.08229664305117,55.29564868907114,640.7830637362048,35.301310750336974,0.674032809922954,4.616930079153472
16.189415273192598,0.5883109676364227,2.345153648024052,175.70029692040282,26.057898500202754,888.0541503007154,51.6333190467482,0.8181995163640969,4.978772546687797
6.35602723231511,0.8821375924637588,1.7901819133221997,247.4272390729201,60.03860234035658,714.5195060305023,34.73055382358512,0.7928783038794565,3.0219104566293598
1.453698218642578,0.6733567702155734,0.7688950258729959,265.0267780363987,78.45355913663873,867.2451736262166,11.99146020774048,0.778538676283404,0.0
4.5143690310553,0.7275480759265652,5.172973303006944,119.70392010829309,64.97703442396444,711.4007816309474,25.233517395885745,0.7681778001921318,4.396603679487811
8.057633533837095,0.5350759154938138,4.826199991120092,169.82141420552162,57.83527126710786,795.1507150545855,34.884662092759925,0.7524463728663927,4.476642627755194
10.354178389404986,0.931281272580282,1.5788548199122467,95.16697270955326,43.17969547964897,860.373020915791,32.465749021897494,0.7739473574057999,4.576148624388379
4.206112732791706,0.48372064485591326,3.422291142490887,284.4231694872351,62.399046747446754,858.9019974318472,39.656746394435814,0.8657407508248602,4.378933553984076
1.3229175348613187,0.603656090843621,4.0524213218343075,125.33787896667951,76.8982658296347,729.2272635535519,12.638047756483289,0.7723565636712649,3.1034451568980024
2.9011034949801804,0.08278274089783408,1.9563514844719088,595.1235754867722,90.415083229582,1048.764146067318,3.9943205904913928,0.8965927078523188,0.2765227220353419
0.7162066902758569,0.5876299519228596,4.864319447722098,195.82906881334267,83.36094933159424,782.5517919064002,11.767986079401108,0.7611167203730493,2.100446999143103
6.905171281206312,0.31507289657837595,5.043373567896104,405.5559231328477,61.154711993233946,729.8342366717609,31.631892435548778,0.7316747807856222,4.6626509010229835
2.376676537966177,0.8254688446106284,0.4383811773519707,390.43493367021614,68.16105068580892,841.341588778326,27.30088862873508,0.8165596994898449,4.8337562129281295
1.7286686304718182,0.474487095569016,3.94491618342518,168.7975143141242,72.33785026998505,816.6555283097636,28.358426474231692,0.7655218319195587,3.7258951881574163
7.463215997576913,0.2630523589573477,1.613088095684224,199.21379539381036,66.81930308093224,867.9731406605224,22.843353526942966,0.907611715735691,2.9200432325463703
12.085733025692036,0.4358155153450329,1.1671010605473988,197.98176139562074,44.08645157047431,811.297389984273,41.119900442994364,0.7313447290041614,4.717601425638235
1.7203555074481964,0.8696159094632342,0.3319410486985119,307.99623917661063,63.74849570022174,861.2337138375003,16.1469480368572,0.7409398742605842,1.2066282527571957
4.230897283195752,0.6039200030025978,2.593863683491696,950.507310447486,68.99987042040455,669.3158853653538,15.275480803118988,0.6957359439796776,3.4422530231379094
3.0209934310888817,0.967003538303188,1.913422786695552,299.4082392680729,58.13316035288071,799.913197904798,28.758878841444265,0.6805738114342891,3.353165075794762
10.725030594140705,0.9479079503917609,1.54672995277177,189.78946865030684,35.15378840009333,834.2224314409616,47.53952033138147,0.7616946650419064,5.730801351713419
3.3642915082965468,0.4979209298778174,4.13011735548387,314.6876548713072,74.21728694553752,744.1461873537743,17.770949740240475,0.7148431993211013,3.4203117488922823
1.1782056764713404,0.64627650413467,15.013727504293023,125.76301310197402,67.90098290718018,371.50753034103275,25.614831661258158,0.5236627948221564,5.23582902446816
3.517276387537871,0.1497913040732705,3.447416988501855,158.1033438215087,79.0933312192314,890.7569898101272,14.294058142314762,0.8245866977296498,2.4740418133954303
9.0514570128732,0.0457167597126901,1.9068446578096314,600.5621277967236,59.01751660317001,855.7330781366225,27.283968466879625,0.8252402878397562,3.6948948805146506
2.8514810357463367,0.6378906075001838,4.9720129224686165,225.63819652217708,63.7231823850654,708.0904164401985,39.79524473630677,0.6858511316101497,5.859871398881202
1.9256037921660094,0.43820268351246516,0.996659395941206,153.66664726399986,84.12165011139626,863.2405928765143,9.535663810203815,0.7990228719879148,0.4288410387308852
3.222808096316508,0.2140766436740322,1.6263676797469868,112.00619981757214,77.89789939175226,883.4480882863252,21.546131957912422,0.8590059225656608,2.0798056846251347
1.2249160779311206,0.3069373522706659,2.7310276170848695,253.81551784762007,80.06561624543973,913.4963464332052,6.119746949442646,0.7346286604139043,0.8463140788614508
3.0172104490302063,0.34477017415905853,2.7535764327818564,117.37163202011989,81.58383306133568,875.6663782796813,13.63095884086874,0.8464359740604747,0.665095209665278
2.085510872797107,0.5329518720470316,4.599485376240577,497.51035742716397,83.49963646715132,693.0248959020607,7.503086999800077,0.6085827880020488,1.682812937486898
18.387142292802423,0.48333204571498617,6.715365519228737,389.5420857722084,29.013426353279172,672.3366267159624,61.5706732779434,0.7039319083796386,5.931476043442107
1.4463022643199295,0.448021136723917,4.521684104123686,183.9443399989695,84.56416672466605,706.5874147406689,7.459496153799019,0.7499484220309756,1.9051584783271105
1.9240165050112277,0.7115933972557407,6.755931633183194,676.3408487878843,68.67999827111115,593.9388093061218,21.73859706703847,0.6717491987138664,3.725884622624688
1.2350830890265112,0.8798076000732065,6.965205233669696,198.11349194326394,69.57146703463589,681.7715591835342,16.359037300657373,0.6780512066928562,2.93052447789803
5.169264467271106,0.6104250867061404,3.0328384537802604,225.44379559378558,64.26821490496742,939.9367850508493,19.71035743796687,0.8768080694833121,2.618476307069533
1.6862893759980038,0.3043246585788043,2.1674927516923033,160.3890774198531,83.95225101213654,974.3927149551982,10.77634765290158,0.8375198896149747,0.0
0.6115593448070725,0.26024645884869896,3.838800549780581,370.62328620302736,91.4823345131036,824.054456576959,8.137721139950305,0.8635339598467726,1.956317571821963
3.8992298661971274,0.21790638072970764,0.4929972412631225,125.70778938065061,70.50701678688061,958.6316560858752,26.990815246845933,0.9167429987848247,1.9104309496108338
2.692228965494958,0.14594023652573201,4.585770921148142,189.56007520869883,78.82419226447193,855.8416704277788,11.348675169823096,0.7660540051310896,0.3462673951764845
1.776141938956946,0.2367864395194133,4.184031869947568,171.9500952467075,81.32552631590082,803.211789477415,9.49738376181444,0.8507704139346699,1.777842970753456
10.519732477694285,0.1592080383318947,0.9635521060780977,298.36435822081444,54.60980901804324,852.0252374590415,39.483829777404644,0.8209458352390951,4.356270210962416
5.3193893909429395,0.6736158757660085,6.304907668812584,103.1305590393429,63.35045335333935,755.8981110397177,35.218078194380865,0.6970557971279702,4.079731700457355
4.822917637643946,0.4333113602693537,5.161337167621118,238.3285744541259,70.78523761875486,657.2845105110939,19.945410686102036,0.7527497107059986,3.507499341161373
5.420518180134006,0.4443688659247706,3.679752903650036,496.66998301968005,67.92226300790422,858.6246348233858,25.248607795544213,0.8973529787893118,2.639686687435284
5.1868518667951,0.2960573916631245,2.143150499937631,115.24244464383129,70.0245472040432,915.4536045664221,31.00027147156794,0.8364848243888676,2.2085794052669105
2.829931841061601,0.17349593113034104,6.465146154789087,382.82518479263723,88.91163910172938,826.9581262077074,23.65481876530072,0.814474097559813,3.1736902618751253
1.7062191845713028,0.09146771686960765,0.5414282075235577,428.6050496020296,88.67774333694096,1016.3740709015535,10.438740347495546,0.9091684303021318,1.5026105138085293
3.9776579972336927,0.3445083736760447,2.3381826269336363,231.33067802300639,73.70325753231,819.5257726835138,22.927618601971943,0.8206839593382722,5.53331954850843
2.7791252647059994,0.6920611118800085,3.9784177813658728,54.12299762551922,69.69381319017334,802.1742406942765,22.011622142751353,0.8210457914704438,2.2465779958975385
1.107849571505558,0.6507861318437851,5.505834497613527,373.87233196638766,79.12845668901375,660.3475895384476,5.729244427028522,0.7455114831164918,1.9378671181134142
2.4436591921040547,0.2717631199082257,5.061149658636392,487.3827782657369,81.94462426272145,698.1408818461474,14.71786184594887,0.6264905785455117,2.357476925323333
7.592636622534171,0.37928614515890796,0.8893437704269865,646.0151216356401,58.41895892299369,797.6432050715782,37.333845562199926,0.7526749784525236,3.937319107502484
3.9934220572720167,0.5572216150156452,3.3896339159339717,270.96826476337225,77.90339807056208,773.4118823564826,10.948702671611285,0.812313755805348,0.2631036579239183
1.3839876266655888,0.7145449125276803,2.7847197001116815,76.34465412570198,75.29425769679708,680.1119523378288,6.167170261983218,0.6731584223476248,1.236745891653992
0.991741770226567,0.6035911702962924,0.45031894187669597,370.2164510066903,71.17492803761093,977.6423849918614,23.722597111212878,0.9039449903567913,2.652924721245366
8.922145144696403,0.9378706490293509,0.8170571397561056,85.8300189209171,35.70741574478435,732.3822584961121,34.46709749633576,0.6936090175107263,4.874821188695934
2.9594926133631483,0.45853217907033955,0.3344744835425776,338.62588552919084,78.10227843355965,895.0371964241721,5.895890569731243,0.8709171916524665,1.2115536575162096
3.145390366697148,0.19844263074070348,0.44824300679837326,407.1509838195226,87.06560911060727,932.065812840936,0.0,0.8611134300747144,0.7476457055616014
6.324896306121623,0.4469673397327924,0.8904735528169099,505.2592884952697,67.1111083971433,907.6385147028867,11.004882806155685,0.8747826251921444,2.4214386018793497
0.9528914060858389,0.5089153249378602,2.2040859351230235,191.8881054536437,82.48185965196117,783.4611385046767,18.606919121087316,0.7898251808178461,2.3092753981941487
3.7235002460594537,0.8382992226193811,2.30292023559561,137.94254776515257,66.06135976149322,850.2242061778855,24.58686226954887,0.7398727250194076,3.8894008143457643
4.051333295497612,0.35858571710785286,3.3088507847032327,273.6290096815934,73.90513999988333,823.6436508559702,30.606515813710082,0.8989323138290549,4.641047338934865
1.0285473481684366,0.9203503138463949,1.4177768221598448,103.01680973414211,60.498205405686775,804.1755245881574,32.05933992672043,0.7171125220540027,3.485011080162005
9.564560009878825,0.4509517986677029,5.709780533935518,205.23593302027354,51.53812573572313,664.9491829528397,46.29193824618157,0.8232386626790289,3.57348678335425
4.114991113214068,0.6124286777897094,4.8443155156285655,169.66881384297338,71.31715360174213,747.3429590300367,16.2140743501706,0.6403920793041686,2.4697023998488445
2.430946562611565,0.6423245942243035,3.206698919558228,451.7046835744196,74.57929871346744,859.220688681266,19.96901057927892,0.8189364678694293,3.154913903154811
2.9788389349132336,0.3933270779137933,7.44384455222527,571.6726625972784,75.25214649653853,804.9456011542109,9.678599835268479,0.7125887038416371,1.329379572110437
0.7936067385335154,0.0946470884810458,2.9948081733107235,354.88077498625705,87.51226187771223,809.5433833089884,7.077488773553284,0.8665135597168657,1.283491571326116
0.7492700057421215,0.19772992812202334,0.6268766891966244,419.82552029734643,88.67824784131182,937.0758298418534,16.532743216151736,0.811524537803201,1.1275303342296474
2.205439719063624,0.10465587870107193,3.8946958431449232,274.8066939056361,84.05163352582402,714.0891940740639,10.920692026147147,0.6737037083870302,2.7183684928128486
2.3503462167874236,0.16423993963164876,2.654762958768509,261.77810209921785,83.44533086212223,909.9635935778623,10.179292822036945,0.8476860876491217,0.5857698436709322
2.791983054905297,0.17785987327194747,1.7592158013133792,87.86101380711764,82.83872865336188,821.0370948250436,11.879904619496529,0.8641347775224961,1.107649008319324
10.226190103511176,0.5627070193288286,1.9706379180648461,318.59678320583464,46.36771708137291,853.2951683530035,38.40393781616461,0.8736215487463453,3.833473825323585
6.045667388309,0.8058191282732722,3.484562917228974,403.70702908426244,60.71779198970207,813.8374552834254,28.366510176709088,0.7771665974692572,2.3570095178251793
0.3227823194242438,0.18822664816219234,3.115284402543259,220.22350178139246,88.5024960685891,822.436814312115,16.046623306422163,0.7774387317213629,2.3359006238023676
8.765552088608251,0.7359214654912054,8.499414312685623,226.4117710907775,52.74321152941543,493.7069973538051,28.75349215017596,0.6223012657581773,2.707425756624897
2.1875649564213306,0.2908011027437508,2.8272336742356003,57.683509494626136,81.4846655460846,922.3771224004626,11.720459926501558,0.8505121005810485,2.89003767495429
6.535023586440053,0.17530722722766282,2.9961160518906977,230.0542360671009,78.72358279209332,896.5007873991386,15.481110180082707,0.8419324522365835,3.4101062026834743
2.3731448512391973,0.5788288656968771,2.6293505265704744,453.889676099623,76.12438930604317,740.2144180988528,11.291989201473179,0.737042778878537,3.683327380719489
3.8821172672448956,0.8241199663716849,2.6018184145752077,308.9914751554368,64.78862463843991,780.6930792651588,21.967668319870704,0.7989387461803288,3.0344632258070705
0.8769002650546145,0.22551900131839153,0.9457356726232973,246.34295845103335,88.58774000378124,877.1201536319654,12.587120638228896,0.8488170799588948,2.2015258395564303
4.687986628303765,0.4882960817012369,1.5716671166745484,121.54424991234127,79.14853575420292,927.5229154806729,9.651416727049133,0.9325847604947705,0.9502874977174744
7.154066800404106,0.14008522210370913,3.415319648203895,188.64228126189852,69.81500713630794,849.7515487654498,37.77211240673699,0.7780075354281316,4.511489832128299
0.44011838222300975,0.6553091159620735,0.6261476332836313,166.5909981143111,78.11645707485636,968.319212734983,25.138164095254115,0.8486877546038358,4.345633686427209
7.243955452873752,0.2137779775639605,2.0427876377765743,131.66164069494832,68.4476901128145,830.3283695550233,23.14811907835975,0.7935623540827104,1.6653844521620944
1.6983478041463216,0.6974831122495032,5.992031575767793,308.1766151898255,62.63793209677465,669.3218611604847,29.607198532197817,0.691481904493017,4.261150044158085
12.804819642178717,0.49656604744422417,1.9488914526706422,193.33596301119508,44.63645721640428,846.8244886751548,43.37770423289795,0.8512379409308817,2.5008530268809492
6.634431949151091,0.12977356067147944,7.152571427793031,428.53347414417834,76.93373534806669,709.7129351795847,19.50655115644905,0.6730831436151833,2.896227008149847
5.721072379243031,0.6160458888158388,1.9850556330445435,247.93042274469448,65.00954354589673,794.211301658959,25.065914089024563,0.8400297638954193,2.8288993996950147
2.995710540768474,0.830876276169688,5.07211751963111,691.8369832406343,72.79629623435257,537.4238972060267,35.55374413059687,0.6082312815393536,5.631469499981361
20.86086667788104,0.2600284121452355,2.7010280254783194,191.02812497604137,29.844499320836142,893.6989962309672,44.798783830090514,0.8952851430367154,4.8672236365083394
2.201962574738987,0.36143549134711167,0.9636237837586993,490.57192788408486,81.86841708112657,910.4568821948992,10.370112791054414,0.9728370210430839,3.1124912966992415
1.140006591055481,0.0919582010310425,8.326436817209391,549.182453098917,93.7252393019679,603.2718259138278,4.8282825770350115,0.7132876130247177,0.8545343344634884
1.7651853048459936,0.4027201757173436,0.8738470578843649,180.5356475764475,81.46023516196334,874.5296169676071,16.848007351229008,0.8559609938848385,2.9213090727522633
8.215073574003672,0.6972207539420572,1.6826016066787493,235.9828960915674,51.52111963978037,757.956309465238,46.00595704983584,0.8105572599214582,6.435377726345415
3.8151290690138935,0.3721207596030103,9.023610190791402,202.9091946319968,73.60895968151134,471.73742745456383,18.463838246568432,0.5683281879714585,2.714961738300971
3.3202770449028067,0.6394977098576433,2.9833497527312005,174.61902769610313,57.13653710127826,847.0645820499258,33.475636641804996,0.8213887163989126,2.9751819310066008
2.236200891749135,0.4934273698440413,1.3100917753379564,364.2394619549755,83.93104016024724,907.8770444942162,13.561856987894632,0.8111145888788839,2.4998815873520677
3.1599497878206657,0.38678644507441984,2.617167216671934,388.5937879595691,74.85909905083217,756.2166277660768,17.10260435232133,0.7232966975287239,2.824454621411451
2.0794103548251925,0.5462018844894946,3.8289624846364028,164.66068788559923,69.88944195143613,916.3948937279775,28.527884882470687,0.8652568388814965,2.7977657230034647
6.177382408049825,0.44790087603756595,1.9421560829529037,162.71611041217454,63.43873008958997,787.5197936774276,28.16339197712959,0.7772975454621037,4.681543189800688
2.730096307697443,0.5751902485879963,6.420034252604848,252.55223910662582,81.21571111980194,699.7949090175931,19.080844626791887,0.7414471932059924,5.18410442888282
1.8013754149904635,0.4459827292577692,1.399088354048882,247.79274238381106,78.80553186221454,877.363383154205,13.07746710083951,0.8331289008986448,1.7169678798376684
7.676875357609184,0.6756565142688175,0.3365741988600401,87.62170197986251,56.36277030284364,809.4110922118658,27.301971772398787,0.7715283464116011,5.357019185848449
1.185008854247063,0.8064577798827067,4.706243724680944,369.1597107888443,81.7144946286946,711.7622651252323,10.74078733985518,0.7732437453251673,1.9222678043389294
3.864183520014113,0.3794047135914589,2.2742225415104858,78.83188814989778,78.09949237957947,841.0538275738623,17.124111477925105,0.7737573841722776,2.962983544133346
0.2391884216545165,0.16054121137090346,5.0633567952954275,152.7050980637464,88.82799965492292,735.1663516520562,14.526547962199718,0.7536550462294647,1.1605732393535664
0.6665770789634785,0.3383919058008407,1.8686072634972573,280.8412863016454,76.04130127649081,953.6459851229079,29.351295989242594,0.9295700577621555,2.23763051330112
2.446946276043683,0.40676544201897114,3.4193655268894663,366.1907302915108,80.685104285713,839.6440168279322,14.570352866856632,0.8392596515185607,2.0548090175450886
2.0395953331848635,0.5682675883045092,1.7924927840030138,146.7417243411661,71.28339248132758,886.2123123189788,31.281342430568515,0.8302813835911239,4.136507624715892
2.036297315794618,0.355674917302871,2.1023770804131536,231.64066061576102,83.2988151967287,849.6374571973225,15.448107985786407,0.7199796037781723,2.7469004170436593
6.684055146440899,0.799161498115109,0.6713104345438954,193.44623519500539,54.72773571907319,874.402406885222,27.680169327199003,0.8076367871187707,1.5336631865305375
7.004804589505204,0.7543900847861663,0.9318055944314638,31.75608546137763,57.169673607348386,847.9565310573405,30.694644583896043,0.9149978942427057,1.4406738644938437
4.560705101060827,0.5844989694184621,3.1615801243106625,199.01401531284307,71.18466609421876,815.8145083094258,24.78635362561183,0.7770838615412525,1.321329224890587
1.109099457172129,0.7592383137755226,4.705750513892699,128.07127037142277,64.04545622549033,639.5923444430765,30.247924292973856,0.6834996022230639,3.942632308324191
3.136609265270458,0.7742889475601293,3.3899789477478457,249.04235826457358,66.87656787394162,605.8071372398218,20.308702591212853,0.6719631150048446,3.2538909950295216
14.172986337870924,0.3511572039337924,1.1135622706619834,115.47370004008495,43.611165770160596,984.1519382805682,37.335737974113904,0.9118569263798146,3.6100533195160898
19.39656048390738,0.3061242648167856,3.634849036176713,189.88830272913884,30.596839891668644,807.8023826005067,46.57120534505575,0.751920565904861,4.966957405523809
7.736483853167476,0.5677836804797043,1.1385402078196774,231.39749137268666,60.117914817587426,903.5946329117053,26.731734942692857,0.8800579964519889,2.2021899462767216
1.1634493408042064,0.2808983731105901,3.124390501038959,261.1689266663956,85.24719600691597,791.8225634167599,12.159201681760313,0.7955324629759621,2.27684357317502
3.1629864356030986,0.4455636273051693,1.4084344439544834,217.21625901066992,71.13268838540398,863.4027124081218,31.535541655095642,0.7319190806586265,5.1942085791285795
4.301936013655997,0.45356297487180114,2.2100385401131035,478.8011355022543,65.10810001316075,934.7826669994723,21.897374293810003,0.7336601046065565,4.076522939101205
3.750051630151237,0.43430484994098445,1.5326832386740121,291.67804930437,64.95369563601733,895.3788020758152,14.694938024237638,0.8103817438015731,1.1570207135718285
8.388464931743867,0.16516282069401356,3.7433053836735075,349.7456616865698,66.30390335943144,957.775836256147,13.363636190625083,0.8141232240211127,1.9906510052431332
6.4472139850120405,0.37067939768380986,1.7414931746955271,235.00911833423967,69.02494189808206,928.2336307380325,26.58343841407465,0.8724059921697451,2.3504589730970054
1.0880566729994645,0.33773193037735,3.8301908505542226,14.447364639153179,81.58245317944363,756.0435560165625,9.621470255427456,0.7349084551841678,2.474881712193292
1.8491138745857325,0.4142049464761935,0.21091615556197285,108.23559599372987,83.25123926944302,955.9304775093506,13.341838506078464,0.897064328293718,0.5346073604575596
7.710728630193475,0.616745325568975,4.879587907130549,97.14223527209712,55.876801566362914,813.2430525192968,26.640884265348056,0.812106206436554,3.07003614949862
10.485627094401408,0.44825100369840926,1.1047607172459755,214.86307266107093,51.90869143235603,901.7882340766388,32.774534202101975,0.7907854430203478,3.335168568857227
4.349429001877265,0.5538616469468672,6.805310669477969,537.4178520038807,60.91403231575738,683.4333732174589,25.409873111247336,0.6918466670047723,3.2533149817324545
11.48881096434565,0.16772421169772742,1.846932938194155,283.712850863742,54.12362914000195,985.7306760305318,27.992538903044416,0.8637742284059425,3.4221225077995827
3.9249462053171547,0.6816800932512125,5.938694659215964,415.30161959440426,70.786550313123,519.4737293003154,27.867597291416235,0.6583369310696828,3.8627304085238103
1.3360084909944967,0.3248128739822526,0.43458647713935267,137.99602043307297,89.85939932741252,975.9722715174038,14.957738636745212,0.8767992017000761,2.5857836952067594
5.97732505687018,0.23216107006545014,5.358164563012292,261.1784710972552,70.3124732258104,831.658035008652,24.62006034451764,0.8615433254534325,2.418626948526443
0.802129098567044,0.3262020813722757,1.2761147754616853,481.5995826915949,88.77423607608122,853.9724337714947,20.121182033330435,0.8777137077529416,1.7564006765216487
11.16227892274837,0.2930955790539939,5.3275687063999335,419.40250491043207,61.25794690958615,805.6503995965123,19.22602108607975,0.7766124342040006,2.839695258377399
5.701015083492512,0.36998548518203084,2.4884506096744192,172.1381467753397,63.9604205931693,844.6524570751682,23.96191765113885,0.7771732358314,3.1797652773418656
1.7316421005569667,0.8280691504943896,2.0035584278516323,234.91012037962457,70.69060008728994,694.121369747496,18.421613633885027,0.6726904617922312,3.5358739764329785
0.2504754980982282,0.2330946173026552,6.038653449047764,435.366925665178,89.37286857725766,770.9267113381869,11.695304776361459,0.7980533359881194,2.2258915538127018
0.10211243114540108,0.5012196841114146,1.608439333577388,162.99837150376376,87.53827171939278,859.906377859854,1.159563188508245,0.8109261366560504,1.8290198617072355
2.031923401594668,0.6855063778294932,7.143749176637032,225.60783103885225,67.59097763569531,606.962652672161,26.690910593724947,0.6277342917200512,2.361973653898203
4.948057916803367,0.6189751828189036,2.0763698618563504,62.08792829998687,66.25998885292252,862.8656436776234,14.960284590739393,0.8625734912830726,2.7130109243021567
7.26856710082043,0.14809420031573312,2.6453968377854866,396.1213891153933,68.2003869987797,815.0186777886319,26.746903689850157,0.8347811848933281,3.996730969640854
8.65084077260766,0.42601745523917023,2.8760358513770785,382.3013027496292,60.52190036437851,867.3643228969269,34.56406607331242,0.7729949664860749,3.7672456166796717
4.578312176422421,0.15723554847242452,0.8911975576857605,69.25584261426145,83.44112560101821,886.031260382585,4.799673716085962,0.8496957788481825,2.021572733445163
3.979379194070445,0.9270152123075872,3.2809382220119083,225.68364005676293,67.27296348185936,820.4832775138835,20.7059566757687,0.8217250528234086,2.953890690171569
2.529501611905873,0.6372757367500049,1.273947237542546,455.4372469822656,77.63049535528177,921.7934597844236,22.800055174571952,0.9381545273587755,4.197703410733659
5.051665133300986,0.34933181249039263,1.0517853081761008,119.71774921082235,66.16041122897228,997.7961925155695,32.038992723418104,0.8904264463184287,2.3543648581326186
1.7608677690604013,0.41966211892634603,1.0380075851339527,301.25755262008926,76.86115401633603,923.3850479430207,7.631224426230867,0.8540407006209009,0.9682525781905568
0.860506183714745,0.12756568323635073,1.8431244341822146,191.01276121029775,94.26112338176614,881.7174527923598,6.276891166257809,0.8620826153196138,1.847651507249598
3.760981088800536,0.8644804787275877,6.206809672717247,451.15805719909855,65.1291782626696,578.8034433637013,28.331320976433883,0.7107289144762582,4.1039342213170515
6.828118847971927,0.380973673533843,1.4148533752602401,59.48518049178584,63.67772895640351,839.4250791066185,25.37008925102645,0.823685997856057,1.237807217600457
0.6344385098638747,0.4392572678781873,3.2157559243442777,63.83698457545507,77.53295622957027,795.1255691727894,24.34339158312808,0.7883481274134,4.58019673127266
2.0321417072754038,0.10309147039489668,5.856520702225714,161.38040781611812,66.79235007047934,709.096446581847,19.963738804269568,0.69739231807772,4.579516185851284
3.635141494621921,0.6038475361053848,2.084423228865269,256.10336806590954,61.02756735074858,845.5374958546394,24.791333137868957,0.791141198262832,3.3135320458924706
3.5653305637899058,0.1482612705590765,2.837801722603224,258.807819917208,79.07013041071903,815.9258812782857,10.695891065559739,0.7821062836059273,1.3400600863288563
5.574714663198626,0.7647332915992,6.5358628773013825,75.88271868403962,57.70611632339079,586.5245132252863,31.079060563458356,0.6869774015661487,2.912898099250677
13.874039349737455,0.33171365402771086,3.6850730927706965,324.09942261501,47.140426776722485,779.9868690566392,35.39002133980415,0.7904299352358608,4.494895149898024
0.10452406959326316,0.40203520100081375,3.366629937598204,363.67579533608534,87.64372397086997,758.4596463759552,13.88315366147331,0.7206156181250643,4.112665732780965
14.339115815253997,0.3638725710193558,2.4876259906008658,259.66572743338736,54.18096671212476,825.3821689673699,29.988182464987304,0.8377176796570998,6.050465856941258
13.416781076867164,0.42181770818565484,7.005148299351071,457.0451495435165,40.3551209655469,691.551414101313,40.756713117144045,0.7064765817271894,4.753794122006966
7.3658039535613735,0.5824710769001461,1.8547399985957922,338.14899107653906,48.584936635728724,785.4055884194516,37.507667625362494,0.7635015052657501,4.030401679876686
4.278247128426105,0.4418524830172541,1.6552906399968703,188.94673895861573,66.47444647903403,795.2848939519976,18.80308105211126,0.8155730534840292,2.270026492874055
1.7995142533619757,0.7732247512236334,1.9344892539385032,538.5538997996474,78.65451345835287,795.9431915863124,21.35890495284801,0.8222036097682452,3.7277944099712217
7.293684347169855,0.8622291930585374,3.9094206544154035,588.5124120524681,51.62765325106547,645.9372564095473,38.29443932247806,0.7048570789216226,4.271348972572949
4.475809708386079,0.1342054758524807,3.066029480682187,304.47071496702773,83.27930985942433,937.42453413631,15.942658557675053,0.9560327826866383,0.6535172883097098
2.5841785095325145,0.3000756844891463,1.1510995549179952,140.26428030117924,76.93128803063911,867.0249926707793,10.34563638019408,0.7264763202015281,1.6958503660450202
7.142071226478539,0.4244343388051907,4.2457334589538895,447.4258600652414,60.45583775554916,769.3911426715198,37.27614249483702,0.8099172141027462,4.75709412093335
8.160300511314311,0.37907431828941834,3.6413821112114357,103.46901649849902,52.47127837583949,824.7228899210978,22.482197552156858,0.744864926143988,4.485177452469507
10.423178046582137,0.9452164792672467,1.4227118618251733,146.99588340741826,38.44631429347188,725.58263820333,47.85284355297845,0.7345050109078634,3.8393132940304326
1.5874379328751749,0.6926325751972129,3.2443560900411796,414.3788125381603,72.97621480961418,715.6479249090941,20.08132581643866,0.7306142495235305,4.372830704679928
9.408531392130868,0.5183040615126064,4.939681030717322,134.29130983278972,58.15447998589799,686.8664243483597,33.62381103604468,0.7096417048543943,3.7273612243025673
2.6327524638619355,0.5020742454175399,2.0193746961178767,511.3989862629027,77.3551599304256,890.863078374219,14.888771944524578,0.7893881400639269,2.6017520423227753
4.2889003900780285,0.41983592703131967,0.4483091381235508,139.56196090105854,81.57287435392931,1028.9848916701844,13.736998413726653,0.8499207251223206,0.2764677525730084
5.055186103457832,0.3108418676311017,2.316915796579244,209.56731564296294,71.29426734383478,972.0530435807448,24.624608407624844,0.78752549958502,3.4184417522240573
8.820508795745713,0.5079474760443451,1.9219766822030062,196.97916249445325,57.0523529324334,923.3272398037973,30.390579678967047,0.8440335031444647,3.568029356791752
6.56009585304184,0.5527407972130565,0.31835210270175734,362.3496181355485,61.42319134588012,829.9546533163791,28.630811047578373,0.8051562800468532,5.867459447013163
2.540800607432439,0.459439820645683,1.6842331039819571,358.41244582415095,72.41611098163304,811.1283840949756,21.130893011477706,0.8168259248948806,2.6987658737216673
0.14152517923839347,0.4516430669974986,0.9403303184209131,193.29996626716343,85.33266467533637,977.8881086314732,23.767886912452198,0.9452337446925393,4.005879745671784
5.51897921425901,0.8845809483796643,5.964798373998932,334.4907712877897,54.94998984403408,720.2541338477868,22.28618944619913,0.7745991803808969,2.8232766135714553
4.132052155317725,0.13863526502917448,6.0110475195127435,280.2720120835877,87.45390437573013,786.5057244408991,16.897409202742573,0.8217361440185396,2.10539420388187
0.7880060071722425,0.02991273000184691,3.460795318529857,377.13452130708504,87.9409635187295,905.4291845396614,11.49476706728977,0.793656945224853,0.6124477194316937
4.5820673145282305,0.7270857756950707,2.206570060369827,347.45101554775425,61.37756726968222,776.930588891929,29.344275092050633,0.8218016086057836,4.7268171642623145
3.592593887502632,0.8444857675520844,1.8426744285752419,138.15714606979094,56.89132119187235,902.5884010120443,22.882048729725902,0.8606983996820673,2.6625453888591637
10.34476056806513,0.29190216955063286,4.685899243232064,513.1112824361584,58.36004408951284,724.9161191733883,36.4010959774102,0.6704210114742205,4.922209004596462
15.07139963438761,0.4665135512116752,2.0814895591001816,68.96128101282548,31.48536327547722,750.1313184980046,41.49647924674491,0.8040535291153846,3.7552773422091184
7.999939987673583,0.41703021881035796,2.4073839449491583,208.5853843148795,60.53387734860375,889.2278578953569,36.79903406589843,0.7898659795761122,4.226972881040642
3.401320791522614,0.3500228687950319,2.9854171594920307,335.2403467067553,70.2007203934502,793.1130673368077,17.933646939587852,0.7245030914593736,2.2205102145744164
3.9003700517572213,0.22815637984416248,6.948490157043247,244.25615324101727,72.67688042966405,609.922982916445,28.298671642610834,0.7435144508856302,3.971565900729959
1.524152812984691,0.3754329220337237,0.5220289643284987,229.30794937790148,77.21707351750464,975.4841402294982,12.02727361763684,0.8976857258252695,0.773151193699089
1.8719137100427041,0.38476502688866304,1.4627863877821456,205.78712123194643,83.41263496632048,774.0769251548146,6.344479488494292,0.7127345155747905,1.647001598542679
3.217216364395065,0.7763919641207583,0.7353762079168564,189.74198149018628,65.46574248087212,881.3857771992654,23.919239076639702,0.802361218360565,3.3833209779191
2.9036092096442014,0.47915956765565404,3.3902365767307927,480.5883078622797,73.69639883658871,765.7194935698425,14.282628125110762,0.8127500574107842,4.07315047396394
0.7269646316241921,0.46980381717180403,0.5399683499976564,231.7038987664676,83.88617859049607,1004.0124275965421,10.18411958904581,0.8427842938836896,1.959637533494883
10.427637623351908,0.5738186991355533,1.265259143187473,231.73851455809293,46.071228351015286,890.7544444977415,48.18997874540779,0.8277835991516742,6.131970612905957
11.565037960204565,0.2308689214170812,2.787740719852654,158.61012051048255,44.70444211921836,918.2902926319769,35.70665912443837,0.8442761010532657,3.6283724864581615
10.170987739281797,0.4471938165192909,4.222677183548103,352.83068591527586,47.81258070353734,698.9511927921714,37.89597895792371,0.8559020293585641,3.234528548534689
11.865190003184075,0.37739395830096045,2.2973769394645145,99.27076572868006,48.5399631349791,749.8519095867235,45.89213518854898,0.6774334729585448,6.91920622727684
18.363121925393283,0.620920181530921,1.285060908159997,648.8953949636195,24.142869567695342,833.7221871909883,54.8499479322417,0.7298225805872169,6.380762191082398
1.5575249127331774,0.5679317274131872,1.9036810409854779,138.8520494947342,78.92287400039659,875.3664114627918,21.82832378015932,0.7972662156125503,3.578958232466247
17.790000115590054,0.18758209480097743,1.830427926360851,229.369475326847,36.21425173111478,902.9224761857598,48.30762893064128,0.810147371768919,4.272149079301108
2.5251247242287405,0.7026276391473213,4.630397768977405,311.78947305761295,74.9435477122277,778.4359577585335,23.852539114342463,0.7692045460456386,3.74491185047218
6.234753318000623,0.25621344775513266,1.4053397320765209,428.09499796402895,71.69804009306428,938.1398837895093,19.726477472973706,0.8396989978685587,3.2597367864936584
0.49876848855946054,0.45240640806903065,4.432764785886095,201.2095983586205,75.15293891428645,691.8627881393205,21.20143469883014,0.7578520194875659,2.824790351183644
2.205007051478112,0.7261796185887032,2.2598718759835084,177.22182125056918,57.49403753833846,828.5568164187696,40.92015822623268,0.8019209869366031,6.2513321014372565
8.182778615234046,0.9020848457104685,5.212063881710347,268.1260984671037,42.8624834634647,666.5211715703385,38.32811970331942,0.6520325837837357,5.075157128338708
6.485355999766555,0.5970132315333113,2.6389223086804465,162.7368277611946,61.30779050332402,881.1405686850862,29.910995160713796,0.8172005616476226,2.895708988780391
2.4756064511552114,0.8253509855737702,1.5497875882494263,216.29624864847816,68.79463500634009,758.64402284568,18.08774386434617,0.7420906799013921,4.227379079862771
3.8987689292147882,0.7557735596116184,5.148087696941314,547.2174263287593,63.88213195150316,640.9157355589613,31.818582637552147,0.7421634470370273,2.6021297296529133
1.9660806451171695,0.6339582621597342,9.200754153716176,137.97469314260113,73.85396570743299,560.6904664537901,8.594201033181232,0.6801226609713245,0.4650474869533625
8.16488038381117,0.5616822411319212,2.775073679010405,49.96707328031392,63.06607612408618,889.5719060305278,24.38902375769599,0.8698851606107895,3.3214465375665165
10.966310684466032,0.7552104797838239,4.667706129442934,153.49201617771115,43.29089461414904,688.0497413724739,46.04633630056618,0.6769500121862064,5.186589103089016
1.5655960043563761,0.9773328784482527,2.6856949549615754,98.34397385596532,67.61923392376627,781.7641506560956,22.062551647479314,0.7851927287100305,2.059704936111796
3.543067170148123,0.44482099524669666,1.3606048592289106,344.805079349678,81.23279211002493,880.9660028049517,2.701994271119773,0.7714932965196215,1.9835198040759154
0.6858308142371142,0.2839654159500438,5.365422782207185,176.9351395012673,76.78669411804643,740.2417505695144,11.934926197579905,0.7772671037647887,3.043242477751755
4.4610745748723595,0.29532601268442144,0.8498296408013437,454.4428444871324,82.78205679096044,990.821103338075,8.254736685999035,0.9558041186528148,0.6451567818005872
5.699296086380294,0.5460822450747221,0.7384771505585555,213.25010522012673,51.45439707958385,895.1402695779561,43.729834681716305,0.7332413006158955,4.6376018267632
4.789455589945895,0.6893701419378129,5.409930332670435,99.76109509833726,59.26724099489941,653.6437034020164,33.56039976804684,0.6884826855452214,3.857402235614712
5.326332899520024,0.1669297841631481,1.9664989096555776,422.59773818218645,72.05205615787912,866.1993977057141,25.223584285272185,0.8159641006457162,3.7214484253919435
3.198404601339285,0.6772107685752367,0.9548280792583612,142.34098271353326,60.308108152819294,841.8000797644637,20.697333910870373,0.8511791921536455,3.0311648247972327
3.271843299827619,0.3924594486404697,7.168218880754576,49.552509055377456,74.54867746154137,612.8797897438195,18.13847295004781,0.6389983560788449,0.665181237670867
3.12829786682497,0.8229908149854935,4.060755244126858,303.64411624885514,64.78445015029047,699.8460090927776,34.28498331995833,0.6904793900331186,4.814822516113951
2.134974636200351,0.6900422051596654,2.2992025217221936,157.70980341670017,75.0442051661212,808.0562426238095,23.14154820734421,0.7937704929606935,0.8768273525305017
2.423828531531676,0.3970935209072314,3.1680223788000488,317.496348709766,81.34029966815399,830.9197909806236,10.31027878076528,0.8298956934840062,1.933112798023268
5.482275812185131,0.31789587333759434,2.899045722160505,387.55880520288406,71.47354461203719,777.2410949501433,24.978627629145194,0.777610792566511,2.385323607630218
10.436145288040208,0.43431399619894845,4.0146147649569155,283.17760317064364,58.42579781125346,749.0343780897676,21.691193496401652,0.7944630731069863,3.114848681301019
1.2616421161727214,0.46694063036911354,2.2300493452560133,162.8384966499972,82.76616377694543,818.4577279490792,7.214898749782906,0.8265147562717908,2.088942113401772
3.2601689201532524,0.7770533630604398,4.261255526754329,430.9646043953898,64.16850566241304,667.1912562715848,14.077347807328445,0.675460091326895,3.0189203119551262
0.9554528691820987,0.47575343327283903,2.754877592903454,133.41274393843057,80.83518465019684,783.6772786478068,13.035906248447807,0.7724083998817509,1.339299349067354
2.17657411023897,0.22209995220719944,0.3480502490314912,317.79130090580014,79.73923055706713,1006.80690775895,18.27711293824625,0.9325931355773875,0.9840652020040102
2.573208618668706,0.6305101135620816,1.6246610386862352,355.0175001288887,65.39019472797585,922.2762267656973,18.73814687879602,0.8148126221627031,2.7276730298578236
4.186114419543854,0.6319384164339502,3.730581852105858,252.54587347674823,68.78276661597589,737.2047784464804,21.594476845088693,0.7094147196904431,2.6973063980676955
4.082092652617915,0.7867180189912986,0.7203054493255954,382.55055231170024,55.591337035521434,810.5197483222922,26.342956562401103,0.7144488687585435,4.065687994894206
3.5134091583923905,0.4907125684837151,2.756280968726944,284.5744718074611,71.25471579723221,811.2658847642464,16.866987571958862,0.8468780497543903,1.9472236176776136
5.10831229809758,0.711225486417584,1.9704785568286063,307.6411548487215,50.404372027275286,819.5547125509114,28.732073348568846,0.9012571874472776,4.612212213134451
1.4132786095230636,0.5064644774262922,7.262415118920262,383.3282793251226,78.45344741952694,675.0581606617142,22.822625053218047,0.6723294428345863,3.622162870368583
4.217271569605786,0.31774447601602196,4.363433531510825,275.85835152448334,70.76968623893823,754.0183507649061,16.606840825097418,0.7823592676015028,3.4526198261404986
6.638417116164557,0.17939219435383338,0.7584250746047476,408.69433311694803,73.4409383948359,910.2324699569845,17.387935893958186,0.9097716792093891,1.9800047487638373
1.3923943628358446,0.3773810635651916,3.8641555284146376,499.6019943450468,80.27593292430204,935.9227444838102,10.947720805101266,0.8043878501039945,3.196918533491335
0.3577139105139031,0.13590210792731133,1.9387804105477693,324.0634222265534,89.89138053967024,824.4487190277105,9.259672804745659,0.8133061727975671,2.5729071479630026
8.112784417283407,0.5177395781592198,2.579886435811237,388.2615091466488,57.979099342099055,873.2109678419273,44.649931687192534,0.8915615057113618,3.9931480080720085
0.996279716938461,0.4759553281703717,1.957084794368848,253.2213128149702,77.05500080853257,939.7061555219636,33.07128017942472,0.8519832085887136,2.09872272134045
2.0654385592051003,0.3548229389658608,7.4136571492692,504.5417758162163,77.10033636985192,635.0010962230839,15.009955161370229,0.6784550458472426,4.44277445191052
6.483864258095904,0.8554816573024662,7.016662684243302,297.1871569747364,51.33077390387059,617.4066931976444,36.86981669630114,0.7410344694215388,3.9009158093210297
1.3096269890605838,0.20584312972161786,1.3983189642161982,369.47549307923043,85.29919569541505,812.5814339639361,16.361150592193322,0.7679517033519051,2.09788613512818
7.674716478463607,0.424441171807603,5.210178837501035,101.72595620700365,58.580057014771334,729.4191850888907,36.83011237012901,0.7105640428344193,3.7178450667180734
1.7570007413296564,0.5985758314776897,1.5887453734116939,351.97135900020425,77.01690076416232,916.2340000502227,20.207698604503143,0.8421725128554491,1.8473294132990534
1.524369177494877,0.1775791747987434,1.3278630636326094,265.6613750858912,77.13867661664878,927.4781084415763,22.945266274874694,0.9492809599646299,3.149111891881431
1.7746113549317832,0.8738415870353368,2.7587061410479605,344.5630559563015,60.33439554706652,760.8688214973816,30.547887388704794,0.7982575848146601,3.7292195710639016
5.787027671269311,0.9082296195835637,2.473563614461635,364.4426153790778,64.37608251617395,868.877822753545,21.46754067048621,0.8501893414046278,2.9480656693913203
2.065835154675731,0.6384579493785727,1.1398494792446274,384.76286636466796,70.67033003647418,907.7824125616025,27.43583477743764,0.8730075863236415,4.4837776769568185
8.139003640947642,0.1755025231223328,0.5631922990780269,354.4491492085785,61.1219272302321,993.6418978424847,28.355852009509903,0.8424620124494496,3.549735657298969
3.6467128935351103,0.7559051659151964,2.575830614916885,220.77774066739676,65.03475293456599,734.9467341839951,26.794273553502773,0.7713131867057518,4.846726271433764
3.9446820532617286,0.4284821569678677,1.1402651654016274,606.2459600061737,76.28939031575229,743.4245312327652,8.780409449979565,0.7272524853097909,2.713362844185777
1.4713167047340276,0.5623043153901034,2.0651128443269795,454.8067686919853,79.73354402444618,855.4330842664222,9.885564113404282,0.8062555932749023,0.7758056937502236
9.100737585248066,0.976626898772575,5.564784356539608,234.2329928914297,39.54112070145358,631.2468450498494,40.32948662769952,0.6691820494566537,3.8007002116815434
6.682358480540529,0.48478131333546326,2.18107280840883,227.2179546037784,60.2700340497274,885.7919604369532,31.290706725632074,0.8815302056027603,2.5858017224716536
6.53034879264433,0.8101837664202232,0.5325047216529388,22.85757608523992,53.4856850751377,864.6528693400319,43.650568130092786,0.9133453531097693,3.9105053895355937
3.026584563077641,0.2424520290320414,5.136293736853723,123.15017228812953,81.4158474551528,760.8432712159897,17.999477826097003,0.7139873497227764,4.066381427428322
0.8126594588814893,0.6579482967588098,3.506130428851315,154.60991819158568,76.34070729170301,762.9025874537668,15.781732670467559,0.8145406726117429,2.3167755671791284
4.136203768892731,0.1090197736726291,4.572087264941061,230.98323132182,75.28083758661045,734.1813914120946,11.68991991297517,0.7364831422543874,1.9591472922133513
5.584597114911856,0.4302153408380341,2.4377842745126532,494.60571181479287,64.94323782908307,727.2544003462572,32.3391940085048,0.7794388873880224,3.934818846908805
5.631206214938424,0.6782421713883299,2.425833600985405,215.8105157204535,59.82382055526495,748.0927438381397,30.350287169874314,0.7690562221835877,4.097920693602977
5.015641222803877,0.7498483862631664,9.58244695289072,121.79255324620937,68.61708943424314,438.0669291742614,3.0791018601171203,0.5373579507660209,2.2933234999629155
4.839864794951923,0.2600685335137705,3.525939830480035,341.09442541810455,73.0918894469148,817.2041728758198,25.402867472785097,0.7640833905593726,4.219869062753862
1.7475623251223305,0.5273224216565982,5.078025467532229,355.3943136519317,93.11779615391082,619.7991899800063,7.372841601550112,0.6665305566457074,1.5973353459821207
1.8432306209371734,0.7298643179322528,14.875237355949329,217.10485635926727,69.87761566384587,266.9571327486464,8.501291432785433,0.48352070233769723,4.914570296708236
0.9738382845532014,0.6985692525024615,9.390426805806378,461.17407722186545,66.19852366293966,635.3649367541229,27.705586377655752,0.7114900016473861,3.659815216708321
8.213399968165525,0.672241868456381,0.8956791515434266,478.38574152870683,55.30984027522959,858.8621330210332,32.10199224595029,0.9693172551552,2.9816310532913803
14.569306231131996,0.7791785660683809,1.0986770899290206,72.9268750793149,37.0486115718256,842.0606092632636,36.48081488357249,0.8380757833622077,4.744735831083677
25.382232834561066,0.7896662698703795,0.7359330959697417,356.8026033667389,1.4871086501380102,853.0428385753808,81.50183196757395,0.752587622151299,8.878521204290053
4.393754207892508,0.4458825510287208,2.399334360710694,46.37253587118871,71.65508773954008,849.8608757758176,22.78247188081563,0.8785102752097872,1.6359568050273658
4.850408515824085,0.39190012620359715,10.81829908206555,232.51737183498483,68.75282428846752,476.8963834869359,19.273472807074278,0.6216832653612396,3.8197050328068847
3.1436935725397714,0.38565435667674125,0.06051564685249168,767.3306116399692,74.50233096605851,929.8224987353819,13.453302901697198,0.855532825235839,2.6183075488271097
4.3335316224125195,0.35504421912095746,1.5785770370032286,347.0799374403591,61.48607527508287,851.0815407794669,26.113389888577775,0.7610326841852764,3.9190382817417726
1.3035244763783442,0.46860182623854124,2.43362346143837,167.52008578001772,83.66964306696926,742.7889687902534,10.78059604520287,0.7375477851031025,2.2195076501408857
3.083417799478847,0.3659275807298976,1.0067182227779714,367.4750181324067,74.7057882418592,975.2213210538139,21.463993204740166,0.9495006928306534,5.149319565392593
1.5386901798387336,0.7216469520336147,2.00398683668088,158.846796746206,78.07464829550341,758.6636388545754,14.210750301538798,0.7859698023865777,3.4869812587835245
2.713774852162161,0.8653619512191362,2.113967261820824,298.5535177694959,62.561577326444905,881.6729814573372,24.024041984992163,0.902702325562901,3.877533837108777
1.6900013221195642,0.5790537298639014,0.6666396047489613,139.28281609355892,75.1862247730385,840.590132771958,18.61666977249893,0.8753994479066513,2.9072618678975912
5.587054038608104,0.6647082966616263,4.4740245924444295,198.16308281031817,67.86708336851758,639.8189341008324,20.17030627703076,0.700027697882307,1.6565326387817039
6.182153555657676,0.08508570088754709,2.0235777140869806,456.87813849058506,81.00590711401281,1022.4478419175665,12.896076721617746,0.7618346705758199,2.8449594174377126
4.723111706764941,0.7007975869989281,0.932050230207208,597.1716878091437,67.51684226789591,768.8195298094632,31.323193436701096,0.721988087921072,4.09533827051985
1.8516104659305435,0.2720257406675262,2.4636796927040097,297.896860852885,73.28882314741449,724.7716285301864,16.089620456209605,0.6635938781770873,2.8408810288271606
0.8888007559605917,0.4570003543648899,4.364622324002385,390.73961615159465,74.5234006665357,670.0820539055658,17.075678049752984,0.7787286666444913,2.897317721569923
6.239132802778414,0.6740538541940315,2.295114254307384,181.09511608909455,62.93689057741747,798.814985870528,21.36262744024418,0.8107985974858607,0.923976478088542
3.628940660855018,0.6753586342568837,1.0185531107781534,127.39239050206996,63.73709081145152,777.6878292414249,32.01513316357497,0.7615632579146245,3.247438085658511
0.3328587068474741,0.5859037978800051,2.8264916141622125,279.97873087223286,79.72258830320763,765.2983104791929,4.056897115361348,0.7388650323811974,1.7949744134825991
4.105876870945839,0.7178395816898039,8.955653448991473,269.788758491233,65.773519760647,412.09181682092606,18.975398699190414,0.6071728430165059,4.161467512398468
4.881479598677667,0.23723432772388864,1.5215408031729967,789.1872479289582,75.70557188938166,968.8013859306494,21.28884712427321,0.8420419745573549,2.971720845109564
0.5440962946929396,0.7375331538411304,1.1657206209500655,228.0266485907158,69.65069550259187,867.9335084985061,20.342179761025644,0.7619096746828659,2.0073566774194034
5.668218248226045,0.7497535921267633,1.7267854248724532,222.04343555316336,64.36578944146795,742.5142635530198,30.240780432660046,0.6823541228887082,2.9595969268037727
0.6753043174967296,0.41423347474612043,1.2436922416509848,346.3172948757811,79.99599310992744,749.1859889182186,12.843954242797174,0.7605444365180897,2.1203740130487443
1.6406027936405414,0.44304990549428414,1.2909623760724342,178.11234735445893,81.95125554863328,827.6778530780724,8.601337802148313,0.7614804326336246,0.6322163650178112
0.6816987695382147,0.6164949417540404,0.8350907812347037,152.5483974647364,76.50664697454005,913.1328362182007,15.71143248363935,0.9033436408079605,3.1788623053899565
1.455262218241209,0.5096726708882321,5.064155438120882,317.36450123734386,87.49666989013222,785.5860066713225,1.0022828084868731,0.7760890727013023,2.1625534081927356
0.8989676888125719,0.26116328694541596,4.0892465194511995,91.81876020826071,93.01652629357042,783.1195451234121,0.0,0.7050207580808044,3.783633419461634
8.172654601912804,0.7298962722529505,1.9085188161910882,335.10444898016215,62.892649128500096,784.0879152795286,31.450452257255563,0.7630974325524283,3.365537210228167
2.8727540255892103,0.28542705241879684,1.4719262886723785,192.19396878176303,87.51003224600537,863.5943306561803,7.190367963322079,0.773811972009528,2.498663819502103
2.3120764828093554,0.4562620113931059,3.2955445601697004,380.01911401187306,75.98574121642811,817.9999560556411,16.628590348970803,0.7887248044614463,1.5106468006548084
8.785903557676473,0.15934038413569093,2.787184853655053,511.02795618104767,61.989054089023846,917.5026681131994,27.355351395038902,0.9090399131232664,4.952908576222815
8.437486071278741,0.6214409143979824,2.711368592635727,152.63277590699772,48.474391346604634,789.7404625484971,26.65735073113024,0.7699941029597351,2.9133066953250464
2.5024533148691934,0.48484467798934017,6.165271779378114,218.99417923517854,76.70265991346737,658.2300963038725,6.955732556933674,0.6652989615528111,1.9142981561268397
4.6444480273195445,0.6208104445860758,3.5844704746685045,440.64754107319715,65.66812453092334,810.3442038603005,26.32185160106868,0.8120218257447573,4.826413920276511
2.0068793793854174,0.8199701614703276,18.831931081975988,297.7238684307931,68.26503183445766,213.3894295510806,19.7520631668244,0.41022306171149014,5.1595216222492235
3.304426648161227,0.8500537356940462,1.5942803201154476,604.0137437922313,59.68997262296621,791.5236338310473,26.89609300551392,0.805114441552738,2.964407138215189
1.118195452079548,0.6541179407930322,9.207130103682783,304.1831368539069,77.09741449607176,538.6924237134155,19.72353859718085,0.6430218066840885,3.1511716635175375
5.238972285613655,0.08873950353267414,3.45703748144114,496.9879189641122,75.15521904055284,803.3208631969628,11.78346490875137,0.7326689192333202,4.163575168234853
9.056572837398413,0.7466796672607398,0.9783416569466563,114.44164311214351,46.75063555174201,853.6826155252613,33.87399858192491,0.749886946266044,3.3212247932426875
7.853420306177421,0.8039369018805974,1.3501909935754597,149.17112917155313,52.160756239768965,769.8093285693255,31.371785520398653,0.7466470724583617,3.8740814379547728
3.7839871724621705,0.29948801766600175,3.920548332990104,561.0409430623328,75.77148709315519,883.5666702617941,18.97949300662865,0.8538897340919028,3.6168268013705362
0.28001001121121905,0.3482789173432119,0.7658224903769311,147.1191602601502,78.32209680657044,970.2933757814126,13.017795220204379,0.9718653359643135,2.8290133181744386
1.9108679319282533,0.7430799668682373,2.2902935498259778,564.6249247514286,66.75183600440633,901.1477740550295,19.476655883538044,0.78716432860592,3.993672637965649
3.3005892390770244,0.35884743956057275,11.503281045715191,162.40107214214308,78.7900939574347,452.44126513755225,25.008306361499834,0.5239998309980437,3.509986635850526
0.7538319919149468,0.6225197840939685,0.10644189160550718,98.44377014684441,76.93685672089268,1026.5862665557095,16.383841152967772,0.9674620857382171,0.0
0.5876306835107082,0.8385722207090326,2.2776987102969257,226.62126505087926,62.56007429650753,797.7799376808098,30.136435084516037,0.790805629550724,4.195284621642241
11.026331267933703,0.6427304813388494,1.3506047664669771,114.59929265930285,49.346750105043284,841.5386559000167,24.601332378625667,0.7983555986387812,2.974594206418592
7.142516596071813,0.6910961072975086,9.446905690075502,361.2460010996503,56.047849791520136,593.9451259658558,23.037714461467374,0.6923217244586558,5.264411210180102
5.583189885720908,0.7747660605868713,2.145900739820378,46.69542015901662,53.572605723932426,736.717839933178,36.0133899018182,0.8064098076135627,4.130980783119671
6.493428048426734,0.49370817608650647,1.1669282185574286,686.3802100960448,59.832403726263,881.2766807932684,26.671745161861885,0.8829519154904137,3.2910029638577694
0.937476113770971,0.6862804864397816,0.7774202759618973,269.22614817863604,75.85668330893266,856.5778977957623,14.582391746180269,0.7811128776136453,1.1153925055464387
1.4002673150641876,0.6236413200160076,0.8837627088695686,372.4477285447583,64.165033191305,896.1569144307938,19.381873914362245,0.8619273646460982,2.537169016154222
4.405276062551739,0.03476922843791063,8.510666324092107,399.64914281244404,83.01754958068501,627.737079426344,17.733355938394862,0.7354657858841092,3.374352117333566
4.70933978138447,0.5097700128431272,0.2041938218365902,286.97551556229655,73.06141995880085,883.0021575697198,22.78343511243209,0.817614272571291,3.048491112536486
0.6950501875788995,0.4497122102758225,3.5505809869939293,332.0669655205978,86.12489247585496,767.676629021832,9.321344518351443,0.7815816239457241,0.8029744622546657
4.1373675270366554,0.25176470902018894,6.577033759206096,207.53782681672695,82.06501095154954,681.7249982278137,14.029453810477632,0.6820161524951174,0.0
3.3570405538058026,0.11826469059254918,2.2549121053677137,398.8825083521661,78.07257478058949,896.7831656192946,13.519426155603824,0.7927362348064936,1.5441310401949888
7.656790861006799,0.44156803023609165,0.8993289774722719,46.58265319041895,66.16028756662658,975.0718474459718,19.584633653817157,0.9081139203388884,0.0
4.729299282081826,0.4025369367506514,3.5409947095433023,618.0222798806278,72.1102388883325,668.5901003018648,16.41007295409652,0.7497090779303983,2.318145350450258
11.989203494531582,0.5187399167935219,1.1004131702138098,202.99225361603317,41.887382103700865,924.1569014368515,45.26533282302198,0.8950970278305985,4.5834087222777535
2.5165093115071295,0.6176937809098092,1.4454284671842748,427.1909116304383,74.34211573455951,821.1961136897639,15.592912581072795,0.7283267992328168,4.362934981454476
1.0197670327246335,0.8763183187324165,1.2314090256659305,469.0408204457809,72.21481146839034,808.5619146084799,19.794054904644813,0.8533230587895155,0.5140130982896651
11.752273210339013,0.3696318033562332,1.2833736039800634,195.79425185217403,58.20493892152039,828.0172193715284,26.679338940937573,0.8284873066853004,2.01520523579238
4.942893598644989,0.2781500281035827,4.845723247026923,252.84168630026883,79.20343705025222,767.2178608207518,20.195653760708822,0.8193859070557372,3.0584956962410805
3.3753643867731666,0.9554408741036622,2.0487767632914817,245.93064864050217,57.53500454103494,751.2501916951178,25.824575015741093,0.7070475532012976,2.986132497720591
1.4612955311475337,0.07336754402675139,3.7095508301826463,229.08697119699485,90.48528474935405,827.1161626181563,15.822840155721746,0.8412129069303267,2.3629888906464394
2.545712595690727,0.43375578291988964,3.7035474756261664,165.11357367373236,78.16876377141769,821.7822482939939,11.841194232117324,0.8280021297251858,2.1707374979784593
2.4145094066842443,0.22830557169494436,2.4049326281323165,258.78481465349273,83.30535716819382,907.6786263778594,8.252519357038622,0.7843683812366862,1.4128535160041926
0.9641246239986022,0.7512833610546644,6.844869404865439,222.7569101172742,71.80132728134492,698.7112458944466,31.75952486763318,0.744364190780987,4.957874858951817
0.1485946764562299,0.5580735693244991,1.0169099757401177,522.156219476103,89.37579021484866,840.0756771816133,1.0377131752504516,0.7556461548370155,4.289369420200644
2.3579653085474073,0.1502403930739142,2.19390202897908,300.2910354249236,81.05452227206875,930.6490027410442,13.037627510506633,0.862348871885518,0.9893475328890227
6.628020637721987,0.5485120073099431,0.3588356025889916,175.12693013089452,69.73506869289072,941.3798899405658,27.25547662110133,0.9839458802468612,3.505780972352522
9.657228744152249,0.45136880919497413,2.534626128755038,540.1022885860482,47.620062928745526,836.175721439111,27.40519302005859,0.8194221654726612,5.922180259860483
7.893842289810705,0.6993025033460204,4.632845330054312,483.26167293186995,51.9288135091502,810.9170525507035,35.199000331554416,0.7841071174146743,5.877276461386439
8.256808632272818,0.845639932626241,0.6617889725710673,227.17144010495014,52.911433616945274,808.3857988574335,23.72786243839971,0.7140684396483228,2.521312416885972
1.1131677047657056,0.6323972406855674,1.4953302022632093,289.64495415396857,70.58640774855463,854.3832500539243,20.80931084325908,0.8303910302922304,2.4246914265905737
4.477812179213131,0.29904061917248553,1.2516528619447083,525.7113766245618,70.41554913618751,923.3745479905238,32.92459978159757,0.8497175659512157,2.4036633034806787
5.619365548759992,0.86705649039532,0.09534855071654572,416.9834032477711,59.14029260819344,794.2552824612986,14.494980381842893,0.6793254657863406,2.3856268088757955
5.919658960146416,0.6756727795872266,0.8890727671944876,85.0587648701516,51.70728971901914,938.9827995357678,33.351690223281906,0.8121373021206504,2.8621761231846783
3.306275097497475,0.4787039610144279,3.9159726194126545,141.07996663497897,78.63749545219444,765.1595018666868,12.224894937867067,0.8069134215395066,2.2969362205115886
4.01437090563231,0.6224976362483081,2.3215067657266673,186.2199360316722,74.78725538797102,840.0011709054867,11.605151270038103,0.8718768715730129,0.5489929988064199
7.7107609967862025,0.44377194475534976,3.0755003266886707,199.81440597598393,68.38081124499125,905.1982538214473,12.953551003512167,0.8501260284931254,1.9577240992643006
5.4522392499702885,0.5071295808299503,4.645919562314958,249.3355589263646,67.59269481541628,750.9945121342695,29.279138968758865,0.8044801973423217,3.6358812646056107
6.312801467571614,0.3125189989224303,8.010540519572185,324.94294795035705,66.1096463395101,635.1219942421578,24.90974854121352,0.6861001277363377,3.118501404244272
2.2496449964899545,0.3424985288651411,0.8831575341207972,249.21090538224843,77.87644426062052,917.2835207940429,4.333278599281293,0.8159216270735256,2.2356658670360723
6.045853400509952,0.27386445061003234,3.59593566382684,474.5828509823431,71.4526046023817,754.787185581641,14.334169428310766,0.8662861959791492,2.0450097585435723
3.967272466920151,0.5212541763008935,1.4446367009193082,202.2385346905394,70.71475196323588,841.191901950954,17.20677729496732,0.7374794450937987,2.8940486613497076
7.108109419238959,0.49978444102182984,0.9646237879976943,474.7247951031854,59.279957111313195,877.3612459352585,19.076270065893866,0.8509514624772407,1.6236637082244076
1.7469227040834368,0.3570943463041773,1.8850194862984524,301.0094295450188,88.75164511701006,876.9268865608992,8.399890494793372,0.7969905719735247,1.104552369807863
6.654280228278904,0.5100065263064493,3.720020404840766,290.3124144215486,61.05607840406507,857.4166487606874,28.79120871359895,0.8074066648282866,4.422002992456411
2.580171592116705,0.8800879868063336,2.4969891407538984,393.5393973869167,72.44370055033943,823.8552675257107,20.73456498001405,0.8771337753107121,1.143430543783218
6.6788696944340185,0.49192297657020384,1.6899172805304603,359.6899000704611,63.16493838234315,823.3570719621092,37.90899043097957,0.7996336677879681,5.105852751256195
4.502917213019748,0.6530695944624831,4.009625528009817,248.69638513077828,65.35399873976972,740.2460530008123,18.607366828891116,0.7313397718207165,2.464501484708884
3.7119676618984916,0.8562521768009353,3.7881096655088022,163.54200362907162,65.04801470520276,804.0843316681768,21.628498803816207,0.7585178788913232,0.7499177695877304
2.7198311662351617,0.8329906084836693,1.6020806957517548,529.0969305969516,68.54104601141982,707.5293449461356,18.85888339099457,0.7559933069889843,2.8541203702601874
3.388824746534407,0.8144446706393853,3.5719645063213314,280.0819029186356,63.74961632149156,721.3055622546418,30.503026960431704,0.6888161393647964,4.668152268942743
2.363539664495322,0.38759485422313966,2.4425374125375985,281.71148026028396,81.04293190156434,765.7900068125563,17.740931177216005,0.7675704948053147,4.9868641407776
2.6651346062479124,0.5387020225354126,1.2591137352731536,867.6582001967912,76.97482181720291,1015.4371060309318,9.333374876590305,0.9059041816196577,4.62992918406462
5.3313625467515,0.6243622701903935,3.7721125098891157,477.21626374456844,71.66303232599266,801.7988109036837,28.506872513748213,0.7453156580758158,3.0685451331284845
0.43116588730326877,0.30783199231104086,3.862134031461192,236.09062739978276,86.3673029894552,769.56490132224,4.09485863951965,0.693502419378758,2.518395631186055
6.60577884131359,0.2791550226241256,0.8140111938969793,266.7445537989221,64.29961167299125,923.419529769724,30.1136423477622,0.8591266913326304,2.917399330723114
6.695327061458919,0.17662919466409033,3.5528872188300022,152.7638932451248,67.11013415371599,782.0843022781792,27.784352120080925,0.7539987734365037,2.654849419651053
2.7997479704255777,0.6916704156457835,5.084145061789696,120.61845853219764,81.1486042747719,812.3652322538684,15.583922974984816,0.8019723451377312,3.0880004671917165
4.107575760616891,0.45224272085792805,0.9030450796418903,236.00376119175968,61.972340838257566,758.4482310842535,24.643064316901015,0.6500257674927821,3.7205427006047036
1.2900661365082189,0.7827486613429538,2.798013837212301,345.8798812561565,65.61144605229929,790.3140881776773,22.20634350114716,0.7545966118413427,3.435439295141474
5.046311854783175,0.5499175849728818,0.9218531176715759,159.76023524103874,66.24295457863553,876.3677223292977,26.51751899915152,0.8718211684432654,1.1480582853181167
1.4845501532679002,0.21079720044558484,1.0108485880170506,417.8076512604463,82.20074427026539,866.2208694560279,15.61751678402452,0.74062852624868,1.8968408771387935
9.375304861223848,0.9400486457048377,0.48467747787044524,136.23835135126106,47.46717072171459,824.528347928203,41.030298647917455,0.8917994056638305,2.9788550945866414
1.126689210378477,0.8505054712576914,5.5612575626881435,238.10208791755323,74.01435146571907,552.7303270281039,22.449560861889992,0.6531243760313333,3.825475775718402
3.3218279595280147,0.8159891405709512,5.1187298873412885,396.7626911078635,61.96153285908892,767.0417464986398,28.681523144530015,0.7564564941952594,4.550560911410119
4.245798931770179,0.8752617642342546,5.329233499338773,713.0425634881349,67.89977093685968,657.0785930468638,30.950252831099487,0.7029348830600713,6.5287385867723415
5.3214916598314215,0.19895487218880611,1.7426816093185722,570.5701254427078,68.54500738324322,955.3527913257672,18.417211101307217,0.8338639887922257,2.1718386383978796
3.598135469369258,0.7766614565015904,4.637204928954384,502.1534531877619,61.10280210285075,668.9369988712224,27.482808621661913,0.7756019652661558,5.6353158297263235
4.57689762122924,0.7901945695856575,0.9574395301620499,286.1909557087646,69.37669998421207,923.848459267274,18.08689811430143,0.8665104839841288,2.1595167042313763
2.73657332484302,0.4824480511053919,0.8019420526576497,430.98258366028483,68.2019758270966,897.6413049978488,36.92028025696291,0.8451584391925541,4.359134658452472
0.5638466865177465,0.67726404244603,1.7707817521813345,225.98988098167192,78.11122547418124,891.9546530480163,19.907970246055037,0.8885749358827343,2.262002855472116
3.4732386077051336,0.2934418205644879,4.897669373561558,381.9686925735332,85.08547669731801,794.1227752114503,16.520360481861577,0.7991040086481597,2.9416875356915035
5.941948194277835,0.6984427599762951,2.86561539941857,112.83022350761146,46.71685551656069,778.5911384742635,39.97634497273624,0.7364308092337821,4.911706826357022
1.2118059839013606,0.9429548253214357,1.5942493005742682,324.98046382845416,66.10227858837814,854.767813090685,23.38970211963942,0.8144369283882537,4.115379581272949
4.284067408208947,0.3873234269380607,1.5240904318154684,112.4442705119306,77.20257266973591,1132.0614112554981,31.982708939415776,1.0,2.5391127730291863
13.796715885741953,0.23076261687371288,5.568069769329569,484.1417911758967,46.49054167655015,674.7923597454649,44.74962001689324,0.7110566975113721,5.50382600154409
3.2672602272784905,0.28998737979312816,4.101340974725162,418.85813522192973,78.24506850712214,785.195582306492,13.303972086460984,0.7070050935411614,1.8699210735676974
3.4246482505999785,0.5677826855064977,5.774527195490073,601.3544684009845,71.47163668872408,606.2312051052335,18.337711721128844,0.7369674586358973,4.136647327684617
0.49751034210138445,0.4479213914608542,5.499105944105583,124.0062881143515,83.87311574858347,737.7303664818662,12.620768270219276,0.7538705864656825,2.262101126974063
1.0463119009525512,0.5384697714984341,0.3863283366513941,862.8557055124724,74.36996768077655,917.3229591326053,14.696065511975684,0.8338311137942223,2.6227164084726207
1.502990679196131,0.2531562266796191,5.043650235108985,265.6720377526068,87.99331815633494,876.8395969746076,6.318931852026925,0.861827445755449,0.2079743663022542
5.75295797217785,0.8469488517064008,4.1572826625690515,480.31337927306856,57.842422253937535,691.2690572398811,20.391976324560794,0.6932270212197771,3.6730990903839627
1.3121287955080487,0.4629210104219661,1.0545855360529561,148.71054585059147,73.76017090865074,945.489632781474,3.9954830172504217,0.7938572087000434,2.5420106889858385
4.958569144672048,0.6297744620074814,1.7624334315424308,340.19846891720505,62.05166204119605,710.2563382060006,38.42537180455596,0.7290625289700869,6.1533993871994515
1.6606055411144247,0.10109612973800479,2.090560412516466,247.56279104347212,80.42501245499582,910.3198502225518,10.664698383053336,0.8827617545744664,0.40645308583801576
0.527725997488385,0.39294242153168174,7.883462604164519,418.75320516085424,84.66247530369392,573.5316109048258,8.912263916434426,0.6336647107613597,3.583972720154442
6.339952563719237,0.6729723209264942,2.5185419093868613,74.25339909751347,61.609092301661434,833.8488992008857,27.287855101444766,0.791790291880442,3.7536618349332693
2.4411872958348395,0.3611149262307266,4.028479160419689,140.05920648507424,79.70932347545,853.7729717484915,18.37943590841318,0.805989662132152,3.7173610560216215
5.354736017517707,0.40710443024709186,4.990379741161112,509.5916568045753,71.5073188566347,703.3225214496313,24.600274770263205,0.7198557893763924,4.303184914482312
0.5006650418086428,0.19189293495705229,1.6675641142192865,137.88154952300022,89.36805871703463,936.9478439632576,13.61706763072169,0.8725029165438776,1.4132473716831457
0.11745340146381525,0.6359147787754976,5.468584065384849,250.25327768166085,82.56034345517129,664.4544968069407,15.657057897695843,0.7415456098311406,3.3143505593169698
3.9363045919078647,0.373716942893504,2.305004841506594,229.05368953548876,73.20864021835075,854.5808283449825,17.14610912942029,0.8525328145395829,0.0
1.0004468904528472,0.17775773247831947,11.614128696382156,319.54350235932685,91.06373554980159,533.4511846907226,13.843029988658134,0.7246539601028682,1.5810130232872917
3.88648048882408,0.48579987416754233,1.0383123442151176,158.41187093978468,64.76619382804616,825.3583739835002,23.59228720226312,0.885363277375291,1.678601700866519
3.9615643864960424,0.7359980485529873,2.1290018703487794,535.2023704356181,57.72909014756035,744.4955985875246,35.779433781915536,0.7065877459651906,4.140308691559337
3.5259675733801057,0.46805991491783594,5.156667214267253,323.4669462877165,73.15367362384002,775.5600754756477,9.553450216426908,0.7568396918538319,0.6206102928729043
8.205545929950375,0.4462448095254856,1.3037333459203722,567.8943981430665,62.64955501037142,840.2719506126268,33.95360936824017,0.8431610454427644,3.7582376288187733
4.8847403956365,0.5789674158810244,4.347751380328063,416.5269628428895,64.48775383334115,816.0261480639577,19.509317440283745,0.7029285408278694,2.731379398063943
13.786670217838427,0.37738884139134204,1.8474054452425372,312.1112694917029,47.39582333680616,762.9906086945108,28.122771860877947,0.7764016526777222,3.2813242582292093
2.5075040806214237,0.5466006309164575,0.8917585150734335,36.63291090884876,75.36185761863312,938.4602931809609,9.452271028464667,0.8231347355872433,1.6438748258140614
0.7758793531583557,0.7346761144712562,0.7329995072623491,379.87283672803176,64.06124570800242,860.9731740859232,26.37427805075317,0.8167789180287819,2.1681127419288155
1.7851645905733564,0.6595203713296367,2.784550980257825,377.54442706768754,84.77337183264792,784.075688390282,24.374234999145187,0.7738923203499788,2.9305726417613647
2.657767440142763,0.40372704332838266,3.4075923595776323,561.8006016336153,70.64013906586266,811.9794423119614,19.37545635875739,0.7015367939886957,3.4775203387775924
14.653859898304148,0.5076234106740954,0.9883357350463657,296.7410752578698,33.62417547297034,797.5696198910491,45.78921139772292,0.9022976584010847,2.6958107472903814
3.7114315647822753,0.39999868848645037,3.632357336540969,20.748247839889412,79.61357826624787,862.0302769937227,18.881014673542985,0.7930306134438699,2.0992161992493212
8.446293518463607,0.5209182912437137,0.6731563428111708,281.008657433206,56.73689457541867,869.1185099586422,26.829376522033964,0.8962147808385874,3.25844857712432
2.3045419052777327,0.17264935732975142,1.6898887946513717,392.61288043953255,79.93110345961006,856.451367433969,13.15048580952367,0.7349571775417858,3.390439398658349
2.0294319223930684,0.29251938016051177,2.260530404339666,279.98345067293724,79.25069280575177,995.5737183496593,12.43329608107673,0.86736552282656,0.6326488992566011
0.46975351020915224,0.3857803489594145,2.1175799034794505,205.04619816807147,79.54399382468381,836.497036734166,26.122830450646376,0.8438200311909946,2.816868645584416
14.308184873233113,0.8100268204315358,2.680659779548486,434.34893841628445,27.823287613793482,719.4512423409204,50.97744875828143,0.721584061739629,7.021914107596675
10.69495449049304,0.3493398742898778,2.1901446417029486,64.67987332433631,58.12814275514549,908.7680598272611,33.802174004143836,0.8872086257074419,1.436004175354427
4.322985079186273,0.8055911578410239,1.954457948868002,277.2441430588768,59.40065181088168,816.7916614118604,24.146291434029184,0.8237433828921498,3.008197851485205
2.8126169422641247,0.6275838506287091,1.947479611135073,214.45200696818256,65.53035887490505,888.5585780124668,17.294996910012834,0.7935824890693364,0.909242506078692
3.8404125232369637,0.24507706151525208,1.4117056494576607,137.06738548884795,73.55178533069156,911.7751133914361,22.497100552681903,0.9101810990770541,1.9138302295069476
0.7341879262306512,0.4901117859738536,3.687292168686959,316.74569634480304,79.76791772129668,836.2996227257413,15.67946136923355,0.8324055292380572,1.5856335999659383
5.346224423022518,0.624325935108086,1.9691370897482412,604.4275869097743,59.60774798344259,950.7331160372757,34.45506312578759,0.7999228461409587,4.93976369655879
10.031329655076064,0.5645160138998812,1.2765000064575296,153.92815781640286,49.2531718081188,818.7911561763343,30.20216218104658,0.7982244551977886,3.0341166194027354
10.41948247863023,0.3924444151221003,3.5182839399661714,380.10721516033345,55.671038161897435,772.8693207485132,30.475661186473868,0.7980669611649593,2.5274541847612415
0.5010110666268089,0.37623606142047306,3.1416446974557406,348.06260523572206,81.6869723604369,721.7416683625238,5.0892708951980445,0.729746466748759,3.4372503823917873
8.385321001021405,0.45925672676523926,0.9473914493181314,121.87359104337878,54.064008249606545,916.0149921936242,29.188598789083812,0.8537223156599572,3.195716961788359
0.7409973451465212,0.08939362238037689,6.185851826321169,346.0379855292124,87.05812254759714,746.6645798945601,0.38712526811093007,0.7739953739517924,2.387902954024172
0.13799291027489652,0.22645971637457907,1.7048949504596722,221.3559487033904,95.88520879595005,973.6006377909946,1.1741694252610597,0.8041114715371693,0.02907864734318233
8.633933783843487,0.7888377987770369,1.7685699913850024,179.568466075914,60.251970005820816,809.2148370262124,35.670675654921716,0.7771716392853623,3.4881151832555304
2.1194194190098,0.4135247918040384,2.3213362906324093,177.0242214059246,78.53418770020289,840.0651204845785,9.877119496134515,0.7869859750657853,2.782366114807876
7.703970193502988,0.6450190282938285,3.0674004806075277,899.8608642162411,59.38709611673442,792.2951481087098,23.20463270198924,0.8148232483710951,3.4616518665661715
7.166426836415588,0.5882380571841137,2.4084150967699687,84.11313188592213,54.095269819064924,801.3777387309675,31.131480008886616,0.7542982570613292,3.390775240405018
6.452548102189748,0.11133553476345338,1.1773204679479132,496.8649402469702,69.90816212618704,958.2890630870556,19.959687683212692,0.9740057124945036,2.603026773162883
3.7981279406118267,0.40802098119272573,0.42442266023083014,238.82883988546553,75.65484146116684,935.4070698397586,21.662040091330226,0.8335495656359732,0.34702221872644046
0.858003913401007,0.6985628690316795,6.10388863096075,145.83129992393822,63.1437368875513,683.3967958440971,18.0052997347143,0.6552952703986857,2.6974406045641786
2.6633935331982945,0.10202287124385387,1.043906872397128,211.13871070067313,88.32236248395337,929.2680491888129,0.0,0.9205090252954621,0.24188894610563527
10.552392550101242,0.2368953783955859,3.335064883654516,518.4315125169715,54.597556606303534,864.0677466468608,32.16280188180369,0.8497251897189019,3.894823119992194
7.862544925782647,0.6828658287903837,2.3929393341097853,531.6879135570525,48.951336567183475,838.8792568218859,45.87807314993353,0.8239366504226476,4.542330482667668
2.8023189053196176,0.3407881367897585,0.31521121928930207,142.79259327499398,80.01420393255485,916.6923112347121,12.826783883282912,0.839150427542769,0.5053704938371804
2.7686991618370804,0.629338677099802,1.3886932658270048,340.33481249961466,78.17262123380135,845.1512031283941,17.65510470644039,0.790665289571764,1.9075471836782627
5.9911090968247,0.2482030398221011,7.118321249930371,327.4110448577748,69.25651914981574,667.481875943335,21.04316622994829,0.7246422567114598,2.6375676903591274
4.0499234181747426,0.19328389154901568,0.4614899482237065,232.57002849870298,79.47882737391382,878.9268911718009,18.838033832447145,0.8001601817663792,3.1786346473608855
2.944976692445308,0.8218400682055585,1.8256190319992052,360.5081510917648,67.88747720831861,774.5511454670972,20.712476259514677,0.8548884539670949,2.253524462901165
5.583566269314357,0.8114314677095941,3.0660284441212484,411.24899108215016,59.163532367921434,801.2820728942868,28.143416839262848,0.7938344289014417,3.802390899940222
5.429408072587585,0.38748253092689466,1.0488255857418471,137.65699370318453,64.04123815700137,950.6947927472783,35.00009321353674,0.8580381475426155,3.7023369783746243
1.838961929984476,0.43467142802693653,2.5972015245831894,78.64756886044523,79.73393164888871,851.224330235433,21.050672717853836,0.7911962170251645,1.9268638230622352
4.787968438948624,0.505738481113799,3.5574403654467908,121.60645746107059,68.9134545671292,721.0476506020572,17.61008398186486,0.6728927295750553,3.6047476424540936
5.155181001164994,0.493300600151145,3.234078237739151,207.04984660016981,53.553455898035054,855.3666232040133,28.518738995272503,0.8497055465462969,2.7714287899496792
3.540917429504697,0.8191583891425611,2.591844911048054,233.70036696879444,68.1861525170452,884.5726935735495,18.693428569462398,0.7923421115248617,2.0247595137212833
1.6325365526149271,0.2878967057520662,2.0710502447965347,434.5367296363749,75.38668719136038,909.5764293643111,10.486212966501476,0.8393038200753093,3.2949286279913124
2.5825144976932792,0.72878208351509,1.0880009221273408,255.92206109342098,69.67412545263787,846.9961618862053,17.914182077959868,0.9355701031949684,2.275248189378696
1.28439937626189,0.4861695138430895,3.478520511642392,207.28747711522232,86.58135919859647,736.0980325854634,8.664078451257728,0.6514752523986767,0.0
4.9005157835634545,0.3522070570514379,2.356811735400031,75.98178809200635,70.27417642640313,852.0593739921238,16.16754851340741,0.8062686097274528,0.0
0.5054091519199995,0.7289082606624755,7.764802782544779,508.7168221184502,70.03050218114116,550.3805393869181,24.047326265951924,0.5618052524614804,5.849243540047012
11.387550875166191,0.4837362358802531,4.133051959315909,142.6093416255882,51.5396872209631,750.1723248590405,23.880825235386475,0.7232407506069474,3.1088632700713634
9.673083680471757,0.37619840328627285,1.5851658140906832,533.0689266818422,63.58527169813899,957.515500685669,18.410835998775095,0.867391261964852,2.762954938354766
5.259868634711814,0.7007240029138468,2.8210767123027782,194.2399164523252,56.15926603855523,835.0362522672477,34.64325058314605,0.7358373266175829,1.7338950775474742
7.501638285180586,0.5234764437930991,0.8083370887374108,127.06135140971017,47.61009477537102,868.5688356161111,48.07846657260672,0.841597545802512,4.4293455904007075
7.107806539643503,0.681783968162027,0.40255406295856805,270.0994298575411,62.54534448465639,886.9011186655101,27.7354921942561,0.9055616234830713,1.9876748437943559
4.105622836731023,0.6361853096392024,1.5418229174998128,156.89499461625002,71.04941611325532,842.6082912543612,15.26012086547141,0.8222079798021071,1.7523888389559388
3.02422532251929,0.70368679612053,0.6619802024073697,223.68735669839612,70.25958922512416,841.9685340098198,14.13961223659473,0.8471935416429819,1.308579013633258
2.7057974292666387,0.4857079020223973,3.831934379139165,265.0396310843594,65.74080648835725,693.2570949987404,21.729943497558118,0.7971662747946637,2.5874086775886584
1.568120305092239,0.9790575940811641,7.295025314599659,408.16312401459476,68.80757974353091,611.0219575345681,29.434142209854624,0.6969707055498842,4.273709713158546
1.6028780457594736,0.3307137626308743,5.051613238864168,694.8711064981403,87.09129673443924,819.2426268868643,12.121448488309357,0.6737699261836707,3.7109322051235774
8.03234687906149,0.5341766555306916,1.7603911175071247,180.2823151938084,68.33052538109247,813.0125471251093,14.746427912311425,0.7967615262162226,2.084669609121012
7.444325258087837,0.7100865636624974,3.9525979145737082,284.6146642555404,53.50761151928336,696.1960737151229,34.71874795765269,0.5925998811093988,4.675535254360182
2.8582887523162284,0.6902174548937292,1.475389674450579,107.84029960107482,69.96494813617505,891.91865523066,29.63283205854143,0.7990348636486874,1.404765952946552
5.741287125689038,0.4483658206627133,5.508810193350012,370.2859295304034,55.80365548852407,672.4364790321406,38.02240507494632,0.6285136718542076,4.812900744246147
6.378859729264533,0.5550610551144982,3.5587582535024636,297.59419821637704,66.82866655440252,691.1900234612436,31.20324565778569,0.7283597155325869,4.113288609029512
0.8037413408817682,0.9263514197037089,2.3292003295765213,74.84985941695236,74.15101353399753,741.2379025506457,22.89591850424589,0.6998791369119529,2.802440586887988
10.154886548412895,0.3968159542391678,2.2108691049423155,307.802476572109,56.63417656333706,933.4028024719136,22.662774271471484,0.8750609545877077,4.289305967989408
6.377036454875569,0.7458234151024546,3.5535417243055516,152.85878066506876,63.16143748437118,714.5814468651288,20.942749345335578,0.7678101633578217,2.413454266145408
5.3425906408330786,0.6172219967563394,2.2281455345917767,221.56842079001038,59.632796452786735,779.3923460736333,38.69433908522322,0.719720620622753,3.0551841400156166
6.417530751049167,0.7942380526131807,4.8605882946696255,601.8868794864312,54.800762105136684,658.1821299159598,29.598869088005813,0.7074719411300394,4.44879086459642
4.813998121863078,0.5837365085701814,1.7304430844752574,84.37311682336173,65.06918788924463,774.1724637627292,13.07239018348349,0.633554659748558,1.7396080107369714
3.356171734746341,0.7486076273894638,2.040046688312112,389.0830910774682,71.71234351426882,727.0537665867141,23.439597823897216,0.6616046279151454,1.9436297826288702
4.138158289493497,0.617979082675006,2.135216366960301,137.89483532417438,72.74430310586057,806.1541467111066,25.451396356214993,0.8470724696516514,2.4661188578836417
0.7087315652772834,0.9525301446714877,1.9228232929092326,121.24957310632078,70.64907540348628,696.0416694548006,20.063242755298575,0.6735259040893307,4.302809337380364
15.270778684730814,0.2810301355815723,1.1545686297190678,174.7885178653848,43.488425159795675,887.757182718472,42.85667319661486,0.8063985045557428,3.9900072293122264
3.3039600180097795,0.8815510462635303,1.626406096882477,113.69295638777068,65.803972593215,818.5198637112346,18.968100799270577,0.7502221535649759,3.577447041908542
15.079436194292681,0.7894377818795045,2.2975477025948545,789.2264515894921,28.343248082502505,812.2899594851125,47.373886165882624,0.7007122525107404,6.983790990193155
4.200621956107742,0.23131610184289975,2.1670608714174815,78.82283815590064,83.42370695780377,870.1805630625071,0.7500607847083991,0.7704116727964161,3.2732970225195457
2.009879572930513,0.7693880996463169,6.641152674958896,106.21549112347593,67.47598825466832,547.0463011462451,16.325526840554062,0.627938596510706,3.0885569101283457
9.932699748697377,0.2571972225222639,3.077488043211263,62.10359928326703,60.9197193476106,813.6409491278042,35.976448526036535,0.7689204089339783,3.7720038562430926
5.162236203966315,0.5037268222418468,5.695611529027379,150.01902311993143,63.938738685492844,717.331206994239,5.354154356784036,0.7840616765635051,1.4655774545199274
19.384506154203265,0.5335076390133635,0.5787318647656136,273.0574891939522,28.242937536685027,934.0653151648846,47.905839860397165,0.8295105821206213,5.168530742572415
1.9563396291503856,0.29824321263113185,4.4305004913941435,291.7992711649227,81.17691261253334,761.6646426350239,9.9736284053733,0.7563975770766566,1.8523908412839454
10.25284016165488,0.5459217209341015,3.0785534409157016,313.939834237734,60.92625904420462,752.7358170841843,30.918504251109322,0.7244409302381569,3.4195999659970098
10.670215775769677,0.2408964077349663,2.141499381062512,326.4351511285904,56.33466475123257,883.1909986072412,17.76565415845327,0.8766121966414692,2.9053261158846295
6.8157437313036695,0.4821169163298971,1.0715469261220192,454.2962681251282,67.18668248181899,863.5969728336685,18.388608549586213,0.7465033355892721,2.5075354849535127
10.737880970106366,0.8539497464857806,3.7792427663272754,608.8371950637414,38.285141141443894,659.6316699204485,39.669785382880086,0.7196635286988052,3.3653572517629726
3.375425007850539,0.36794463295187574,3.4076485165290853,368.2692586971136,74.13891488891878,826.920568315233,20.534252629041926,0.816398036792128,1.6197903367723419
1.5593511577397874,0.49403313574308866,3.880307884978218,266.35785853028943,77.76087721267567,771.789207130992,15.509458240347174,0.7220090988895507,4.2543259027421465
2.2028092522335148,0.7738350396972928,1.5922847517724,140.54541344252112,70.80259389030587,753.7798166478876,10.50201868654899,0.7473020616773122,1.5603238365014986
3.9481874979924982,0.8208688627215609,4.844807422606069,283.8943563107156,58.901191642395965,645.2029530050991,26.736545245273167,0.706469696119132,4.355628041405579
7.100876945842479,0.1287175938428441,3.600563247486674,360.2578555149063,67.6254409034897,825.2882546846841,17.99760129244426,0.7605837073521465,2.1807667980430754
1.6837811470090949,0.2360332304913347,1.706223714941725,216.4202336415495,84.49422959223028,804.9046007808512,13.635066323586873,0.7473094608235082,3.1709712470107707
2.708136174490967,0.13341566834517124,6.1945699956893066,405.7205370197511,85.5336869883548,688.5895826965897,8.64952740910961,0.6516673288428252,2.9507318561343925
1.8348440638808263,0.3018430688156529,2.758819317806233,322.85447984915817,81.76788223155812,882.2788454847591,23.253941434248226,0.9304846738503254,4.705609425307743
8.135764794806821,0.539703547349206,0.4574151871757464,158.22112402331163,56.20301263654027,871.3546042917953,26.674287089253628,0.7994663164566871,4.368588065995127
14.991852386706833,0.5740470098337211,1.7041414513633273,175.8697437833478,29.036393050331476,797.819845376498,46.26729866404774,0.7173913681286916,5.636637301313756
1.2750838112972465,0.1658286935435746,4.80633627984869,495.9425914221553,89.53098637574024,847.8350825994647,4.13586305899797,0.720295763456769,1.5731245333646289
5.967755188529301,0.44869670573460263,1.7465989614339712,61.36245914498713,70.0936326884666,883.8027051708156,19.77640383860919,0.7901427821469686,1.1586510363053282
8.9491302066538,0.40664526973346404,2.4224828736997917,71.19672065224508,62.792451451766915,883.8264254366327,31.096009394092956,0.8436418386113385,2.958882649336423
3.103633577101348,0.8102026202639411,4.905261591106742,124.78312505737783,66.1847014239755,635.1420510031572,21.017483346664964,0.6683122424427922,2.945065371318862
0.7623186722387915,0.26531144724727174,1.763968856447467,819.690412929487,83.06358739096649,872.5800605450278,9.482721508289291,0.8410791414246765,2.465829313267091
9.861786847393756,0.3993799061931721,4.070329558920568,329.86237197985207,53.82120657152808,776.632102506914,34.4673495508543,0.8017435156046681,4.717021395231078
0.6992566066744219,0.659468880901186,0.8356696017425771,174.37305731953052,77.18696508342802,881.2616528276342,10.291014438299406,0.8212111618187332,1.7859081577030662
12.140596343374181,0.3606338562354854,3.003019952495327,332.902051458891,49.468567823026284,962.9303241271778,39.156275677605194,0.8713806049087366,4.181745733479618
1.7933770986329485,0.15696098577890572,2.8759887500438994,164.95905695277077,81.4699545829004,866.4640219417182,10.703424088328102,0.8981643448688952,3.0158072267056184
0.5637509547355479,0.2324657053718229,3.1943122839089497,265.2095135685135,79.08537288297644,902.3866918495929,9.223401647676804,0.8782641397344076,1.7381475566863656
2.3746070200651865,0.3213712242540023,3.4768679751107396,187.80450276689257,77.0638562841342,950.0178178397225,5.0204124268995844,0.8892358742212668,0.0
3.6700527590838083,0.7339592931364582,2.5004146679084673,325.89250684414463,64.25637820985635,892.8563115994524,18.408080876646142,0.8185595365769675,3.692675547976081
4.399417247374611,0.40356483031305185,2.2839712006106483,229.03985976918548,73.25838654904517,857.5508502524041,17.47941152138579,0.8483020269175946,2.5210361917538324
6.385473291627809,0.0650383076437423,2.414002546325134,176.61713792374317,72.16920487936753,962.5408890858615,18.92724970339824,0.8951403638934189,1.9094862706699214
4.75282784205605,0.5654179715856921,6.036852990280819,264.7256701668138,65.34856690625914,681.3661450856722,22.550867647764214,0.7245522057490218,2.2039033608505743
14.098521017625785,0.48819090925800274,2.6864378551827017,201.979849381558,41.057744468038976,816.9761760522986,32.380414751703995,0.8260468034290859,4.7774522223994484
3.5139769205287905,0.9494887955346633,9.146477909850127,201.84573904876387,68.55417048894975,542.1805598936119,20.741181652262796,0.6416120229384654,4.828439664125173
4.972720508127234,0.5792644855688049,3.4660574512609417,93.39759699416656,64.7683840055138,827.4843643114506,15.343903749889364,0.7205283255439132,1.580320773607326
4.622167328266845,0.75398745546017,2.6873540473118616,321.11143763361,54.54043448318567,809.8352078089981,24.202280736000553,0.7886348064733175,3.510086151351312
0.46920860913525897,0.5296726764175372,0.9060620969652697,973.061296867197,76.92795768124766,874.2547004536299,22.661099938946936,0.7687997321351744,4.8916123341321995
1.0078750620473487,0.357353830556502,4.263293382568405,272.178570709491,92.08248804700733,746.8894714885389,4.731364642823659,0.7797984747992663,0.0
3.9625183350514677,0.4232098464166908,1.9906614384140515,209.9881715846868,79.70283331574257,784.4845125224379,16.73990634084457,0.6922687367988648,2.63866511493204
5.49913790011593,0.3904855845287676,4.720286463358733,214.2346806568021,73.43845797074876,762.3541351696216,26.99452886688159,0.7558591929017251,1.5792469407622443
0.23008562867594456,0.19325708667878588,1.357915795302339,485.1216469084947,92.9859360766318,930.8866184676783,4.373361081524968,0.8614236761562055,1.7175778302441074
14.580423388151942,0.613397030679861,2.404792656086461,25.646253095525562,39.48861220095901,861.6239967463752,47.92987050274162,0.7596254373705518,6.869819265834102
5.875923927447157,0.1774723250568233,1.9283564083133191,277.07359303237087,71.74057730042176,808.6940026043354,21.912424659734178,0.7811623557491657,1.5145063230371183
3.7645689524951136,0.8757287202702525,4.041162947578355,237.83916818733775,66.14955980174464,713.2419481965595,19.185607308879874,0.7663314647065799,4.587787022002177
5.653144762704548,0.22489180510329193,6.364246991079439,228.6045819577257,76.9493316966556,699.5464444196299,15.074143331616533,0.691894597790555,4.363837934698009
2.2390713735347934,0.5832923970870094,2.3661672722507685,259.85959743239096,77.92280715461682,814.4092113959263,10.750556453486515,0.8031212302373073,1.9648251085848387
4.441365696073179,0.5302919319114495,1.8085486685949628,130.97384101873368,65.425453708762,922.8288324497881,27.674237581233903,0.879079049979928,3.3538052832071084
5.075972837891072,0.5225473804301398,0.9514599613610191,134.36928204521357,65.08484193672874,960.4572826106215,30.22649179744262,0.8229048402186401,2.9347296446709272
9.951201892543208,0.1796541181871303,1.6517430616892823,84.74985391618956,57.44622836011979,967.9213297488138,21.386860856348424,0.8828188346947028,1.7848131567832601
3.229864722008241,0.43107613296531605,6.418908189056425,326.27021299496823,79.51819471220385,684.207620046099,8.863674089320758,0.699982069901675,2.4650173068341936
0.7259169410876585,0.18819413360168852,2.3923081909960757,37.788895165835804,89.63305394423966,864.7142051938708,4.9120350786237355,0.8180865109194424,0.23953677937954088
1.5139410661953066,0.5773884234846968,3.3488825901186168,286.24222722387236,77.98416730166024,851.6764805121135,10.320267979056148,0.7308015800989559,2.6788078847139207
2.990203603647533,0.4469946658481073,0.6909703304203296,174.86168127253816,77.73233359788411,1007.9265594550262,13.981367275954087,0.8343877350121199,2.006572559083215
0.839855843197288,0.4872944395140492,0.6637556326456928,129.02788479000438,73.23794271395269,996.284238249794,20.711398488176794,0.9587740198559257,0.9713033068661205
1.3330452586114772,0.3167717389752455,0.5870101531214971,266.65761935412684,87.49086814440176,958.3545272465175,16.27298071430768,0.9128272539070685,2.8062061216679486
1.5298705746030257,0.4072627970397762,5.366965227928459,192.30397243481693,77.52443924658945,726.6294215080476,12.4993318426284,0.7469827709176339,2.879311587039977
2.8004225012757322,0.9455288050545346,2.462588451036427,262.81733960653133,60.7107018104004,801.168411355809,23.989055470591445,0.8257825755251078,4.090417816091032
5.812552290663052,0.6218541143760208,1.3160354804360996,136.3085063720324,57.837389427883686,899.3904031399012,31.54517429070224,0.7733393743571205,2.9965171861461655
2.6735637074237855,0.16744954645681923,4.351681039161943,304.371555026285,83.1931017270615,776.8090768852164,11.252829002639611,0.7547360691813486,3.2737033499946318
6.1423870085665,0.523578974047483,1.910858222829185,233.33073367223008,63.149244509880745,833.4897139816363,16.238534227218928,0.784042484940674,4.580307768496959
3.7677505379533422,0.6664141622225818,4.708090524969596,394.95968263360606,60.08109810502914,894.5584687161122,22.56268761451652,0.7982258404955315,3.2299376281466663
1.386257081221221,0.8657579851682423,2.3619672327496177,95.97530106666798,60.25173799140161,751.63247637534,25.51340822075459,0.6942952466498765,3.26881973656579
5.148811888594338,0.46555308209418317,4.754066247011307,191.77210557582535,66.90219837867033,791.1198993388268,27.617946213508326,0.8404803616489449,3.7502054446338313
4.491230181248053,0.18372341009131346,1.1862067353271093,176.88974524998028,81.00302921706712,894.1295720510984,19.738568245033235,0.8050092056745671,0.35215719496158737
6.276366188568821,0.6664440355562061,3.26455025808116,348.42658594349354,63.09711710389304,761.9902561488801,19.24314572805871,0.7797261106521254,1.531015928204098
7.360885955913176,0.5021097690449858,3.8474441214153083,450.27558946974295,65.36775114354187,715.471737623671,19.395915268831406,0.7458954178024119,2.663806389112358
10.192596386393522,0.43614336533586473,0.6215203070641389,275.85347437191905,52.529798463467536,854.5501154720819,38.1781319508259,0.8650012573816319,3.669908917139649
5.975046922154013,0.11100895685311842,2.4648554577433304,228.2437071013584,72.53119525812184,921.8000082374787,16.226344969417134,0.8897886849552779,2.1974189238913
4.362955805212369,0.678988259397234,0.9284931741592077,395.27111722833,64.381147900517,890.9096107331087,26.844369054783357,0.8191688878157398,3.747845124141945
6.300018156652136,0.3887162619899806,0.6847187587580865,202.64040728704353,70.40444594977441,1024.7275532684425,19.33682126603191,0.8515823825897169,1.0244803760298238
2.4205806620101233,0.7705216690641454,2.0227554763836415,605.5840830195958,76.5382077836143,805.0730237464669,16.37696975384513,0.8276609401163728,4.190596515878344
2.2440900508901223,0.451277043403046,3.363615040900622,155.32272447111697,74.68400025148027,807.0947313102166,14.996263099492655,0.8453529695865386,2.307412751248596
11.268882819255502,0.4822145727132061,1.3598063155261337,55.118992041505486,47.808951838256874,870.7027940932553,42.99292278310564,0.9455795152566082,3.772741825519659
2.177595235515787,0.24364471886593358,2.098797890917955,94.4475495896771,82.53063674926644,821.1386690859633,2.6784045599977553,0.8415838141890962,1.368961021685363
1.5743003551620927,0.3068979256334821,1.5290621844119006,196.23224183661208,81.27836774186463,928.1623835403294,10.483400788259143,0.8249562938234929,1.1409329419592176
5.972402135804532,0.6680289351766111,4.486751602550617,771.996759543033,57.47861486423116,710.1747311992355,35.66571454622479,0.7006565055962737,5.056759539307632
2.44120668814242,0.45394843876467206,5.623673252068379,134.3756659774279,75.69938690326072,620.8254579874838,15.486932371387105,0.5686751252900821,1.7189939491183377
7.301322967083857,0.587348416576369,10.320614507344041,601.3548516249683,54.45898351139981,565.5121460638671,30.936772843250726,0.5987216624111324,2.6774744463145566
9.624330252041116,0.11047157144258253,5.122820384203781,274.01893579745524,66.993070734902,744.0472020344977,28.57447237372107,0.6829854092984217,3.5486557407604398
1.8259291420092245,0.45261845697122755,3.578361297542366,133.94996219959054,85.5760027667195,808.8083864804195,12.584757759919546,0.8146883946057321,3.5552240947979987
6.57446480816362,0.37410954023573334,4.483665733703523,207.5240628918096,64.50411294506273,786.5038429881013,29.622300452847945,0.8197786097867732,2.7568185483782255
2.1245558621984593,0.2459019768424011,1.5434976427285358,419.35617722164517,90.79412946626911,913.9864474010197,13.324053233157029,0.9613000706942283,0.4640487641683042
3.0513961289067746,0.3545677325630035,1.9903602839640873,223.05186564503558,76.44194514741949,806.9403525127921,7.525391727879354,0.9385326922265564,1.797263684563245
4.950601648811995,0.2857951142053447,2.913169884505737,136.35241766267367,69.5161922141514,924.3747427691559,18.284462088880964,0.8670651087683344,1.655558603523454
2.2491145344775485,0.44373096285008934,0.5984059310012775,198.11616733236897,80.5910831170485,865.7839048880797,8.328578512600156,0.7903305110138364,2.1288990671708765
4.576689920516832,0.4173240215519166,1.4443120899486737,474.4194491649735,66.2158160169243,732.2578251739549,25.26786598561079,0.7198028358670505,4.47167846383771
3.2934305603528986,0.4470606267978957,9.350353105836964,904.7283884760916,77.06292201491041,609.8388521944664,21.961576392443398,0.6312860632158183,4.165989932535213
7.4327729742524875,0.5477774181791032,2.00324738664803,406.75663234459887,60.276854602340556,886.6510384650845,12.464903647903089,0.9491756879754221,2.3779676267512935
7.448022984057067,0.31017372581799146,0.5013936800406411,625.7287217034686,62.88322017968532,861.7281255878116,16.140744847413544,0.6785244924384041,3.4716890002647527
2.260372870984973,0.579626323317832,1.6785284156431188,400.5471147780094,71.1812288430522,845.5777769461423,7.3869387069333925,0.8883591214365264,0.0
5.046474366901933,0.3983464923203737,2.7690403542008726,398.5657099342557,65.53804089755552,894.2884079911388,18.57994996816497,0.7899062460295548,2.3892266977956975
8.356053611997863,0.3146401742430435,3.4380863351979967,347.81364823926606,67.22380494950733,899.9966358727804,22.744762750219024,0.820436930735356,2.2241420837030526
1.3078344134706106,0.4959263451846825,2.366336784214348,313.2289016913909,77.56470283878583,867.7065473619082,24.94134680327258,0.6916116100752989,2.038775508799568
3.274420261476129,0.5515047472499939,3.1914920593059035,158.70081283989265,72.94521451805305,839.2282996417138,10.595764860942257,0.8562868734791825,0.7489068648160853
4.86162492866046,0.7088880854168187,1.4268924357144452,258.37689142417514,62.63790231172491,879.6029834079392,40.00613896787499,0.867419124072785,4.786194052958079
1.2436459706204095,0.4600100121604726,5.731734246297553,406.07346634491057,78.70827154698867,693.4990408399487,17.528302406244002,0.6614316349296986,3.2441395571124882
2.537471825235347,0.3808253892205432,4.912722268496797,314.2647006662168,79.49889532473735,681.028613053255,17.19401102845961,0.7639938554555347,0.8563289119611981
13.025959877227633,0.1760597349344457,0.42002242998109884,84.55984152838735,54.080623901418846,941.1180660852273,35.89813926455037,0.9104206561736037,2.1988153435479494
2.170981165911573,0.42158817204208243,1.0443776308039454,471.8629424913857,78.63990922498266,962.4414374120744,5.9292509359936005,0.8509541502070116,1.8803839089561467
2.4205956693445585,0.8330993018874758,4.368798614751324,359.2319249181765,65.96625699717399,767.1714498777267,19.73001876167588,0.6576818286723928,3.32084957675364
5.918308762266967,0.5331445858029593,3.045679321034953,456.6502865734934,58.48316458665342,810.4070129533053,22.374274865323514,0.7752904030643063,3.05693861774257
1.0730021586957974,0.5538150577841969,2.9301110747457577,132.4178247015632,74.91801959853292,779.7175028442798,20.86464556251741,0.8199138510205529,3.227651649211591
3.340765812758545,0.6185391081648554,2.652621658754703,85.75355439550461,67.98379709804848,905.1963262496315,16.398584062740664,0.7973696255396693,2.460285599188025
1.591218794403893,0.4608801961579526,5.136857235336226,223.14346731336025,78.78458978709085,732.8342977569845,12.97697005103209,0.7937650009536343,1.5317796241609425
4.569195810767049,0.4655868357150526,2.97506709986035,323.154886579278,60.95727070292126,849.4019060474224,22.73795250133707,0.766609754770989,2.4902216961398334
4.0412566114198425,0.13228758157289264,3.468801097644016,571.5732603989176,82.66636506063591,769.012657926939,20.107115922057986,0.7568800935142258,3.2795259261074903
4.97655253854433,0.32665087970923734,2.7095724295431127,298.72168007110145,73.50950949385303,839.2569561992235,14.288652104158714,0.7667285642964174,0.3568466341369825
2.6021447612582693,0.6364792198087679,1.134905960611675,711.8194682678959,68.37185508780665,924.3042500308106,14.932584988344757,0.8624071648480363,3.3231363442961253
2.763233121853844,0.7864385255747691,4.573738515102917,191.47993908497148,62.46793628250235,616.9178884921486,28.554555529466764,0.7112127653812822,2.2772074483614992
2.2983852242687917,0.405922705095428,1.8749537036537847,347.2486179227891,74.52359029133147,861.792266308296,16.85196346106844,0.8986127466811494,3.556344619408211
3.300402155017464,0.3277246366151013,1.8596692704879545,70.87145831624275,70.28726176678161,900.9902803266334,28.6156945476222,0.8510120501707273,1.1659868698464169
11.381606666139426,0.42996859913876595,2.166342258790104,423.210613273163,48.40932557302155,934.5608411873516,37.35160137223442,0.7827992018412938,4.8557552680817215
7.6168717019072165,0.6592478469028665,0.8332582542978821,551.8916025237505,54.77072330961494,926.3430914699961,32.69827004401162,0.8874095931766073,2.066188810466247
3.2974505193595416,0.5986086441871793,8.43312563123215,311.5178283005335,74.73475595348542,674.4727928295342,22.353879843296514,0.6897922479724942,2.696331129836382
2.5383554696124784,0.4962436536615352,4.352355856422476,113.393274565894,77.35032151225532,801.3788414907449,18.013704571349585,0.7648620506911801,2.7688144114919444
7.061903695931084,0.4219003881341322,1.066296610433223,257.09595027366674,69.50238613443805,947.4404349886142,25.500179113958545,0.8737544284417097,3.850319468444244
4.319127007579674,0.15263223009122717,6.737780893797181,188.02796459590053,78.78790322801821,650.2740254274557,18.49744196439403,0.7181244031184728,3.5684900472854175
1.2078521395375525,0.44962368307034367,1.6229128466182554,202.29952816980665,75.58028468837773,808.5922477897983,14.526347998972525,0.7644768556929877,2.960559174611805
2.954822328310865,0.5154469459323318,1.851227446224166,255.67194351469215,81.9528392099448,949.4705725807476,4.8279042624608834,0.8987301969785285,1.9996168350016545
10.486840265647116,0.3857475139709801,1.6066821871802863,109.87233910764816,52.30303768302874,850.6619641742246,31.72659392991637,0.8306343967519445,4.148726076128182
5.727579175414474,0.41340983947022114,5.930235223103381,295.3849899735941,59.75395813212232,668.2683678861977,15.534489616630292,0.730045644612207,2.0773722511644435
2.565604655211529,0.8716754164553487,5.27961868985569,196.9488287584234,66.61272758081418,519.6090668898528,18.35016241560278,0.6557579221052051,2.5063661017892422
0.659421757291829,0.27432801821113717,2.2168778253768715,331.57310342403304,78.21426879932068,933.7894863921318,12.282329037512149,0.7499597091522231,3.065466035038926
4.549561119018,0.6429544372967314,2.3584972021440014,331.8406631428349,64.85429291712667,742.0754852231382,31.791803632749883,0.7256071897300835,5.117271111445438
3.786130087730915,0.5025494150071809,4.2289776329468864,131.9375884072165,68.70138610627944,706.2409806721397,20.40342041859697,0.7161092341531543,2.5786939104943003
3.2042002503773492,0.7774006547312545,4.145913332236546,215.42671241869743,68.57083433310218,783.212217563435,31.928215714951563,0.7574746687200805,3.15581753937593
7.124832141141981,0.5996951102079228,2.4663294620590785,210.17094518409118,63.40080734408411,678.8660934546583,27.8528891655441,0.6640117085532642,3.0661856439635473
5.786057137273757,0.17047811693258869,2.521619685789479,249.75866374704339,71.7560325135023,955.0874769212328,9.397678113548935,0.8404298220563068,0.8772322913042397
0.6907134548853915,0.8005827658483193,4.403923447217446,513.6299755799057,70.93257652591399,654.0010979591825,26.637529135251185,0.7184619927821693,4.447062595421756
3.805035521128751,0.5713129131790726,0.5459223090211033,169.42250485339542,73.09280828347521,883.6517417525714,24.50196580877182,0.8532322691722671,3.8468423306112163
0.9407575151677892,0.8386253858247007,3.3060765108648322,214.3036397325067,67.37824910270109,695.4123307209521,12.18094661767228,0.7188745920723397,2.705664985757399
2.3369776054500404,0.321020793703965,3.1576506841662537,334.11670519568037,80.28589042718795,745.7454868627876,17.56635058170025,0.6972467916253329,2.9377847059775397
0.855087938426879,0.3219940044825992,5.959242592921922,266.6191912055644,87.09234730164452,667.7984951116022,17.11383059039062,0.743656606411195,4.563353334115524
0.8948303764862151,0.9432662735540809,3.5193219290230315,416.82694461956976,64.7808644093956,668.0998457420715,11.20846576881588,0.7402299659156591,2.4909467873407767
5.034113478360334,0.6385680327542473,3.7912691961600493,327.8437776321037,62.43024076043385,678.7055592829117,19.24933541849557,0.7628442031200424,4.276531274407975
4.623324803048792,0.9726438224940603,1.4663850451623919,213.17343826265005,57.31845263398787,887.9974789071805,34.995812071367396,0.793717730676874,2.7467433325061594
3.557134153926552,0.39728025623447666,1.5524988624102374,280.54567124502967,81.05023363352569,820.1360385337805,11.625086152358595,0.973431833393914,1.7795214068118528
2.1398931525484364,0.836144337984331,3.251946763691625,477.64979968611493,61.62934214367907,631.2775453793106,35.183974282033105,0.6897691396196,3.711402007151602
0.776525208060188,0.6128614316970074,0.32031674011091965,117.6464075617213,76.60292451606477,771.3916515958072,21.521100064954567,0.7249642281916432,1.854847472189166
2.347820754330595,0.4414610602387621,1.9574024359229356,126.00589343127541,83.6887394272835,881.6237406155826,15.889189567634201,0.9479221267651516,0.8653748313420148
4.64094482533812,0.37767808931261654,0.8908884227760973,137.60480100662286,76.49195626085789,803.6691040958109,22.960224420728075,0.8195824579852375,2.714352057409705
4.550911851466886,0.2651532472100729,1.6177977117658209,218.4467073570499,73.34058530964073,884.8242059828129,13.247829001944034,0.8410329188516613,1.509543781372276
10.322815259653312,0.7426474260672888,0.4120898419080513,234.29024732816652,45.108785891291085,990.2932373673202,36.06571730425972,0.9103522323028987,1.5518330253744774
9.225691639512698,0.7917549272576455,0.9871381859123244,518.3255736302923,49.826193339069235,852.6660623732697,46.299842754585896,0.8757187625870366,4.677478282566106
3.6850954941897056,0.5982478235266445,5.529343861244364,187.27139614311164,71.38915751501513,708.5343270614633,17.42739495520299,0.7377316606854104,1.9296185700722601
2.3235566266862815,0.5960166615883259,0.9229061187954786,91.66408389778036,80.01961754416001,841.9017991151212,20.054011718074356,0.7189059307378627,0.8819345024272163
1.6354802349401019,0.6980415430285295,1.2376195842126236,476.8947770732746,78.2998174692818,844.9858219917121,13.505280550577945,0.8060910345461255,3.0686514541960506
0.6271839299756254,0.3243553271932603,1.7265575024833526,182.18380543335178,78.09811264550319,869.3368790957281,10.236651133601907,0.8665808571920723,2.248719079750803
1.0716580903941617,0.8917168047265509,3.8118225093644416,380.5958538502721,61.516854239465644,732.2928646590155,20.518604185463307,0.7369864254399877,3.808422961069552
4.646782480387833,0.8967841497205211,2.1697187573392847,433.63787569242646,55.92168433967712,878.1223391390106,33.67638534384098,0.7776160706630506,5.931752705413907
6.11568618313541,0.7755958673364172,0.5704570068193022,292.5575434635464,48.0005031224913,835.220055271858,43.72824906985568,0.7993139952058975,3.5633811466928025
2.8034006547131876,0.15080535105749399,0.35675499711971626,249.5419733652485,89.38185240468749,915.8347243570648,9.873106124118761,0.892713499558214,0.5133747512839613
18.917439227917257,0.49277776076550267,1.9498303878740888,156.11591446598646,18.44877796442224,843.5582023561661,58.11753656311757,0.8699346794077973,5.3174171809719635
1.0842284690615054,0.4913024352842411,2.136447374876011,153.08102994480876,77.96888926056185,898.4554256348512,8.037911396758936,0.783614398404215,1.4792898030076715
0.5453895031675312,0.09325966176098817,4.598121029083634,443.19697019993464,86.6764671561809,781.781385388717,8.839702223891042,0.7101983769469975,2.5965536244003977
18.680219062815755,0.12637208884985607,1.0168151295261598,319.6146579963482,27.864596599684077,956.3642052566036,51.085384868426296,0.8708733278633519,5.949398871961349
0.7280344892397335,0.27338967247525575,6.430437050201144,444.75635572316554,91.88492626228685,732.4554627399126,0.0,0.7048299895626835,1.5191908817452173
2.7670900602888366,0.46497428532360846,0.5776219194678327,190.25652421295675,72.19069717455884,1036.305408397603,21.580207473270775,0.8928741024035838,3.461161540969747
1.7853262817759554,0.3935032711408422,0.5841302675375881,494.1911122046395,89.34167796439861,972.9605833860744,2.8365405055673243,0.8703389332198311,0.8329699878185499
4.943017285574387,0.7902278930558173,1.9036524317656967,596.9428092700003,67.44227375623768,752.9564704431974,19.945610484463174,0.7900779344820111,2.912312819809369
2.572323447007535,0.04952904926988473,4.495492017424325,110.9213844998917,86.02896107480849,681.2782236688462,13.932484320421793,0.6665752002688474,1.225617968328992
6.131245027665387,0.8039725647333762,2.9210736921846805,115.76119839400285,46.0308644776816,771.5839184384994,46.88524341459093,0.7046380139133708,1.4569459767194224
7.23990510221463,0.19799152966305175,0.9816724319859114,394.61314937814495,66.62949353080596,888.7255364108696,31.94347814943874,0.7962825001658228,2.2057061539711778
0.6187305900330871,0.27338985134370525,8.691779912875896,283.1075217979112,97.73856182837898,582.1731374223122,0.250968873219783,0.573660291912175,2.760251020138805
1.5782432744132155,0.7104250950422489,2.824947804341997,226.40575692269343,74.64561965279356,720.6787423637023,20.561666922082917,0.7350364913158438,3.99518361605344
6.5620165844996485,0.31541199261517955,3.026180432672434,428.9762082122996,66.59213054946085,801.3251846597176,26.71832787536461,0.7862507997685286,2.3575571447415173
8.406582697593711,0.4071381477967248,4.1972608485670015,173.75583691075872,56.544522002190476,739.5253447002896,33.71636870680919,0.7942149696089817,4.593626210175985
4.220570974715806,0.3749055316655345,3.102725426407754,180.9237285253389,77.40161408785094,812.7133074782186,16.114137135182904,0.7346979151829914,0.018469393530807565
5.2533958985827205,0.3878109578749226,1.6597534831944647,121.39060066721241,71.39306334892218,835.0725632692246,27.336124856011747,0.8071851333697511,1.9766242217917502
10.822743209254298,0.5338312438997187,7.054829115840662,460.8382497608798,50.60545240103964,594.7049548558615,30.435343178848147,0.6735707082584976,3.8682109226785806
2.6035471599527718,0.7270932885643145,6.015532075803714,104.90771052822305,74.69255464118437,682.1157948203971,10.408327892970641,0.6318702713902862,3.2005930022734406
4.180618039441019,0.2743538692812907,7.865252897900217,430.6714091053657,81.01125755092345,644.0837301938242,14.956973710304544,0.6974061793867499,4.772108459069377
9.23353202102357,0.7817518793002718,1.8122337237461967,357.96562627717685,49.94180518238424,810.5161763914181,32.71512671796799,0.799124809419143,3.4726401768075688
9.678930803629557,0.6436204680064146,6.871542629500425,438.50279673807154,41.93836005186377,625.6319345827153,51.68928162924324,0.6689810157882682,5.9367763323066285
3.3233680637336818,0.1508551716032288,0.935718268996445,127.815880145398,76.34700497907917,886.2403086819544,13.31013833393652,0.7676770238382711,3.058123019615479
1.6332643209221795,0.3859827842864411,2.502418784929574,244.49846698303048,77.36771399165406,928.2142496477378,21.592505058754213,0.8531224418736296,4.904840383760284
3.2898629862137057,0.832677180191085,4.106771581611656,156.46440041536462,64.1271332815539,832.7664997129734,27.49927659652172,0.7018495003334123,4.595265557118817
3.5848026940380064,0.4856567078607568,0.7410894166615543,566.2704950888874,79.59922085931011,971.8183682553304,5.4338668407365525,0.8993512962487363,0.6590479045285633
1.5700123295125845,0.5724863140551044,7.497865585959879,271.5503241152206,86.24083219828343,508.3592898007987,12.74223119058642,0.6420973589191666,3.512081893126227
1.8319632833901474,0.5428439203383314,1.6668374097262977,185.74291016472267,77.8913953586197,812.2021590645369,11.116386346482185,0.7763731299377629,1.2856495832176114
9.689212953062494,0.8642724842296596,6.194735205974921,150.7385565866701,47.07656418616798,665.0495092061045,51.013845459722525,0.7630010368024367,6.494561542609896
5.456734249241829,0.3825832932215291,0.8180416244705107,290.3647616423492,61.50913889373064,864.8842554053515,21.760162266935332,0.7840734477340212,3.60231158763778
2.7799587739653076,0.49245186213539616,2.458468173477212,186.8293841898445,72.23493793925874,785.7299269273858,13.453002087683817,0.7350375115013622,1.2219445726284626
1.1648759732359517,0.7591021814958251,1.4066602018024545,200.38167250983201,69.7621456519734,747.5885336371587,7.626754999273508,0.7346264988254886,2.912179522826534
1.8549796157385603,0.867963016225532,1.415663985347869,236.84046566700601,64.5527363472023,791.4402171568464,19.77248404318118,0.888043061333343,2.920306144027397
0.48486760712235655,0.35113098119587266,0.9138394287576099,753.6868761796918,87.66570505578382,861.4834414040198,12.546892266063729,0.8026808224433957,3.5015016253854103
4.316539790099995,0.3178827833324092,0.8512078188337336,264.05988063207803,71.84849498135702,774.809710235035,13.072208744238319,0.8720524624644462,1.9877244534965963
1.750302804912223,0.5408232408149999,1.0195784951146483,181.97004498010583,66.7528152402302,947.1801208311012,25.9174632030236,0.8663832890317247,2.3145270595943166
4.614239447573457,0.20705120938685034,0.9893104084703721,263.6332270224342,80.19398475942796,954.3715195608631,14.96821192003926,0.8322635228429651,2.84522441764779
6.508370572793094,0.09933131736575891,5.313314540659166,162.37986606315283,79.00907320794877,692.430243006011,8.395925603673534,0.8131036089884955,3.7587056303530524
4.671741704565329,0.4007402220770939,5.85053286741559,562.7895636075497,72.40761575463947,757.9432835410316,18.156706264980272,0.7640011720269807,5.19431998045735
2.464596472593485,0.750990291877889,0.70551689169807,387.25723075857877,67.9903774562387,866.7442413930061,16.313476961150755,0.8053436129674291,2.479169726568903
1.4841850377830925,0.1500425593521526,2.0391214098780024,108.97865411242331,82.29943955501662,965.4837871010742,17.100107134056657,0.9223397468571841,0.0
0.9751613598882746,0.4155750874849907,5.235908340375173,385.2507259208223,77.49864113092019,772.2833644935499,4.375525644763528,0.825733962750563,1.0957551594460786
8.985698835241969,0.31949740023417617,3.772938115096527,294.7184697781106,65.4102805021495,754.6385300952657,28.191695542392086,0.723720179560242,3.819694399360172
4.501136742028413,0.8255669756364179,1.919904376300373,346.10578382030087,57.11553684031841,839.5024784776622,25.243727635174324,0.8487903332957941,3.4505697065173404
2.6020003418382913,0.4437945500729362,1.453675897577853,467.81254932747663,86.16240447010327,917.957060394156,9.941701859767551,0.8394439822164145,3.111082009941086
5.835074136899542,0.33006798153355593,0.7187899896910426,135.41935951417932,73.9911574528014,985.0706351335758,20.55732943194571,0.8419852568156656,3.1156234767862347
7.90812070534391,0.5392075173178174,7.229790904048867,243.28164247330795,59.493709726663326,689.773363287766,28.75711213575695,0.6784950647422511,4.4925777691994435
1.7888296479155086,0.65044693177261,3.0634242024133256,335.67375900994335,86.94510870294505,904.5937606243492,21.064968174245635,0.7841580990372893,2.3706407777594714
4.386258842022815,0.2835753344103096,2.681212979789767,439.7056372988795,81.13049004827526,907.3711770919091,10.258154441420686,0.8487787808546752,1.6306940765265558
4.462467015945951,0.09424228227302,1.1580243502362662,370.1023909179036,77.10441338431835,892.4714443923824,7.371392089075185,0.8400195118802457,0.7283981409260842
10.478008870879309,0.3658963914288233,2.3064285681753827,238.52844250337517,49.3003234976412,863.4963967184652,48.08280628982873,0.8752094687106963,4.958000227187015
2.567305926040614,0.8485849979269156,5.291930939151347,458.5111610268833,63.963492604138196,598.0917827599018,27.010075072406572,0.7022759399642272,4.836171117045753
1.4262431468111638,0.8652331603237157,0.6427181954647828,226.1529012210128,68.57697086354324,917.0696618485675,22.477482578382336,0.8300486216552366,3.8293868739680175
4.807338296609297,0.37605815988687963,1.1391141906214963,202.5673479085512,67.38484707534386,846.6498581612911,35.847835736549726,0.798337798135176,1.3696814132447628
6.2312373802040675,0.5281380635337841,0.7833105806920798,62.624449988366926,57.48057549292476,1023.3158375491246,21.492574490759374,0.8815404048726417,2.670541531808074
4.083698350117606,0.5724669812060372,6.241396694900431,120.65103147282991,69.61438625054352,646.9287735701155,20.356491335592285,0.6936433894764682,1.7468513836134845
11.018317637888314,0.2878450419784674,0.6164864567321956,227.78249481138903,59.18997013961205,929.5279081719052,21.646701019006215,0.8466772673852707,3.2374744430838853
2.5595326331819397,0.32667898050377997,2.9534557648592266,125.8206029578941,88.44292931801935,804.9787164937231,7.0330260994302485,0.7854688116151597,0.4092099031091456
4.172047467854389,0.49737490882129126,0.7919799759614298,81.47124381331132,70.43295915136898,850.6997883255169,11.711507928359179,0.8835289740011533,2.1837901365995145
0.6876509845439988,0.6465414851367224,2.7302559407946876,140.25717761446447,79.78601412113711,761.9877804131836,14.301597640756667,0.8328825844928862,1.2785834821131643
1.3401054832258426,0.496275266949149,0.7668676081682997,595.3961527521454,69.31689695893411,908.7844769367495,21.197731949170166,0.8140488558723699,2.818256088567633
1.800828381488563,0.8245354420013873,1.5593210528182149,106.18825977667332,73.27724304177694,815.0056574317146,18.120855315650925,0.8278442475320407,2.982026186804532
2.980648126216303,0.5483754278322862,6.916844322170822,114.49156382640643,67.30447297407225,615.4509233315921,8.899660804426269,0.701940924720714,1.283530353280619
0.8429444182495949,0.28150440109903857,3.3853902047708684,426.7071855277725,86.95757459294796,840.7481503663438,13.36800816162151,0.776985389940685,3.550697251434916
5.768637756319607,0.24179607345220971,2.622535693406258,331.66622151580293,71.43355428311865,826.2589941804245,18.24879145977681,0.8663565511383662,3.2660870210617072
1.6379876855990596,0.6973699241210043,3.218078943273249,244.99418641119286,71.4424665855315,766.3721775524037,35.4004367355157,0.6858926677323389,4.15307424203512
16.55364130656682,0.6733556943972067,7.302433488176936,406.6043033721755,21.086568436074046,712.8480469775201,52.06480466927008,0.7814878822828386,5.180428821731293
1.7000619395308156,0.22278292709653702,2.7548856179156855,269.99934609628485,80.54521817655471,822.0024035099318,9.455364520767182,0.7873561431877807,3.2105849322404616
3.8072651515396725,0.67652571069293,5.053653925391375,10.444581482735893,61.89241436823805,678.1720621540331,27.300868276231437,0.6533359994029422,4.074934104635812
3.39937910390465,0.6237439639371514,5.161225805879125,173.05176507977853,66.23781669649783,630.6995839676017,15.891381262841263,0.6692173306068152,4.25225086849776
1.2156161734289335,0.5591774205397414,4.70241101990853,831.8404488010675,83.28589132589333,707.7264021421593,18.718300693462815,0.818534555447044,1.9627667864501033
2.9913197171305645,0.8721006420738013,10.696033106959746,270.1553756533661,62.459997053705116,463.81839313401196,20.343816985519506,0.7038332527657426,2.767222420006402
2.957173670543603,0.8214956243868485,3.850144001942963,487.8044415137165,62.22656126003228,691.0536656613524,21.155419807316918,0.6756988571412906,3.1855837239751983
7.2454613903614264,0.33614199233414493,4.831878350604642,508.3896951700218,68.10784591027486,688.2519720091634,27.06122191357742,0.711002959368893,4.560850363870513
4.959064988905323,0.6417104764311937,1.5835475537648462,365.6339071397394,65.71295383891149,862.0910300532146,25.272008488601596,0.8079562474451709,2.38007410958086
5.700357040829157,0.8949714147759543,2.472228122373499,252.0636291245216,65.68609087408403,794.9020233706522,25.17610856736809,0.775988158677172,2.382109326291604
7.121973914653186,0.6729939032843293,2.379772672624775,147.82907277863748,61.86485549903042,840.6988904898958,18.536100013670886,0.885667219487591,2.162515166780849
5.775322665265669,0.6871552937108718,1.134454799009186,106.88846185330769,50.5507332200342,777.2020216407808,40.44237035853968,0.7467768871844281,2.3331728825842166
4.355200711032483,0.7728327984651654,1.2464873362100621,499.0571345977587,66.63945779226732,916.4479437396961,17.164740242582837,0.8107723411526736,0.9273718322384559
1.7837164125071698,0.10213102712821913,2.3506688866346477,320.178485082963,90.52633570616949,861.3810304217288,0.0,0.7945999726966388,1.1413972979441291
4.12143663237984,0.5765304492121984,2.858025811951048,322.4196614372016,76.5198896739558,738.737418746732,18.654144224419994,0.7338765088857186,5.589657188158831
1.4511662352310426,0.5613541735757215,7.124438183210829,364.40551389289243,75.62022016107936,692.2917685096282,15.776565432543062,0.753876553585284,2.8428304276445675
3.2041594907640785,0.5959860379357665,1.1322807641282506,205.30906044617598,75.96976379333013,945.4272985909301,15.386074781375516,0.8735424755033765,1.644339694773989
2.8355663736346917,0.4558542050831262,1.0757942894761854,446.45108397245446,73.32384111208968,869.6701105410219,22.688165887496368,0.8550698991910496,3.5741320583455454
3.005861658808893,0.5507881473304271,0.6619190723812148,281.1938266993192,73.66486677320319,840.9418074883765,16.516359925013656,0.8574959783899168,2.8895854005498895
0.853657788497721,0.5022835134191374,4.263007577870532,219.45837003894871,74.60726274197933,780.6755076215703,7.279689240263362,0.7543403410095706,1.6300712389496248
0.025499115113612476,0.7712305025990215,8.231836467929941,325.2794150604077,68.77049992430278,475.09441514055754,19.822413372097664,0.5815599571800092,2.8155054730383005
2.368131344954386,0.08155072897409268,2.244669002214571,455.3004372237627,90.20490678902596,1051.0752803857135,8.583745791180796,0.9551970068380882,0.1633134341098852
8.456039283766946,0.17836714409002313,2.9602213638316583,213.89703285511175,65.19054459940384,792.9086026903238,25.4360866909889,0.7449323727092753,4.128489500559789
3.758394838442367,0.40035375998125333,2.2827107756715144,827.8468106343607,67.31213858044437,870.0081313636468,21.806979339575634,0.8242220753990935,3.456877142684727
7.9894645359639025,0.2724860674253191,3.9716587874783684,104.00449693813441,68.29202088438605,790.6164014028086,36.66185881771519,0.827297463409912,4.133299253038685
1.461707487672967,0.47606555544939533,0.9350656197317976,350.69003676203084,65.03514435854511,836.0024600922862,34.43333811251226,0.8077097161164937,5.0895672081406484
2.255894526504065,0.6145556324604116,3.393445904094502,160.57403261504837,68.81902021760763,715.9310610215366,14.621883148059805,0.7933266483300553,1.8040234305347034
17.273150865749958,0.6818317336368416,2.2805993102059654,285.0117098126962,17.831099866057983,874.1650628351421,49.30181919882733,0.7789487004018695,3.711903885272645
1.5596153985360646,0.8680136130645479,4.371404184722628,395.49379963317944,74.6166958359606,716.9773071575187,25.724476387830364,0.747093071458888,3.3811796232705453
5.610490446766218,0.37512580968526765,4.261276119421112,1528.07080603389,66.62259714624382,731.5133830316138,29.75644016792795,0.7678097036635787,5.977722162748523
5.603348728947565,0.48061411715608704,3.11847351580278,75.61981345927089,66.56912577486482,769.5731456187166,32.278798902066036,0.7775770888194996,3.8959265898485342
5.112589135496174,0.6441633105419604,2.001314991101065,131.10281089417282,65.07919518375749,774.5039063703099,21.779585957058416,0.7503052957695125,2.181749878832613
5.668322692338548,0.36275865659704176,1.1703726434834452,359.51027974632075,72.96899886108002,951.6336932717586,17.959547011371907,0.7980354477018667,2.138727288010754
1.5356020597944653,0.6720653404929925,4.195708822189457,461.3775486669512,77.0681802937927,786.7009065530577,5.382601139304931,0.8279354238474462,1.4840019244642564
2.4796326549188725,0.7129941464691427,2.5339249835825686,198.85397246307286,73.74246432136992,823.3343310223784,19.24384718617729,0.7234557143975988,3.1387485575951386
10.742547126265722,0.7314353459478359,2.4921470437063777,125.0660115278833,43.158968423243486,805.8239277045082,35.956340045545886,0.7167007677616795,4.876496429441082
5.6407969096822415,0.4190639694189602,1.7561735318651712,366.85097864151095,71.86657810908963,904.491809969484,15.009532200823347,0.8717581180258943,4.652523364746366
1.8029940419341746,0.516884639300189,6.376182509371919,177.05843718910938,73.39186587138946,568.4821540193882,24.16815205618897,0.622628646341337,5.348583314176605
1.479229117265766,0.6277099245741634,6.572335047854352,545.1931147674243,72.85958449246243,659.4589745821157,18.062762345936356,0.7028585473800908,3.2932069262180526
8.568941892722227,0.29893969139333365,1.8717523445450532,342.4810941164349,54.13579595825597,944.3958356154442,37.05378095515279,0.8024897755146564,3.5229763203661837
1.6737911913110435,0.3246548367583008,1.3196003989060565,361.1969140958849,90.2441924415372,912.3773987614475,6.181583230641824,0.8620024892862678,1.0074795055430394
1.7971427754235558,0.7717714021397625,2.0098110054145852,506.7258726913761,65.34605665072758,807.0197376397738,27.546760852378124,0.8260223691036812,2.4264794881261333
1.1567843251568866,0.6194496921438762,1.4120400621477258,722.8074040829185,83.09750950446059,812.4412262867389,3.956641664435754,0.709404280149984,2.7582209367237214
6.520693168206311,0.46405409109838747,3.3386088548797015,142.20119826783244,66.52307673418568,762.6831291964505,17.51193757411147,0.770218965307502,1.3842974512712996
7.899215110020975,0.880493818078651,2.4697637655965137,224.41312864741712,50.286364390075484,737.7378701516988,37.519703640476294,0.7877581942702785,2.9801820837003596
2.8517567584054984,0.7669252067529488,4.0561204814736564,544.9158039828202,69.10658214141064,736.0972974081697,31.78026318702998,0.6749612848963847,3.566380535730348
7.93894259742219,0.4012493333392368,1.8903816265044673,276.3171991540145,55.82567585185857,835.0921530739571,33.71998657048548,0.8082942249724658,4.7138129271681075
4.760132435011538,0.15915905386022441,11.232363795713919,190.84242713546857,84.7684201538321,417.42757482155247,10.754659445666151,0.5530290225102121,2.500390966115921
1.0769121274688238,0.7127861921644973,0.6968755980554807,258.03527917656265,72.1411408099388,913.0716695444136,28.515021831943827,0.8656801822640294,1.837514468892843
10.16539226647817,0.20543934925712168,2.4032248645365772,689.1616222504102,64.43235503098146,904.3880261739226,23.588857797579042,0.8290072818285087,4.659593993845129
1.1426448927345456,0.8036436008092799,9.78928923983006,265.8545510122565,68.76466007533205,509.19778488612565,17.08537192609514,0.5326900676620427,4.491685656685
3.047564841924753,0.44944024960647255,4.098005739353816,386.11557799222606,67.46430709260645,712.452915872361,22.81629151519631,0.7076095216245171,3.0149594588277195
2.85952361858252,0.8109955420342053,2.140269986289517,220.76171667347984,76.06362777315063,763.2036920694787,18.992024387872558,0.7301390591559099,1.9869143640065332
2.405837292569749,0.4988272562695711,3.2068744570278254,91.44758533778933,72.2944455094076,828.0402934093872,11.796449374252333,0.7934322416872334,0.8739573377000214
0.281869720224298,0.343153184245508,0.847064523274355,453.27700714156754,87.88476350972466,916.2304491986498,9.255204268947939,0.9099942862565666,2.1822352897689656
14.756524704029832,0.17895196089077625,2.52005564061138,220.57475727157717,31.117768392114748,830.4785604117892,37.871854911891894,0.7239666976645956,5.21056203442866
0.3521143859047833,0.28377456421822117,0.830769921066423,483.3990509192682,86.49466121617132,1002.1814321196763,7.650698391227872,0.9493418483940197,1.8993743361343998
10.645349218656593,0.26035600890363775,0.45959894610000307,376.1218354623919,59.575347064113124,891.7359585013244,27.35752983220385,0.9234507143458475,1.824820588934836
1.424753045875298,0.5489900838388515,6.0946865025121175,324.2753404577892,77.7135819024031,494.7609852309888,15.407068901189115,0.6822060064198978,3.8986624742427134
1.9815917976657578,0.7001037635101529,1.4767813255746747,568.219541577523,71.06256959357087,841.1520810334714,8.508133802534203,0.8942225186497758,2.08011937348131
9.873534993103126,0.2993629726695631,0.775187145667639,221.09133386937083,56.84013411259903,931.8822437122499,30.814933569397002,0.8687612769532602,3.1001191950158447
5.195350153065178,0.48979719119674436,1.9189713121040128,447.3121904270632,71.52187912884057,853.250074905164,25.17821394229427,0.8155604521518388,3.8932266484376985
0.7195253128728353,0.3336817255449888,3.9127750200841565,267.2891700101834,78.0310413322329,817.5451284845594,23.82666814354823,0.7001154059887307,4.383766654025894
0.6999104346988934,0.4611520673049078,0.8350045171979086,210.27850815642236,80.18784697507866,864.0081784787501,22.58614665455726,0.8075343804085338,1.6661979290235651
4.5809619209197745,0.5194614776550786,1.6443239014418922,355.0540527109999,75.4440289068791,917.8745402635412,17.341475356239616,0.9073562407203567,1.0338097395830013
1.1195844787185822,0.3020507617828135,4.263537647345499,194.41665933770597,76.67646639943538,702.1801025602175,31.19775724047644,0.6502540089754321,3.8859380039249447
5.398819369511191,0.20998442785802346,2.6143342570546375,227.07855055453587,73.02148134189382,862.6440386180823,14.324476343745175,0.7745845479347386,2.2401940212439535
5.858604379058797,0.35503140463139005,6.208575641166927,297.2369913434145,63.031927868545864,660.8539849482114,21.507417344566186,0.7019907431272459,4.111429332935247
1.596118650681512,0.15437931263900453,4.311532170462345,550.8710025823273,87.85711821177138,864.7868391636946,8.608539446741403,0.736165033523358,3.8497760125854708
2.091848244018573,0.300316208151541,3.606012427181697,584.1917720878225,81.3817247437737,763.0417870586903,17.995903328919454,0.8489961212640414,2.558030518662361
4.7080248999904635,0.5679088302021548,4.205711659597338,128.4013670867163,61.95825490582099,750.8417087676954,30.48885511848134,0.7796906843309964,3.685176632510794
1.5215135294796158,0.2676698265898167,0.6739658761701404,204.16642606476168,83.86494357966455,937.9990626685958,0.0,0.8799607739142103,1.2278851205344214
3.76301224960715,0.6943109623258357,2.3783730934287215,403.7471129743005,66.68193673743936,812.4675823756534,17.537002678900365,0.8279376533263751,3.283436154790439
18.02859179149367,0.729709590492529,8.868453437694821,186.441605741144,19.625149282860647,492.0119283271191,60.86552210302789,0.5782692551595602,4.886139542766501
4.898936924997329,0.5129907306653456,1.775991662362543,201.2880342463784,65.39557317643279,873.9526857265586,18.891272994123064,0.8383703352247143,2.9204558393132163
2.4388712879082552,0.33954337088231773,2.4118646335169287,260.6439578800875,75.9546438428173,854.3106062528655,16.05933819256437,0.763738695293276,1.683374691225013
15.858990544264781,0.8162933281129758,1.5004072078646713,392.51503881579947,15.613284588169387,838.1436881107563,61.22532020335584,0.6870563657677625,7.193805324414206
6.896083251068141,0.9202459404414879,1.489706526840786,319.6365757912658,55.940182337546,896.8396114689133,33.743787724585154,0.8364808383849865,2.672592303916943
1.1516297943702984,0.26011636787491565,4.6411303461845455,588.735600200462,91.0163821670197,782.2995291276889,11.45261646427921,0.8484846907002459,2.6068219468255283
1.4171551125966824,0.43434818721526236,8.613028465881628,295.46544736493445,71.13875191788385,530.6219398505168,27.829591734081788,0.7021045819586095,3.4013474585410903
0.4221260720979559,0.37174031241883254,6.769715978542754,322.82147426626403,90.48031823052456,791.1119152705946,10.459204373461539,0.7652312303418713,4.3163410218273235
4.636007760875871,0.35706925095306263,0.4051974230958361,266.9700566289416,74.1726621013062,988.9778376341088,10.714381253167458,0.8795587069336144,0.8555548335586123
0.20149635557231865,0.8839843194910754,2.2895643246782513,345.55065226479854,66.78510529729257,815.0615027722628,26.76905555463262,0.7112632132203658,2.726851087735078
15.844849424261556,0.6991971358201434,1.8067009086003878,211.80208408194608,28.939412557266017,811.893584566751,56.23291230979586,0.8402480803880823,6.865477753463482
2.730654603108089,0.4844742300966628,0.9179912897175626,356.26553565085015,71.16826859349847,934.9910770134982,22.903166304280145,0.8821507250676863,3.745781312758753
7.236479561490716,0.2893194155052782,4.779969842566013,183.2894101863346,70.67419081836654,641.9601942478553,28.266434247538854,0.6757211336125147,3.838265865674063
2.5006632208890758,0.8194012040069881,1.9162809334567945,524.8310565807403,62.425055312323934,893.2133378744137,27.727770542422668,0.7373088964862315,3.5362083487393425
4.56726713974941,0.529760177798036,1.0265069824845483,277.3708280902312,78.6688033946466,933.2553825750641,14.169879780635172,0.7698168419332286,1.1861069185231252
3.0862499518347444,0.28193783444873455,3.22527448443335,650.4747572980723,84.4855493903873,818.0744428257848,5.777985667846077,0.7973173788127866,1.8972749696077154
3.6679405293863816,0.6908472167749531,0.8291542577211779,519.5484021681593,60.600263297870065,915.462985338274,39.7858658753818,0.7721501845552456,4.325897927911298
9.064257406134185,0.9594136735978744,5.545825173740118,328.29320911778177,52.01402385351522,671.3850182292988,27.3183330491103,0.7297390943984892,2.9075105974519424
12.548516118692673,0.0264055116953608,5.843760724953143,413.5623139476807,60.343514379721704,701.7263975013824,27.730828881060376,0.7503816165131211,3.237663840684665
11.832840505026763,0.2704839565099988,4.145991502711419,360.6808923647975,51.98626247887375,804.3230740957922,31.471871400767057,0.7168614194391781,3.485155695231194
28.399226748029484,0.7588594008151792,3.4977424128104593,130.35322893616933,0.0,768.7627939555346,61.99479901901488,0.7636748767166105,6.849603684135029
1.7077657109393776,0.5456609385474901,2.2721762627867603,320.1544412939623,80.85844940764856,819.2329232700633,18.728110749077132,0.7445926163987554,1.4688233879337211
4.9514283172634155,0.3420375184784356,3.070436732730103,310.1806586491526,67.80316607031621,812.722575334202,25.531505002733734,0.8347017240495462,3.5099044001370703
1.7502286675148286,0.7727586095897336,2.2285366033730534,265.6007611172489,74.60516296065693,849.0198152046519,19.24025346219424,0.9739505082437093,2.375023341432291
8.779723507593536,0.4595223113924978,0.6415495986804447,377.59839080449115,55.009155675277526,915.9694012505621,27.72932715504873,0.8436355399547081,3.3354462467153514
1.2182344323039667,0.4371474942027417,4.002877141019034,324.70172001035,84.48792369320711,886.9823232200274,14.238744698714413,0.9060765436976403,2.6963117178601657
9.185818174422346,0.85372206073845,6.4167080136590045,338.021189112631,45.41741717805339,576.0812891736535,36.64112884383631,0.6970402897228298,4.904615349908614
4.204797959178224,0.3509915326584076,1.504628114484503,631.7350397964469,68.5741248149217,911.7335307679559,24.88428318359494,0.8431614267338375,3.784937822164618
3.2510159871744206,0.6114913495369763,4.501398303477307,296.6627487575416,73.11076042526479,672.9926586162845,27.43929617445209,0.7303986381362734,4.660247785710109
3.60186093811274,0.18808657865033532,2.4656389587765193,451.66614097440123,77.59872202341471,913.8107219665608,1.019386329731951,0.7850067014194902,0.0
0.9790273392341903,0.2599727325791918,1.6066678823293934,275.97702397649687,86.33631233948675,829.8758742229228,15.577347673818027,0.8048120557255118,4.534778357115588
1.083114087714042,0.48582474594262964,0.3056014966391214,638.600728902166,81.64934168910527,932.1945185339434,27.086271966931854,0.8443162616089642,5.0449796858155125
4.270260971636365,0.7495353719290312,4.097451029809268,404.08961994896515,70.7971640226822,794.509235728652,30.76704917107875,0.8446825515211669,5.422439801979015
4.2451938538459,0.8981649223717015,3.521508388931676,328.68941837982646,57.63136991085451,727.5334997204236,34.295965339905166,0.7051940384462317,3.374389961876457
1.8353841120756502,0.5205725304800751,1.0066156031107185,196.33971637227413,72.2389692751506,822.2096260223806,26.773332616022227,0.7406133518803445,3.3510020828072005
2.702213157330583,0.35456022720833413,2.0020474133096857,646.5276315656649,86.25836729307751,923.4388651128519,4.52151945560766,0.8032762712696914,2.525028017868447
5.307353533139889,0.6329485838416623,2.4512133318862173,499.94764627006435,63.27013990181181,828.6211479120367,27.15289109942648,0.8399560002346441,3.250897258006855
1.512498940277002,0.12953449309012374,3.1875057889388714,187.05524853819526,84.49841095873836,847.9562739359084,9.951225439055124,0.7995763575796092,1.9220372973218203
0.3492338441847625,0.9149241395077387,5.159951972695666,105.8396969299253,72.89072690031101,598.2972100587833,16.173542858607522,0.5747830753975001,3.0159160671962746
11.035148779189488,0.4928675807490127,2.164917568459138,245.04875171980984,47.854750074527075,742.851224530241,42.43146707806555,0.7964401961635288,3.2685081625125716
4.533292342875317,0.10865433559497371,0.5424988996812872,160.17849593831994,77.34496914767361,1097.0977857611367,14.67355440369505,0.8827325607361456,2.56121037501949
2.19485953706455,0.34474840797939055,2.5432174611619347,261.1029603181491,92.66507676349771,812.1678293884997,0.0,0.7598768670477247,1.8752493958050631
1.7445714709000193,0.3582451905409193,1.7768646959520558,436.1292915493105,75.87009799327122,815.6120511405934,19.521713270532846,0.7788319079468947,2.394770729955564
1.4962546735029756,0.6420871065904433,1.288617137817502,498.0944258155275,67.26872509052541,871.0219598535151,22.745471725349187,0.7678241902049454,2.1881644988492095
8.752866666535756,0.7457881375321186,4.617072546787151,98.51572927127955,56.22435716677266,642.3630055247381,34.80174139178313,0.6005759911516292,4.283760838099561
0.7854190531136169,0.7859124567745023,1.1716708332066381,124.82811044031736,71.09992037547069,865.1351275060091,17.77176675501895,0.8597514982233954,1.2478728322419976
4.940677497163361,0.5400665948440475,0.7550336462373808,156.9331239640471,68.27179383759342,969.8523471731055,11.872854340327862,0.9145038499311078,1.7890404385685137
4.9371127922583105,0.32017066693759066,1.668093443937685,317.2855950759701,75.37556861292502,821.7783509694643,11.390918334415975,0.7957578930518437,1.3651914604968436
6.6160259507247625,0.2554901969448655,2.4102560882651165,516.8660793087267,60.015566288010426,847.3413175735028,22.49714740997301,0.826671355390554,4.851047815663778
2.4117469527232434,0.5673465181412601,2.665044781578983,276.81391674877324,79.28406356392743,834.1468913493645,8.335327108605187,0.7154329147964374,1.3866998885889306
10.33503762974856,0.509522332351572,5.6037605818769745,96.53171218429947,48.45001072013371,626.3335641208,32.70900751666641,0.7018975444610124,2.8101905625433785
6.7741857804662615,0.7335850023035386,1.419232929930378,339.513584836162,65.8321544403792,778.5401062874695,28.280945429455596,0.787804548487308,3.6020703583286364
2.331616058420147,0.2938000903123331,4.126230931322942,219.7207014233114,76.67887610382186,783.8754192079141,8.037361007429581,0.7924423470063798,0.10647280332956943
1.6584696744140468,0.9106032773059313,1.6713278724785314,221.87453777157512,75.0881195819569,914.201248198596,22.736522542904794,0.870460939628224,1.7854703677146366
3.094248966691902,0.6368182849902265,0.3651708718355352,315.58732320349236,78.53039723735586,838.7027167570722,7.410313815132604,0.852933445086024,0.009097892319154255
2.25458602806016,0.3612987239157884,5.238553795736132,386.3414545908303,76.75629164256286,719.2951233970783,13.983861879826275,0.7257770502799225,2.9263348976610795
1.3775110219865916,0.82627732931993,0.6357723972194969,485.8820772214546,69.25900722706201,999.4020956963888,21.30488448021243,0.9027892120128977,3.8954673672914923
3.7479390700114443,0.74141570532212,2.9494520982177024,524.8493892602345,63.65054983453751,818.5185781261711,23.646516893905254,0.7243683608028706,3.3386301543735386
2.719401684077207,0.7420515787927349,0.7151035313869905,450.8946277037525,75.88872990877252,758.4325541162268,20.609130145017772,0.7893436653307316,4.436813660671947
12.23583805531516,0.23150666872795445,3.39074668404948,423.1373895354537,53.401934969687666,815.631912918208,31.96821446931302,0.7559457631720043,3.285695229341264
2.250928570712802,0.4952511420687037,0.8888621343265123,120.12090202263863,78.5296274236645,925.2557576018778,14.087887940452056,0.8253178733544173,1.4249307635744581
1.6423149350390176,0.9941340690499976,0.5139197253450511,404.67063016344457,64.50209379557568,917.1238212470599,10.59020985163948,0.8298254344070646,3.061923015751533
3.5333081562704356,0.38407819310739705,2.0345752724163573,264.1598559485714,77.15866426117789,944.5771847224977,18.39345592651135,0.8131318923180471,3.2765041548595253
4.410434893935099,0.21628172416873045,0.23750124833848568,520.6036369153279,79.0474884326616,991.662138048859,25.93870065415853,0.8896711625789009,3.9036550655654882
4.706542517779804,0.6957107034839821,2.1840631566241138,210.90135154779466,60.50365063367904,851.2962121283322,24.695861867798627,0.851987587493344,3.9514534306097184
4.667374228782931,0.4702693030933617,4.111788752517955,251.93796942591723,78.10351038201026,687.0459837840065,19.290465637910025,0.6566371113802013,3.0257360883685225
3.6426905134813827,0.3126454705831978,8.807938311420287,194.48889344426874,75.23727378553352,559.2320521183212,12.39101021379248,0.6347101204604848,2.779093680813057
3.407891744840798,0.3808630074066623,2.771564410010411,216.11588827586354,80.40472700806073,754.1708308734284,19.629092643953193,0.7858228857562132,1.9639186042329768
5.886014090846783,0.26760185255331975,2.3072500101392537,580.5122427622938,64.34308706222947,929.3998353135294,28.073540340819996,0.7336324941319845,6.132049777768693
1.239700293300513,0.3717280150336234,5.380175216428631,199.96553034897943,85.40773299151805,751.6310944440864,8.015073981266537,0.843694550244428,1.0599414771855236
1.6550719610385354,0.22522711048184968,0.8174416965128777,300.41506454080474,89.72845441438639,939.8968828666585,4.5953153010019285,0.8408387651001836,1.2329651578350371
0.5463285796672566,0.6912630188398172,1.1862484901124768,210.92713583030482,77.40892863645702,941.4728789534654,19.685821604228185,0.8181350957249802,2.7519098528637485
1.2633062711878489,0.5192490418088126,4.039460644474972,300.1298151945357,83.60834568680345,792.8244856303877,11.719669019165202,0.7797719032844236,2.8656745312901375
8.095969009692368,0.1621257285540391,1.6323086677211234,339.66032583961396,63.12254894933299,978.6755472356946,18.425983063014264,0.8534592835913504,3.2498984134569304
5.6838383309045,0.8096326786347143,1.9021868684932275,401.6469485724809,60.07029857367041,847.8480185699956,18.782459682974146,0.8051760882521015,0.18119707765377413
13.463988217497873,0.4460195501625966,2.5278892886882813,284.01401147869825,35.85388991397873,883.2128309809298,48.43174379623606,0.7924761582935673,6.832158727672255
11.156995473596536,0.19108443960549318,0.918771225781661,610.2786468832719,57.4947226708777,872.0273828004345,25.175162782219214,0.8795604261572012,5.205725938021033
5.723880318900721,0.8217815884956744,0.5297931118528159,104.77336697349058,53.319316937349214,913.9951477799106,32.88813954524353,0.9825884366596531,4.145210643177669
4.014545058729427,0.6924205597655639,1.1222273279294321,195.3213931827918,65.30205169552461,879.636365883096,27.817127584264863,0.863930632728506,3.1707540929889966
3.5949447823264875,0.3065018359171669,1.7726469388900146,190.1547641610539,83.44882677993218,858.584900560193,4.371030712089571,0.8251293619547678,2.502303181337446
0.17854066952674058,0.20233223003023967,3.3929970899333055,163.845847194987,98.09524870345207,874.9989595948152,0.0,0.7973959988585464,1.1975769522852624
3.2437062596472908,0.43924783154021585,2.383985095376281,384.31586959940665,67.87569670298896,915.9040539122356,32.22282185381863,0.9026046828082539,3.88824423894041
1.9802017442042392,0.7162633928268937,3.9394331928583286,191.19787633056077,77.37918115912372,729.0924535617713,13.36084332513494,0.6990446668853998,3.0523128676334776
1.3292573607414804,0.6190151118729835,2.3550772836544756,35.74926115046135,82.53246271776139,767.9707029518399,18.341281916383156,0.7767118438181865,2.7520831995598836
4.991947990038671,0.30158281853592916,4.368431303531153,321.56320836680237,74.10785291433004,737.8199526099613,33.16811387051551,0.7166877597042258,5.170524921992039
2.892153405274911,0.20758648839481345,1.9186352249072014,618.8339812630966,87.92362899785095,808.4022217911173,9.88860888298373,0.7222184747380993,0.7103829773227299
3.796165982052364,0.5109982171407886,0.27322905186710084,48.69413505298077,68.7616596070102,902.3044920404105,16.694643959352,0.8307308190247504,1.852005745185277
1.1150917762896175,0.528343716453424,1.3945368819373125,373.6204840518333,75.87656721977294,900.3798335136063,17.648578601941324,0.7909627704831386,1.565302570343767
7.0087408783468845,0.6015095288659709,2.581403276982139,472.1128389582594,56.38809053628156,910.5403145228689,29.395636721782726,0.9201040024360825,4.46651503388486
2.240090056007266,0.8708406880094715,3.6719083803038837,205.97917690625042,70.07844188265949,674.1507473308181,21.34791163894195,0.6667844505829745,2.207189407392571
4.770843090652457,0.41370535313870965,1.5197925665488055,344.6715737136251,69.85855617436765,898.7070529832466,25.401551262394513,0.8327146967188372,2.940386582123122
2.4335133225349312,0.25525549368599043,2.79670301003378,11.566851946154792,77.738982661178,851.202495127543,20.57237605543927,0.7782460798374083,3.270442134916583
0.12043738424535913,0.21533557754278046,1.69889330715002,306.7852258212265,85.91580403067934,899.2278193321528,0.0,0.7777703209773694,2.588553370051014
5.162939763539427,0.8935078283608042,1.201045860353833,397.32763058728347,57.179553892925185,726.143952471894,37.11402218321232,0.7699078103607763,5.336955224959054
3.073900004407717,0.2369265142474995,3.6731132940405975,218.87452849243806,75.60914335675871,756.8856988989364,18.715432619450567,0.7494013844499701,3.4398119951409583
0.49271326323348197,0.7789073591153627,3.172306855676939,223.46964697481732,77.39102222642352,865.1500797026654,12.38493231132978,0.9362518859319104,0.44169429145150074
0.9582152796706681,0.6484577980370488,10.758488668990488,349.7748393933554,81.88934179955184,532.9477938467629,17.082361933092194,0.6721413635833303,2.03257795818772
7.173289961519295,0.35901212503560326,1.5222336663117806,284.47525836091825,69.37406712919565,902.230445261515,15.135361456359844,0.844840681284438,0.9048666768492764
0.5294999061352563,0.4416906619245246,5.752725809622501,504.63211938382796,96.9247425973158,731.348897933952,0.0,0.7571585442015453,0.6817958906342454
2.181471123790133,0.3926880912520873,0.6362846058561128,298.12432138754497,80.692529482274,960.2518065758098,19.86909082909286,0.8716486003998704,2.729017352890025
14.34048018792819,0.5993348087840882,5.755791546227935,357.12194634636074,45.47131633841196,652.9740352484091,38.572227603179755,0.6404194579931272,5.884292451757223
5.275043142888773,0.7464363734354712,2.396374854953903,226.40935314024858,61.432987595826475,767.7531291079833,36.403045088018246,0.6888035683836622,5.3005917466095145
6.400876257688602,0.8145801825583726,1.7743850953581761,225.86483821530754,54.040758228919785,769.886425987591,28.054622446865658,0.7091561213833174,1.717074383565238
2.659806500329545,0.3196714414060835,3.18333084961882,428.93881694871345,79.62442183583592,834.8494837935846,16.010933261061123,0.8677796864209325,2.4990719580564953
0.43039990652729065,0.9329608195446003,3.360990322292187,455.9686922244759,71.21665984136311,656.5800755494146,22.47279131577923,0.7068032643369216,3.3153278646487974
4.1248985683917505,0.4191459341858306,5.273677823063987,117.29025759778511,71.52858348111741,686.3405266725168,22.365317416724668,0.7386632816017307,0.49057700152273886
1.043825889874687,0.7997966490516915,1.0522474406404287,254.18039092934848,66.46102680023705,868.3040394816603,27.201800996262822,0.8603398501844373,3.933362002904279
0.9236670620694307,0.3380880650571632,0.6284578268400633,359.208264589059,78.87962157516556,902.9724551717128,17.54194338759163,0.8317788314545859,3.42842466729891
3.7181936831663593,0.6383430902323886,3.1981462345110185,54.40891584915939,73.5527431861159,671.2878848978037,18.628147378289754,0.6724936795062161,1.9738972060607303
1.1351044633669352,0.81745168128245,3.0542112203457448,252.0241978741767,75.32904318706633,732.4606911757286,5.620023386045332,0.8404621202305932,1.122736626785425
3.34523317108063,0.6165669728371281,5.21141774307958,775.7300495410217,78.44384721963941,731.7877034005874,20.274337664165866,0.7656140416065234,4.02205635521664
1.715284372874271,0.865774627538204,1.6249860364274884,166.73554619295595,66.24597099176252,812.0947670127975,9.384971415964074,0.7040390560677745,2.38594342070832
3.2399544335832537,0.1551474563909842,1.3668149972571362,162.50485288828415,78.97125305738834,820.6693009441585,7.317886434826493,0.7046424373818592,1.1478086218091574
2.040824858239338,0.36596276411592055,3.129939675728185,274.2354471248343,73.982523898583,881.8459102684609,13.984108507093772,0.866608400270151,1.208316999491395
3.323297187162378,0.46051041952177785,2.5005990340895567,286.6352420089107,78.79708585396193,816.1106228798128,20.261191526951542,0.7454943292611957,1.8718201479594911
10.468257944055733,0.8380091177049565,3.614552471674277,235.890391982796,38.18434987808736,750.0596938364952,41.93762132643977,0.7435245944287769,6.085142438036976
6.5185906416273856,0.6283207762463645,1.2950502199616603,461.5604500723128,59.58194119232845,916.6330279546672,39.54235464045533,0.7405886752682509,6.084313766885423
2.992556030121991,0.3612601926431421,5.71923650544567,81.79177750885562,78.55694405722542,709.6141457029257,6.689362312339711,0.7026107133723101,0.49851237337551346
9.2270247443612,0.3529207266728975,2.982613924126486,158.70415625721253,50.67854640861132,713.2134915142398,27.927111458455897,0.7735396770730977,2.335159212366117
4.82920477958864,0.9411992450599738,5.122745864852936,252.93808132812225,60.867095635356804,759.2417226151624,13.890368538184296,0.7287810586106125,1.370159537925426
8.74315237106195,0.48110749065628117,2.113763598163901,516.779731524495,61.793171506991044,710.8230556935669,19.86413367895683,0.6679839242733641,2.1337404574897976
0.6187660302869358,0.40839729355065335,1.2370665235719378,197.04241048680154,84.31769335840265,869.3044547821058,7.181842902979609,0.8093672240558275,3.491585234685953
1.150748563537796,0.14108968232280458,3.2723530299068857,148.26677115476653,87.58651324700566,925.6827968253937,17.479059589272882,0.8571488836140818,1.389063828675877
4.082608809031202,0.5281268876125729,3.948285406278501,65.09125721962256,69.38762738605486,721.012946253019,27.7033480277491,0.7149898412637412,3.9610398374708624
2.9233315468191776,0.42804666568160865,0.5377334667600631,137.5516275654408,82.52989691175466,875.9957629471281,13.659775677984145,0.7466795485575108,1.7892379822405777
3.330563453544908,0.6403226986898669,8.284147927196148,70.34939763315606,69.26690578378599,559.5822858798456,19.64570615248074,0.6554176853488128,2.5265916948020344
5.508468843272034,0.6010257276492498,1.355616019579724,188.66103672009484,63.348050947794874,844.7822406162277,30.24470537417141,0.7781773004894578,3.1734155368087515
4.1186422876270505,0.3476856035629847,2.7022566249975775,380.05569949491365,70.51874743649545,788.1406335406906,28.273423188035153,0.7816007428692633,4.044681288311156
7.029013941734826,0.9360562086419896,3.7960615817076975,342.8909866927031,36.515977166084625,669.5972935657348,40.558354023826055,0.6529387106228678,4.786785677479112
6.8764078433170726,0.5365434309560132,2.483163968085727,390.9827369232611,66.4387147595024,884.6757435597042,20.209541420827932,0.8930999653421821,3.464846477958651
1.2158689560276286,0.6349129209921168,2.6022697777359762,122.37195665693305,75.46511531693861,768.8004732881723,14.585629338502601,0.7969063850998147,3.1763624370643306
0.13035004750648532,0.5688144339541801,2.65271348768675,95.41362774324118,76.01170412322911,838.7180383893491,6.384829111602226,0.7852472626589604,0.7255472314868129
1.1256564072932718,0.1644716079894659,0.34482105264881685,332.3734236905022,98.06275644622886,906.7666041264807,8.621672992311193,0.8592712328461714,1.9808663580710713
1.0404786421850312,0.17265926514960395,2.7811014779803496,440.3870237318827,89.75912727131002,945.9237895127332,3.6681414788107976,0.9493411838787924,0.0
3.563002302571229,0.7296214449404977,1.6012843938391397,274.20888630241774,65.04039213601213,882.7635542777217,22.735651055210248,0.8884114716991466,2.179975612823801
3.5218677699882086,0.40317122315516624,5.047669246136857,347.1945862806469,79.44607381944768,732.240774402508,23.123640598993113,0.8148069209143316,3.118093031844995
2.759403012642612,0.3380235987590215,4.430401584042005,263.2713173506532,80.11092335169481,810.5607538412715,10.684753312953738,0.816591264564804,1.7325285735592513
4.987873910138815,0.623883693336052,0.6668405319461463,205.36700176972568,66.1818794965417,971.0565373433225,31.26910952730575,0.8555349755459171,3.2367741662929546
19.146679892489885,0.6694418009856384,0.6331003428074009,226.96389118113157,17.78054159071507,814.1501475397259,47.0645393037494,0.8179099038580144,5.281995327333406
2.7019847811621487,0.6261833368486841,8.518655692598363,436.2030320168592,74.72112218592592,501.97209845725934,21.063880439758705,0.6861445219342632,4.224461406210008
4.233300895942154,0.7675710763884651,0.15424464995785808,260.60138490087684,67.81222710395338,901.131007126735,19.858637833958024,0.8709610818737255,0.3710313518791968
3.3298789686777113,0.34437988529890673,1.4099995272388683,433.5712576176805,73.38454987156616,814.3755205646266,9.154428909071623,0.7472717280030308,2.54067714114968
1.8572616527092007,0.3703278272614383,0.8497096538174947,298.840990383109,70.6955561393066,817.3293876462944,13.70005681522462,0.7937098143532065,1.9977709560081895
5.5509757628517145,0.46063813842828694,5.604479036209509,186.6219988984989,71.58140399654121,610.531884031174,20.73542315938513,0.7043395572561398,2.437281998912365
2.5754604173898787,0.3965529976820565,2.186334626861277,359.42247348404504,80.50208405503123,861.9706711795969,7.888775877509097,0.8257809623449839,3.26856550950768
1.4639923735346096,0.14070576526815942,1.3498458854690432,266.11222979900936,91.30086387231191,802.7715019689977,8.3874281916229,0.8198287112456984,0.0
1.588405165767899,0.07183158971241546,2.530424219570997,491.526639741533,88.66990609026604,863.8056801151145,3.459058026981981,0.7873122956719962,1.8446628749206364
7.2318530313020215,0.7906582021265138,8.0332731931087,161.77442220337235,58.3515279271145,354.2513756349939,19.437311072944524,0.50180313816795,4.812133401030886
5.437606265759358,0.6166034059587767,3.5088501856962773,71.25408068726495,60.00775104245972,793.4274322801194,33.81342389224696,0.7931166047048929,3.540213584757888
2.078661224148795,0.41014314493000675,3.454729081758578,381.12942608304957,77.57743123289411,830.5823695350697,17.462173464078226,0.8177784330780762,1.7560148108585267
4.919121867674029,0.7983040875335664,0.513812088921945,550.3207822119103,55.05038006475278,846.9556071092528,20.646676634976316,0.7765290464292984,3.206404362643653
3.365914295107018,0.3361944931771619,5.2355281260736515,439.84314558169484,82.28478765370049,811.0482293216778,16.318920881757684,0.6641448321500544,4.9638878328326665
4.297161311908701,0.6136129233254702,1.0369842978811628,575.9925742447754,66.53443126946506,914.2085353700473,24.15906178256938,0.7044708389351515,5.143226916309234
1.8066773509777034,0.5754256600532747,3.292582197629233,645.3759869140374,76.35352985308094,734.4994895469239,13.963033211743374,0.7383608343117339,2.674700007100463
1.0804058702023116,0.3765862719078815,1.2374506128128295,244.48140388189148,84.51061723949769,841.3676362368734,8.49098778331664,0.8139731108592794,3.2612018148326998
2.5614771054539,0.5735383672329295,2.511207041940483,141.55207012744145,71.78429539800125,866.539130488543,27.79352185040991,0.8095714544518118,3.715126592362018
1.3127973346771087,0.8525988009100296,2.408757195875093,35.49567827546291,73.85872780886045,816.8457928698284,20.213582119459634,0.7918647874001563,0.0
1.204144530672963,0.180512414109787,12.461832501111465,76.4553406754069,95.16481631768914,458.3066262105884,11.719589078665464,0.6550365432091565,2.019218348538554
0.6697922613483658,0.15808348922071924,1.7166301907821517,371.40329005424724,93.937013507963,802.0502710001217,7.098763910523633,0.7564063384711328,3.8666906730099675
0.13248789566095795,0.20343215341877527,3.030755286535541,80.72246721974747,80.90038464002876,904.0109887351334,14.778775467689917,0.8606592130466172,1.6050620592604368
2.116458312041427,0.5971776588201013,2.163833796439312,317.3803488741017,74.27017979152781,827.8751890270194,13.46712822583883,0.8809196329838935,3.59002202345606
8.327939143460455,0.3457864256052537,0.8035651431283034,386.13397908438225,62.14761469807071,912.5126074653632,27.443424214165287,0.7956927929144122,2.1461635942513326
6.769579481692372,0.8387000361264997,3.2888514081824143,280.87714997885826,59.93503455535867,572.2911661820676,34.171480129047005,0.7318919103886932,2.7909130314297985
11.677308958119635,0.6637142676856306,4.61315238915795,224.11803450354012,40.6297777151077,747.8853745538489,42.046467333984936,0.7972875761593106,5.552661713005328
1.1443395102403315,0.7262052777340275,0.9196250000608299,156.19047643190714,68.20972229657251,850.6220353785418,33.87153380193631,0.7948612510637593,4.489629164164029
5.851625888805748,0.43655513056657635,1.9705833933307104,598.1741082345989,70.70926747775701,823.2837739248891,26.620548916723116,0.6672216729670334,4.298206358925261
2.979444892521133,0.6133979191434146,2.5653591286466746,41.455199849773756,70.6305774595839,755.1843325776813,13.369140881100812,0.8226409588027779,2.553386516234845
1.5913351883677702,0.5697493156176584,4.267633751239437,155.77207051513264,72.86344699976938,750.4831267690171,16.086165536734793,0.8388027624628497,1.489367715485828
7.594154255340257,0.8265722639961216,4.39101869694621,225.0271026882247,50.25267147815195,728.4513636595666,38.86313924991904,0.7023376640488677,3.32575085996221
3.0078537500805425,0.718325540105098,0.47726327482863184,208.79837721733523,60.962840048104944,850.2325969035636,18.164333371276044,0.9017950551311917,2.552050881167718
0.34826331597434645,0.48307471285606646,8.459730054334742,400.3313364580445,82.72894167609451,622.7082228278422,11.39100849659653,0.5890964383862487,2.6577407720120956
6.711393298386465,0.8995058338353338,3.5229872928970742,298.51543092853314,50.859228542092204,655.0167857574562,28.802647108774593,0.7075937380725338,4.195145243688352
4.636273618237212,0.13342370352519245,2.45514193105668,113.98415666636656,80.4204999204331,842.6404219666922,13.9498660732083,0.7967047097390081,2.1602725358227772
3.7484488221959142,0.8769851680473775,4.243098297462652,424.52801612738034,60.80529389746484,739.9048014978276,21.88847226450482,0.6770851338528654,3.233728165164433
0.8901863349656218,0.5433513516963986,6.214592386104471,155.5933111347402,78.9231500012888,645.6458500691415,21.07429557033558,0.6748919654934765,4.856670892160543
4.147796552340537,0.1746672650302193,2.1381551949231508,320.6389839784416,75.91340008004164,991.2819676979211,13.805476544035235,0.8932267252069853,1.0283321877140315
10.489385805876964,0.4102674337095351,1.9419017119848685,568.897687347765,52.002049733616225,877.4003250350049,37.586418221210145,0.7669556962384455,4.996891794444238
4.526829109442221,0.7061439188209572,0.817812164272949,180.486106127161,58.11711463906122,791.2849073313771,20.35675874423968,0.8085301315800604,2.470683711115129
0.5432952156685488,0.3385348386083717,1.962849050072913,186.98147658645016,90.06781989045665,776.5646022304784,5.124436704293963,0.7318566562528098,1.8956927647365855
4.826327615518836,0.612686857448759,3.703478389004066,244.55458711266047,64.99543529208502,807.0217643152182,16.82587050252085,0.7662520481528959,2.5830794768084893
4.567653074263013,0.2743869934417212,1.9651759139236362,250.0068387102903,64.49169568917438,843.8058198451564,32.016076826815194,0.8786287243128891,4.505137689557418
6.248406179467166,0.33348704437894366,1.903262299792984,305.40392112146986,59.99076000362539,928.8522275648663,23.360116356911313,0.8245884956082156,3.318508947738062
4.458704278552432,0.6854604880067288,7.299921414215852,363.0468416457216,69.67510885606222,572.7675632331247,20.703864442007458,0.5305763235457929,3.1400095724378083
1.2089629698578994,0.4949128477604286,2.9970472232769114,149.70738913802154,78.78412197205004,820.3999255402437,16.962578928752908,0.7796627699925236,1.2906196642229135
3.569141818327491,0.27160820771865907,3.0021531870105713,266.4161458618583,77.40278128317915,819.0470288019976,11.339320549404006,0.796876593453624,1.279963139964082
2.6049675209690855,0.3858532666743938,3.7442834522536925,133.699376931418,77.52529105618899,807.679312341697,8.530396019407698,0.7725362279166234,0.8189583384581487
3.9617552192331127,0.801297889318721,4.798779222665676,390.72094291508046,65.51915306006403,731.6152119045623,25.250175598286326,0.7819856687231346,4.134098597800722
7.815281261446009,0.6868621490356912,2.6149113264910686,479.6822558456306,62.035517575640895,793.5221569556481,14.98151420092818,0.7961239274949252,2.6869230326722544
1.7095600469565653,0.6046923271428056,1.1723964532308075,207.7686779096356,76.97961053305336,902.0604696853356,24.16502597094353,0.8112619815858088,3.310435094273873
13.024493278801614,0.7309855490917149,3.4924622423264546,290.0820564185825,39.18871491052624,648.7364914520833,41.747815932018206,0.7240662178970774,3.3701867457803703
4.799778759677301,0.7088972082583078,5.246003484253554,551.2861000919524,60.021836016508715,708.7625687337867,19.139774068153848,0.7484363538646834,3.0725526701368087
6.742227854614489,0.3418730575231204,3.4523033559492933,332.2233542307378,58.51332861992033,812.0076935569598,27.452818878228353,0.8088718752163865,3.9171939192336103
6.0297004953915785,0.7279148821061431,4.217601616091771,134.2579943022193,61.085391978627655,706.3818775268463,30.707007494224182,0.7158428740790517,4.617550121276296
4.636738104936546,0.5814535219191065,1.9036783137993414,91.08527054688682,69.32970380578082,693.1688158328541,16.566829581073964,0.7301710740059405,0.8316581857136194
5.388262451554034,0.8631775322278107,1.352820558804205,164.87459783692432,62.754070102011404,716.293011309606,14.420156756643834,0.7352299897479436,3.845602858205524
6.020413326454134,0.8342925964395708,2.852580200057197,232.90330067674293,64.64214934715511,774.3940658402906,24.010310108111145,0.7496224222656027,4.57874814666612
1.3215734175188485,0.46452372195642766,1.6346135022958006,417.12389192497346,73.62274834500539,886.1474852428017,23.03115199960273,0.8556478914047465,4.127522434089469
3.1779963605691695,0.08724301902642585,6.3380874024295935,220.31483202684984,80.21491352266514,757.9511744944052,15.24782773161904,0.7826046580270114,3.5780614301682347
4.609022951762734,0.5564607722233295,3.5741510494105393,127.45713053610604,70.60273112280957,773.1309684417392,22.994771527814805,0.7917349649877334,2.3409710227236524
8.092723232543936,0.37843068354168374,1.7323039804946716,227.85738584415193,61.26700194716523,802.0290764102554,32.8534331645105,0.8120682401696917,2.850135935811582
1.322028770604331,0.6670373635042304,0.9739523828114561,235.90592932940368,81.57492917554661,799.3037150883415,22.3952239397036,0.6670964719446376,3.3470504419173146
2.170422940893456,0.258925221648789,5.128162192875965,169.41839588289375,81.04769614261596,629.4863326902558,0.0,0.7229080928815208,1.471165966847547
2.4759855391322914,0.7480219172507326,1.1185786701525604,221.31895680838284,78.87653045966945,850.5306174995914,6.837995516412611,0.7621138893207708,1.0781486714533959
4.004392867756769,0.8559004677775122,2.5101091985940682,292.23747089342885,61.869230900108256,885.5513242289821,27.698835514201996,0.8873361604968169,3.7276415549531374
2.6278947265729835,0.44556349805551826,3.0248049654578626,82.52702549986562,84.11557344642462,806.6594536300041,12.78143423035479,0.7159715013273924,3.4492117886094027
5.408492681935471,0.866352868665159,1.1320394402133924,236.26513782031796,45.08141700306398,779.1515867556889,29.14993020433363,0.8465878067951499,4.160160672677034
0.3711362866814386,0.48587326134072434,2.227920921416656,854.0631943626607,84.17150913562196,839.5392078364257,6.386849670470622,0.6945391969482472,3.1826838162182165
2.9487643114774986,0.9240083782779559,5.69840611009238,325.6267442199392,63.17003423594026,625.3220049123112,36.11337002928163,0.6913558250382346,2.025816220539331
11.279109551571064,0.5927535346066372,0.6749745951902213,420.71082551657753,35.875661568425,779.9100246555171,42.762638425304345,0.7496624990315708,3.4775180325738244
2.6346261229085854,0.785810269383092,5.105749213536056,548.8542552760475,67.37428810550553,693.1482811124021,24.09994862654239,0.7390594910048882,3.7145055158915463
4.815182013073942,0.6193780276993689,2.8733856951124945,605.8671323073975,58.881214039891496,785.6415239433204,39.528137213028664,0.857658308115392,5.443112458554459
7.13699962510176,0.6641045551193951,1.4860796740649542,189.52257257995132,54.388117413776634,830.7066261263038,32.49339433171556,0.8102555097902888,2.1256331862846904
4.683128078185777,0.5436251469314923,0.6305941344419094,87.70951220500397,68.88590899441951,1012.5300985220449,26.5041245502921,0.954496995993665,2.5281490981521264
13.894624194046354,0.6424073739556683,2.279103059735614,460.1080649700554,36.641457744917595,806.3983597915316,47.77722898792426,0.8605690384604365,5.872044883101838
3.644983460232795,0.9442707161630557,1.5554582881456873,234.82575973846568,62.239850588068094,905.4965326134981,24.416473168082735,0.8123462111081123,2.9210563166610863
5.634676834179694,0.3385604418215049,2.2568399744654455,242.10215021491388,70.41781643379328,809.3144202195595,18.349021874376668,0.8036893368605944,1.9198473607675601
4.151170549174857,0.2815153560085206,3.795821465418369,360.36005614882254,87.28049545285089,715.3335520655896,15.993303618877375,0.7976036007660259,1.1247985998359498
9.60977469124907,0.9427898751596511,0.5826864883507106,269.1565834991975,43.897173224133134,786.6837432731883,39.22363850845164,0.7896475541630235,5.079809431856697
2.2782185470614627,0.6278415294627723,2.752456184185797,307.9832499296172,73.03183874741097,866.1222265147959,12.824634351287578,0.7903487511590891,1.6164399406073744
14.727438834751483,0.6044286528627533,7.568961682993004,322.71078140752445,37.81154125695538,561.0628907442132,50.02582498235385,0.6623911263001231,7.306627341008481
1.755048677599068,0.04295381164819119,1.7375048319284847,463.53025223055494,88.52979421496502,838.4916871279236,0.0,0.8088387344563726,1.6776075421060346
12.09699658268114,0.4059815467061884,3.418124474565829,341.83083502374575,40.639607521572955,822.7943270067367,51.02203019373285,0.8191410299428104,5.677248635952426
1.152524813906881,0.7333525395654017,0.33662219826424167,131.7128024054211,76.66780768502056,853.5231120731755,15.21321567898755,0.7856920507248885,2.956061481678322
5.785040386757211,0.22523400417201295,0.5785447368297281,129.9196316930042,78.46759165945484,977.5406638040325,15.120568310096324,0.8986346468996239,1.4091737528352166
3.3659197539028662,0.9071745773848003,1.3945034296594268,179.02935595413342,69.9990519424246,767.847205322086,21.498817975806936,0.7537332524722248,3.2866634930873864
7.0200014383600475,0.38643600749724166,5.890286145082924,331.0776610944299,67.72595695635209,651.024261274845,30.57596518202191,0.6658758707518659,3.4650451453529114
4.916058105856851,0.469349773054179,1.594921491208873,139.18456160229002,67.17374671153537,965.3637287638361,24.02340886009148,0.9447067428609911,1.5655186944356796
6.720105916269015,0.07651131962793872,3.49683411858496,139.10230107644406,74.2415804506485,798.690570062085,17.894775487133483,0.7535298252040756,1.5377598993472965
1.1058863299307984,0.32795887200799895,1.579466300089882,317.6372371025354,92.41519327008756,837.4991346079032,0.0,0.7647352358116477,0.8518530326222349
0.4836338818327146,0.3929769796500272,0.8303603236096653,188.81649916951204,82.60487164952941,935.539542399244,7.894805205080752,0.8019998879313439,3.6617002161472776
0.9026447693381201,0.16247150360939408,2.054891959477355,579.4134547743832,82.26275558771663,726.2368458770391,16.268484234777837,0.7325076803036115,2.359020409850326
0.8745668597706433,0.5223188447093221,3.725385704968295,195.12321989764848,90.36506601034556,816.6041367817642,8.08054507973195,0.7823488147832822,2.3034262930814204
1.0900668845634356,0.35468791695546487,5.13741814225848,398.05697701818804,77.77203832243053,848.6083179621481,25.682269723007295,0.8452717377311527,3.0878971037261893
1.8818578866319116,0.44331251514923425,2.283169372633152,246.4349931117229,70.41251755879661,894.0912774827764,15.822225018876171,0.7748870711186412,1.2979708049460885
1.8645709009907536,0.6815926041082195,3.489341253091174,121.13397682065268,73.96214529623366,695.7220069153626,11.303237570916595,0.6332109935456531,3.0383323960586752
3.4388489822929293,0.7090713993860184,2.5925748861649067,191.2503694104758,69.00052952575619,746.5388245691413,23.498323653363318,0.6551828921288664,2.7933824893149044
1.4309483333883128,0.7234442328031432,2.7780255946051686,256.689824742189,74.91133844725289,784.2229317100124,17.049563296598446,0.7933369611722613,2.0510397061558323
1.5601058056156751,0.6287718496218287,1.15112238672054,193.39869544205675,78.99164216293427,881.5488426270034,7.514721462595258,0.8806590035107085,2.4290558425370703
2.788921153929653,0.7433601556246261,1.2598739263532046,543.8970481854722,67.24084903725844,934.9391288608285,19.817297323490106,0.9086176825119139,2.685210053998025
7.798347049148413,0.18051258993439598,0.9109737807307628,150.8381583276592,66.35579999720865,1030.6182192618614,27.779546703242936,0.8932950816785464,3.068048327112977
2.2396176317543786,0.7705984663981283,1.6722591763559955,207.8475575470681,66.15014285534951,804.6053497068519,15.773467777580084,0.7892679492643738,2.281996501302366
3.235349616680576,0.3389979242314098,4.631557195275161,339.5043397893377,77.50299276345805,732.0102410474922,8.922551865263758,0.6268641995962206,2.4182803297980993
3.733439648305839,0.784596772692925,6.880999463542895,677.2385074050195,66.89439624866301,560.173309258023,18.80438495914445,0.7169986895211946,2.38818964605933
1.2441706520601195,0.29338645273013686,4.625574652773656,367.267076421167,88.4667045243645,809.6375268969482,3.827052715180967,0.8436234969349639,2.3677640234487436
2.4618346314998556,0.9465534652839491,3.369088441475631,327.51093960518165,59.46165074580496,788.0476547492767,33.1351222205459,0.8180264863926395,4.073739660859561
1.697115465234977,0.44952153599016903,2.53789582210548,428.14717123011985,72.43944226687684,835.1524861963495,15.961122260506166,0.7562079670507237,3.678345299147649
7.225858466984677,0.7580337159417925,4.6164366328161694,493.00929309115986,58.79651993814551,701.5643987275079,38.63082598736888,0.7027608645763479,5.083526311214999
6.7610282329126825,0.4470395810228664,14.423479634443282,550.2144954062616,60.8958581419936,482.78879641643846,21.114757883839985,0.5801656048480859,5.10524646997332
1.5190510841893405,0.27198839826644083,2.9787807664372394,366.80402131054467,78.71733599462064,880.8500501296348,17.08694065858756,0.9135247462094737,2.5116034301404646
3.1787677288154015,0.49363327553116526,3.6934914758870656,302.1109344628354,63.872198665154556,655.0412984089583,25.048713697020315,0.7430245877782462,4.7512507533018145
5.638336466674736,0.2806657615406364,2.998021172782611,154.1831515968085,78.1053227386445,835.9228368398766,15.345520725737163,0.7922049348831,1.2538607864436457
4.47066884058733,0.29014653155836806,8.16447029764026,315.00370251997,75.71265064847799,641.9873508309532,2.2301171031595963,0.7144222455403771,0.874554521146603
4.889712837129422,0.4891126201169976,2.2241744607607568,607.9835295164581,70.83049664879042,821.4997938265074,13.834103547780206,0.7473152516979463,4.867834350396529
1.2529248117751473,0.8685842242914164,1.2484508667764103,50.57293883226283,71.71371120370956,895.4796317511655,18.79587020746383,0.7680464334858281,3.1277289415528458
11.768290784035882,0.2591743899716471,4.0403512756385815,518.5552533731291,54.27844943114289,779.7230891476963,20.187715353628036,0.7643938174026932,5.224522277546894
1.8440196375472349,0.8092288471376878,1.2522512174333373,301.28848937240355,69.12113180560651,769.4453706763569,4.076475810137456,0.7047994409796985,2.427222707179178
1.7898253178318222,0.7848282179154816,3.136974890374817,453.64798326275917,69.65838249060506,714.1861493500516,13.83092325331594,0.6439198269493154,2.803938633178762
0.7712669577259297,0.8577676417683479,2.5511944485146736,375.6682861809555,66.35746976614044,809.7570172307193,25.573691140943193,0.7875176120086458,5.301990981321643
2.905377492581422,0.7654067275187204,3.4410863156689957,275.61915327704327,58.32177759682701,666.2519297944536,32.03811168697784,0.6865133566672194,2.2362373580033736
8.453017125058764,0.222640473719442,2.6383829187139343,300.9739768708891,75.30307911728636,831.4908514450508,9.946391186014925,0.7484613681175337,2.9521627169920706
4.432042259648222,0.03240134879515087,0.4485991145162507,393.1423403500369,81.08372853297307,1028.0275255374186,12.033266162090275,0.8968028000709739,0.0
3.1222886205688685,0.8449198139031754,3.78643395705857,160.3609814915922,62.322396108458975,640.1835883915384,28.9164974164963,0.7030462867379842,5.03114733641203
6.371465985929974,0.2045862945862879,3.2134000578568607,277.0392620344943,66.7661404294391,778.5398174189032,31.214183932062628,0.7558366121374349,2.7560612289990356
8.290538868902415,0.7392823309766303,5.410996239970407,363.2112336818865,56.89423772408766,570.9620838467087,37.89107423870434,0.6495790240278148,4.502774162073465
6.748993564974919,0.19096854291523882,1.3639247151441807,415.5198148140294,70.70243278075696,863.0645505719287,25.976008677234525,0.8093416779722246,2.5140996065602454
0.29941240345818526,0.2536119200931275,0.38154195077205244,392.5358437269602,83.44443756116073,915.3493080253463,8.353215921040931,0.9357118885693676,2.2383455889695507
6.4156672621227475,0.2294172728016527,4.013135035996491,231.5679756855657,68.49968031769819,790.8263238332162,21.75453674738146,0.8409559020011105,2.4958464308971147
5.054023726496031,0.1845254121402019,3.893045466530771,289.0115533609317,76.78132168178351,761.595663989642,16.680711071874132,0.7627693902348148,4.006284099694931
1.4826702965373713,0.3343963550406424,3.726116295654132,129.6734790822863,80.25892881378819,777.8635941310413,12.51924163146822,0.7257485779413811,1.4246167504228402
5.071682714211748,0.3012729691880151,9.083162313484024,503.6595616300234,76.32853859856655,650.263017319875,8.310713042959659,0.6621375455506829,1.5049382356662797
8.466235145981951,0.596110443358737,0.10615171925455023,321.4908300053875,65.31899249166483,926.3727945883608,32.923260355345604,0.7912546398543036,3.432231721869537
1.9292287149373002,0.7756944007335608,0.37533608910870525,288.28190106310814,67.71014644019417,996.6971531599738,25.1996316330613,0.8581434848290287,4.656031553058087
7.136370521054287,0.31369366054336706,0.7998496354419369,287.4843479961118,64.32380568203872,880.5713659109267,30.193426902420086,0.8617413154271065,4.448248237328253
4.516249103893985,0.7712789540534056,4.330935123153944,249.41320683201113,58.01963499123956,684.1191210541018,33.34921086865258,0.6807894171020379,5.281124136676046
0.012458294128688511,0.7341267515932992,5.705753729753857,419.70062793735343,75.84197845959997,670.9012187080564,14.310027916660584,0.6937933539573583,2.35172354916897
3.3378099851191623,0.263927866319845,2.645151978000322,291.9043306587021,68.58649576990459,823.7364036561471,12.99510034582443,0.8533139317030657,0.7437743896635891
4.363315588098658,0.36081874820319604,3.8132970397820922,152.53381902114006,78.38628166970912,791.7499847869694,19.634201334932868,0.8027010798162785,3.889297918539598
2.558070663768854,0.7639105045514193,1.2887614467536181,182.254364542248,61.55719885497646,718.8020518912164,31.02845309015246,0.7347221797159481,2.265085528765735
4.661694745404348,0.8793400860077814,1.0173278941282584,116.49877985604023,54.999880546211664,805.1641355607964,33.2381152695905,0.7773883418959325,3.565977036013692
3.018261265393395,0.717094732724624,0.5337380618162283,594.8534971698832,68.43691952120439,923.7497586042278,35.008780684266604,0.8443469306353794,3.792225828357312
16.94925674406007,0.12213662933287187,3.8026322792363207,261.2081125046845,47.985983234799264,943.7945988497338,33.01223329927682,0.9128338035064103,3.5002918658728035
2.3864333461759424,0.32050373217340555,5.428969731382097,629.423524131158,75.55681897276261,821.6929924810048,15.22226970284433,0.8079109023276764,1.3436882603543736
1.5299611560365873,0.9413023621955494,0.7153096310101235,309.191307498036,65.94419896214868,837.745022258359,25.079100723209915,0.7898202172834269,4.105947371517221
6.851975132368701,0.22862133857750544,1.2215636097532452,225.0556485028546,70.19615709638796,945.7155128402047,17.879344587455268,0.8037392335856436,3.839745526913558
2.694141106531656,0.9382150546548906,1.6429438986111822,252.92038956263207,60.10431505037681,813.3800054482765,26.51841079380021,0.8121631863694599,4.235533825307905
3.1713143181130494,0.46773663627131096,0.8325920813477939,303.5887317414428,73.19020957208419,863.2779878181135,24.96211798432298,0.8350916707734404,1.9861230040047206
2.9254734276398393,0.652301264906589,3.1833677087436776,155.41300161501562,61.96356340557034,717.2707489872413,22.74058636624861,0.6512491829345679,3.610573684591648
6.551972251132615,0.9275631722012064,1.8589284680040166,126.82200288585896,49.51655019708557,801.4052014269674,31.86230651524717,0.7731156777682555,3.311992605415065
1.080044845575158,0.6815709318398465,6.076228700577255,475.90691502087753,80.8728692212004,648.1080065057241,16.854411348007865,0.7056131985059039,3.182671237132636
7.124994350036058,0.19032576358104697,1.3065735155129041,218.26788588110614,72.94519470407711,969.5455297853094,11.019773809835488,0.8686597007766055,3.3715115430553984
5.40581844632281,0.37358505715960544,4.633898911064806,637.7171388311955,67.22409538881503,615.772165341402,22.451613821498714,0.7601695511816482,3.3558904421560602
13.05493954239803,0.6411298401070398,0.5778191922449085,370.29627765677947,34.74156151231632,870.3056884169166,44.87479606533205,0.8985359917210901,5.31428924321516
4.073831864741725,0.8989775696414459,1.462037821606125,208.1887794998632,59.24225441043768,879.2252191560069,32.29035537299223,0.7644333709785571,1.9612308862183763
1.1770462469931615,0.2799126512927544,2.736295852129664,768.7097622568576,77.15274408561808,883.1449049742795,20.812851378259978,0.8174757100129876,3.8219865826188655
4.113277118807749,0.8904255240811774,3.204677002313855,488.7068605285231,59.41568527078596,679.2681729336904,27.44987618350393,0.756002532598383,4.836345025023575
4.5692406157594725,0.33865840503334116,6.703905685796666,103.8946424369027,70.77563808049274,602.5028273760861,19.941545729208524,0.6573308277911447,2.6808919462594045
9.040765750025402,0.5025701545686506,3.11552960758074,173.03189913653262,53.080427616388185,797.2247010363885,32.63258910491281,0.8151783727066845,4.125946279581512
1.1735770896101632,0.5340474623504889,3.1530097904487846,19.586912119488943,77.42230380748612,840.8835325803491,13.9566444679404,0.7721333321592647,1.0287379485634678
0.5440301879198676,0.6639852738163361,1.0318818199967283,238.98546784047488,79.45216592813311,890.1044416509096,22.13537843750489,0.7555680926789434,2.515863444588145
4.188916410476912,0.6256270745484455,1.1717383961242804,714.9015446414243,61.599349779478025,866.2142587710563,29.891053445816077,0.8543900751104065,4.123246078819176
13.477659243085496,0.05732444851400862,1.6201409246096072,80.19614063720451,57.92216128735355,965.1187934121294,37.05182575111482,0.8624588944721264,2.9946728750518385
6.075449127525627,0.5182899354023255,2.4050572435931654,334.07026593574534,69.44264487996347,841.5018309341646,16.129458686962675,0.933812522929887,3.05544323109075
6.365719100673361,0.655606843541822,2.220955250768525,864.3999037693071,70.51135178986965,848.7816506085603,28.149275369326343,0.8562779288918043,5.505039903631022
0.7445859687958911,0.7068302379116029,3.2246465250675604,248.47400496163647,76.5771341958811,821.2343957920125,17.113137399161566,0.7397387833496236,3.294450464973966
3.603284079098272,0.27174220160403934,6.213559490175681,322.978983283781,84.76176728940243,684.0039969454664,14.771890130526886,0.7440767658120803,0.06389295480313084
9.173284785191631,0.4006020547836286,2.494859394525914,216.20183630728022,62.34732041713485,786.9664623108653,14.902798850816458,0.7686490226592654,2.000588499691085
4.616004658110379,0.4158866735525334,4.224135570230951,169.62974244061144,71.707012533264,812.3859288008773,29.563261298864035,0.813715365891898,4.105272232146344
0.4909564188244533,0.6866437912948631,1.1589743671621335,412.2748916471082,70.27565123393369,819.9990439942076,23.449945966094567,0.7558278874139595,3.269471817583263
3.5387381500213553,0.5633511525626953,6.830935966669922,418.74577496994385,74.77626301606293,525.474119336464,28.839126690212957,0.6308894255647169,4.029265075399052
5.732597485156593,0.9208786098885029,2.4280198662104353,353.0184716643844,55.978910355965915,850.3907215417117,37.48568611181122,0.8631967748732918,5.050487155363275
3.197398096681771,0.7933353391225129,6.7577294393361775,195.7406344259396,74.51118976097797,625.9333634093,5.558491924949211,0.7166804235566391,2.6726352140881287
1.3515378322611804,0.10435989693077388,1.9790761452130003,356.1325493851691,92.03742841031175,917.7483917456018,14.703307497858106,0.905372848816851,2.7709400684904044
7.020249931172696,0.18777014882209236,1.728857571520577,99.4386182621513,74.52409775537825,891.586244993665,18.95446796922884,0.9907368898302089,0.2545922393821918
2.2929164031145994,0.2546808947043571,1.4312201671211868,376.82527334777836,78.86269114040438,954.7813373528613,18.647617531739346,0.8495281092131656,1.5778960702474034
4.998364110135412,0.7264921869251856,0.8906819301806064,162.56192290207144,63.065550524783745,778.4057389681619,29.10561771679449,0.8573147807257493,3.4749086016486967
3.4537576775186096,0.6731872405669459,4.894270884520614,154.84729728783972,58.19103543071234,703.463981524746,28.67397884814898,0.7368604707163473,1.3128236656785885
2.206403278765979,0.4761622227248265,1.2211861521753486,612.680148520465,79.24925420049915,896.6648776860866,12.09875639336224,0.8186416150565604,4.3771262133397215
14.609418897185865,0.7114096768801159,3.148092298243295,39.4727932986217,39.47534609808087,800.4251052679762,46.60109127118861,0.7798893757802137,4.603506274651291
1.962268709004585,0.553181068623719,0.798252146551985,244.16931632692345,82.24328978644236,782.5823048043596,7.436448694484721,0.8146909621586291,0.9351282418099248
3.7222361679791307,0.7019608259731683,8.131438384870403,106.5750123218908,64.5096331613612,605.079310803074,25.012771577013613,0.6446348583689226,2.7487178529492553
3.4438111129290556,0.7176383624584803,4.975396539789173,298.15013122190993,57.6588916560791,668.2183293462875,38.04986779132193,0.6029345005718171,6.0385129715061385
4.097590768064308,0.3908024711204442,4.743725796526525,173.97117048201963,70.2491431472092,712.5376749818871,13.508719106102,0.7695097231678223,0.860468418061574
13.816917865628096,0.7017040071490622,2.7649679104699896,112.03607294133366,35.6174556974421,690.4534930670796,43.87430536633733,0.7256461244280329,2.634082440073649
5.73869060999125,0.4800067313575988,2.214374623920369,218.07007151660258,67.82780967095947,973.3789225843605,29.529153466078885,0.8580757773698277,2.230992369137586
2.1848774730218232,0.8248719200514503,1.526485491641593,147.04857620727333,57.67637705326545,807.5208310373972,24.71792533988288,0.7214648677266488,3.402485889316033
10.749118500693777,0.25855006617703347,6.677544535912569,151.1908850914585,55.76613692127983,708.8555580945743,19.515021116583938,0.7456535663931226,4.228656973888902
6.575960776046596,0.683432583023999,0.5631779449973003,384.37307174311155,52.998829409768135,811.8485401377023,21.00967112708929,0.8516571507074471,4.111805419850279
2.228672365103614,0.31382042181008835,3.860000987430043,95.58870708111442,87.7010377664563,706.7637876332496,5.788231054511053,0.6792265486994971,1.1801773109256462
9.526073734826642,0.2884744055696259,1.271099992762256,49.15967680052869,47.53529345818352,954.7625368308278,46.83043847077316,0.8869573067102048,4.466983493463121
0.7334623636427887,0.38108312319113863,0.7941933364385878,308.39535127675373,88.33600825721852,830.07127388349,3.5883339737084894,0.9087153033575354,1.5256686162652315
1.0264467928606793,0.24902532669063351,1.830335884653548,242.64582083563218,84.89738782132511,967.6477798029927,8.844032442788372,0.9280282749564879,1.6303625325439037
0.44213699016951985,0.5319042920365642,1.8545015641289073,169.35384809979007,70.14150373708232,954.066145693782,21.219455199491957,0.8726776693087956,0.44885707944818076
0.18940425987156168,0.28492933880441657,3.2756598791153433,382.1233329001476,95.69567789351679,779.7069759566984,9.649709585833824,0.7630323869395315,1.9333362963560528
9.00876015463307,0.44173707964329817,5.337671798454724,642.9414849790027,63.681386516392855,692.5595927893539,30.565132506804414,0.6921500448993065,5.444812481213643
4.143286554666499,0.7400983425231435,2.154744766506745,263.0873041441046,70.31765787308318,650.2058573968213,19.857188356929242,0.6942485841597432,4.897690508766795
0.5092265736329351,0.3825971884293579,0.4013625065200768,266.75386658453056,84.37298433770508,821.9747736814587,14.53570194277476,0.7729587456485805,2.7752156255666627
3.3618429481593557,0.2835283706319649,1.1876114554299624,123.34090854440811,74.46847614777215,947.8796405808039,24.237843683980152,0.8558579501505099,3.7110463787925756
7.313856350839615,0.18113846582622678,2.1311022652783875,99.3407806271936,68.85550000322068,962.8560627902992,11.928326936482321,0.8724521522441722,2.418395983293296
1.6127592987595407,0.2996545559002374,1.677192862442992,248.45638227282464,85.40060003469628,841.0575385591916,7.958781511033338,0.7249581714269493,1.578818673326404
2.5585788032539387,0.5165496138025151,3.863576524463558,76.51717621756411,71.69837474452036,730.1452673544343,12.607083649981305,0.7316968330137005,0.6309009413734201
15.120577855857292,0.15959336791952614,3.1772999350401623,66.8668710457865,41.35939246680572,754.0979649703652,36.68881807215672,0.8891161318505371,4.533173899799653
2.7933038926379243,0.834515410588037,4.361383604604511,336.9824041129196,68.22293272017268,632.5559157696526,26.14447389584018,0.6120246503626363,5.781901228319033
0.574773293761057,0.906829594765781,0.20999358765838705,99.90244225132419,71.58204344548771,935.2943544531123,12.69089664352231,0.9399722952132965,0.9728871822014639
2.050369456821854,0.2897974884362649,5.024850848736096,345.2320505704675,86.23369088750238,774.1384936266508,23.493005900170168,0.8193692746262393,4.303351855137117
0.45742189668572175,0.5524944788411494,0.44619396286344704,511.2925492722515,87.43055797975603,791.5700729548719,12.752760795798835,0.8098123551649725,2.763768938109781
6.133383965045241,0.3052391815149145,3.6500601010179707,322.0422558730127,73.25057285755489,842.2011978028452,15.216937797752376,0.7815453301940087,1.1370085844731637
1.36939048477416,0.5800735539277226,5.932647871622271,87.79264756289462,70.62850613317539,817.9541171959066,19.771032348345923,0.8398925851414837,2.2844370775339677
1.3196216703990244,0.61919528188468,0.1733524072452222,771.9582104806,75.49627767949467,876.5454257641843,9.423179498502918,0.9211871082771155,1.9658792423312514
16.14276253789483,0.29020331486916917,2.2312089003271325,277.4516646348673,41.25152401674024,827.2407725355955,32.276673076845256,0.8544433656069798,4.0164973809813596
0.8899216958628275,0.345247908828173,1.6871666226849922,263.2806953045168,87.74500859221098,915.6227127330618,6.265942047327412,0.8661482329165486,1.8287772582275683
0.6929252816659182,0.7010393050434202,0.7090142475691774,238.8628477367726,79.68573327781635,926.8692133425592,22.071173055159534,0.8615346930963309,2.0137611850451664
1.094224026871012,0.9603180603474598,0.1747832738080209,166.0171695373653,67.41917099025747,898.2568257066505,14.365370785018909,0.8115436105553614,0.7386220935889185
7.498654865660027,0.4477674353131713,5.097609838629673,130.35742601984063,58.85771327544181,709.9044575055964,36.197746126680954,0.7359157496574236,3.4906573141913944
5.4829382525402055,0.3177263576168141,0.754378150655292,39.64474800811112,75.65146313731768,896.9349003364484,15.929826127190802,0.8701891713816327,3.2928972917620447
2.022645529391259,0.8749866054959256,12.528052705855007,105.90001338905253,68.94552791175806,264.17306967682714,23.170062601382906,0.4655230976889269,2.4950279868188394
1.8332797237509835,0.6834094622654014,0.819173084762508,224.56743543635392,73.82237524237675,790.9354507613288,18.76256054032145,0.7757089663678056,3.3476257014581705
5.133807328204763,0.4677209482607479,0.8857072319442816,334.58540982404975,64.38227288973384,916.0561548409004,29.579148550941582,0.8514665967265039,4.0796355604378185
4.284808100836426,0.1537890214482103,0.08091655670241504,140.29940680065437,88.79993357266912,941.6213805901705,14.426072048482155,0.961789515631806,0.9975872665713353
2.9721271353355565,0.42928306116664783,0.7517312938173695,310.41914311639306,76.59675443674995,920.323481780241,15.094926189557357,0.8661559026564888,1.3869780592904721
5.643465581529613,0.5664573347154724,1.0461079772992783,214.05998828158536,63.474078918654875,858.8697916527267,28.627213126562964,0.8311481982716395,3.818796788799208
1.0056558268328821,0.7287695536273152,2.3022432928406222,246.94447755044072,75.00931981320318,802.3012120784742,25.298022137508518,0.6666472372314393,3.489777754050035
1.3965024766825276,0.4161068705121331,3.6537628722087003,435.3552657271226,79.74964537637152,792.5968658671145,19.059748697030365,0.8290440175178279,2.4049627003406377
5.893348298571517,0.5707872685981575,1.44365886257446,311.7809226528286,56.60646640822661,901.4023325883237,27.896470298853792,0.8753787215810808,3.700763358473959
4.596584068973007,0.6055265705424158,3.6208397628466242,350.52432081953305,67.5654697132391,815.2591619291856,21.533662547657343,0.8213264554651036,4.58578443929966
3.584170834930087,0.15141583018919644,7.361248434397398,817.081077687248,73.20408863954319,681.8076720349997,12.838042596816935,0.744634425670193,4.666964407640819
15.722433712938388,0.7429141985274756,1.9019024346867166,141.4199855881123,29.775323621155284,800.230472909966,60.063742225329015,0.7378561191468597,6.002873013725674
6.709981807464345,0.3424881968484403,1.5167095692919208,414.3790752753878,58.341871110180946,885.8054719859056,30.999540398438146,0.8221337818545511,0.46207664977383534
2.0869831770116685,0.26958715991260107,0.8864495411373456,346.1145826844019,71.22781209498405,877.062699331794,11.720036831052001,0.9195039078066899,1.6325195023733456
1.540690586256173,0.47527785944635664,2.3511278134729947,345.2858181586131,81.56100018560058,899.8388924375922,7.868404830742939,0.775017947841452,0.9912682733128535
4.788577657043789,0.5093995700309006,6.612334149458526,289.19045661349384,62.381056401461116,625.372467324272,25.411847731392676,0.6133772410517504,3.5676876596276097
8.986846186999868,0.6294271176195962,2.258631071844761,326.3898589833425,54.47483699561191,805.6492637882889,39.92003202862794,0.7150878490146673,4.351881993100624
4.492577626593454,0.5267723820277995,3.7235613892059916,218.52379578535945,69.19957819526249,782.6144651648059,20.414295240786668,0.7655046889949674,2.4578483588712485
2.5163879957543314,0.48466967688787627,2.36659208244916,266.07934557826763,76.06845237251956,851.2374736119006,20.375798674078187,0.8956369175139365,3.5517562609604334
4.142105682290717,0.7876634165707632,2.2074850333782026,471.3759390011177,59.74678172918851,809.6857461408479,23.889581871534435,0.8048646665186603,3.2116018870316316
0.6254866265070071,0.785117931352616,11.11780818777109,178.7563199967612,72.8405260786764,429.3201661249895,22.877749255386796,0.6171009550444817,3.0652018575000826
8.981788643775758,0.33022290923831377,3.1192853936158467,192.00102404969664,56.51751024652095,924.3843848121016,38.24499600619018,0.7598421684556367,4.640669228153745
10.927992265075552,0.21439912716451562,4.635548369833038,332.64224755283624,61.58014085715682,786.9348861725929,31.63210208414339,0.7352351768082498,2.9326407267442622
6.2154243655292305,0.7108395158630962,3.4665018157551426,315.0307876035248,56.16766478997648,739.6373455130887,15.940905974032923,0.7148318358484086,2.423100648576572
12.64226268469698,0.2722726854875323,2.304133448734126,213.24280559738824,49.02442623718147,974.8470470085496,34.76746766129961,0.9701315100936273,1.927231791427593
2.3927022023205717,0.2201473388663987,1.3976890821550791,338.2832233414765,86.04178287984666,864.4067297311962,3.42447137227909,0.8309545812053128,2.080349640856872
4.39975421642193,0.4773514543220478,6.50164951031452,336.2163677472792,66.7593270783539,776.022429150911,27.295966295580918,0.7682966060992351,3.782756466786473
6.291977877161561,0.8302130659132861,0.3670287687458445,748.9596472987788,46.41257586855494,741.0629879632352,37.93267245278632,0.7595629138564939,7.322511556616086
4.843494249511659,0.5069280449698302,1.22786930039054,884.5305388110901,62.491555374010474,850.7429776856616,36.52591314595649,0.8037371581939383,3.6462454573297807
2.7112009174882936,0.4225202154857357,1.2492041661916242,966.0283091403084,81.58223768872188,786.4706530894318,10.898280102906053,0.8765099747648033,4.144481036177202
3.0031207225087417,0.8798992710688937,4.86707593940084,334.1232498021779,64.40616353430622,591.6046255743387,25.352660153276005,0.7575983832981541,1.670224014175459
10.17982770569503,0.7247098106137128,6.710369134271819,438.5339442714089,47.80353238088776,650.0499261634124,35.798399158737475,0.7512238834825045,3.4914585537793377
3.4186753469739486,0.5048972049535818,0.6078638782226407,329.45426775393724,73.60015635038953,917.0821972798328,22.79217930737631,0.9058028107249049,0.6191780293676801
8.586773213081614,0.32245037708316976,2.0365462413517434,249.60224257788263,70.11969786468052,833.6713305570613,15.086625215217463,0.7798451252658184,2.4356283693162473
3.2550183970269337,0.16323609238141715,4.759332129143569,347.74101395492335,70.77822304339962,883.1634418471278,14.454564306083567,0.8585200281643917,2.548969486834374
8.546352731658018,0.5519072678423964,1.318610662975463,246.6882055419383,54.92423227264231,932.5311806569067,28.173266675769533,0.76453891548593,3.1314238689879392
3.7659634213174646,0.2766238652725587,3.688144573973931,275.9039831907638,76.9368270361694,807.8855688672154,19.65280133845261,0.7684326387552811,0.6337174003460695
5.867000549562873,0.4919689933403246,1.9497790796241394,261.3176721305515,64.99838965360607,739.6983818179722,30.73579311893903,0.6713479531569488,3.434930447861953
1.7605076712953966,0.6498807580215797,9.304141988051077,263.5222248737121,77.4689878677332,587.8838617692245,15.213553460660108,0.682952712125987,2.824479381370669
4.39134421940603,0.46169985788448714,1.4243245405777847,180.72073512452152,74.40784630598108,844.8108870894,21.463789752274828,0.8070160841076742,1.7428971787763226
1.7888256646207203,0.6060584147553302,4.158082565306322,415.7566269530024,73.40123329046969,760.3010045817791,21.66689605741567,0.7997454567043751,3.137396167324719
2.333779865150478,0.3274577470779821,1.634344386763218,342.05577317055497,71.3646744584526,933.3698175714898,19.69960072842384,0.8979698349070756,3.646887010044007
2.529186785173955,0.17108949211047772,2.673728327651147,176.48994066204565,95.67745955999985,843.3125437562941,2.538030952670344,0.8674305323774896,0.37985628952824524
2.9540184845601885,0.3942847322046278,0.6842365743967735,257.1214338461858,76.24964551037931,990.2145034429395,21.200434563234246,0.8610420719422976,1.5400473873077545
2.2437048318237554,0.1793029549724679,3.713533629490673,136.183119085041,84.22370739377548,801.7928488691939,22.537110890158544,0.6964200828991585,2.9051881102706494
4.0024461122836215,0.2386370442544279,5.411267249833729,301.993972806616,83.33818128189694,780.0822369934383,17.59138173393834,0.8703578944746597,4.215780858512192
8.567892222641422,0.3817672785355083,0.5628180211256453,469.28891908317354,57.78573465570463,965.5321339295621,36.76719066771647,0.8573553044630289,4.812968501885106
5.765584940378687,0.15177132590862055,1.163003242899384,220.99714333499475,80.36753171051495,985.4528716559871,25.97736598941376,0.8942239876664155,1.3281493011467669
0.3675890065394601,0.07927057475053984,5.018717998937249,410.72888560809525,90.38267609466058,892.0133666381093,2.5436702746370923,0.8940256566157121,2.6988006954428307
0.6015278782914703,0.7958704999064332,1.7473020320551713,264.4636298960074,82.44416933608937,761.3964448963479,16.49777666062659,0.7474290499115126,2.192334280288062
4.921783598922546,0.28082629139837706,2.1508364335379246,227.0729674733345,75.49059666745278,803.8726006496133,25.894237864916377,0.73036823263853,3.1008320661332287
2.129549296452108,0.5026427134813263,0.8126552026128733,169.64075231882765,72.66800639616261,872.8136659920444,24.767583219274194,0.9347499631718522,1.2275691999751686
0.48776897231465133,0.6598901580255082,5.494061033034994,241.38142071205576,87.94130237809094,863.8718675353523,4.846687531716898,0.7961259725084805,1.6304498359885513
1.972348855445456,0.7837486754693993,0.6856673906190298,417.8475259776355,72.50121983957018,936.0454937445631,14.468302016628172,0.9592989970017993,0.16111074513913448
5.081233835531196,0.1587407063885779,2.149625964981483,325.65253295475895,72.74341996287919,857.1974597039737,28.877905847191904,0.838118811905713,2.320599214116072
2.501388301082601,0.6374706540570765,1.400818853686151,150.79250541303085,64.52339299384154,827.4843307956065,27.327773933850835,0.8522959010484601,3.538866439564141
3.6636649708227287,0.8494716342671546,4.267808561997068,351.1806910772123,66.26010421894046,700.9598508175625,25.451364416187722,0.7754168993977262,3.538903396996585
2.7289133315884095,0.7761122454621515,11.258998097335036,295.1748856074569,74.33081760375644,449.60294005118936,18.085392141550987,0.5547332407461857,2.619200372747562
1.6931175498167705,0.21448256138122393,0.4129761822933432,137.5426139598374,86.49386921502634,989.7788976228848,18.514752855425066,0.9294908053643424,1.773776204143556
4.31672838144197,0.6832850753456478,1.3163482700068827,113.55902126585417,66.61801131198266,885.8267062540942,29.212113855480066,0.9358236906929192,3.45382833642658
1.4671158594687634,0.7743641191814981,1.7156450290734742,110.10649919492413,79.03262465210256,887.0209918378084,13.56091189532252,0.9039116334013145,1.9762520147411895
6.689353421028222,0.651780048142926,0.6549013007093407,433.5173392111893,61.629113760923836,996.2088052844052,32.328145725871316,0.9612646090519971,4.231622692061309
0.6292254965309221,0.3480861753019136,2.347772105458934,139.12225132700203,81.12068702978341,845.8636872355058,14.28469834344741,0.8476819305753519,0.6899470030858947
3.497966303880218,0.468182515206262,4.553921625072849,230.2223909421413,69.72683920088222,734.7926802945499,26.422261979713195,0.7416664911453562,2.6416386051825578
2.309687646690991,0.7250459328165411,2.8880605150024605,337.1879453290393,72.72265253767497,753.8646649038152,27.231373600195923,0.7153609692407285,5.642190966298228
2.092851389038143,0.7402995270043522,3.7901776830150022,326.56192698029025,72.72459971592255,720.7377543705185,26.511006243014897,0.818029532167798,2.923243425446619
7.213920583909144,0.6274605190613504,1.237561757500254,326.5910517338032,63.11149314255006,878.5142990494395,15.467481347905107,0.8045369165824661,2.017376459975497
8.373793343469885,0.24271623311269508,3.822410588691765,127.97090487568974,65.65382243106319,848.8315255362018,27.124290651712748,0.7907968219456241,3.1762302107435754
1.0909032239262864,0.7059324175852215,2.812550906840802,340.53222982578546,77.47831583192192,885.1789849299582,24.633752811550725,0.8378922509546025,3.3586337917251976
2.9771848977370485,0.16933826137057942,0.7738175795230423,224.27066515757633,83.575558474869,901.1074621988568,7.184203033359354,0.7733491658792435,0.7057714621158944
0.25538950049402315,0.07568274479628509,2.454210297623062,279.8783934532303,97.1629998925817,911.9963465057673,13.921392939869376,0.8344927018224034,0.0
6.8892718955828425,0.33460801554095343,1.4062099124306335,272.0676366885174,69.69621794774862,843.1206353016981,24.936818993216306,0.7740541704418423,2.8952607562934887
3.3319276853665016,0.1774680063531512,14.933850842649893,248.29348837620077,79.27578708705435,400.31812153856504,20.257807340615308,0.4742991068648491,3.6750175778271097
0.5695877267178893,0.583742636317047,4.774792370631649,460.9049738554109,77.75582031469625,881.8025162538855,21.316374269129966,0.7722163108188694,1.5412380895987428
1.5486629340133824,0.5677027620540654,2.6831734482146654,426.56279543831647,77.78098921121881,799.3098090213078,7.486600948067537,0.7837494958736951,2.3674752306933606
0.9749281085270387,0.6030259780008271,6.151810103177477,1065.6375746111742,77.55992019272095,810.6225162796891,21.680561299536116,0.8430461548209384,4.672114183051053
1.4508190499388331,0.14826130565276985,3.8905504384864287,570.7223819786358,93.51219832833678,771.921668301682,7.500517574169939,0.7640556230209135,3.4219902756644442
0.30215790790715374,0.34158533255057816,0.7866016521609517,88.20338795112023,86.61349281306028,889.6809398604435,6.682745013009871,0.7845395372315577,0.2596386030829323
10.096388343365135,0.2743377845698824,7.4637638850325345,262.57244953309913,50.73534415075584,639.7413794282432,44.226310147949434,0.656326198806729,5.461647090122381
1.142377465454641,0.3509366186983358,0.6030793873127757,545.0960386707859,76.88956774078709,933.727764001047,4.808395167231847,0.8827675700612369,2.3782357569112738
3.4902890393243613,0.19390505007316736,6.828785227769753,243.69536159470994,78.48589879648068,688.5154845495763,11.384659655042432,0.7758692791190064,3.5483029087498927
5.041672287837268,0.2494634978925486,2.86902796612789,213.66208034333783,77.24734372962973,893.6573726642488,24.647396984422144,0.8895730702810785,3.5822204346223456
8.383184206159878,0.8019643976308723,2.3416502027244,125.09996071137203,46.175070011278166,621.1773151213598,43.73161546917732,0.6901701889002723,5.73440122205431
3.602004934043506,0.4808746361817195,1.208271047426799,116.65334749185918,75.4287575114947,820.746820409487,13.97410327506211,0.8736731184937742,1.882553455988617
2.688461537623108,0.5317848393001636,2.9887954059617585,407.00562010697786,69.80478736216341,914.348717616059,16.863956814862306,0.8275906875150134,2.228546291465937
3.7414696587926883,0.3869628108152421,3.7151241877011527,283.3116576167351,74.89539826958229,708.8939143867997,16.60194232604208,0.6720136372436425,4.14849523855836
1.0833572415766335,0.6376506856886023,3.4878053654649284,53.3706075621742,77.88131386516895,743.4426162010303,17.833410468837684,0.7372368490601319,1.0524866060071338
1.1937264379805543,0.8690753317514233,2.838135466782443,478.1176726827386,63.975516368308526,792.8632221971015,23.155960832340973,0.8442523902072756,4.801509883366787
2.6277240404139053,0.14853452024119854,2.088051871735602,515.0719444923072,85.38164023670465,891.468851238402,10.316494423744402,0.8753500456441528,3.0211425977672723
0.14501419993714884,0.5376355094635433,4.0553203212363975,232.542782397039,89.20182968319298,706.149913115252,8.714833829141796,0.7837033634533399,1.4748833138289634
1.7326987862691479,0.7401016179952437,1.710944876112071,265.5204188421691,70.31161900950228,847.253442476478,19.448530285685546,0.8094218562693924,1.0693131024105937
2.1679637553657196,0.3635497744805585,2.2581403564518903,579.9479815503742,79.78958053497382,905.2923260448666,12.181076280283865,0.8560026396835073,2.4960296724060598
14.085000656015962,0.7028177328041985,3.3021420612970847,226.75789968561696,36.44145871239208,726.6736936988485,38.194068433029116,0.7310325230769513,3.680863839820816
9.24466854430549,0.8564458911224185,2.431579084629029,76.2858644440844,46.30800503202369,798.7138800179533,38.189263721801886,0.7418910456728007,2.3994755864569353
5.026058335425587,0.6760099318754419,0.6131539352201631,408.7688910119305,63.14182257719435,925.719466665999,26.28647696030268,0.8629899983318086,2.759953107895914
7.028902204185506,0.7922440396680607,2.8625696488651893,504.86959984937323,53.84106849481776,831.4883741514055,27.4531179426957,0.7935932493400696,4.728260596012234
1.1816455648544704,0.3824364611361655,2.8744103485792274,291.39112075899055,74.05697673604884,849.8621775944695,20.615931234160573,0.7916343274403792,2.8472216855796932
3.8331426837833,0.4046486810488119,2.6843291946011516,138.8410464669468,75.64904228255833,934.4976970935081,24.872663673666867,0.8968790365442775,2.335520534541148
6.342904739222271,0.15718247493058865,2.1150294150597313,543.66886438759,66.66685138261397,894.6609115067937,24.47611579157141,0.849129023764748,1.929787752483616
1.1945916885963546,0.4114318930510639,1.8339687158010245,205.9142330749937,83.01286438454125,805.9447621217696,15.229144931900514,0.8570624319557887,1.8765322067628591
4.582974697892208,0.3326694974347382,2.4782315734437605,155.70908121922102,76.44022656484086,837.8613523345382,23.17644536431619,0.7653285827347448,4.443242725364048
0.7057582397648569,0.4579139049096635,1.2286853786888405,288.712191308162,83.46936832885717,954.8892835609798,12.12309947047428,0.8585344919721101,2.009334629126998
5.423070966887317,0.5729281204384439,6.450075755647132,230.34977820441193,59.989244190615786,602.4515540646746,34.120992797566814,0.5788809573331846,4.092216741733666
8.270872730167964,0.3034952636072772,3.359446922140659,388.13047410091536,64.17703991072874,685.5828284888239,12.014472061122717,0.6677008839684145,3.4820626229598672
1.2407119991694189,0.8906772942765563,3.09135731170774,810.3525794419643,67.94269248648895,770.3285572565385,18.949110817344163,0.7995777189971134,5.003320417126425
1.3566336074613836,0.32915442282952134,5.332099020371074,149.68187660355915,79.75190658505518,710.7096782740995,8.319114968147288,0.7730335083016007,3.026257542746859
8.080623352636408,0.8854049352853756,1.080630085537015,424.7567088360043,58.94095098239887,958.8510219394611,37.958090664892204,0.91589021251166,4.482874079448632
3.619808488352022,0.6356432831997091,1.5948736945168576,224.57531846673913,63.758545164775164,856.8474067365686,29.91469836494352,0.8849471730665313,1.5454870383503987
7.248691977845348,0.4798860793186439,1.4805853795330177,386.70395916433523,63.73043022860062,943.0240031072747,18.888599104334283,0.89897556322219,3.5795999167200665
2.7230858783934933,0.6300343172073125,3.205372386009851,295.3029402740177,78.70872364755009,747.8494153634845,9.800742408493452,0.7579367985309461,1.7083822761313188
2.9254853986911233,0.22639332712759008,1.0424236161851073,199.5417306377726,82.47765334359876,959.9788292568638,4.78966573051309,0.9155390643253081,0.5091392288627832
3.5343795390659007,0.2334493059131466,4.30764056682204,432.01508203737086,75.48497969264221,814.9682195419875,19.87532680613512,0.7572494129647377,2.2083105069156668
12.005346550921043,0.6049275681467894,3.134061102192847,213.0938743890722,41.104519948896254,866.6651272881506,43.14025853568169,0.7441412990942682,5.187327858523565
6.8016755121768036,0.2158526657327996,1.4020398257831392,158.39971695088772,62.21384294891401,923.0215128796368,24.664595241029176,0.840497270730718,3.7255064436975522
1.6709742171732036,0.4827355882277672,0.6943971840807512,415.30043841712126,78.38604559448176,868.395210809408,10.6191620998314,0.8136694812032691,1.5713934457749916
4.084723653079641,0.36288131300479354,3.067711457005153,157.7294069718505,74.3250457059688,885.1767150739958,18.534259023108113,0.843071876681106,2.911798277733859
2.5409302938667366,0.4891002614060554,0.45081975145456266,404.92608517288016,73.89624107596171,865.7498057566828,34.4825531920341,0.7859636705604206,5.309838782386345
2.0928122493718364,0.14906833073104467,1.2961445351623764,276.3701950810962,92.11390852205167,876.7534080762111,3.9660227921105977,0.8024114770802788,1.8288316828257627
5.296466725170774,0.36327136738444477,2.2078431018496483,286.94751183923006,69.84215447445358,854.5523639375997,28.720493898727163,0.8586182912679162,3.2962345168012814
4.424868702035811,0.7746570663462659,2.07935897080668,145.5641638400195,54.608827932695505,781.0594179449945,30.723811614949998,0.7142187686726208,3.4539982248786743
1.257774782219889,0.6070189831315581,1.4380061270496483,295.1914871887632,83.63358217402914,852.4301600369524,18.014374789116765,0.8131660692977162,1.9358212292100858
3.542470187502072,0.5341956795517634,4.121949448540063,203.95436616262884,65.27541247842602,714.9162716036925,28.666155167682565,0.7045926321986158,4.348561599927114
2.0266654122072634,0.45743163828523,1.1492074708356375,594.761234792575,80.22200346550316,952.6159342056352,14.38583899689946,0.7938053690992442,4.098443382341958
5.018064059177321,0.1324260248754965,1.420992452059392,114.75262569859433,80.02861887704253,989.6269409542213,18.551466756010242,0.8801041533405459,2.2048916991939156
1.9340358582711878,0.4588763090413258,2.644568172478264,487.45022770110376,77.53449229679181,875.2243422599608,23.652894834872292,0.7870150504737667,3.0612967550416643
2.9425286132898716,0.40094053465500856,2.6504742860231145,509.58879271078706,81.0245225856283,877.7513062219493,14.42350627566374,0.8124113684969602,3.2276078870352056
2.1526078756136986,0.29550967706353276,0.8160931528793113,348.36520368124053,81.74934302957612,812.147059561383,12.423798020598298,0.7980654633352636,1.393346817287299
11.559700369621842,0.3734785761590284,2.5478808911024458,577.0351755480527,49.39749297975857,849.0409780396299,40.14735325896107,0.707450546641807,6.500977386259389
3.5069684360636524,0.5703570199103728,1.5665116189095727,232.64324430801747,60.00844530146743,903.2543827129713,38.513238173674935,0.9003265215476507,4.986733691033458
11.86394547564423,0.6988213949362087,1.4822884626255877,250.925947176124,33.49128392926852,916.3267816431744,38.94712862387796,1.0,4.1145846047967005
3.6532727291220057,0.15683799905222232,3.003055645465661,361.78430452858083,94.10158170656551,844.1186530316155,0.0,0.7660695729671125,0.9971618906797537
6.110762225234619,0.4621473829702825,1.0287490650918227,237.42625450931288,69.00581207426706,967.7385411656645,30.917361092658624,0.8579727287478593,3.182763171762235
1.793651583670001,0.6430901206849661,1.9838222724467527,60.430406388470104,80.03937792141394,842.6251719739428,11.45737455366562,0.7713046997245993,0.0
1.8421350601281108,0.8781928051150262,2.3056469431151965,116.12549951749267,80.31535998032804,621.0662188926551,21.98009491744676,0.6252782815608969,2.3487861673360717
3.330299152856055,0.3066901685917334,3.0375728505417285,124.15770221714897,75.76931865627603,826.540628801631,13.652401828210873,0.9023108221468585,2.3684162411995855
11.78406365689182,0.4902434079112689,1.3489629776465708,418.8364868745939,46.92803471189065,822.096156685884,35.07212135886871,0.7844567878519987,3.516877219234912
1.3099469716071768,0.19309064005034077,3.5200691466275678,265.9500159205427,78.23480468743045,793.506019899456,22.208525152975202,0.8176148052032327,5.242778123475759
0.25364357981176666,0.6508132807591339,4.230880933781595,400.0057801557315,76.76299365010186,796.264876187558,21.40183095320782,0.8433561831755372,2.4856404569719976
7.934165447102029,0.77077833162765,4.163371627378801,435.5713466745012,50.591102746434956,735.6963702113347,28.51392553177183,0.8004696877289725,2.8231434339541184
6.420873672030881,0.7453094473560572,0.7695253633699245,234.28483204259925,55.393311075532,826.3179524595528,35.53802097177745,0.858609941775683,4.072889100721983
2.2785894367462127,0.7168263553154478,4.08291763608077,317.2272270082001,75.74412666091983,688.5618807185513,13.703188168777194,0.6540875189048846,3.150370268800296
15.315994358126147,0.5190949779091085,4.207787809772193,112.91713057260355,39.896354556621525,780.1071387912098,45.420286909807935,0.8204704850059859,5.763284837570051
15.805412847480408,0.4809105892292745,7.355323043063421,180.7310197327364,40.40741903951179,622.588934872934,42.81469726597168,0.6609893167555632,4.547419664006453
0.34688676488756204,0.6348474507176575,0.8706054657172517,228.01139750195443,72.23386227006353,911.7439369400289,19.144099743452436,0.9359717621019785,1.291203233075116
1.7488603304634562,0.6759816452399592,5.9289079646530425,270.8906720020626,73.24163782481789,611.8669430937697,15.764387025649276,0.6297316182974305,2.330629800004089
3.3081747210600887,0.6260391206528174,0.43862649828412204,99.64483617713651,71.38594928173126,865.7147544728609,10.741403299693559,0.7664326775001359,2.962587168204834
4.902869450241711,0.7977352353660824,4.311194818479174,229.79348739605143,69.93151454979109,640.7182188736457,17.99950605308112,0.688512515470947,4.475071160099138
4.295609486825785,0.733191910285372,4.910466968041353,158.83025683607457,64.61028665519873,660.3922002819077,29.678096975361385,0.7324111973362647,2.8982916760006914
3.494908594127634,0.6264747285081911,4.18270333223983,766.0955980540125,68.27814301767143,869.3872700995953,25.681022347054217,0.735973441978746,4.22884414825198
1.0887317519917146,0.7445543419923134,0.5935018656862155,280.761536967555,78.79622609490791,820.3895644044145,10.585120581324329,0.7757484929749049,3.464071498101998
5.432409343345526,0.23562246947633525,5.670706896864425,398.47242184504455,71.76407648154184,709.4222286967401,27.145435962882004,0.6745967377763267,4.680146848970736
5.6918619241373145,0.6939236317763015,10.598837044628887,398.8437575382291,63.16976664146486,422.51358840931954,28.733676648691947,0.6034623904719929,3.6974828509855464
7.49864165204586,0.675476899507627,0.9832497916304753,292.6213955970641,58.06240262868984,848.3531402495444,33.84739733750412,0.7844898985024454,2.7525953001578323
0.9105865121603388,0.8111403016003419,1.8819410583394105,339.27065817516745,69.63237320196224,798.7081606723704,15.831297673445802,0.8392975854357013,1.750551307884023
2.835461722502366,0.5044999527805496,1.3197432606157027,320.90382012656295,70.66734164449382,944.6340743273482,32.175876444533145,0.8347145795924187,4.5347960109701875
2.1675685902727597,0.3947335983722735,3.7073626730314837,321.05259894925763,78.4711244370453,768.154306438545,18.782299757972986,0.7798381320801803,1.285804561305038
0.8890478852137127,0.7334081280783247,1.6654508500877672,546.8398653107689,71.83356788306666,830.2229359890042,29.782248912129493,0.732837502723198,4.454063796933928
2.792540359412928,0.25583943594337366,3.8662997888625963,274.72509342758707,72.73480320344207,694.526811778233,16.159318237895466,0.715003830934934,2.3045146284667792
1.1559466691737825,0.3569314146069861,2.1121030343760827,154.28195931326096,86.2164240942501,810.0900769360385,0.0,0.7350183820167907,0.34451798583925086
0.7105504200243112,0.7032560686571233,2.6649929399576773,406.8614489360968,78.13869251883517,853.0555015301642,10.500913776178319,0.8919762546966286,1.464008553863366
6.48824970568045,0.47430982676623423,2.389702894611159,133.28075450236824,59.96359754123292,781.9167643738699,35.14444741562272,0.826570697229087,4.4465071476831985
2.266276163859969,0.5358799966495579,0.4543341308893466,249.4684699709064,70.60520372077684,947.5011358270241,14.670950963907579,0.8830508606962761,2.5290342223865196
1.6587375298840468,0.8310117409258942,2.564706880071734,198.80272568637287,71.69156737187059,717.2217852337429,29.644455199986083,0.7852574050731089,4.421412342182003
8.984912741037036,0.5330301699696173,0.6126022531760893,234.9850850418432,63.47995480867425,885.1653578628709,22.09686501618167,0.8098270641446178,1.967779319130564
5.833499526913242,0.6255562859583308,0.7149570370657113,354.5779327954677,66.96447437250168,980.4618050892711,26.332669893620682,0.9225842305894281,1.3423848435739267
0.2072949208635439,0.4004590945040636,5.748846825473077,337.85986641332005,90.3698224990689,754.680883733277,9.02970001575962,0.7525604351272469,2.297185785276319
4.9303385477126165,0.096472768888524,3.6517769172487524,236.08731217216797,76.27480575583331,722.3282295860912,15.627294366895281,0.76289638859062,2.393186138679854
4.910411616585918,0.06019247291261085,3.4431258097467,183.91210883793036,80.84124316121269,1046.5278936903387,12.467065060447984,0.9378074860293087,1.0342537100763922
2.681544777523083,0.7515457884905743,2.596245682532106,445.8639876360722,67.50472062617696,721.1016421838216,17.71387488510793,0.7335965966121735,1.1009216505533366
2.5838913801175867,0.3037738869858338,9.355599400377367,366.7197954600218,76.02360803520166,692.1868006949718,29.41715314297644,0.6285506260326869,5.035445383717665
0.4653959861272553,0.12447769619424119,2.5467776826057076,98.49621512830075,91.47018000671719,852.6832153303309,9.952365978399694,0.7830700164702652,0.0
15.186818282119095,0.45961712655183556,2.222256396999031,107.42051410513447,33.610348855226384,768.4386459022629,37.59990094434568,0.8555449044684964,4.340061365579458
2.782147470643714,0.7603294324821432,2.1621064481147316,197.50597920261055,63.919630520171715,772.3989501875792,17.988268328057202,0.7614310976553004,3.188112796805761
4.704953433708478,0.41494102291422696,5.115819616064105,73.52310948831236,68.28613628349278,693.9269958079402,26.256809352561863,0.6844582845305843,3.7700815330601563
2.932345448118997,0.5246721513353699,2.4546915093078274,118.74288484903228,71.39374978749665,790.2216258825191,20.828719392421387,0.7803890037452172,2.4684818858629227
1.6889206816575544,0.8811164853245937,3.0094074526338903,298.20158332784433,67.75794297718778,751.0408850911429,12.543269777127573,0.678314672363019,0.26228105996558604
6.897571019100406,0.2202938887819465,5.388757154798411,336.4098939885428,58.46852470350888,780.0881527718684,45.172892914798126,0.7482752089513922,3.407437508146268
3.9754422012666994,0.1923931071816893,3.5024929099290683,244.94796113342062,73.60209632913019,916.2660529436926,2.6129383009033553,0.8630116478098427,0.2456503119278508
2.804862091738669,0.6085884355585109,4.510871603584165,245.0084792718644,79.22507157024627,741.141302281676,12.62928777405629,0.7732989044151942,4.0000987595547635
4.6617966010205585,0.3307912739057692,1.3109246032589934,201.44596755893093,72.70057892956574,902.5938763139735,20.083616238399284,0.8628155356596096,3.347229423105427
3.1948189028583736,0.14980915445241388,0.8799348388952093,172.8043706416341,84.47726224857819,898.9749240566415,7.634375122525839,0.9190079853419738,0.9881341078215877
12.475980239539673,0.7029976217901681,6.557758221463281,392.7963703578977,42.07789419026857,615.4237468777733,46.52513960674061,0.6395412387185911,4.945964023841782
6.710638862342688,0.5010761919204858,4.404730454294185,409.9049656178505,61.7998021782402,718.4021151038554,30.676971913855624,0.659860632393389,4.397332361864174
5.327804686175854,0.6589256238999459,3.7710590396831787,239.68710682811763,58.128772104662566,667.9264674590297,31.02068112887646,0.6867277517015128,4.717747806142215
0.5540575679993759,0.3440240824755793,3.160220843029988,121.24968122731137,81.98783286506266,975.0415381598644,13.037528087679155,0.860701163352861,1.9743839349092211
5.483830458715682,0.19150393615600908,2.4230338399076263,173.27974431345385,83.55295035008105,888.896932374543,15.596108371611137,0.8465455432507257,0.6341066169570728
5.3706889060570955,0.205223866752349,1.354517808713059,254.0738605850346,71.09098070962439,930.3372419804724,19.838929873972273,0.8476632779212283,3.957824538644097
1.1806967692544525,0.7608006578998388,1.3158322072696136,239.32498313380376,81.04624963830206,906.3074681979452,5.059786101898519,0.8548271249263751,1.7706801154486747
0.5356367929362618,0.6447373064111305,0.8638619167144084,371.3668345276583,75.19809268343482,713.8419298149979,24.02656044708401,0.7373171956872843,2.9173353413694056
6.490301954940701,0.5398213842675247,0.6235204816073141,167.04560100389764,60.43764180132243,1028.4097760674474,39.0544820759401,0.9651586221424098,3.8862747605987233
7.156796680346213,0.5021417359382213,1.130219771053311,346.2408104030712,61.35822463333046,827.9360604915379,28.416697855258704,0.7999161143880557,4.75085702002146
1.8523008094875033,0.2235123237863047,1.800698742793913,258.665513213679,82.97481539772129,841.444548679524,13.409097952878911,0.818925644073628,2.489325279716787
1.7650053922981406,0.558412686761671,6.523635230969817,749.5643650119107,71.05192192078245,622.7203968573,20.91175711223949,0.766513084410652,4.284506935658637
3.9149662207171803,0.9586451856451979,0.5967538038494271,250.65436418058158,59.21790730371257,891.3920546032233,21.502574726587206,0.7567689644925242,4.455315415386785
2.258858852821757,0.2976084922118715,2.6681915952888007,178.8336663196095,73.42242389231745,977.2925346526783,16.20752144381227,0.8993030078129247,1.3036730291997594
0.5184498122177024,0.8256548834151709,6.956957958238586,532.8654714340537,74.625346660805,696.2462227083531,23.40567029317068,0.7157435774970784,2.805581672473277
1.164822878981996,0.7116593058728969,5.0880475301628225,239.90951974742654,74.83801551012536,660.813672659772,20.007378033917234,0.7026500894016372,2.502944870556713
4.558823047658847,0.7662814136154551,2.4646210753886244,336.16095555610286,65.80859807411582,678.5767665046326,35.10506259717137,0.739914038977664,5.103475445972493
1.2442425544885383,0.9408918244265704,1.392874442109485,81.36375855611992,65.26074239222224,778.2899913352755,29.6756687414693,0.7290364454664297,4.307783967441589
7.446440163065714,0.2851040236189885,0.3301173639558217,467.73186130229243,69.22455803807111,905.6576497390605,19.978981244218858,0.818618417699869,3.239421299006504
5.2984691868584965,0.1975046483203666,2.7291566551908266,173.30167075888073,76.32029942127278,762.5179842464651,21.50451313470321,0.7979662083706105,1.826007771562127
4.717171069601836,0.6157847583810017,4.008131734928147,130.5550212724029,66.09146508495807,782.2782003864354,23.442726672900402,0.7653250340409138,4.620700564079204
3.8424887995629207,0.6724619149468936,1.4213296402851374,420.2724538844551,76.54650155359425,842.5428010461912,7.433588497794222,0.7612820902020309,0.9900825376967399
1.6074056117828226,0.2700783647226664,5.335356304180474,162.85110690508674,85.77991032503341,776.107464548539,17.126727338270634,0.808727390022391,1.811575973372832
5.915946764416642,0.7827819156787647,2.2459143901613676,147.467906778693,55.36325692049771,836.6471753624086,35.192003666633624,0.8373579839688823,2.8939445753870423
1.5576630860093041,0.6031615208219938,3.0692669363226543,118.15341484646157,82.92937628703271,827.838468329083,30.500188340336557,0.8082482729369895,4.312787171803194
7.778409118550806,0.7120868566740509,2.4676953951381693,197.7252911333577,56.41366833226216,790.6158109561198,28.19690910679534,0.798464580501549,3.0786934759903897
11.04216633761527,0.22596833387602475,5.286231242802315,162.78316053248975,65.11845156856529,853.0527533427655,29.727427635482595,0.8435618147622415,4.818351788012416
3.954590184194024,0.8068671715920077,5.402516617791943,390.85515642225187,53.689706521663354,633.4691941461836,28.882529634813313,0.6789680846582761,4.856167862820126
9.956541315057017,0.9289926490237649,3.598495370841995,170.36410052434522,40.4025471366935,678.3999003470736,37.4237356618363,0.7258934247652377,3.2260936227503514
1.1841505312976839,0.5194778500124567,1.9531844691725828,189.77129567203508,76.97004232469676,830.0449452414335,31.019265759495056,0.7417894540650936,3.3188910497026893
5.348277369803336,0.5385529288109893,2.3954820085285795,180.5503414863785,56.04936675458776,855.6772720628006,19.298832957557803,0.8064068010898051,1.951886009701734
3.4150538016234373,0.49841771289814607,9.634327391194894,353.90005297273115,73.12386402451216,580.8007182971704,19.483836260927898,0.7000440631894616,4.550278227566636
6.58068441151447,0.6366111410437232,7.232420815534594,410.22822490484884,57.484030304023086,594.7942491372835,41.089704742071255,0.7700967731785342,5.64346439048896
0.23064181250773674,0.10563245541049485,2.566431420379731,256.71870697401386,81.67269914850515,862.3300490039649,4.436998629706016,0.8268911707291435,0.0
6.26812715756793,0.5011239328263065,0.9153853548633804,249.58556789129568,59.836252390247246,966.5012117014036,25.925181333968414,0.8380364629920722,3.584150942901028
1.777890366944587,0.7334853396286859,4.699248313032115,276.5824933442663,78.26112452817156,623.5478518671628,21.52564366487163,0.6597294023036046,3.2332192590602076
3.5707819716427127,0.29745816420131654,1.6763602165256426,289.9729713243877,81.3948526924113,1053.151076119478,6.666624768932046,0.8626455647980039,0.2500321287781615
14.99595893981904,0.7909849899406103,6.313176249226069,371.6816440944993,26.678876816371083,610.7857284933469,54.15815272972239,0.7033626643412185,5.139097978294518
5.498521343578373,0.9660921844690447,1.4074573839400921,358.79384250414904,50.647746027134254,786.5216892694508,30.659491397321606,0.7775384777981004,3.6217269137568273
4.912296108593902,0.8238658892529386,1.6934700780976657,21.143192554970174,63.97069002593996,830.8681154384857,34.107164439537605,0.7540711482647217,1.2952735370417932
4.579380415476724,0.5265517213864029,0.8248059365615572,140.8586441382904,58.270183512269995,919.9446486903477,37.883460569601056,0.8457434539938055,3.9964938656961353
8.425673823336512,0.6325522306647959,8.122437287738551,63.42127185012523,56.87709801235869,540.9250434197058,28.162653312718557,0.6631684351835594,3.4753082919588354
6.763431302278741,0.3571671408128786,1.0877303654445183,301.881767702197,56.62175271912804,923.2184852227283,13.989427326761831,0.8598011896655694,1.8893266082660496
4.623029306098163,0.9746756141044987,4.439246245482845,114.15830192181073,64.97400461760355,620.2090050205819,28.46789187519931,0.641048735569137,3.6186927598269985
4.145485704514012,0.17132297107195107,2.1430573226513174,331.53061398752743,81.57232629739214,852.6468720461016,19.891361460314457,0.8660736737079788,2.430220271777336
3.907746863315376,0.8841406164622914,1.7146963609418608,288.1636578578558,51.952987352475134,702.5040881232841,37.633731032058606,0.7420139984374521,3.2370206247643187
3.2458898703436496,0.786932517356714,1.6340750315928738,249.26168025486825,63.686571013112626,825.0418373867823,28.65783995655926,0.76011078248451,2.8702532231181754
0.8913251713872223,0.29799394883921043,6.22421482143378,221.6033492113969,86.4626409186678,695.7539531823296,11.916613705277424,0.7220641833286569,1.4533141682669515
5.401230283578016,0.710365646753699,13.298904147220586,404.54661895840616,51.10270076269021,240.66496440821658,33.02827097751957,0.34201657881569525,6.0551144366465035
1.9702965060963824,0.4842270547543609,5.764858605535021,345.3403342280527,76.7657406886275,655.9126375169743,12.51921868054118,0.7098894904989619,1.4970604587923515
2.892410988001309,0.5061014163360253,0.4337002391125363,133.51928947207887,76.07824348860932,905.0118251481933,17.79920817851547,0.986102901528813,1.180074236389153
7.133685236933552,0.4526153863443343,4.454734305052382,293.95128806125115,51.94095946366976,805.4780252661602,33.01563393712947,0.8411894995115762,3.732151612024604
3.316747298824814,0.4589899869064299,2.1561285998216584,271.08088188730835,77.30560776127331,767.9941507967292,20.769822443995107,0.7555569211423836,1.4129559326181487
3.0840055562671838,0.671198922973166,2.2614080500529754,474.6654243283918,68.34435011583226,790.8049983714076,17.781623861179273,0.7900909175562429,2.545859947386397
3.9651633686298644,0.8485509643304033,2.890413323688841,511.97342974978045,66.47479010622258,691.09045400091,21.603738278256422,0.7450190402607231,3.5401197973255667
2.5518007000452774,0.10584886785804012,2.4874003075809856,261.23484609374657,83.52594330759075,928.136612670241,12.720121261584634,0.8904897902814225,2.0229701378517695
14.75921348028493,0.21119196656150568,3.606378867252576,719.9360127769063,40.157154108655405,783.9689293640927,37.99864409282547,0.7676611470987267,5.514744279428603
13.287991871567119,0.13211474992247724,2.078188236860825,163.14918905912367,46.059585017279446,928.1834462113167,30.05605020896442,0.7510107792133786,2.7045043637186748
13.031169025328737,0.7472299829235542,4.78042581120987,95.25135944106704,35.66527996686868,675.1973615147566,49.53357112420412,0.6906981942876548,3.976192465838588
4.59243998572843,0.5377854579394097,2.6313928273360867,542.0709916976723,66.83432801769244,711.843055275298,16.00743213863958,0.7002505279880181,2.784636861945538
1.8423032394962409,0.2548360704081585,2.673519309127313,149.64336052564505,88.42248195899035,850.6362232742978,9.84858136204414,0.8084055081872115,1.8447920933641746
7.287374852439231,0.4743647226003269,2.452068484296105,98.65330608380725,59.8822544431936,759.6970681588208,31.89910260491002,0.7213233755259,3.2835230774905653
2.571009644632422,0.6202222513293819,4.443614616746179,156.59989128769666,63.97980597093983,796.3861182624937,34.35872754928593,0.8111521192562807,2.5004514332479566
7.801566175711154,0.2555450581902565,1.80829538458892,189.0231716346032,62.917542989251444,998.4290563245612,40.408568902329804,1.0,5.814398194073593
1.7527289787482871,0.49909461257865073,3.615038240356704,66.93003230117446,69.64347742652377,818.7964725926619,29.76797765541264,0.8430194195028803,2.1847879092920386
4.878792687035526,0.5719102786148952,2.7338997571612422,214.34089432374782,67.81556195263549,766.4206460167638,18.897501006457468,0.7593484820991486,1.325175387680661
8.681546754874091,0.051314134098143296,6.290833258496248,177.94937774025325,70.57185981442116,742.006531956687,19.420798500239574,0.823872568300826,1.7331482223453132
2.712137778920733,0.6960807425202504,1.9043717333290417,267.4390820221668,73.21301971730922,836.819853318282,21.167509362772186,0.8521939402213554,3.5350164829170456
2.702753984641751,0.8357792155000389,4.8507174141726574,43.232755197866005,64.48469533348499,745.681659990445,25.092571537713162,0.7867860544878775,3.3029948201162402
0.6178750747563977,0.6568930065741013,3.162164137093347,224.7157584173973,73.22491784595128,763.6787971730441,20.265782160113666,0.7324750237888766,4.657477109405283
1.8105941725366352,0.5038483116714458,5.967807797798529,792.8530880067855,74.41835480473232,710.2004594458683,25.983801551170664,0.7217523802560252,3.487502397161247
4.515979854717742,0.47907103876477214,2.6651488808204933,433.1687544131791,69.01863218642514,720.7834789848662,23.056168488140113,0.7645893885593977,3.1146806906712343
5.117467291032439,0.3623075905017476,1.7578704924997937,104.56245049514075,68.04404120193679,889.8451132205344,28.44472733615225,0.9446152725450703,3.663874428023988
5.7580658713865125,0.6605936439264986,1.7441186433441707,163.8091537297735,69.25901660189204,779.5246427500599,15.316889424764245,0.8424688199214859,0.9761194740782577
0.3316475123262133,0.7115426963048002,2.941954233291168,193.83581339998446,74.38621867353436,778.1597871779971,21.396064883249906,0.7993856090866005,3.860684461189969
2.5829719381039027,0.30921943666254964,2.500327894089423,531.684023239464,79.00905451034203,791.315069424038,5.223167903566786,0.7857024890653354,2.158792124287275
0.7246244780246689,0.5335518663174084,1.848376955369183,216.32119212065376,75.73036538676972,870.719892520359,24.26587127584062,0.8634449134592576,1.9850186377254166
4.322785470980293,0.4483303454439199,2.9904855236254138,196.32386684740513,67.17932408046933,851.4121747344071,22.417095106753273,0.8404520222810049,0.9486516545655674
0.4664114372739423,0.7968731210490533,0.15998465757085184,115.34867087786525,67.31373688165101,860.0897285034704,15.149944675524086,0.8955480236238964,2.2783405516466155
1.0296925508770678,0.6729885905703151,2.1767397363664984,197.20114071216582,69.94363420461798,760.0207465640113,19.914218834042913,0.7041800117509142,4.351330762116589
6.67083085629177,0.5904025855168226,2.563023705055311,212.04298597652223,69.58826899762303,843.35303126789,24.681805700413832,0.8106197086043756,3.306812961720666
2.036807982186574,0.27333088711908454,0.54153282837851,281.00675974510256,84.77560396342115,1030.7749452905118,3.763682619585861,0.9593104775820178,1.3817562012525815
10.02115544112167,0.3213087025020486,1.0266128196368918,151.54090703363272,55.20940491453265,1026.03709241495,26.619009908536192,0.9898086913823367,2.7267863407999253
5.882810219137567,0.4707981562699713,1.088866005225338,116.65983733135965,62.298805075248666,909.5788406715335,24.555206932657384,0.9463235784666942,3.2810796521966763
2.726788448169074,0.6276716680684515,2.3960226658816772,114.3303475658821,77.30436388342211,826.7014503944793,21.427277320647953,0.7261061524926804,3.9910393110689046
7.530941220134687,0.8261466823503271,2.05265481415955,440.1971684413316,47.57514758455089,715.0586202862198,25.160497353513545,0.6961373313358754,0.920327409750445
2.95330093590207,0.9290726039072318,2.0754260982686077,479.56987277000314,54.397228164021286,856.4547950369239,35.21185174929241,0.8134207434058666,4.015902506159181
6.368289185524689,0.3097026994423079,0.5503980030496511,444.33474495101086,70.52855158388675,792.1588185725998,19.64274230754419,0.7163555844555068,2.692655347795863
1.717346356079286,0.8749251167047568,5.155250316635504,198.5900852884305,63.341161462756176,734.0490353213169,32.63058707223884,0.82677815762161,3.716019845600771
7.8787533308175295,0.5519001604584965,6.108635071759702,430.94733156854437,51.1488395912265,674.4674764071252,37.14219663148936,0.7139435924673246,4.295012637161176
0.5352990132980073,0.9292648108095223,0.7174949875914627,397.05119934585485,64.70040896230967,685.9935862825398,33.40390018009502,0.773346529897332,4.591604520570402
1.0278306899633978,0.42741447225799134,1.965015551427597,325.5485781085705,83.30620510283967,877.484228094223,14.688985671048624,0.8207257483191948,2.6979490950219023
1.2545889481083672,0.6102573779133723,2.03853688372132,208.6483794416024,75.4585987090773,817.5324462238713,10.44699133560138,0.8140246696346616,0.0
1.9167354461005144,0.6419738834077616,3.3501313370721326,325.66384727213955,68.27813738401139,742.7748857774639,25.317028664328085,0.6805641161475086,1.45842686174761
4.655209465912892,0.6823579292192496,1.7401832830771964,106.43668456295126,66.32311105116389,811.8469939107646,27.063711112434174,0.7372508524012262,3.922528120350349
3.4813442592146977,0.7161350054648186,4.81866856219723,407.9391362767945,62.51493785964388,698.6942181747073,22.58397439201236,0.6703021941883376,2.780606830392584
6.427624114501366,0.12496948703665603,0.9602305769853328,54.70507489677636,64.41467350923836,941.5291576010004,22.155587191020132,0.7823809664982976,4.253401504770387
8.775367812856274,0.28802285945373435,4.0267817731834645,209.70030213270857,54.93407251181345,707.1855152808473,17.59565685360105,0.7787124023840908,3.3432835648630936
0.45217010363526977,0.45288980567882703,3.275936028224782,233.78328739298945,82.43124409658812,825.2030399891773,17.181918140240164,0.7974758620768878,0.6620685974346081
9.60275871705239,0.3388196558666346,0.8064886023951894,203.07888167938972,53.80338378839659,894.1395495320454,31.944302513737664,0.8924361131450098,2.487038814724115
2.892045049992273,0.28596102733294276,1.895391122896594,412.6018380815809,79.7011494098725,976.5023514826106,11.217221403993499,0.8831755598761325,2.3127362099414865
1.6363857097107615,0.21489715868616263,0.8967250644816877,108.49126669641178,90.28038272899418,983.500190526214,1.1861958956224123,0.9494942168255192,0.01714839648850852
0.272911282443971,0.7127695311873701,8.485058454783172,137.0567596906787,73.21200143516226,612.0370526659087,16.182838307350156,0.7179603238531984,2.241635379401521
5.937251236707891,0.6056436803938828,2.194678473860765,268.43719707448525,75.37870220513364,933.0627882320896,20.26548902816834,0.8568010673143469,1.4797050994601972
5.637884218928482,0.1370374020388238,1.6981760580566343,87.8321615702593,76.0415240817747,955.6775990657065,18.25021071369691,0.8863895786543474,2.3219857737361407
1.0616760537351073,0.5557441852117649,0.4536321155477484,193.75338563861825,77.03990650162031,889.7163056272439,14.458015316884607,0.8545112015856549,2.000221133766241
1.1955446879487677,0.37602028640495383,3.138461980104272,558.6794114272626,75.3393480311138,664.5474278449273,10.295734680968916,0.7575669486998053,3.423988608127189
6.819178466150292,0.6046698474688184,1.8648025492261042,405.50135121373614,57.68310082008691,849.1613927858658,27.936996116977394,0.8109276786886396,3.564873524643693
4.848161673270038,0.9505400726434304,3.992536591126771,613.6151698640512,55.449322810469305,801.5631736026894,26.533118388975524,0.801844458140257,3.315605019258491
2.6227370900289264,0.2405731907804639,6.8277886876990594,252.56024155791908,84.91615534039416,744.4806699532529,9.579909304797704,0.67594181518645,2.3807188178606196
5.270169846187812,0.5973031706405015,4.393208769778543,422.32388785810946,61.27806422773012,704.224198825519,31.153496555462155,0.6815105623985976,4.655289660095301
4.446729143534759,0.37065905978207103,1.0364583539508063,436.08895904784913,74.55523546726953,906.5346986831945,14.88569702954556,0.8102592862396693,2.6341930183811546
1.349975182490544,0.37019758135209924,1.7146801184036842,89.89592887529963,81.90524247748013,842.5329334585255,22.99953243092363,0.8343850489107849,3.744773849056712
7.231136807631939,0.219302060774218,0.7350116516728142,170.60010661824762,72.6978794642754,956.0482806045695,15.977380238960896,0.8414536792047614,1.0093015404087076
6.153786620602573,0.5396895221772059,1.389372493105988,202.87796559565257,68.31449862450657,832.8476265092494,12.17118707204341,0.8084127610259587,2.862816798083971
3.5537557669442625,0.35470654368083976,4.999027443496157,802.5202352600932,77.13902482228482,833.1950150228331,14.938242940609088,0.7947182422595404,2.196534533492861
6.822754874401442,0.49435907155931647,1.4795359252799702,483.7789626536963,65.99768769053304,873.8843845556772,20.443450957865863,0.827485539104112,3.7735503690730523
14.04408455172592,0.29696953519633923,4.022969836721472,124.31666760945849,51.06133163028109,809.9919262094826,54.997416413755374,0.832384511062671,3.096278040021893
1.1787783245334513,0.9371730475082439,1.6308278705104164,592.0727731922932,70.72099482801167,744.4961147979687,17.976855737283323,0.757891853777017,3.0495692461875747
2.7383974039371695,0.7016030674299957,4.331385832412625,190.77304701992728,70.63366082124075,696.4408006003488,11.639354330225135,0.7083358711548416,3.141423426989637
2.869964070387541,0.6069224329878126,1.0145273169117413,353.26020456828456,73.26310921601136,799.0470631654582,18.962871700541214,0.8025619513442567,2.4013598578352293
6.703477254617058,0.6708524385966275,0.8457128208026339,210.930594749527,66.17661199336075,950.5720362301953,22.697020504655192,0.9540938845416982,2.2712627007551105
1.8920597305963838,0.46535837453344875,8.434430297357633,57.767654275049594,78.25298153235578,562.0217669480868,8.228971531276816,0.6428048302832778,2.1086991968113504
6.405669637939795,0.9658234970681596,1.1047574993696108,596.3104821921684,55.282145254213546,820.5185221260198,33.459975477656414,0.7311217854060774,2.3387193144407483
2.133163842061704,0.6185730238853887,5.086389677571958,448.33205463581567,69.7547196329258,610.8203110426839,24.568611996778586,0.60072801614011,4.3419872764143985
1.0219365991585296,0.32028773811668904,3.558868354755755,224.51513654012896,91.43152775015777,735.6871059980091,6.484546638612483,0.7273939675424809,0.8147811887708898
3.7458684677454395,0.4323953459534622,1.344159120855793,323.1963378840763,75.20013423958534,866.353480190012,15.759105168672475,0.7627911970075824,3.5413014302162313
2.08593372008602,0.8907606722185296,1.3590770905204648,171.20256922188943,64.74644818651588,793.3428538221007,22.46771510760222,0.6563951904866595,3.0462973101074087
4.0842677641147125,0.2478230727117674,1.952472306828958,156.9720052411608,76.20118598210205,899.4118937336584,12.919033472994514,0.8250151989406139,2.115692352337784
4.972411713760776,0.0679867872625159,5.161056736616606,446.9135914921578,77.2911380419509,904.0265104437647,8.208003665505858,0.86144788271284,0.7446592609295521
0.5047684921495694,0.3881153029105825,1.685421726602998,412.21402584412897,83.8076741217514,753.3295228526954,20.244512649948824,0.8211915713349477,3.7430690136944658
2.3391232391992083,0.8206311779328409,4.004589207777063,698.2804240463144,68.51567190748945,775.4291007474417,36.66456014973348,0.7643770134696453,4.966948129264439
3.748632463794113,0.7992229913578751,3.2502468933250253,420.4082970227807,62.78967215495674,779.9985817752944,19.885549176433102,0.7834891505781372,1.529177327102781
6.846087031914509,0.7215460195427597,3.325492650504883,317.560264872952,48.48291403845684,721.6614488159867,32.4462407644044,0.7587785217213301,3.3966157632368663
6.190624922691052,0.20716867983319026,8.628871832137202,427.0417675330023,80.12097464427487,597.7512246236797,7.425428113236582,0.6627916580844218,3.0802262346866716
1.483911267286921,0.20754511035921616,3.7764796738163433,341.1580040088645,86.69111800881808,885.0133198450548,14.660172495294162,0.7976339984974641,2.545111879087093
3.005616635962026,0.2908521361050791,3.2901116341416814,358.8923312982614,80.06799419820112,821.0303695236385,7.861741835576854,0.9011733142745801,2.3007129000043394
5.19193776749312,0.6807637074694871,0.45499892311898205,398.05582154948974,62.16496528761623,860.3681203548258,30.67510321683031,0.7668071387371631,3.5332469028609506
2.8128631899891783,0.5583609901360724,6.099753505431233,442.8564451225744,77.14262677607175,609.3366046916492,18.567644956406653,0.6864224156668136,4.469024374770557
1.6487311713360386,0.09136550445606975,4.406099130967317,245.7340280200528,88.01073090866907,759.8865204567763,7.473167339665769,0.7169354503303398,3.2940952813432647
3.361083371282324,0.5655799400072309,3.198629039920423,50.32843791898933,69.22256505337575,714.238964776779,29.703485978125272,0.7341881135768842,1.466297713433453
4.789508503118735,0.806081742475446,1.940647432970554,253.93439541866468,59.2444020017704,854.5319139717473,26.430074559917834,0.8331934159471864,3.6574851524661156
1.3283625298346184,0.9443579526191693,0.4826392738358325,137.59232022641282,73.66251694168079,791.9894380465139,18.450029103958652,0.7650902494265672,3.9150421462162273
5.667436161458696,0.389021808568252,3.7131755733953913,505.37991294093416,69.28408772946005,721.476947937221,14.200637621345747,0.6722104900593009,3.5542971838770154
3.9473893569721508,0.2066208211922217,2.527743315205848,569.174478045765,77.81668156649974,878.3780330738158,0.8802567843763995,0.8096578920369645,1.683974829739231
5.837157326867402,0.37206061548554803,8.19408241317964,144.49323228204452,66.00975468864978,567.4539487839753,30.153597117101427,0.6966764944167193,2.231724580985756
3.2930697995254548,0.4213608874807474,4.020946781238462,209.0860183451507,72.98414153785782,868.7621595647449,15.201255035329883,0.7461507479585925,2.0311376246376343
12.512158871575007,0.9368684856121025,2.7857612499550917,238.26906529948334,39.44499389287943,750.5053039181636,49.32725478898191,0.8318478276875103,4.3634794002117765
4.711458763747437,0.2308891562754698,9.915572175362993,151.907971032982,70.51173946802864,581.0474085154793,18.52792310172785,0.6533717743569827,3.652448447511233
6.383192766025955,0.8442519144719308,2.5182168655003996,340.63342972739184,58.092610516683216,785.1022700782946,28.682068945961092,0.8067992927213937,4.497491775174913
5.64862774943256,0.39576509026557777,7.724955111172908,110.91797597274979,71.69307919940297,665.8923632311909,21.05112467575189,0.646835499506226,2.745069934458117
2.969006521772671,0.5518436477207839,0.3696302464433253,301.6760044969296,73.37503605335604,945.0626009476548,15.401023173039448,0.8595855381637236,1.2530052752119631
4.360221725826142,0.5097057281389558,11.225214259815399,409.0721903721746,68.22723695185783,476.2938670368156,12.549156346958457,0.55247604262865,0.9824812771228135
1.9386730760009108,0.8510294957419161,5.1399791073966945,364.0281563055043,60.49810767429885,605.7904161929808,22.423281689815198,0.6782407458390908,4.021749190290099
11.846068599176299,0.6231779765425147,1.213743599196163,348.1984956585352,47.203049035548005,848.7543643892886,31.257680806390514,0.7546591948336485,4.3825821487603
5.159207762517266,0.5255656462664778,9.214883945699306,164.38186681566782,58.40794631201221,556.129674790999,28.91324185421557,0.6026513154286565,1.6915158098935548
1.5448420613596283,0.422214549631344,0.25934107392805206,554.023863617711,80.64428048896693,828.3653325865337,20.250986725625225,0.9003925965513553,3.4932601633988516
9.892434331943987,0.6826523981855865,0.8700481316946289,477.93755730104283,48.51684316730872,736.5148853184093,31.68445870621212,0.774253910892699,4.986159911350305
3.112376548391995,0.6516411908337745,3.624337462230996,205.77106127175205,73.2119822274434,684.5185012822946,18.154122230479402,0.7297010756462409,0.0
7.115531241832363,0.3750342357118399,6.128805441555812,386.7486036274903,59.798977938399936,581.5357361441952,29.57353224148555,0.6671047824202628,3.0759312142287043
0.4847725526926434,0.3848333443679166,3.2307876305288,186.00797323665523,79.19906992543484,783.8555939931222,9.79561456331199,0.8432454500450383,4.059967607004538
8.556309413139065,0.5511051849504155,0.5218374642833945,390.9383357496286,58.22637753851231,850.087661140662,31.553599993357825,0.8037254156553895,3.917733250416603
4.98419326210332,0.6700534145412441,1.328456606387797,114.59191824626048,62.442054332452365,851.6731616942485,32.89345917354845,0.857827059972446,5.53338853726933
1.4124780242359818,0.5689460947384813,1.656884554309252,458.6492935534095,66.45335837964038,890.9366100560247,25.843927562194004,0.7165585898134612,4.028242665876952
4.911768378565529,0.23563062406665386,3.5046312720960144,192.8592444195598,74.3429065655787,841.8311298196409,17.658604604050243,0.799103307793922,3.4758881256426806
10.972412598761,0.15047843725889265,2.301410725716022,142.3254165413556,67.35954001406412,911.4386528499125,17.802584830030085,0.8314119861113497,1.8835356143930473
1.9986587791584274,0.6182464239848297,5.795753803253052,128.7509718969696,76.29095769619403,732.1895885722115,15.884317885302524,0.7130972935874871,1.69744282982399
1.9713794677723144,0.48002613057300464,0.4808984154468434,310.5281128878613,71.15724191735465,889.1931299458478,15.672815164386428,0.8704844538793632,0.6435327598893665
2.927198591031457,0.5101873681962119,4.038547850894693,71.75177403416815,75.8121172307157,605.5213733905708,13.411580785679222,0.6565864483246455,2.7664960619790353
3.717479767875494,0.09094065764428773,0.8774984366956147,365.21015883422876,86.48802458384318,846.5939104752997,8.7257658527183,0.7999171173935531,1.1599462229745963
7.486345931032332,0.5532346214279321,6.907144961689796,232.1477004296509,50.084966024102904,670.6325910820607,33.691571373664125,0.6631726191357536,3.1930679476760315
5.217028982142324,0.27081121198723945,4.074021890999839,410.71502687491864,71.14139437851891,808.1881978582219,26.39962911730962,0.7652325442477622,2.0614068382729918
2.9248310803737696,0.8305000918342279,2.303469941337589,61.5242313420473,71.96070687149967,824.9945514140546,16.099872192413734,0.6946517787178821,2.346764458908488
4.521849664811787,0.32496838978641357,1.8804917574464524,275.83085885074627,65.68919181567266,1046.5845030127189,26.34945916436815,0.9121753585308773,3.6726677579595477
12.327523807472364,0.22730694568399767,3.38636784694309,228.8552808856224,50.93504320346661,843.6131255918655,31.557999096103366,0.735411621528031,3.527339297603391
5.9771899110465965,0.7748758202737752,5.672071296202173,153.0952573319531,56.620681737731886,651.1554764490594,24.899615584340854,0.7679260691143521,2.6586563172005118
3.2226468894474762,0.11146754070874626,3.263640606637793,135.51832318929988,80.46768628107216,873.5008145825104,17.312433615879357,0.860784301421438,3.5947700991231946
2.8452132041500935,0.22424878314910707,2.291721099802497,380.35290210294215,87.73739337791255,803.2812118278836,11.097206256630528,0.8276180648967606,0.5439404424042855
4.29741698353146,0.8944628335846727,1.1052648218597523,116.31005199149476,65.85759989650565,866.9135227414848,20.298934749490034,0.7541062004336923,4.39730276014147
7.414751123100281,0.4192839238413462,2.2103496308736323,264.54570391469696,60.76133799263018,838.4127695701291,8.716079642397816,0.8449518887772379,0.3360097791306651
1.7203881909358953,0.7579505863925732,5.699972313251083,94.27528720729687,65.80448597550925,759.274226022698,30.660503534973635,0.7222039463230199,3.350737655928868
6.639821373079176,0.10773442784175352,4.534266658641842,79.67055461629027,78.75197154875453,706.4374950426391,19.536762298462477,0.737702372758609,2.874324826103864
3.163963575362315,0.3008759993642696,6.243366697262786,253.6005254494262,81.86079996533815,705.4064050442803,19.622824053451545,0.7139096182513532,3.91189912147167
3.603312012848856,0.3508916007639746,1.0498841925564353,297.9762044476846,75.3337409045166,867.7161431545594,24.51327715630932,0.7516978307409508,1.7000512177567884
19.816272963203637,0.3880655138412539,0.5142842596857553,154.39958458244024,29.12406960415468,857.2307132309647,49.701521522019405,0.7624610360155175,5.16080670357604
6.116024749982444,0.45631880534682867,4.246493935713339,347.61848777639614,68.48159499422228,799.0519944406756,19.564398905975874,0.8123962065696076,2.206272365566968
2.15214399385229,0.7371571271348843,0.6698524568317958,477.812436925009,65.74189818662308,843.5798522651079,13.231333170554997,0.837521521118733,3.4941390997372492
4.972207139204549,0.091486580991411,6.238575961629881,387.82809816673665,74.82628473945584,816.5661663500767,18.4350901679147,0.7213201426500607,2.457242649463666
7.706085389053953,0.0781379221648406,4.343610372638047,254.17898090488222,69.95648001813979,782.6822169897272,18.334398895091404,0.8264437343047324,0.5561375110986806
6.169891937627792,0.34634830321322163,3.1906499249511464,459.7649047972458,58.16486713809049,796.8662786702761,24.58754484554612,0.7590381963243763,3.97373290848384
0.19825758614039035,0.38459944651907435,0.9164905480334893,281.72816282662643,83.07687159972824,1026.529004592675,3.693590219445838,0.8518132095660734,1.2709105749972325
3.4720499808939476,0.9590368205838424,2.536463962063664,140.3950281901048,56.646201790115526,673.6330695298221,24.16575148109328,0.6767214112342113,4.957848090110643
5.153825383797722,0.7238564744684147,2.2127103657032268,366.698155371229,62.299115086312966,755.8951588545684,18.31514736155839,0.6857650992954587,4.102155966278968
4.816499007579056,0.9270661257057028,3.296004918293427,431.9803618384747,51.743073270171244,543.7097137047917,39.73745932578725,0.5899557681433311,4.39345604438758
2.3283170188465983,0.5153299935211006,7.578876274853114,99.76528069327854,77.27879446499495,592.7337126285902,22.598701280931564,0.6317271863166085,4.084092764489285
6.2546394654878075,0.9153481604974151,1.0681195290269,217.16886941117838,54.465024832066185,861.4193044527792,27.420834651148688,0.8426453259350155,3.1961983472322277
8.584477333189646,0.9204357273246654,1.9401688654019034,141.0803918409833,45.726472769470575,808.9153056728545,45.33925751252007,0.825983410715884,5.143728673773815
0.5284584186797917,0.601736215716275,2.3432541450648383,286.694897763785,80.71718980462985,824.6625507752101,14.114332157478366,0.8479496621079059,1.4000739962010766
0.4599146520054951,0.2254335405101195,6.507119958572256,232.9331754283782,90.94616393041572,653.323204047527,15.147197575556554,0.7313030078162278,2.1041154462849962
4.935852729195687,0.11004705960614605,2.7482737542493143,137.16489803984803,76.2517267112733,862.1382824796332,20.202733843982337,0.7221172368361712,3.3740842091158485
6.6703921339118,0.6408471710641961,4.051367663849149,254.33315312971115,59.14466574413921,717.964730594129,32.39173102210568,0.6585339566405402,4.854117514138446
2.0072963157597155,0.3943279441336108,6.871180104303872,304.81517551116843,75.72658727542033,665.6750883174611,18.461448834657066,0.7542991704089216,0.7162242009291226
0.22111996545396273,0.46091119789931384,3.1824264900898283,353.0488815977936,79.36221719981364,814.0184508901789,10.11609589722802,0.7651050142134314,2.7987522367584114
3.5239846304759874,0.3051788855794055,1.9614426924505777,638.2473054832001,84.70128480188353,854.7179776170868,2.787225071816069,0.8059012906604944,1.2368591380703702
4.876843948266796,0.8476994722769395,5.945047971566277,224.8926582970848,58.165631462172904,636.4724879760857,30.51323865806991,0.7135123504665993,3.984804324569977
2.711405948146991,0.5545047802274355,7.39620512872137,269.2149203793094,72.94453179323106,615.1079268992211,18.36674204738931,0.7335866878519958,1.152815749239793
7.854520137517179,0.3045045931497567,3.8260905025721574,262.374423044803,63.437783770020935,760.7823034033837,41.19030502292346,0.779971638590845,5.36321860569494
4.633286955284448,0.4026798763318951,1.4517747348922991,792.1695935879168,72.89073739358199,886.2979045078716,23.462599109510744,0.7887847451869865,4.7706317061720185
1.7947287976687452,0.481514122839296,1.8044827152338407,192.4453127524162,74.85812154819635,778.9673680915236,12.532301117713565,0.706363376142338,1.4430317311690133
1.9915308387374493,0.4749847247085233,7.345383571344669,231.52111565182318,74.91186303770928,645.8191708673878,17.055382005998755,0.6339683212023648,3.3273360553499427
3.5923585545959247,0.8420454958116488,4.33441583188001,242.13776970838126,67.85678854849608,633.6705685486804,20.29012028477789,0.7414299770170644,2.8463478652226426
2.5407386787844417,0.38845169317968314,2.064063050510581,114.7365709014515,70.2299106594474,857.6382704754426,20.60312174075602,0.8576087956478592,2.909753970316847
0.4170750308918052,0.42259244894274284,0.43459000676912907,341.4785035781266,84.11852670790324,947.1529168421673,3.2482426945142118,0.8705925205728932,0.0
4.305188427875958,0.21175492921035496,4.401472482730731,291.5377117870428,72.68593732463265,736.6237563515737,24.564901372974877,0.670713018523702,2.323619547300292
2.0448877947887913,0.2012242856885374,3.843006707392762,186.26852620546964,73.78960331118077,878.0666767491321,15.97602199590869,0.8714363357581519,1.304486151661148
2.40808142060156,0.6612252937478084,4.342690697649557,351.2213229007899,70.83918930041605,834.4041097714849,24.33846836149627,0.8101074167932755,3.167901917414301
1.1665702638846114,0.9473908884383335,1.2669593130961427,320.83070919154136,62.043280421265216,768.2102973133918,22.948009332416266,0.7225949278737023,4.941482289728388
11.185564819407647,0.7045953672868162,1.9693703447962343,134.71599283067047,37.16171201546442,806.8511370545564,41.60173190525553,0.7813999646038327,4.425707659343825
5.8298341356347585,0.7439545594459598,5.421819992097484,343.62196030074256,71.8905840026461,744.2496253469968,23.236307184632512,0.771899355795411,4.175830865084679
13.261137195250221,0.5660598315883132,0.15311363614763393,74.7634157116516,43.77550694155985,801.079899600185,26.93033914185856,0.7583703873771783,2.152459682067939
2.6986286399448622,0.29146185913167444,1.950659571621488,270.8402641996015,82.45067250211302,880.2576105905532,18.20823275947222,0.7763443493516559,2.096924978597008
6.098705668812435,0.34547661767799753,0.6118605788737993,155.28195769664097,67.80070296387568,905.580874402359,31.35853215064963,0.8527912617854819,2.5849642863454756
4.369397807670571,0.46197461050224814,1.1291353136062696,562.7496348172347,64.37171658266723,939.5662100538328,33.64199146701001,0.8763402385713954,3.9895801075837296
1.8682736525540504,0.8280655290963908,4.866757548308926,460.6841716574555,67.86605265468894,666.4119713696219,18.2881031844939,0.6051633305201497,4.235530448822776
2.672637749762983,0.41568077725334424,2.2667521591156072,566.1727135262748,74.81398776095484,874.0958623844269,19.44061877837537,0.8208568333481592,2.8893988891824582
5.821137275836775,0.6868995860161033,0.9395509560655424,166.1524975977124,50.74272979871231,809.9931713678458,31.802616586661077,0.7438707188424977,3.3421364318832087
1.1646249355168716,0.5564433244585515,3.618317813150049,138.3492770534795,86.55151482720736,828.8962949062054,0.4968776681708924,0.8211712602378486,1.433712404735822
7.914557283143605,0.10934370341526684,1.5593698541736614,246.9305852991889,68.07564332447207,853.9276867004257,22.879375785322072,0.7271817947520007,2.6359864280832914
4.06856114902618,0.38956957368107253,2.1947293204925464,177.38063278045516,68.89109636185748,906.0244208104125,13.036473417288923,0.7799268608417258,1.2836416026433675
7.129077861566854,0.36766579556511464,2.9241338122118834,154.97775634218684,65.03690242093428,832.4564204569978,28.07091486880658,0.6823099648806107,3.1731986005953856
4.892905107213094,0.6097587501403491,6.268442036468246,481.4834905332207,58.18418858099465,516.5322630256908,34.18375648966205,0.6306660096598629,6.6306535854932385
0.5344726339462271,0.46950211077638904,2.924164222782267,477.6287845510667,76.96972999415806,816.3904663176222,23.868603309339647,0.7148927155603755,4.600654637916198
3.474427995001399,0.7490643878832701,1.8423877988989321,404.01339723311025,73.53243442866057,850.3623634891558,21.60188553442486,0.7439057688641131,5.20217422325331
8.046815435588895,0.38313253755448917,3.4721424828869676,79.15893346130929,58.68260583935376,729.8829615580951,26.440217018208156,0.7333718482394579,1.7710297383316713
4.01706841658504,0.24281518565970722,3.643375986816831,323.77838096556246,76.7876379928805,767.0227028323856,15.115064944013339,0.7522459071253763,2.9901022814280993
3.5545595707443765,0.6519167575792384,1.7017031755586123,220.8044838759241,68.5559122207809,839.4740290839176,22.747688790683412,0.8355298853112251,2.3823923695428446
4.013682629999764,0.7831421331911926,2.265838787191413,383.5106496688928,62.5099705582479,761.2020570980889,35.0201875129744,0.7936032830029153,3.8752462678356174
0.3683623102225753,0.8849763264660241,2.470694493330047,373.63401368653444,69.07714009719669,788.2006571101131,30.486399362705146,0.8294311870674705,2.1572223659705405
8.689787088084199,0.8409432160657492,5.5566783905939925,301.70285156917515,59.252544736212464,639.0364092590266,28.018567654108207,0.7641536787793044,4.8526277510448335
0.13060045491405442,0.13407475022346094,0.17299672530405438,483.98769912007094,87.55123114652754,893.7870032241902,14.611450945384359,0.8884053109294694,0.849457899405172
10.085604088612028,0.6284601216696212,3.332191445730348,295.9005339949826,44.562204939219896,912.1460379907918,35.71028435691299,0.8639161499393253,4.7464359538984935
2.5199050779357934,0.7734247069246185,4.615750688622271,69.61656865376828,70.55785350995478,678.965696775896,23.227076246211965,0.718247680909078,2.448570425518909
5.179520142889428,0.36700343499856825,5.43862278815411,210.93153182431212,63.86184441959212,734.8605672046863,23.20003299213341,0.7717483085667464,2.0514613633175407
0.3192467849602293,0.8654946244009767,0.5620053789536512,167.32982132284252,77.51103018340511,954.039895295878,17.205891115563166,0.771380452294844,1.4416714847427783
6.613606557008279,0.5600584769776712,0.5419996474492608,137.31310308313084,60.15230539344317,946.0849030706224,22.96204749747733,0.8599172492643451,2.5819513663868348
5.751778082356767,0.28633506739723263,1.4951317770146964,143.52667176592803,71.23142943332705,930.0949717793144,11.61561424129064,0.7666885008703828,1.5499097555328354
5.473003245448552,0.6879747387186015,4.112015435638084,194.14314224651454,62.859254924247715,795.7910683659205,18.520955536775876,0.7407290960566905,2.6522942305866377
0.2955478944029803,0.5148739355900367,4.99272733559191,176.9139639179053,79.54375401455998,756.1467828964173,17.817836402457274,0.6798936788556624,0.7538655429026277
1.615755509562494,0.42040650747803926,0.45820658834410394,335.61455562518773,84.22103360669522,951.6955237979042,4.359718598425457,0.8904614039043548,0.0
4.914372695226833,0.5285310714244521,2.980647141883045,160.78717133880934,70.29235764497021,835.5225903551313,18.748285248839345,0.8313689529969643,0.5065896857379646
8.511167845554176,0.6377871489337446,4.8030106056193596,344.9535512037141,56.10403736247866,702.086722931239,36.06956481912537,0.7820569625216135,5.03163836460325
1.3659068070604328,0.6287946532227107,1.7716028878586192,424.8717460426203,67.61088203778144,899.3043744664556,29.394483417796657,0.7912131641413883,5.275905191677042
1.4088380255561441,0.830649461173167,3.1632782056442004,340.373913885512,68.26398889834111,789.3378105359053,16.338758505763465,0.7407144276239384,2.502065974394514
4.649700631334069,0.5685433603021398,0.8021010693309136,274.5356445004641,66.28083899074981,744.6561897871848,9.20136003658249,0.8009326741204914,2.6264611307600636
18.569562088080108,0.5991646248745427,3.817527655360552,360.76679202114855,33.00061799483205,808.4736449907991,42.07812930565594,0.7594829419195468,5.155999679466347
1.9028174283399202,0.41721518082832704,2.1633135463567843,140.005359056791,71.79109787868964,803.278778945238,20.949428681560562,0.7460338788629864,3.8867276932505117
2.490588652743901,0.5191515375918735,1.9844285388173994,77.49696325071362,71.35852318964528,857.3253030184042,24.07601722534685,0.8500241295392817,3.736242553629969
2.1469562137093345,0.5043711924404528,3.0606834518523818,369.88440340420186,81.35777398654395,701.5810598153236,5.971001546643009,0.7468791926604043,0.7406150911332001
3.170713427541857,0.6952001256987093,0.37891019064580933,294.1807196860636,63.41398857101563,845.5656852603174,15.01011113000417,0.8551955883947767,2.4161999218864016
9.02923499443342,0.1630019886806211,1.541089101000382,588.1282378849535,60.54884754686704,892.04529839913,22.16906035676386,0.8593436270219751,4.228427480347259
3.326829339992222,0.7041836336615632,4.805658310607025,429.06528016811654,75.7847962122502,734.3458639199918,13.835592317298245,0.7209001360908391,3.662951966102151
19.85222404435445,0.38124643531733887,0.4523301768823178,211.36169901909975,27.741049519350398,889.4577659159735,63.10697876442646,0.9023875786247569,6.530955469149084
3.8921425895641457,0.8556370686187452,0.517425786826838,227.52911993181212,66.22244963624594,721.0051192186006,24.30327794983638,0.7767654044905101,3.0362559959969975
9.694988562286515,0.9232133990424983,1.688254859966313,280.3949798730219,46.44739079513958,764.5687288615849,41.378641656725684,0.7578840115082239,5.273895117264536
2.6733909799446525,0.8074833058566645,2.4520780396752286,234.97339762245275,67.37816589749897,757.9606149295381,29.4361222971825,0.7990884848045837,2.006977136801829
0.894688412470187,0.7443891087767478,2.928087357229692,276.7189380028108,74.16349436341753,809.2024326959806,15.388296776683852,0.7848536952090377,1.0583630822154588
3.3218543658107658,0.24171628424186248,8.149939620378165,182.15640405009427,83.4248070570312,646.6291231518702,12.205394451946113,0.6416109011486582,3.924479508925226
5.539943690869713,0.3387189830161442,3.009874987214423,393.4134572340049,65.67729127583361,782.7976412359862,25.54387783572924,0.7752127705857935,4.5931111063827865
1.631342661010903,0.23792772665978726,3.312518590584747,329.4952058212097,92.82787063488047,848.4327766939832,8.658339026139451,0.9053753224788289,3.218207615112937
8.566983150704381,0.20548863101894937,5.4540795182771715,245.76571591578116,61.49151197224338,861.0336052917608,26.184443708306937,0.8686933108442887,2.8264376951051102
2.252965435406324,0.9542651724399542,1.1963013088782244,127.48663515870989,69.49992771607272,879.2289251969579,27.61386861896488,0.8483339946117738,1.941412463578861
1.1671276947752753,0.5931107996386162,3.40386718122318,243.440174377624,79.20036691121962,660.3095419003855,21.180720452087634,0.6513542797468921,3.040345820561436
17.23673509192203,0.17608967438752127,4.077428583089519,305.1513849568,36.15076111383074,958.996263037671,42.99387913326904,0.8162584486307976,6.539035399086435
1.5403111794953197,0.3113679155815543,3.6768912802744866,235.07182590592305,85.01273981246268,877.2474676301159,15.045567648630906,0.8141284443062876,1.3928937214639219
2.1872251267867777,0.6169906988821389,2.932982658212662,204.88573778084057,73.65093897385513,885.2555886367315,20.779613528878933,0.8007793564970771,2.4963654142756107
6.2985087960175985,0.6569741999063258,2.775208020648491,59.95915251651365,50.85223883401639,699.2533181466549,50.374224363278465,0.7204387595280788,6.206257505243714
2.5861186617976144,0.8528074930633672,0.9423516165048491,807.7049832063107,65.48775194833831,809.5290015273858,29.535735631112775,0.7932617891256624,4.678954903923059
1.2173222578152518,0.38620681378877386,1.8518427391136574,152.67354187430044,75.4492534554131,903.3056939445776,19.502999071357813,0.770855594020261,2.1651870617877043
1.9756807593903325,0.6018478239084943,6.866815682231101,314.6787941885814,76.5642030564521,567.7557426294441,12.98933799124887,0.5987552435046892,3.62778809236307
13.908519878775316,0.686275438460471,1.5086848673332833,137.36105164890452,35.409917395315276,868.3814625539273,39.006205892884736,0.8033009465625808,3.5083397044716116
5.701700055141684,0.31203491665599786,2.576229180975967,299.36751223660247,74.4811829267729,948.1412278820125,21.029656302813752,0.8906982222543768,3.086333172500564
6.640092644882158,0.6123815577809286,2.4454309174863393,315.81986407233114,56.2863232319457,790.3341464938289,20.349888905334858,0.7978831742816692,0.45176478892395
4.4595391110131795,0.3524621588379822,3.40673636366965,215.79533283092363,66.33037083395539,913.0631670853238,33.312317422771585,0.7961679069144728,1.956692458113917
5.121706191034484,0.6685792456378373,2.4292972966392057,234.31365817079154,57.53938968291969,844.6909230002781,17.366164690320446,0.7455770967923675,2.3874967347913847
2.4007039092906304,0.8473389418034187,2.123186921052464,173.6418531243753,76.71495435193677,676.4509946571153,10.124529731083573,0.658543245648351,3.5158532083110057
3.995569204138524,0.3461592908701354,4.694950730453866,807.775922271086,89.50432087694657,708.1438056848287,13.347079262157862,0.7647118419439737,3.225317695338349
0.25309500198991075,0.8725700981125164,3.005665332468071,407.85334238457966,82.43310106155694,815.3834293631738,12.084354718384112,0.7655404436907151,2.433702797335649
7.652491001053271,0.16107574396512706,2.778914112644681,275.3878798813075,60.31501009992916,802.7495400545553,28.877671661084793,0.7869699535581175,3.749852981135611
2.3792522334110586,0.9257216153974367,1.599929778934614,185.04281819691175,57.83451473971119,861.8976305562259,25.390936865903242,0.8379920350748478,2.4757167079206615
0.9954133437093515,0.3817121512361127,1.894920873971325,385.5549762208976,77.1454074334873,903.6413637439135,15.232618499437855,0.9035638487543448,0.6699007746723975
4.197370379982102,0.4336173831725271,3.097768621484472,387.80782084566255,75.43818922436432,829.7951128325097,21.298541103918804,0.7368504982217522,3.9576238301881945
2.963212210197406,0.5551370073876114,5.021640304241851,139.09114613411407,82.77126576395898,681.2272836174313,7.0665592076412445,0.7693795509938655,1.8011858219895829
7.441757610967359,0.7438446086654343,6.224782213189423,93.12478854395789,58.60259081011469,657.5003295813128,27.405830576108723,0.7233969726663969,3.551271632773775
3.388897367301588,0.7304494159152615,3.2889021597481998,183.65803759959385,67.52187988752985,859.8244905321766,22.76644945521224,0.8992764768216839,1.376380095581188
1.9317780890725356,0.3652541538964306,9.138602761243696,178.60741378619792,75.45095931560674,556.265026126173,15.559561868126133,0.7040187391540172,4.01643775888467
3.463540809446985,0.5360262463543632,2.0292211923888135,99.56828537679976,69.78043926690228,875.0341204129599,25.658778492259966,0.8305037590036766,2.330802468369827
10.5406467173103,0.7518465976040833,2.0181624851445354,151.86411658878023,45.02507866623653,926.8753683464284,41.23907977386423,0.818709158447351,5.577179949811083
7.635158894852074,0.5674612440907193,5.7153491519807424,128.44455823757775,62.3213415932301,702.0052378310528,25.747324412590313,0.7542506814652323,0.9442798276244746
5.689652922820286,0.49153923341298905,2.8740838699286253,487.94611290497977,63.147248167673496,781.8676799079948,15.560909164665807,0.7131490054821771,2.654902273454454
7.893909735158798,0.4412102758660114,1.6439342252502676,305.41356102438493,62.29395592771479,837.969891863902,33.48522027962833,0.8135938210087099,5.37176639945427
6.050294945841808,0.1734456946886017,2.5147447573742525,327.45062098440644,73.88840004487702,748.3702346420166,12.735643534523767,0.7118317176139909,2.395908085184844
1.42012334506844,0.5630980112040299,1.0647054423817282,400.0083354215843,77.16387452247824,800.2607730066323,26.641610468517953,0.7680951094821626,1.1716057487357716
6.682815296219152,0.22163022377609692,2.22633493133419,135.5204469331661,67.43352100618142,897.9982187130724,17.72749487186328,0.7297122094842924,1.540191795326395
8.627498066194354,0.6481723565301118,0.9529334196085779,330.90148099301706,53.51800152035832,922.8466872836347,34.062245822554566,0.8495041619983112,4.118596816448986
9.001155318768097,0.2559701755201934,1.0631732411848227,202.7428652856206,61.117805327816725,893.5114546841686,31.03309605125662,0.8421109986563965,4.797408864730527
1.1003990391006246,0.7053149054234432,3.0727964895335083,487.38362566756496,70.15671607901977,828.7089733290586,19.71063294638377,0.7705923619412467,2.952179773982306
2.1936347113174195,0.14558050017565125,0.2542077085832537,449.34084591970117,89.20217516547797,1021.6399893952389,9.43018957042615,0.9087681592751388,3.022191770033058
1.8774057579273284,0.7724947445057372,0.9638116864262454,541.1261980079921,77.92878388097029,799.3260974078495,13.754683483078965,0.7253985122465355,3.40136309536166
2.6486829127119544,0.8222831435153438,1.336317807286543,144.85365482751908,67.34742622401646,787.4580564181427,34.19191573500966,0.8114522152943346,3.1788505528979334
5.21531932769275,0.5590080920151576,1.8347810587662692,236.6164282365893,65.14885532339211,761.9892848144751,25.609025186647372,0.7584387923149816,4.033664335343804
4.1062744921394865,0.17995415148976726,3.838693671603629,176.5744599308086,81.97613632708749,864.09586458429,11.918291501783841,0.9303816012957934,2.4759370464416266
4.107323787287271,0.6298283250818368,1.7820514058022499,167.74548310510727,67.8587659188327,834.4683492707202,23.964199876002024,0.8152938258626707,2.519330827719922
0.7757178093532783,0.24156682017116654,6.70050905254561,181.86878525590743,92.3354092457926,749.0058182508662,12.158578452801125,0.7685266131692057,1.3114069887024193
2.1120349981025104,0.6146414923544812,1.4928806955416425,370.23794369420636,73.8295817081074,844.5063620190492,20.661831529527632,0.7832369027465549,1.426578347997975
9.509567803656877,0.3752923834543194,0.2839201244296607,171.60655911307902,60.019808487516656,875.9152741452199,29.0866223549855,0.8851579391775983,3.432435407993902
8.599045039166247,0.6364192993601333,1.0210111566198028,152.26840929782628,61.9597756756417,910.4816407088883,18.02027655538272,0.8248699393558898,1.6952209974951005
3.3374042300844344,0.22941049312365394,3.03990662005665,168.86147784801554,85.59098701049949,725.1013064511227,17.01838821080584,0.8214966271791277,2.757010863285569
6.6972743880556695,0.1363495226400026,1.059738701213295,104.68623423902739,70.7152784767279,916.9307426076267,22.600972659988,0.9351465877226027,2.5047655041283514
4.83359577290677,0.3304715703147773,1.4585207317500493,173.14471885408,77.64450617693008,845.6278544305667,12.976573525973395,0.781763399918599,2.3912770487281403
7.286492310117088,0.4540205678472699,5.683366658787628,457.7377941833316,56.45096955469551,796.0948570280382,32.4446162912289,0.7638095241076622,4.055368846212071
6.9306400339563385,0.39284959116744766,6.891435713849875,698.0988088585631,63.38208582038624,770.400849282358,33.977875744173396,0.7259623150535418,3.6610105464813403
3.583855656891759,0.5218049722013665,0.6821550897012354,204.98913803503604,75.37116279131858,919.8321567557535,21.5305272808506,0.785059837490611,3.2500243928250674
5.718200281487429,0.7288554340318656,2.106113531976551,471.95310440226683,67.2729398325312,771.6976672393525,34.72025325756671,0.7777059054189142,5.226396174924943
5.102124013045702,0.3087959838750569,2.9865043629343453,596.3136968988308,68.21657217380833,937.4906119724864,27.494520237996408,0.8627209266638145,6.129122757199876
3.669203790082527,0.20705503801094569,4.845259051422332,444.34634999181293,78.67943092875194,733.2287310062178,3.348080002731834,0.7730011097616185,1.2435729778758522
3.000473310040293,0.6108995632479841,1.7656759376755788,74.30783619617578,70.74129887706964,754.6939963307452,28.046721826056977,0.7503089714470164,2.0941006439540866
12.540858176354533,0.39003885002305205,2.9683902087543976,202.68794152532612,47.16548982079658,703.5314189425355,26.524886783268343,0.7657318344681223,2.0627132455060053
3.6732656223114146,0.12074154279616793,5.449302279832356,524.8173240349056,74.88072715916184,770.0574120622633,25.689133065768566,0.7596430548129897,3.7758193709391095
6.373569305909669,0.11688041936804315,2.574800555832721,380.30148352897453,75.46093881561806,776.5768105106912,22.48799124404596,0.7561970680988206,4.093808840328196
11.84397087481647,0.5156767564677769,0.12382313562731737,425.30540928331,40.19812984719472,1002.8278963671652,51.9410868437666,0.9060619358116415,6.178570645216979
5.710493963965877,0.40421849887244493,2.089339597946368,258.7622878826808,73.45198774745516,820.966838572999,21.240930967569387,0.8305734702849036,4.293956215559943
5.504923498172153,0.6521855212394009,1.2474211416172751,309.2059900873233,68.92958314318749,775.0920576173369,23.46657719488201,0.7465747519531669,3.6414472175935026
3.692213278370327,0.41946567454214373,1.3261947957288736,218.08106979411642,70.24421063973976,950.9716815886677,28.26096957765211,0.9159973905273141,1.7495407347943084
5.178123888862536,0.6508975020197637,1.4214744212190449,468.24671707183364,56.84773208608996,898.0587845071884,23.145767931820814,0.8019797760856336,3.6220251022087693
2.7715583740025975,0.5687854666324397,0.2457384879720712,219.84164752107313,72.30469610152059,1004.6575219071552,19.628578796316855,0.8870891515777214,0.24956386020578014
21.678828047294772,0.9146176190187334,6.576218389728231,282.75462272828065,4.498451514539729,497.78756750656487,65.47102912053919,0.5054095155621756,6.94063664397671
0.7995970611864304,0.2136061897536203,5.062518974457103,182.87409327386496,86.21264882587273,650.8509481106996,7.0742586140978405,0.6734467901696396,1.4868047510076394
3.175862424629659,0.5150763274133695,7.261242360212039,153.8251086840547,73.05331537521984,725.9310817329239,15.43849237242151,0.6794654989764575,2.9644474829042045
5.786720540164138,0.40388633554129527,9.605894513420084,489.9768999287038,62.891405508035106,386.80750854201904,26.92433263062581,0.559794732006095,4.894346996614755
5.508942599357596,0.5834919438647794,2.889146687217817,462.69119266718997,72.18113373723688,723.9810243152943,23.783028150176847,0.7598390617497705,2.8091189961176157
2.7670511253990786,0.42472266278759685,1.6240411799049346,169.42203964415683,72.87490496577742,874.6494827675966,27.91139628284009,0.8856256890278992,2.2051675005818154
0.4672897527686015,0.9035662755834202,3.5206888136378716,314.1620815078646,75.68608830565059,643.8709560481982,15.310967563408976,0.7694017302544721,2.6094497970642827
0.9784905264157874,0.7217979069485224,3.6331459961324493,461.15780972185945,69.57028623809902,759.0820823974706,19.09564376637315,0.747307553225936,3.684475620621599
4.356759338714489,0.642098942739877,1.6187681319092637,766.7729691732641,66.18406254277188,770.0145433414253,6.745225074708031,0.7251155007444825,3.6334806254457424
0.282705181484987,0.2549730295438533,1.5802210257087153,329.11079562605295,90.02910681156901,975.9500235824141,15.766691891489806,0.9090270323525388,1.7067489018810407
6.118927123156873,0.11995291916025792,2.3444743878888614,449.20432091785943,74.32257403154428,931.2965672125493,9.8260465831065,0.8393756601311851,2.117216134254847
9.156898491679055,0.6683322815881766,1.4823849502133715,445.43336028035327,49.55132280014451,856.9601189135814,38.19662472096722,0.7839350597429402,3.5530440449382965
7.005682461236889,0.9225522617480285,3.660819184497029,412.4437068629689,48.4541535599819,693.8850410198229,37.83751983202748,0.7154756243633001,3.676816061664071
8.117746502421618,0.6623491131985774,0.8238706919877085,84.87779745196426,52.05407057259036,805.6840223009261,39.50427650645666,0.7539809670497352,2.1350533392969044
0.3022052815288758,0.5981345964133252,4.259944002234741,306.89579349652905,75.76420464046745,731.7996606387466,11.687570907938937,0.8420549033519653,1.3899609400128876
2.8718269285779674,0.3942244441412884,6.111686245140634,221.7451883427807,78.19405692663797,622.4875905983805,18.709019308571534,0.6603051265929799,4.238149069679734
1.299019929914377,0.45753369497151797,6.972081991237503,149.9736019199089,88.82087836130842,767.504365886376,17.596318258946514,0.7589687765000325,3.847676431438069
0.5919802367525633,0.5918268634009104,10.59228673505003,138.14630573603728,80.22485985618853,506.69079455890994,15.237671708418329,0.6444869191944934,3.129238386961263
2.3343122476759652,0.46224348682451477,3.703362463325887,183.43813121146772,79.4199129314228,730.3225896648174,9.149032952360349,0.8476924913637376,2.561322671216905
11.629373043371418,0.4473540204810753,0.6867104965834663,518.5489139287434,54.33931712460429,999.3800815572014,23.159379743195117,0.888353362603481,4.034796200048546
14.03464105824466,0.4193071324670323,2.73075778437467,134.75361111774123,40.158248168530875,825.1038205397193,50.8228717119165,0.7014612589919431,5.404401209452789
1.4984454035831263,0.15939178553585767,9.090043467975969,414.92104667395677,77.49817093741044,696.4152999155044,13.116153872542188,0.7140211490867067,0.30101909876645117
3.9070403436608347,0.20331585435843028,6.825895617804267,581.5455258988803,78.21066194240048,778.5758688968481,13.809390221476596,0.6818487310625183,5.487913986481628
5.117756487307771,0.44785585918954757,1.9968310527907103,182.95047136377414,72.72514893634728,879.1370955948114,34.263430577380326,0.8016695634436132,3.494734162116738
2.891446496208706,0.4249609510474394,0.3346249950912713,556.4013571621872,85.75314227652416,846.7067870354955,15.510423901962815,0.8828997908804028,2.4926405017920703
9.65772844623314,0.4074986906474941,3.565493450626836,471.82338874323005,50.93827085394294,761.4254258286567,41.21715319698896,0.7167845120944687,6.551421743024914
2.3697457323421762,0.8199606390296211,0.6426073266651402,217.62126245446157,72.89068702284484,1066.6477599678744,28.826138507758944,0.8876876843756044,3.2380259706910444
1.9947829453670123,0.775855067193663,3.492634728559535,289.5748748569176,70.92436437744543,710.8456930783234,10.99311680444805,0.7694157693115853,4.668486883166436
1.5881062034374447,0.7602120606924004,3.8044480245933476,164.37096766575388,69.28626252611006,718.3491077126545,30.707959053087457,0.720105358180639,2.7940359429072403
2.8723180045722088,0.4928533098509007,6.6004562791298556,250.68602352984524,68.83178160346274,633.7406254681249,31.84309140964351,0.7407397752583669,4.862990106547156
0.04544525693316143,0.6467121208659571,0.38077139498442525,985.5909089981262,75.77636853816198,831.385429222477,14.279636241817485,0.784869752709947,3.5136386577034013
3.002760047773189,0.510480596318736,4.8795620040323,279.74880862522485,76.0960998595381,770.4824472504052,21.24475541762679,0.7945497604948385,2.9758223820844076
4.119733367792812,0.6157537575755256,2.3618749577121574,194.5407060733934,73.36078683522119,732.8277066105466,24.452658692514966,0.6625721803767896,2.4768367295469833
4.348000811573203,0.7188836482948834,7.80384316789666,86.6884116018846,50.36270519216964,530.165704295435,30.499120246316505,0.5713566290717392,3.2694967938711166
1.2099333699862183,0.43550220208746865,4.6535437912090405,329.1426302307136,83.04500799409227,767.0536483802748,17.355617538299615,0.7509931738939186,4.084110956017275
4.276777760250011,0.3036058944175196,2.906416739268865,147.89643374643754,71.71180386463945,823.1662337568979,15.990330997910892,0.7737062871613128,2.771843957174885
4.200473905612169,0.4825515511345705,1.2108566690623221,118.89944570446202,67.93383166803561,888.9683384445239,37.99861561400964,0.9582876169620932,3.826125461653444
4.281312673859103,0.6583106091620613,2.5530144493327502,324.96154169111736,67.78081540964187,797.271795611767,23.523410849297825,0.8291586137443412,1.4119173012104087
7.11275040103045,0.6687892253361689,5.727102793977542,161.1892187567467,66.5475010293718,600.2645812868781,26.819271007514004,0.7096278919336291,1.7347899716256778
1.1513795912300167,0.3985997654368734,2.5661827653040077,423.0839721502769,77.9916149738851,925.437594460885,5.64040219767584,0.8467243977982306,0.8345219218613205
2.9241098690428617,0.32050626062981713,2.5004297506033994,80.92015995832547,77.73691110197352,920.4877094861793,17.960164368232384,0.7826419884570809,1.8547098028922524
0.4210633014766439,0.5391984631723087,2.603836296599421,365.581100765276,72.37946321877781,757.6306358342836,26.654304231459776,0.8382412751680829,3.2460293494367236
6.601941514472154,0.8022181344478058,1.626415925384908,635.7702432204356,57.331216954112904,843.2164660036403,24.500576812601942,0.7248900548686021,4.373258024261233
1.3741629669599524,0.492592537981161,1.0940017507376485,343.3725700161695,75.11268383793663,852.915462620759,14.287643647019262,0.784238644900529,3.4993758326612703
7.9880178519316125,0.22473909380119453,1.2573070307918122,437.14195383370964,73.29773206647396,980.9985907679417,14.426355903321575,0.9172691498582981,3.746821226043151
8.206451067793848,0.7916029185595556,2.789236809959641,174.6171005005673,52.3921727816628,821.2266290133928,26.40018659803058,0.92315740557185,2.886155833405857
3.1985544383209605,0.384271775836183,5.044019396328898,447.19029930091415,74.3813522072027,815.9622175072293,10.16093904814639,0.8766001616222188,1.2315415320309326
3.0457846721889394,0.959466829651229,3.088502400339456,340.44811478562826,60.49455780539895,675.7030368956687,33.829317434197094,0.7365684429631434,4.907053803673554
0.7099989965825487,0.4925432353546744,5.805147518960179,294.368525731584,82.38005132897112,612.6249244871153,4.7398474205913175,0.7750296776674651,1.82709189529308
3.7964283981858076,0.18333654242484043,6.9084135354385,522.0347966412704,82.48278537032147,584.653522204945,1.5601580645749635,0.6261033731837706,2.7572957790790302
7.064145464918459,0.6427026941610567,9.48601859155121,379.77773670832227,51.89581480580466,684.6650836694225,30.480038975967172,0.7333402736773905,5.203966509484191
4.747847768722193,0.21292808230504506,8.92789914424081,153.37931315306753,74.69023983996983,665.3127988287144,18.017892813078433,0.7721414829844208,2.0441932702212684
10.546513800367027,0.3508297344630908,0.7352068643644238,214.71558872405808,54.57643140334404,992.6647942539164,35.278501551386775,0.8254739373050498,5.231448787877148
2.610629443565217,0.32158005099795,4.009256848638053,588.7722720775951,80.18712146798201,705.3674282842661,8.544668506252254,0.7420295625072285,1.2103114513434328
2.607312757865561,0.3887802982369942,1.8648832802333473,142.98634899805472,83.9877462915077,905.2170459973178,7.679121449144472,0.865247192043854,2.033039259010791
1.4817610874153124,0.5210681832732407,1.3104097752252337,142.98701914840467,70.40039156877314,766.1246855693718,23.965254655812053,0.7802148057241339,2.211762274556288
15.961119147958794,0.7916775638743917,2.220271963266482,421.02826832965815,32.104337646701886,819.7448537488459,52.9540232503179,0.7396767946065167,6.083960919506617
0.7011037506179291,0.3647281487869084,7.423462722563646,209.82808496994085,85.60046099912667,649.5804784670236,17.54062622208599,0.7115539159793468,3.0170603677530727
6.66758868209628,0.7983755446600659,5.746731403906243,644.1314900535515,52.54883864592261,632.4773095603557,36.09301023510989,0.694210954698171,4.742314073831378
7.179436887975941,0.03579133847831388,2.8119990952771126,385.0009632781012,76.59834871961019,849.6265923698745,6.434730485938921,0.7822955611256084,1.2966209303916751
6.940415157533098,0.7428717017650602,4.4887648249088645,221.09880207858254,53.69137036690549,779.5657882520079,27.164950281077132,0.8067446813912639,2.3456255934665062
1.6225467962558935,0.4117448130555883,3.621618277662698,341.34273889019676,70.77695806531284,761.9972981506817,27.9799009671368,0.8247296364850055,3.73384646851278
3.1968845810602975,0.24543580484201857,2.224337942013305,175.50956521999538,62.10438145977174,955.4129657503693,37.15165426086745,0.8380886735145027,4.443180578222211
5.92326889567239,0.6012498676932179,1.4750889103093938,700.9919308011367,56.11688984617533,847.9674975959608,30.192036193860666,0.8335394793448603,6.137333206601162
2.032655613265293,0.5163962214610225,2.550802900519601,300.91711970890776,73.27121873419874,842.928272316712,17.656088647310035,0.8747975764167324,2.1340817486677937
2.795524589315949,0.3845015627504696,4.701254494115485,233.59903660427702,77.8593790096231,787.2912152497687,9.4926836208082,0.8423397896001584,0.16422347709324825
2.069272399591472,0.045301514050539594,8.009375210536124,193.39889080109987,90.64615659209596,700.4098752202616,15.06960791226397,0.7125018055741426,2.9273168965257974
4.028317382372817,0.9680896832752763,4.04093528540487,150.7835217949194,57.42254536959531,706.8566456373261,23.454198064888047,0.7777206987911822,1.1053660659685998
3.7999877717700974,0.39456386663467574,1.7225262989870944,164.26774907515792,66.68543474424204,1001.0704936767231,35.09052312925404,0.8884980131452221,5.0720073759979
11.978503727194179,0.5506470167990818,1.1550659694924597,183.3390197643086,43.39575431539912,938.9279742494474,39.13304523758668,0.9042374439392343,4.542603354797102
6.0289756664008225,0.540034859665155,3.5272870621887584,103.46948924696613,62.320888409555664,624.5025203035477,21.215862110699305,0.63774889222384,1.9824877844689808
0.9355629722494279,0.35719090989314867,0.3959461834855825,220.45947878621394,91.95131350728016,918.090368807917,0.0,0.7747693191968792,0.0
1.0316130106373556,0.2583729700304832,13.154675238236614,245.46533927140194,88.23004989032164,524.2207649973835,6.616224390996166,0.6411711450857924,1.2348559821323897
6.762118248841864,0.7112053957095011,3.983760846873135,345.4613122271594,48.65119130552473,685.1821103388215,35.18667892081588,0.7550931021581553,4.771694669830893
3.763967989583192,0.5243918491218095,6.562589819651745,168.5262936712963,69.02310721114887,659.1163978180961,19.77109007528038,0.7307822608224191,1.95716269492106
15.278841853620747,0.9519937186641629,5.4984660048278755,160.43864201219685,28.84608081559827,642.02253713193,49.83800453067516,0.6443482141224248,6.118253184072493
15.247150312134437,0.4336592828439054,3.933643841892696,259.8405289387086,38.52206098659891,873.1299573389355,51.348217336389695,0.7002257663236714,6.464897243797235
1.4723586438221739,0.6108386361468063,3.752434714240901,234.70136931387168,67.19303657473475,695.4740629502086,26.677843394465295,0.7609616314723501,2.749146048567189
4.8094384763270766,0.40617398755915524,4.885891036342394,329.79389203416116,74.5093314736464,689.442053242469,19.012218608876047,0.7866003286435501,3.704345807560939
1.0473296199872242,0.6679116416835403,2.0654577644465766,83.726087049245,76.97751206848795,847.5260793766039,22.965848674561038,0.7137797046366505,4.071364530372034
6.671520910259777,0.13314704928206245,2.850002468913157,342.66053688288633,70.87176268608279,886.7099904415122,14.892084505432274,0.8167535157667348,2.9921724851924614
13.26717227776529,0.9636394581346615,5.087186806715227,257.4991142511585,27.07567884607077,683.2904608982799,55.32720023433839,0.6631533663554394,6.4969831712338015
4.2580155268898965,0.29855502015461954,0.7331713865650626,57.57178118270119,79.82872680608048,945.2256087097305,18.28599938086718,0.8794414991910704,1.3773933146644213
2.5227318851403386,0.47408683528048,2.775495572802409,223.41309620133413,66.50965496249863,810.7571019369988,32.44142715606985,0.8532905440326704,5.512971644454488
5.231009888843493,0.8883556567133207,2.5207871562293853,407.9437031164424,49.326690688524444,799.5332998032293,27.247581389098013,0.7680716413155035,2.7096598264684593
7.793772880358917,0.4768668378833488,0.3664040141161933,276.6357662140953,56.02286945975146,926.1351703601856,25.58692907276268,0.8303702192108848,2.666458022861269
7.834740758438421,0.3085284068223958,4.22451982958823,237.93861038943368,65.29375511501426,769.7941887638418,19.433434729289765,0.781425799423271,3.624828935929794
2.550030814986089,0.5971495889964166,3.2808030882592174,172.65558456900104,65.60072443651119,775.3912215047048,26.94862491924734,0.6590333650402059,3.147982485487408
1.9810695366112254,0.4948707779313578,2.771495582977705,82.99777948638865,73.96138436083784,782.5315326155247,19.570960349069487,0.8114075872088551,1.9973486181564442
4.593614529947447,0.45298637453561597,5.785315363934931,267.19009357193073,68.18768343049258,658.1636778650027,25.675164525697014,0.747785538469806,1.9838362402205805
2.717141166672185,0.21973310963321527,5.144426421248838,462.14826306234124,83.07113536574624,794.717626127792,0.0,0.7770647147706162,1.123832319717103
9.660395924506554,0.6788611393070737,5.427519028203994,588.6891377232268,47.6632428315207,602.6594966059073,45.46890027469808,0.6396067821025376,8.310557931656133
2.6861438960205133,0.5528109744676988,2.547701598977265,139.18975225474875,71.75596501533906,856.5033528355392,21.180877026633066,0.799823322043687,2.2136629343482057
3.9942771678396713,0.5030065791925052,2.0155152639366594,281.81835390980734,66.91295128425436,828.0987993002175,26.476317466619836,0.7829900652106263,4.611783084053515
5.1231802583081665,0.5596452351760991,3.223731478838409,290.9491305083924,71.08446686403568,780.9139590388919,22.462792679536445,0.7656736751735563,2.5827295370792553
0.7357918134271991,0.5554856489210626,3.90706013639401,203.32222867482778,82.2042296401857,749.7592770423241,8.690116042486626,0.6718327928731018,1.0206181776228553
2.1562269918472827,0.5050176834204158,4.619074483178249,466.6772416058262,79.02484879102099,769.6784224664711,17.790743896349596,0.782502547652943,2.229754590519007
14.790694303681924,0.46016328641487503,1.3076946242869898,297.8791020667908,35.233723404670506,967.4777594727592,45.79375096252874,0.8621241955504183,5.398153674970437
7.5383241850753215,0.3323328415544382,3.7199501708270994,113.87433281113081,61.513720211541596,909.5650097954564,27.31807629430823,0.8467699109542457,0.6903974433631084
2.651799493379819,0.22972140840640307,6.256534628175347,240.68203648084418,83.68361855240221,778.1375067319344,14.380617616963585,0.737981835958828,4.122502932313331
6.693389750439328,0.6956778513838783,1.4653910288561582,423.20863536072625,54.590378879395836,841.7444297996506,31.17161375384806,0.8240882197007456,4.345058216301867
9.5396752960635,0.5074135762614335,0.34300771570883715,123.4947160254246,49.063066548941045,958.1314738307237,27.491727760196092,0.9413473266873341,2.24845578974114
3.0603912137078355,0.2555100139756263,0.1528849580239684,257.889591273225,80.87460546573105,834.2409932397828,12.298765880543606,0.8109778271310472,1.2732343381112672
7.258543975974694,0.7068296303752312,1.9972071203531403,269.8330554155408,49.01422015528597,850.5605938456116,45.44017665925308,0.7284961126263557,4.467723126802877
6.467895110106694,0.1582065460649652,1.0951283153338143,298.1782729653914,70.59405527605483,955.8444453920102,17.263629733261663,0.8737225061810378,3.5069206934763626
1.0682894664709561,0.16000763725035877,4.095402807638547,389.21286258353894,92.25629987999532,719.5001854153016,5.985095027142436,0.7421895892387271,0.4528786163118006
3.0761382290541057,0.5848601188618523,3.6126848292221405,186.1656886276482,71.87647464755747,732.8974014197634,24.692569711697224,0.7370038059201416,3.0815967354874196
12.214318655120135,0.387794841296845,0.4532244577756882,646.0408351768772,43.42660483348474,940.3580860196147,52.31726734268028,0.8259158421357754,7.128743801543383
14.4840265244314,0.5879203353854372,6.058362614577751,319.71663967666154,39.21310151757652,692.3781934847078,41.01636623471109,0.713140253525952,2.75530537322598
7.586964747598884,0.05698593557212349,1.5800538338235155,756.6026610011722,67.80946341386654,985.6816556471927,15.170244764222572,0.9334880657517256,2.2980663483453103
2.0833030013029314,0.719277920629514,1.2365430743055827,204.9562940938491,74.99634900905389,942.8287442429379,21.537665177382472,0.8509019645369418,1.0667514234107414
0.16894875346673036,0.5716538843033592,3.4767397127950552,356.3612721238758,82.7475285220182,766.2309443836358,7.203118032054935,0.8287328275439041,0.5139526802760837
1.8053921154240755,0.6629492056127669,1.874096412352238,26.79035309688158,71.2744069853601,757.3153886599183,21.879817791853842,0.7218740591936122,2.8548762400951135
0.899783193177957,0.7633704627978134,3.2475297324232484,677.0241971572426,69.46693190788363,804.9092534427631,25.009307703483458,0.7313899259355161,4.809839160385135
12.888436592110931,0.39327898336809886,2.4529776682566315,328.6852007477709,42.25628798399028,920.1603821532663,37.54438074637416,0.840507853622023,3.729510135415871
0.40536462984239385,0.2647568658541326,6.543679081386003,204.47781671717976,100.0,774.5912067529658,0.0,0.6631082449287745,0.0
1.1043533409680837,0.5486949183776025,3.3029606276105428,98.57357407999913,66.51267961036909,813.8225767886737,28.356439976000665,0.787864168737161,2.2363252577880512
4.513226587841786,0.38922659790687164,2.227150665836903,332.7868546153383,62.92827535992981,972.5204568287377,32.505907570371754,0.8669147662716976,4.062234420721934
3.7404698302761012,0.7686851994037418,2.69937994076783,190.04797741938498,70.07386286737093,760.2872503978123,21.21358262846173,0.7905255683595934,2.66997670464537
11.769252043655191,0.40791871681975317,5.616192480132235,453.77711233028106,53.92739387889898,810.1245120666849,33.26244856210072,0.7006106473487871,3.2864446598175077
6.1500540708308415,0.3046947999365455,1.321346995120779,633.5435154663874,70.73417706702624,831.8276098367296,13.742462513778825,0.837360527903253,2.36648052435007
3.288010025749688,0.9253594978334992,4.2579990557028315,301.8415419986932,52.04237046374889,554.9079441260017,34.2788014648502,0.6406643034394631,5.203831886853569
9.795673833644027,0.715141122718599,2.819435903055822,417.4500767963358,50.428559253552386,709.3399283049032,32.35011441064351,0.8048678526910218,4.209183496841444
2.5794526830879727,0.4792933053870795,2.889239295809754,224.73491101962128,70.38100675689184,778.063957721157,21.205218977339705,0.7583413180243124,1.8254713872606707
12.48783220085558,0.3013937901977897,1.1013814621861724,49.48352493390205,49.50753983272923,910.7774396437263,43.85401098038348,0.8635267814126955,4.2720703627908145
1.5550072072223788,0.5003586913501329,2.007874814957931,346.67573563599285,79.86038404550685,788.6725668981612,7.340770129615925,0.804928452443709,1.3039007937088565
3.61942429285207,0.4183580849076766,1.687641165488891,398.00010878778676,76.21571060752193,877.4069487151119,23.701101685640197,0.7247551766620888,2.8718632773345676
0.2255111109424764,0.5215700014594921,2.8079833847608766,227.23708384056377,78.03076929580595,848.2540035648464,16.546961853665195,0.8644957421260111,2.3167754813997985
7.897108048410384,0.43371499984834216,0.7668408296297382,89.55866829081548,66.89044511436431,925.429377908861,23.015034491916015,0.8488059325034033,1.3757913209268122
4.296400346925191,0.29237761111763183,0.30472116074561373,189.03741715242083,78.86585996217828,935.6887608608704,9.581495638188702,0.797861655243675,1.3106741437818634
12.51265616674658,0.3755070180801582,1.8630838317884844,336.1472341768298,43.273597270262975,941.308016117045,41.38565089050652,0.861017166082712,5.447099671205644
2.9728774694383895,0.16154251852241708,5.6951269845277235,222.0789697564587,79.64395961881978,699.9370429319526,27.278049971273113,0.7785182448274146,5.760453737051369
0.7213144868236815,0.5179242735816826,3.984543260669904,240.6728919157447,76.09463072101708,748.4576928907197,1.4483456402375445,0.7319543493971292,0.0
5.523879990874833,0.39267022587140527,2.5890176072895392,582.3614076431479,68.2984531943998,804.5400121206216,10.457941478836846,0.7879286235473592,1.7596009552361849
2.2212312012253217,0.8992307853688366,1.17492184149866,326.44035238357185,69.00141674319737,857.2850944719823,20.63829612868791,0.7143103769025116,4.291286599049238
7.031764321410206,0.7089907482609543,0.1329564368133411,730.2620507482237,46.92643357629086,862.804112312934,39.113548243611724,0.7749041792857352,4.0093534240155275
1.5913477664888835,0.4502511060841908,1.5698907273777292,108.58473008866736,69.04881444063346,893.676459937628,27.302997240213056,0.8715957535674403,2.6588087546471706
10.891586749565537,0.07305742522267579,2.31507066074151,92.3316531854794,56.33847436326065,945.4185027651511,33.27572542937922,0.9201810400971849,4.883284603978955
3.991782217111318,0.20722527190846082,0.9664411352063951,380.38645905260597,84.60749740161118,899.8463185504298,0.9588564863096423,0.8504559538567381,0.5581922935307918
3.2997843186479576,0.6878978547099931,3.769979366200906,484.93388456996894,69.09099473718271,650.1158161546248,25.332971571203824,0.7192596130931966,3.5873968494689663
10.350478510288447,0.5129239355710682,3.7009566846853295,371.0086171097843,59.011333328068716,761.509589608455,27.65677947213786,0.7368850811188565,2.456263281572416
7.9888033585656775,0.3996795830198117,1.8367784397316274,828.5796010621789,60.26284598255371,818.8396706879174,33.127879381655475,0.7923247036724329,5.616702697593805
1.8392139800540004,0.7164720850262245,2.4280001590834805,596.890578968882,67.36036758889999,756.8656109232658,18.54524204538534,0.7010875551304759,1.7852431326443972
7.809353970075826,0.6627039197282049,2.387732107233414,509.4838386214808,46.62216548272841,656.8151558130987,28.173475368176202,0.6695525366726448,3.5728925317710996
6.591122208130377,0.5121833897481173,3.517694521640411,169.87181799424022,58.27622631776616,685.2401032469209,26.50039404357682,0.7097277279441508,2.0329868269658466
3.4729557441715686,0.4345851668213125,1.2853363819588204,158.959830922894,70.61568416962449,931.3974933943297,23.515234726757946,0.780667444874727,2.5358567966392216
7.322850833611948,0.4576875859148899,12.462765179418115,521.2919232386463,49.46324523880686,376.5909784270449,37.67345291996189,0.645670693521707,6.975045425964564
10.855123233162539,0.35504358496502203,0.7617536746390705,239.1583427124897,49.35313179776365,985.6294132317402,35.55417106324214,0.8561531647205494,4.140239985479465
3.5668768312808723,0.333518855279377,1.302031894756865,443.4533912272951,71.71208555128266,854.9535595315504,16.13216403682974,0.8234848885897783,2.945708139049799
3.577900471517767,0.4308932203134118,3.144513126745847,239.15227854413087,73.60270835890366,838.7637973561989,17.686326508662333,0.7407358019210236,2.966626866151722
3.403611533380939,0.48182861213427725,8.092943768966856,80.31048332363586,72.53271156532948,588.8157026197638,28.117642895500616,0.5021168078583319,3.8806584157817507
1.761526903653254,0.5018714441757378,1.7172544032759287,545.2367444384817,78.7687496574715,895.00728718454,30.174742196895927,0.9226255085199153,5.020477705759461
3.5334387349876515,0.0679375656417303,1.1367698339313579,388.66542531952615,74.58775517771988,929.1305845295857,20.342051772010215,0.860294887750767,3.597578888995718
3.1863307172344855,0.8938061206952113,2.1488268202115797,191.94633437496898,57.420779889276815,792.7715486077219,35.95647161142673,0.6669613733541931,2.9583445195383185
3.016866768605425,0.5112516897778986,4.346229921893311,55.21149317151433,77.79778982586843,823.3129752611995,11.17729913752435,0.74267804555966,2.7514030520861086
2.9745299148493927,0.5693580299161578,4.505535309563785,711.3832933208699,70.54713275064604,762.6384119711341,28.736650140968223,0.8610087154241588,4.373939518975845
1.1007992056862927,0.2553964720561307,3.969934621838727,440.3058553041987,89.54736450604886,761.60071310528,5.221638851958517,0.7810751081149142,2.410026915907214
8.621357218853408,0.7692640602268598,8.687552358664096,402.74476157479677,49.19828730779515,424.71798250274384,27.960525397644638,0.4258107146976575,2.7557909091494217
2.1527434301872796,0.5709885525894703,4.522184263937509,455.04207115081795,75.20291552477104,726.9276752533051,24.271649504348677,0.7105546794178719,3.7209082872492223
11.316483232075882,0.6254185539530798,5.176046941029755,119.78712753508312,48.05853544815191,724.9634265561649,36.8968825600111,0.7258320705099625,3.874887881360184
1.3995691687391554,0.45779217037196956,5.538827650042444,597.3121135300989,76.57408026901976,719.0167487544231,24.760804680515584,0.7576715118952655,3.209485968851026
13.280586117973243,0.6810347398842722,1.0158908857521955,6.396026465533759,34.79678279934064,804.5388688031054,50.60045075835635,0.7822693727367438,5.787157728056053
2.702441588703651,0.31822786712710344,2.3580235920384256,164.95855503692627,75.53708866913136,867.0448352830007,9.362131417541772,0.733506148765922,0.2426439331369712
7.883811364264718,0.9633337158096796,1.3233235468138402,184.45099864892578,46.87542467880785,842.1570443445713,38.29483748613151,0.7736039861664915,7.13868594446142
4.260307635011013,0.14077931300850255,1.433629805427542,179.65284032281002,81.57056816246633,1005.1505418277525,7.519809824902387,0.8577306983461869,0.269989237152781
0.9258192721659422,0.3048040864374336,1.9825105571898605,255.99776055311887,82.56931861503648,861.4211212777708,19.784211443658574,0.8542790231971851,3.002041280013741
0.9884667069774884,0.15196933557093564,3.455011688795026,424.51513511787164,94.01075882413937,986.4212628161342,4.709691485276737,0.864702986689077,1.8460472887771524
1.9740617912852465,0.6601312021001291,7.829257050920832,119.61438625244925,81.32266750372258,675.0052615594229,9.1245573711733,0.6772565701205494,3.1057141253263194
2.556790865024773,0.48660138806962205,4.216865479746675,94.71826706145738,70.77215009948904,768.4318452225499,8.278381555638305,0.7480195812251759,3.2788516502546283
3.6697278470245696,0.5132237458044395,3.6875445855895093,474.2731068308495,77.10241158943657,791.2122164112275,23.025485799616025,0.7316243431788527,3.160554506237615
5.081464129816194,0.6176135732213299,2.0196834053327652,216.55869942439932,64.22578913855824,909.9061734578296,22.986045124254503,0.9213731153804734,2.6837115697736214
3.2495717417728107,0.5540547934748965,8.372595505704947,174.20375577299535,73.30367621362997,524.1929906144907,17.116586759184024,0.6706425822484308,2.2786498695755575
4.854900068163521,0.555241615135032,0.7061187856228907,642.2385594142693,65.88463364235412,840.3294639217918,26.78362557087133,0.8626629365631715,2.872304387486628
5.543573787887236,0.7501095100146753,4.606678851885812,446.116802886516,65.71214609118636,625.9391074790489,18.694846658523318,0.6138903305671864,3.580265858859203
3.1173431481520804,0.18189103876375734,0.34150362435922277,165.44080455825613,82.83757508164338,943.7474824390944,2.9047644701117896,0.8838540097837281,0.8845529196706333
6.504810926186468,0.6778452108058064,2.9721639601867285,46.18110620431893,56.80092878962097,727.835622248041,31.397438777467126,0.7761125622003229,3.2869625472074877
7.705154763406757,0.5258492924423994,5.578572329222092,305.3546784296943,56.65131275213318,676.6824485778333,24.757835111660295,0.6547008505813802,3.2489306768652506
5.661435500143471,0.9444952912249455,2.7229350375129235,168.76054375787044,48.39692971789221,747.3273716608043,35.66125093735149,0.6897273459300567,4.4615271746640675
5.9291796270529336,0.7730580138039614,6.645746433285218,438.5136433719026,55.02796422516006,535.5042574251564,26.288129579615997,0.5717003291045957,5.046779851676091
4.494963031008194,0.5612447221353456,1.1715988931440173,456.99961001703196,73.58560824060335,950.9231121234943,10.334662756821428,0.7974643238288007,1.1424302144799696
9.207282802231232,0.19718429127851916,0.12164840320612816,251.70657997798043,67.86353681219182,1037.0698057913046,12.647219361304256,0.974614332234673,2.2082404873250736
3.7461310877952485,0.20208366894733928,0.7648403034213846,192.02654033278156,75.50911733845832,911.4983082206514,17.74963204796292,0.8946140932236998,3.6816808924404567
2.0111260328602367,0.22333900126762132,2.0622932054579954,258.09082591876944,77.893082584413,972.9187223296362,22.053864666606117,0.8675635158799291,1.4020846333985912
3.846056825541479,0.7525749875350011,3.4676837365403195,231.98424461384724,69.40632634099711,771.714626864974,27.28339566708985,0.7598376066474974,3.521857524989858
0.9460731559743127,0.6865075336679448,1.54655769087768,357.03083851200336,77.14475832208298,901.1102503874932,16.14780039625936,0.8066035767816812,3.0405247954331
0.8095565884142131,0.31478672027926524,2.9853085072656604,265.76799690218445,74.82140312224011,751.9777432860307,26.17357203712158,0.8668997632462923,3.808063380647039
7.734067368782618,0.3736810879203259,4.0018879944085946,362.12526374896976,76.85440701587918,763.6911159346106,12.988027279749822,0.7364329354628193,3.4505057300047284
11.454255405507247,0.3479512862865727,1.245683391997086,242.2299827398055,51.99671883751586,935.6730584058,38.51524370262303,0.8349527929730305,5.265204700657586
2.784016442089995,0.4471361545038005,1.280032111454795,166.74010459640013,83.97786977178737,871.8926427146906,8.262862278112774,0.8167330875992894,1.680254481816877
7.792087928971664,0.7707457463047496,0.6095752038289752,298.56090052629185,53.22608150813702,849.4527520700052,28.386325645513423,0.7439302586435871,2.638923906660794
0.3325026632912853,0.3529696489211477,6.647081690809253,185.02859356523373,79.97455408702726,674.5310184578902,18.875549003721858,0.7180969752642102,2.367841521630369
5.676116418291425,0.3865369322091873,6.7569963180025265,557.3482918252183,69.27844200462246,694.1471423001923,24.10088391294299,0.7877892856823346,5.122752186234283
3.7596593254080903,0.12129646266442383,2.96201447969735,343.2962544298935,73.35080237567475,870.012823557963,22.431793755757337,0.8132996595244791,2.1615644301871573
12.868434362807513,0.32998035483754473,0.8366401819848741,176.90683507865862,47.51555822563041,1010.5224576750992,27.808041268893163,0.9463713800856117,3.2582166492742846
3.3030187380864184,0.7117513061773447,7.572238487269196,355.4919494299902,61.85701363435398,530.9824186049666,32.87410274425841,0.5205697374757987,5.624351879569524
1.285189547976041,0.08132439951994033,1.2820640132619332,357.54557741929904,88.0892368870089,942.190012820574,12.400508805231516,0.8176773922945089,2.86620515987383
0.6711653041627152,0.5043064914263748,0.6433368690431724,317.89919008963136,81.6188696855022,940.8556740072347,10.44985662158259,0.8693538462781982,2.7931432786274346
3.843409473014139,0.4198327506138214,1.2505332815039216,189.64347645323934,74.45153710099692,812.3834880087882,21.381738125641384,0.6950281496805217,2.9730010663612094
4.487274502827144,0.6814862318100341,1.1107953468251126,444.3167784386309,57.201931545127344,832.7233638139706,36.535770762279235,0.8160450819156001,4.2619428511790804
3.1205767939599838,0.6393962413171694,0.8782829560099182,446.41905954545,66.42932430780664,879.3908629221044,19.08389947207621,0.8122310353456574,4.798797719012082
7.928623168954613,0.935949865295426,1.52752128291438,161.05039287661128,37.93909933206272,888.680158629249,39.06636939806438,0.8480213416387276,5.875793394981228
10.54240844549063,0.3411513833037784,2.7846971264513103,124.52712937676299,57.9482679413308,845.622832372406,27.70520200639727,0.7957457614472132,4.524652483990642
2.7551537881527355,0.36703579131859815,4.566767885667808,203.9681230874823,78.57269644117846,807.7534664664047,1.6706118766116855,0.7764423450628162,1.7614665457002614
0.43786503262475784,0.4950499880798419,2.179901185874051,380.7558038784965,75.43581031409694,887.9539930697573,19.175543907346214,0.7025124321178816,2.6120084533761254
4.8787128146526815,0.4207086335832792,2.1925800690311816,200.51757436171434,76.8756378176727,683.8424561955242,21.65204541513092,0.655711050648765,3.3026624803637477
9.348627421882698,0.23940478692744602,2.1362525545955107,358.34256070162047,63.3018226814204,883.4620868113494,29.109117684711816,0.8554526334146505,3.349769701693975
2.7668734079144226,0.7474310537574631,0.643496351251654,443.9035049564824,67.48744055615008,836.0036048194689,25.63429015244921,0.7307966825208273,4.846918158785472
5.928340215519462,0.5475915488927069,4.481410647807037,104.74356569898369,61.158624540443434,828.7944596926211,33.32988379090277,0.7482086670764186,4.0216575612898495
1.179558030319924,0.2516876356404021,5.608296223568949,432.5052460165674,81.98138194502356,779.8347045307454,12.01162497575008,0.7460548435366942,3.1715483740719286
4.779447582944638,0.54051521975896,7.326721447425838,253.05274615483313,63.202632133772994,678.3383395704831,16.328218518977895,0.6897626941011967,2.709777939022658
6.017064706298353,0.3465199908322433,1.918077894301537,745.9378077686683,74.15559939580106,902.4766461392703,18.867675339185094,0.8772917638592693,0.8748753013438963
4.893583493742913,0.4003338094215975,7.02862231172433,247.28633036766925,71.68324186595164,665.0920154182879,27.63011109768074,0.7105317832824746,4.8857694365417705
15.408356570135965,0.7727197271039232,4.896424005920724,181.66957865194487,24.212087934059195,738.3688696149268,55.21894051986203,0.7099582396131017,5.586541331893265
11.350804910685898,0.4240869222576141,0.9300248918065994,336.0646072445118,56.82974308570957,897.9062005489458,27.98765734018211,0.7530337459275475,4.620157770564332
6.820782404698631,0.3262307155143475,1.2852371630481627,347.42294560916,65.92991691144061,976.7124712426648,28.553981406384423,1.0,2.6409580895622256
8.686662722597406,0.07815427456355799,2.830986285045026,831.3948938551185,62.391102463842714,810.8963038588261,28.64296487702034,0.7884275698816804,6.211154118642217
4.751334387750597,0.5365826264340966,2.1916807006069643,223.148532926257,77.20878167098408,894.1171382227367,14.659117161078546,0.8821553113597786,1.437687858585234
3.61366932231663,0.5153974425235643,0.7726164591796802,245.37876202534878,65.79907978991905,870.0204686211955,24.655096766389445,0.7028274774102772,3.2836239182040874
2.4931591712040353,0.7662799773051223,2.8140605534525416,200.12463511364595,64.23734015203378,813.2629500375203,23.129585718816582,0.769380101766089,2.9584358667790513
1.1502139567403944,0.42455071111095954,2.8692011691660038,306.2790110368451,80.9366288495025,727.245294454889,17.033369538728557,0.7158707252855641,1.3192940475252515
11.74493938048424,0.45315041370425163,4.85406875041442,244.88629770716867,50.04755586788967,754.0464807843061,29.567330578843645,0.7292052065884438,4.077984412836353
15.847416549371513,0.7383012513668409,1.6591606833733121,247.0126894776017,25.235891673957642,813.8211380792162,54.3145885885753,0.8272054434557827,6.18499286885462
3.925351735359701,0.43882703279794844,1.3205041190560964,622.2919703910669,61.1990723648412,878.6353459314201,32.37624513772144,0.8139371567825551,4.812593913188059
3.9851867973755386,0.3548025310921297,0.5984007275410952,195.91316224329952,74.3367788376277,816.7912849380381,19.39178032184761,0.7686012414849308,4.954818248099378
6.221726632407554,0.23419068357843129,3.2270237278369076,337.851235464418,65.25017273945096,837.763482210254,25.820490495032352,0.8019880687710081,2.444295799746013
3.31679450528944,0.1765803256466789,2.9449661642890423,598.5270116622626,78.83980432711316,863.495570197988,15.232226286719007,0.8193620524342181,1.2328845384809368
1.3275627036939825,0.55199280631148,8.005769225183759,223.9646029100181,73.1663040741188,490.07386540321943,21.991177854968,0.533511647530487,2.4154598581132816
0.9114694257616296,0.20754164720879162,4.6211698664035294,248.99378544265716,81.6589558683956,714.9801661507178,10.683086293554226,0.778488904457619,2.1012825376946833
15.443659049457347,0.26539811159877846,1.6692494654741492,259.24368601336266,40.70175897742214,902.881695259424,40.725557359215294,0.8128165468588685,5.536972370282688
0.5374827784493207,0.4307121839329249,2.6715029501674756,132.32640724789667,79.45920980175944,852.9473746555792,8.972559278268166,0.8066084794154077,1.73716194461346
5.050977809965417,0.4098217127292795,0.7550976010085386,235.15508243910864,65.40123999844387,905.285894957241,22.599666993276017,0.9180128577911948,2.030998303904716
0.6418306169030698,0.7433534480538272,1.905218007742651,126.8184941090674,79.31874477440539,814.9839915135528,2.449574342074616,0.9342923379130714,2.143840380342568
3.4676417848706533,0.5087073505143004,3.0441472286923315,727.0014806005063,66.90475959509425,803.5419922475841,23.33786515084334,0.8055307402844872,3.788740427825407
2.7418995870529654,0.1156413656076846,8.266521276924433,210.02492780903088,82.62077786482902,619.3019610301096,15.861501464739709,0.5845013580560836,1.5616993455440713
0.7904083565024371,0.5580740270103028,1.1019914131451136,446.3482797938383,78.489487935333,861.5150340828669,14.655381392742314,0.8025727994634235,3.6561403911654042
6.397910109510952,0.574240851734851,6.500322454440154,300.65606096404036,52.99718566338627,569.7562653275126,38.42921179231333,0.7276333165005974,5.13784701444905
1.2240215384260527,0.8211251244236948,3.1981694949720705,161.8662864590368,65.21129865233051,713.8249060361909,32.36433547214776,0.7167703126300684,4.000161957723489
0.6606567885792655,0.935642156821832,4.54605579571999,231.74018814620734,69.4292106290213,675.2661400462016,21.303110854729667,0.7468061286087104,4.548867971216715
6.972682716093575,0.35311759823701994,2.595134257106258,189.3454911093332,64.86900850133465,917.3832554954122,18.61272737071429,0.8913559582678506,2.0893073943680465
2.7534648278558786,0.6811960551126267,1.4296397529697715,173.10083823008063,65.76888128645665,833.3361151927315,30.510574280973366,0.7648092736237947,3.7725143195222386
1.7914103820117968,0.30947170397002305,6.260920685787146,194.87202269524533,81.75880554423844,826.8288949168652,18.104144124133157,0.8907330783107593,1.1901668042377453
7.315744573547182,0.4748872690687954,1.7902939984786066,330.7536629877364,62.519048557610674,972.9528725115174,28.93035665500976,0.9052207059788401,2.5564344979045233
1.1531897541938838,0.40956729215809173,4.362272002486957,347.7343899083687,84.23539345299973,768.2561247262275,7.888459300889938,0.759626968237393,1.5738021662021415
0.4561958909038535,0.32999627232446355,0.822177601593143,341.0360382890084,88.71370714833373,892.7876610297345,10.168029235337835,0.8274899092441362,2.7061271797679987
10.01748492367297,0.5161041079125533,1.0388749106264825,330.17463424564403,58.09032143319306,1016.9910137668093,27.46815202566688,0.8515910742521169,2.6269198282026114
13.896827453423622,0.2827684802161865,0.3476958273198339,345.81855931012524,46.77850042801503,988.4368957005146,32.85288028959378,0.8535889468009819,3.662536027883739
3.3847053753018113,0.5368471246984924,2.37006372984052,193.6756664407023,64.47994771748051,850.98779026158,27.018982675967266,0.7594457211815614,3.047620427635809
3.343653220174102,0.8570607032506573,3.2014616589974167,383.44742419952524,62.063829543591424,700.0928063531459,20.716308519366695,0.8337548666886425,2.870265989635377
7.648874031213488,0.5559116119982428,2.667739046648315,165.61515888114982,51.81029475406446,784.2532536387796,38.2680410206676,0.8224024816961167,3.1611394346261696
9.265046365820133,0.5591531316661518,0.5892765526063074,202.3674422667062,57.45124493046432,832.5265577586255,31.473500279115516,0.7490405897096025,3.4684573428432914
1.3111620972839968,0.2483293460382516,1.0574699949961213,81.73735813077246,91.72386683101647,1009.7314771585018,5.124418204684469,0.9980037130080016,0.0
2.88320999136159,0.45796721672647167,4.492970296685019,154.02418297761224,74.8705675654824,781.6786420254614,17.341055122251195,0.8372563277677683,2.1438759201723077
4.723830278395151,0.3973439228028971,1.6339927947745934,344.27936869653223,76.70654795311268,856.4209800808351,9.866402951530537,0.7817185693983087,2.104525465366066
7.304748566868737,0.838302080884931,2.7703812367433702,364.7066288289387,57.598224205034064,735.1027371131436,23.602264988842236,0.767617501408227,3.3873200825785923
6.702704311599158,0.772875092037209,1.533053285140097,498.39065869105434,57.088376650114256,763.2696387783038,40.435162793741064,0.7238795970562271,5.619389103329415
5.8660490331480695,0.3291821411412717,4.125054598377725,158.39804181767653,71.80564034902105,781.4303113226129,18.830618557949098,0.8201139534396066,4.172100513644359
9.246663514962789,0.4377257024528625,1.5475826631370029,168.25849973310878,61.06045560931308,882.6801522006093,18.71383183283712,0.8542184406488464,0.6122136620484542
3.60884013689412,0.43578855776334735,2.2137827169430375,136.33862659491288,66.29872070286339,709.5502165735743,29.102029343960492,0.7045538474061996,3.1162253446969883
11.825182955469376,0.22927803646095432,5.346692648988325,349.6601063895979,55.031598518461664,693.8890445502941,25.331868093813895,0.6544530380158502,2.8494252634365598
2.2264363173075665,0.47197775090105293,2.7114945059609505,147.3445023991121,79.29168398230404,780.1498557149338,17.955485228897125,0.7648510750348415,2.7482495326933285
6.787073010795526,0.7258053308089922,1.1764997932346604,490.59565905406794,49.32115386971467,909.1982250779295,44.32030344640778,0.870094164710207,5.624475112515507
2.5571849199972068,0.5332413065610059,3.6569942685168826,195.96339913111893,83.5585187629446,740.5074749544857,10.206429792835927,0.8093217599671841,0.5671910993054308
3.4301267551072154,0.7846072195194946,0.5880895730785334,263.6838425542551,70.55702830604625,751.123448382061,27.55657803448568,0.7821267881892221,3.7036668373136776
3.935017902900358,0.5705103855787121,1.1315623930412533,299.1885098154373,74.43575482700139,803.1039685955584,22.297996630279684,0.8281808060337384,3.7630616101126075
2.419060521924375,0.5266619908393902,0.645466573956422,491.6897148383806,76.62074106624934,998.6488185047148,25.80518370412861,0.8616033705404668,3.887981322860629
9.557611655456807,0.1624318096714533,4.203016498958742,622.5335924122684,57.52346962397991,785.1479204051471,33.22464220902841,0.6721820933833392,4.548823510709998
2.6789974744634777,0.2443339277968127,3.464263076401147,322.26264053263526,74.51228054556289,762.4716678932697,14.669469912473133,0.6728714624122006,3.4754439721936916
3.758750524405318,0.36309954076776996,3.8830914591767547,390.91297458484337,74.15015973591849,689.7967223229617,5.596987983758138,0.6992980431265255,1.8766670915838062
6.163775959665557,0.3569424846667111,3.084570473692765,154.3013743821926,71.0692261570502,824.5402537291924,15.499193189655058,0.7560728327076208,3.1858199320265204
20.42514440672089,0.8431289889162953,6.174880153798105,589.5247903481879,15.3587958320618,634.3197963020016,56.235482203504844,0.6744373212468862,7.007170401452946
6.347121557285928,0.5814647160204685,3.0292475546286117,400.9528492027256,69.97315208341013,818.0767925512771,26.974785794489772,0.8275385017304902,3.288961760202369
4.057777165092899,0.3226022087070474,1.6145680089262688,940.1169219649635,73.20805947786559,1050.6323376308167,26.039344379230464,0.9617577751600223,2.820188623589851
0.34814381485989415,0.6882707535759354,1.2218981655470038,273.6708777653805,74.94867261652956,773.7082460202985,10.95976316567403,0.6469608663727331,2.500408061306949
3.347644926538443,0.7031774878830995,2.995946426062426,167.5441588749892,67.41647116022878,752.5321462386175,30.14599251903518,0.880512022917505,2.0335951629925955
2.0158918311925564,0.2559100878978216,5.824774673031641,223.24056370929375,76.77358368496704,746.1685974499376,11.618085656657298,0.7672678753798091,0.9870896348507141
2.847318336884554,0.4998711414619174,0.7964259518955684,484.9543120138591,81.47068561215552,866.9078461331843,7.970346836248354,0.8346164387365069,1.7556550682607046
2.5059030421652957,0.8330867154961126,3.8109783585154715,593.4099137867155,65.4048861234178,598.6592679251982,15.915001929009783,0.6517749029356029,3.4286312570655944
6.113896034689046,0.22570591105299379,2.2131390010306387,728.1780704541111,72.28185616636651,908.2980055467973,21.42925667075206,0.8309871299585811,2.4833254091406616
3.283166429222527,0.502293485994448,5.225326483068354,174.9577034374455,76.66473392215644,677.7617687197,12.820566497493683,0.7616706703039143,1.9253061601299644
1.5547055914783465,0.841838273437259,0.5064119189352319,113.61438352438664,65.52675634519159,789.6297561542725,32.0093821891023,0.7250997048317618,3.3749495541206316
7.9017818510789635,0.5909240540117373,8.027293968501935,254.4728033646444,57.90847350885148,536.6623294574007,24.01532629555022,0.6373329425445792,2.918343059827539
1.0161908705993892,0.4112011606463247,2.1899742850099186,153.60813260057594,81.63304451697861,943.7907685745491,17.25010631764112,0.9420746740316992,1.6043146417258605
3.896490665597595,0.37405638171080163,0.40331786243530166,447.7251151627243,78.83605072195455,1005.7006235814212,7.540785838567041,0.9129150471688859,2.4045984413462413
3.3696200169081028,0.8392710091672465,0.7794849822151582,245.59928527501302,63.95144263335166,777.4606738255366,31.42526898808429,0.7921386178924524,3.2411340768888603
5.175209246298606,0.16010204253200783,8.798336776401214,229.55102633900873,61.18737035443811,520.1437535415464,27.871561667339975,0.5418525791980782,4.644723061459264
9.320784292194165,0.6890599748084272,3.7984771764349086,230.2653705371311,45.138904843900576,798.6037387500658,40.16055146506332,0.8204904423091638,4.132189442934165
22.67218270901916,0.5087590148767447,1.9947158305834003,216.42436636227376,6.765740405836022,967.3898915867459,63.113477246689115,0.8989018261223399,6.80369416554168
4.055445834427719,0.6099146541866292,10.159278267658795,113.01085189056614,77.22177843587266,642.1031229444598,13.454376107864395,0.6802489509871346,3.073338187174587
1.9826206032758238,0.5734997423190988,2.9336446199923882,160.88761334875772,81.78753524055051,711.67200719743,15.729364607857825,0.7630955091019025,2.0783575706118134
1.7927185286594218,0.3779734653577136,5.004278439125125,397.52175755239324,69.42059198540291,824.6039041699685,32.25663182829259,0.7375892278621566,3.482012813635328
1.7840585574039909,0.43793360865575764,1.0432183080181157,141.64692379695563,73.64677528043626,892.2596429450208,12.149287003693422,0.925417171971984,1.9640063110321813
5.018038304740873,0.7213854820701692,1.9297760227634502,389.15217105188043,54.98657913372807,698.8133926709398,29.46557899859783,0.8639044556464603,3.0192505848197757
0.9433143261879504,0.8046857967698976,2.896522810817694,293.06279600785945,73.13511759903146,711.8602506392523,15.129816954199491,0.6970616823850097,1.1380687457409373
5.021953544994772,0.1384516856868566,1.7385472492482756,486.41004050109825,71.69336019440239,862.5438953814049,10.744110080908241,0.8763154682575057,2.9389299397297926
8.211078092561117,0.6532114679749732,6.12352267377514,275.48782378831,52.70905980200342,685.606230364068,23.957589746005976,0.7041728794912634,2.7428525590172157
8.249030885949585,0.4518118163370019,3.716392935796889,167.92221307445615,52.07164422814378,701.5578461299776,29.154741154134502,0.6594091751935618,1.6198476112887912
4.224352339766246,0.17145642571440114,0.7748242401595609,163.71758014488555,80.19211768644577,999.9294066527366,11.489926112865302,0.9648174281709316,1.2757616594115881
7.404507324946556,0.5041347218385299,2.100409471395199,90.9548684039534,51.786758847279216,868.8913532697763,42.2458149562744,0.8071401890308539,5.076203901420277
9.4456161848821,0.6979701801335277,1.250358921644989,175.92246760119764,61.72932380298231,906.4948087341531,32.7253433205758,0.8744874990532195,2.756712952036331
2.6406396885602046,0.8717825916144827,3.783195370890547,240.33844468821545,72.80522948528859,678.2928911379142,14.113850624867034,0.8024969576536058,1.8542660429473545
8.721345498114891,0.5301550589457996,1.7300895336695123,517.873698505331,67.99046638125672,875.0639342957035,27.043710462808818,0.8514278804153809,4.14361482395901
0.590176875374461,0.29152833334045,0.40351770800482656,398.83497744703067,88.97320891064602,877.9773359646352,2.922678181222559,0.8372267358710449,1.064781368279746
0.9110001341139458,0.6244895934169277,3.3324356666829127,224.58466217090424,84.43971759198695,813.6313165440046,10.365261962749818,0.7401796248966901,1.9539940454444438
2.7943944641966434,0.288800701579466,1.6493859846529708,146.9953371603186,83.86072859312,876.4658567770321,13.24019219680477,0.7780466922017395,2.914114037582202
0.48946959242493215,0.9211499628511663,6.747969786145681,355.4577584487087,65.48044544474034,583.5579049820149,36.8237087802667,0.6433218797005258,5.404335723322785
6.1953632020231995,0.5602171854812651,0.9007803179486575,184.37532407699302,60.54718329483771,877.9727879681487,29.229829811748726,0.8078329438660853,3.509879101314129
2.2749501724846324,0.2007918656392441,1.3244705019522347,148.54185297735768,85.27559235581258,812.4197093371723,1.439055322870722,0.8214594802161012,0.0
3.4023276316021347,0.44498304116763865,2.0208475644114,357.2916582707568,79.42954301214223,923.808684662619,18.86449769494162,0.79983875276388,3.4083114189060573
3.517985101129918,0.507027931194691,3.473637211167672,160.9941509261486,71.7373758280169,789.972218265184,26.60698307054959,0.7352205411891358,2.8497160514932265
2.7279025714107634,0.25012691806438675,5.33729548372936,433.6312263454598,83.33611247348041,820.6209416749327,16.996258991454226,0.7847911382465649,3.362218693619674
1.7721400194303634,0.6940288752935896,1.9298792927656376,94.17385838998547,70.6695780310789,885.9090391257848,14.565941501043588,0.8363619438969367,0.32768854059183106
5.955503847214465,0.5633400009049723,2.965037373235528,160.00242295588782,60.98798712736561,748.100355029936,28.05438194494763,0.751779614446544,4.246732224514515
2.227291691229592,0.514224952108012,0.5490030053560951,154.58447909234195,68.10480396371631,884.714607823888,22.219112692886412,0.8210571866706093,1.7830581220403698
3.4759587397724614,0.9516673696156924,1.3397489188860328,412.9093588083185,62.99393123574572,710.6113517031843,36.52134505778042,0.6871444417635395,5.117128334649343
5.218752312595952,0.6687303470476773,1.7701868128449816,267.8203982641286,60.16464790548141,902.4406456571132,31.585196445873883,0.8704369359482087,4.384379657991017
9.385841091887592,0.7182798753505645,2.015841881417357,407.026081390192,42.46104567520709,831.1013317900275,50.57755778967146,0.8577926746745981,5.6776285979590995
8.825288094780188,0.40054329485786366,4.101846382064542,135.8151664908553,55.54595579589777,787.9144140041783,26.86172122689066,0.7882619027785297,3.441944807744952
2.4292283556691334,0.4706214125946551,9.144500401706342,399.4849729115203,77.37322505261808,547.0628249232526,14.53839906160561,0.5992335367754829,3.2525889156063705
1.6761390880516773,0.4397782620304318,1.4101793927445478,378.83308035684644,82.31761957561575,819.440481656147,9.152268313503605,0.6958828802230786,1.1824297952918401
10.87121725185151,0.8257769247054075,3.7699482528446495,161.79097851454767,40.81963842888923,802.2979747194048,47.298480575077434,0.864383993144763,5.8397434290383465
2.2151282556144283,0.6449952953616502,6.101399943503151,170.0861514447129,77.57065107575679,779.5235010081376,22.538059534475245,0.7589752066609823,3.961784161287559
5.7611716765515,0.03958391347904213,5.890467062781293,171.92560850040218,84.1781424799806,837.7366822269419,13.42010641804648,0.8687423217473036,1.4286236699264079
0.4515697023061662,0.6948584915757963,1.1003115998556032,652.1515334730711,74.84007923233753,841.7159734752704,18.18057662381358,0.8871240927758861,0.0
0.22151218132569606,0.536677961124622,5.653960033319602,256.7196767146761,85.78719694347632,716.7498168348612,12.455865608621195,0.7702337996786676,3.205904575349721
4.05194933869916,0.37445588276043795,0.8107898439928996,125.00048983124876,70.14579135071831,975.5958359932813,12.602675571042498,0.9330937771833788,0.0
3.060572111311255,0.2205632477828303,0.7924181037200695,166.5991855135306,73.80242015994172,940.8644144467564,15.870972344890493,0.9082769757095551,2.410179791215304
7.01199386094706,0.2249862776676393,2.652999819475137,858.4583679348892,63.61549198307794,976.8083329143238,23.48409258109902,0.8750278194704368,3.241958046631909
1.794193869261763,0.8147276542282446,1.758899788573824,292.24175857653967,64.92641910434058,882.3375689390024,24.469930957386925,0.7719849263096289,3.7063693336871957
4.8942150634850945,0.5138732042781963,7.123738808103578,239.0340746295787,65.28180172162409,805.098682308994,20.390694462685644,0.8229598184061416,1.6331260659498963
6.716298413650594,0.49065984799943474,0.3861798797436453,93.00668006422154,72.49584024690807,922.6077255530313,14.157058698465976,0.7770825281136432,1.9928932697535013
1.8708281863147151,0.45125741282297627,2.6818084837912117,152.7422151408297,75.48804393359653,680.1495100886032,7.570403539627598,0.6884517890196289,0.1394326589430095
2.7913438851634145,0.821507167018496,5.0686567427283675,494.39366889636034,64.20606777096104,678.338731351481,27.648234432176245,0.675023580412126,4.190829150239466
1.1443747478934814,0.8482096140450325,0.34649322604965527,299.19704421200464,71.12968656443019,836.1301596773236,11.978887871417069,0.8303304102179021,2.061295434655255
7.213602891685901,0.4030173672764813,1.8560034265475922,156.15333634074003,56.68028527895449,875.6718061903076,36.32057742141636,0.8370432057555934,4.424817479273309
6.0183559954022,0.25046253158641907,4.970814034034437,823.1661202521913,71.41292189260889,870.5809335417525,21.954570545637168,0.7902665155426013,3.5535569983964885
6.3890296659159596,0.15387485431936399,2.4796024399418504,294.77508379365867,75.2695782802003,845.2240392191703,22.629882629899047,0.78605968779933,3.3247304392862307
3.0489034079930084,0.5914077366947198,2.478215146634711,930.7921021533572,78.48107305124267,762.2648561450401,9.712657922390118,0.8552727797835296,2.6762198769435415
5.934711975226692,0.3402198774097062,5.349072189250634,136.43109467944393,75.25962142632358,696.1938559887489,28.500990432884635,0.678486951066282,3.9710421402612384
3.30588536935075,0.4115699829184309,3.5644261414029517,111.93684238953263,76.60863317780134,924.9356747899437,29.692167909945812,0.8457955878899225,3.452974069502254
12.282013647498214,0.22944988355045515,1.3572598227374233,254.79271292044575,51.30089021143827,883.6464058359791,34.26965629968808,0.8591379729888506,4.553390041506818
3.7708912353038224,0.4065174834392869,7.9919152584730595,94.13114228874619,72.69670081159768,634.9126710562082,21.47284005154699,0.6844682088342,1.679987500339254
8.435670621352422,0.27789610597184783,2.1875899942353954,208.9920258099597,64.78317076927132,981.6000131131814,24.575004037475807,0.9194125312109938,2.534313820710556
3.06482412254634,0.2578611144445416,0.7588437237128036,366.61294211632224,79.12587799249349,970.783658475307,20.655831943157565,0.9374029704742098,2.8572766845484656
10.404938536635699,0.17580415274629013,2.582830071879737,342.1596530704129,58.936406127601835,735.0456774339532,33.50050450840054,0.8129915862560302,5.744723103831626
1.6715177487768917,0.32711107792539823,2.34767856903271,291.1581367603667,77.13501444099542,828.0354910876449,5.353257868524501,0.7990770839091909,3.5960300827848846
5.424818770872477,0.1629569827037663,3.4703296045165386,158.1143449087856,78.00496824601053,797.5743672352191,10.436718130484742,0.7988086536000971,0.3953181605763372
2.0380704513613677,0.22520032065098675,3.9233289508194127,439.0628364063,84.74454283755446,704.7222325437218,13.035329163687505,0.7333402674188472,2.106071144759134
4.717263494974977,0.06956060833013843,0.5850871088701983,237.75130675383812,75.32774678752241,937.5851056614365,21.912889865057995,0.8177888110473666,0.2763624014585595
2.2259422458949345,0.9242615472995654,2.038620267395668,53.85266885015256,72.66072200208122,616.4859466959156,20.03366999877326,0.6796426120660237,4.8677089465251875
3.7576604261040414,0.6710342559860749,3.583518713791774,142.52831350584677,67.99384001551915,775.5062213484043,12.22405481908451,0.682935182360329,2.531758635919282
2.557774721476003,0.053141203686241506,2.512130530647431,143.99597722294683,78.8776969827309,891.9901699757069,18.125091839354717,0.853940970218943,2.756801716035559
6.526363688701731,0.7581641628464154,1.632403877970211,481.14866052192184,61.19127338971847,778.490462310799,38.115183283499455,0.6604907596991105,4.713868377845198
5.613924635306239,0.8815412844819348,4.414106310628163,142.56861818698442,52.75640902669941,582.6380745322274,19.2937581240643,0.6001121751455412,3.024453135386116
1.9654513006075285,0.38191999171569213,4.3893327199619065,333.7764167454405,77.50666818243592,850.808325208704,21.381092215117732,0.8532540551374949,3.947580969261455
1.908319863265167,0.4167367199218966,0.005288130320221342,74.43774796245133,77.92200616713315,903.1767238344861,26.447161377733753,0.8651649529327817,1.622946639332109
1.520381191830467,0.7619694621839632,2.9809785044666515,361.0726405511664,75.70569638448093,832.3201919507859,22.66733215851226,0.7985334234828627,2.0108737458034076
1.211096802941986,0.3554611157574351,3.4555338186359643,91.51936799275123,82.19150968926952,800.9121201127738,11.981680041273497,0.7580226109229099,1.6268197726372422
6.883201163624527,0.8564300236813879,2.0489658137907076,471.5578045713547,56.031406855951325,877.1364118814026,36.15927657446644,0.7830584287112473,4.496627609654147
1.4279991491901671,0.8858733249992027,2.7866859437824942,238.2173231228839,60.701221872307976,790.7181574263734,26.989452888618253,0.7458698637585556,3.9534006281392458
5.0575404867631555,0.66732993654438,2.184221516741428,405.52138474676605,57.62746362184352,819.2214611256594,32.91295531092634,0.825792999575751,3.9863915948744277
2.3496233924775236,0.7541164301502371,3.368236578094791,229.8627156194663,69.25806868025863,701.7712775077883,22.01930108196185,0.7083630040234731,2.251300736598571
8.247475112984787,0.22983690929715891,1.668593799507759,174.56683755564728,60.88581723121945,976.7232335548176,28.04771227831454,0.7817940591004416,2.86684524954668
14.524681820339696,0.5931155522435425,1.7233218293052346,87.53693677657243,35.57630666061828,829.7740396421465,40.52534672674848,0.736289832536275,4.385203642717556
1.6490027881446474,0.685582054082611,2.1915315847276853,67.49016530362515,76.64288095043334,760.606739842295,13.570056086048766,0.715766898039457,2.7338815215763903
2.311789717619484,0.35080170526493804,3.4307802348534047,171.82542550470075,75.27876825575365,800.71278824216,27.053117199675654,0.7672118468845684,4.205663846611453
3.147757054357502,0.33440566187013065,3.752371054022439,260.6484533669195,73.51987316549106,796.9744875695092,14.817200098266838,0.7635091245320725,2.141547898962486
2.9711789031783673,0.16712535386942787,6.473069440396568,117.13113823190764,82.4569408616205,768.4565362253661,0.545486229653287,0.7082793438618562,0.4455958814353729
0.8948796775872857,0.7013334573303053,0.8544035266998123,709.3741567879115,64.15041992438047,747.6978495274138,46.18706441871966,0.7793635562833496,4.877497853529798
14.742273741778503,0.2857200341914897,0.2811441504862354,535.0258261738,48.668060103534295,1088.8827262275008,33.313017623339654,0.8543374063512437,5.338875363010821
3.073524734715394,0.6913169031361204,4.392958059141033,236.60690921648842,69.14719046037715,748.3851650025479,19.98583038114435,0.7117239895425287,2.5006307993437145
5.593344190077899,0.2066940376078569,2.627281767301593,574.5509740711757,73.51790549178278,862.9509285490151,16.125042552165418,0.8570024808509423,2.1044172368201535
5.73558777537734,0.5292021021562384,0.3590015171660654,240.7512219710147,61.86659209746342,932.8995474694341,26.788969166185645,0.8867377135163278,3.1315814640434376
0.6579476429700482,0.6397912705298423,2.161412961584566,118.66609593434856,80.4766963997637,725.6867170245753,9.11151534650187,0.7219121656186734,3.4148409440542977
2.700788863266078,0.10368554492857512,5.31501205896139,217.64445985139602,83.49839933652432,779.2886138403691,20.487766807836678,0.8145104162717042,1.7064492337221777
6.882869532858578,0.6814239180455759,1.6676490960611787,379.94787987091183,63.44646712380893,870.1012655997064,24.38998009904865,0.8350857619563984,3.797097332155932
10.911351775304237,0.3362937383477077,2.95958220176645,158.63249925810499,45.30404182442507,813.4979740322357,32.013893240988885,0.7916269265842243,3.0485220189268114
2.755622554620428,0.6879966093538984,1.3709082235304297,625.8653230257321,69.84953767225683,873.3793752061762,3.892867119620636,0.8540660835832863,2.1120526396379296
0.8333927858444687,0.2564498599573702,0.9571358401222381,189.0375216246552,86.30048604776864,970.8329407226303,16.158908650776624,0.9028139283966577,2.773500557478102
2.121148075182589,0.5217671625185077,4.759088957889064,409.0111734781117,77.14874129337566,687.6641539764285,13.35171601293824,0.7791826782478783,3.764605076329545
2.6436705689526288,0.9362628088280712,1.5101320847244435,228.00842142579737,70.68070235182724,874.0817463934812,22.777676544901134,0.8106624190209055,2.3166426865571768
2.548555254104506,0.6999060679946097,1.9805589411089413,148.87720239026504,63.03768293019746,812.176432527723,20.299585979236774,0.7751627452695872,3.3466281887991043
1.5222006042054343,0.6822810858296207,2.5812781517235934,109.16861177429826,66.40353482238001,908.7981399785245,24.080325866199406,0.8551210002390602,2.8168555269105253
0.7227728184444022,0.16898097867184744,1.3486572074707932,434.6816103661352,86.84182121376068,999.272045239134,9.047045356827578,0.9006295380401091,2.2940206994401757
1.1313741876812275,0.5301611007228171,11.700113206889798,313.9574238798842,68.88928186373764,476.85745818544217,27.302770268858367,0.6789584253552169,5.010909434228094
2.139758317913805,0.5170842281550486,4.330966735916649,165.38868647586978,87.18636681308404,700.4895670628844,9.962819926835238,0.746514089354299,1.1776698301868205
6.791805045324291,0.43145063068328976,0.6808520758452374,439.1848577026562,68.50541129444227,901.3565326380436,15.308721448912511,0.8046550483808755,3.4639639135187568
8.948669886260337,0.33769179239813624,5.04823627071642,170.17407814707664,62.29796213489899,807.8870713931262,40.80597268416686,0.7101791218007445,4.631157703691738
4.131648638885196,0.25012964317971426,3.0268158591051764,304.69500834478384,80.26627514546517,807.8306012779584,16.42099738701024,0.8632506729544001,3.517152912477031
1.169898548332508,0.6523231432422437,3.2995627518339368,334.1689316493089,81.53733981155152,796.1769148407105,7.254574886035325,0.7589531263834846,2.3819186044368434
2.2649522327225045,0.33821397693075095,2.2222954543684383,769.9283908343089,76.67653335055385,893.1637288268649,17.46110999089374,0.8524296868306442,3.228350027833105
0.24122532274359437,0.07325671160362898,1.9473787451807523,744.9887980781915,90.63982928630273,904.3686115935039,8.89861892008408,0.8416926389124869,3.5480223504041444
11.069244165502607,0.6819392907964639,5.05236019753679,171.91156354130536,46.455152615011045,646.3140515075536,40.385975906038,0.7281131695846031,3.8225333322528474
1.9256133051013196,0.739612752404558,0.9370798710320626,147.55771817785433,68.2116731847299,947.4301497454557,24.431562742241184,0.8408074247205977,2.326826400616658
5.211466171625096,0.7117251047481672,5.8556503911695135,288.3193153634937,56.934752366545624,687.5192178235754,31.617761804241308,0.7184546505345638,3.199544134773122
8.4704979459892,0.9315140736726354,2.7404510231652344,470.3578871261124,43.65305907378971,732.5441387553357,44.94901479884238,0.7122479162269301,4.7731110320850085
7.397745833559434,0.5260073487169337,0.6257224318550967,64.3624645160677,61.565140487539644,848.6592955455118,31.27160911756844,0.9482742320913253,0.0504613924404449
2.533135910453006,0.04198997555992786,0.46971551385486715,646.7550344425224,90.9081267089733,1028.8240594013387,10.84307113050206,0.8796597274242205,2.011283263917338
5.807110042355067,0.434442204619725,1.3890449843429267,197.40959143631952,60.363604025498226,875.1075614604583,17.086139268048285,0.8530724800034286,2.1289883342013565
13.056339921390219,0.3431255188061867,1.592613229785407,459.41417321395147,46.304077867518664,943.4740189349717,27.181331102000133,1.0,3.8536767810285095
1.9067225070345044,0.6658099866259389,0.49530169428179976,199.1114800353436,72.36445900736666,824.9871253371924,14.585723547550575,0.849922966938011,1.0944016716381944
0.6747103206997435,0.5362485428567886,3.5791592771083236,611.0359762467383,72.6162694916556,794.5528513871566,17.6779796822662,0.7756683957204196,2.808835469174188
1.5355076851336196,0.49693334078338863,3.9955402672963283,196.94591144653896,80.21434005336171,736.8505908967386,9.290293476946088,0.7504582263304636,1.709432095816502
5.492020100408719,0.2995041061553724,3.8404837812796266,389.2262524446592,70.50094233232986,905.944416681347,14.55450973745457,0.8029296609780004,3.299504923062314
2.5968285544015624,0.23360240820764283,4.701769010059625,263.9913047439542,76.67672495246947,798.9824178183219,17.75953851227713,0.8633834822179292,2.5385523214109
3.4501079624195263,0.2010895748272818,1.7080925919043253,114.50946447085744,77.21076023429336,841.7656651211902,10.715668973865942,0.7937692914929544,2.0794496491039327
6.274419265547172,0.7294201967733939,3.1999073104458073,191.09976120070021,60.617532780789766,818.6884944161014,13.1464316336553,0.7875382001729311,2.953436358990941
1.4980974072650137,0.28999586006582173,4.668461639216407,56.212767956164015,88.14516468141714,843.8448220126313,0.14901110277595464,0.7623946397786094,1.3400518380986104
3.296729994516108,0.6096845035125824,3.6120062279663783,174.12570027218638,71.56559214446796,743.8448183038386,16.24558713245446,0.7306900032776714,1.8530344902218516
2.2256975263190295,0.764772241371744,2.979173606222871,326.85523561457427,78.73411206517721,717.529839422936,13.336535580267922,0.7337847331461981,4.22968637521487
12.67009014673229,0.7847804155754051,6.009424616607584,593.7113610477114,42.947145676972895,509.73142643522687,45.32914730259584,0.6603129065230102,3.9309642428433977
7.21587716150372,0.40732695021699283,1.854931904913236,255.35312738828034,65.92591811771368,930.7508574110791,26.459110101306567,0.871763521369124,3.910451391699369
2.6142631281977944,0.38510584033112033,1.8443617312936322,910.1318378775036,74.015826748467,763.2794606292831,6.157752392626488,0.8127143924783558,3.314763003953508
2.4740984468058267,0.4879610524445115,2.7388426106587422,498.252873114036,81.03447120653952,814.3512566879087,21.991333357261382,0.6743748342085016,4.9769102375773535
13.74709150037536,0.980123761617658,2.729487976044443,152.72388168811563,25.412550837151738,640.289981944366,51.015293231067005,0.75420826899104,4.890884637595939
12.926592068853141,0.19140839289248468,2.647469184280994,267.1008423380588,55.16901575071374,973.4502933450887,31.796667314913456,0.816999294113766,3.130638684012625
5.461939754167034,0.43212831097606264,0.5394084429122562,366.32572726285673,55.59086767084712,993.6776913512376,31.81376907728636,0.934665525865879,2.3717625290901716
3.5972912464712903,0.37218162003738037,5.114941900677108,201.3088040985123,72.43462775658516,757.5832824419329,14.179671515469352,0.599136516845062,1.6761003914131325
0.9158875671729135,0.3548590473465141,3.1930387486030116,324.6722971612562,76.39225394617394,881.911635011826,19.90594592514148,0.8324316666229565,2.57751774493853
1.5506105725291803,0.5997335345490473,0.12700245934084944,180.13282765420044,73.92359052888028,897.0276637314792,6.563693188506264,0.8855979942043943,0.38646851767617574
0.8302161760010707,0.6214868117454639,0.33183387792908725,262.22070180745766,69.27635449072531,844.0190945369028,29.54718455184437,0.7643449302270948,2.8837414595977644
8.734469272259792,0.8827151663279398,5.971639965381335,551.7237721142601,46.87151212722993,528.1401707901014,38.31511833575611,0.6186784232257376,4.252380423433062
0.9340396065134726,0.6161899203704235,1.5666566704834073,190.33172611048425,79.12851141613478,892.4251852191821,16.78946086559063,0.8817729334654262,3.1124185244544877
2.4431110868317942,0.8326135789176536,2.5866765587949905,90.99057442092935,63.604808974493864,711.0777330864715,28.63634388942595,0.7633620397097459,2.4602072749983224
0.585778064402362,0.38685672337182586,1.0002252672151757,761.341208716807,81.97106013564337,1053.5551258991418,9.971562763204922,0.8541523484153071,3.159663976656624
6.508738791159573,0.2392715411352587,12.233771635556568,441.6528206346802,70.58940627450829,408.01670238630015,28.214346500286176,0.5947555946894,4.230008851032069
4.783725329580033,0.5119424398249317,2.29187426647212,355.6219944712046,67.6147767853635,892.25797123779,18.318366136651647,0.9207880578138561,2.761366585505556
3.7154473889276947,0.6042509253628202,1.6315396527979416,635.1762731487242,75.48699679074494,920.6608891053277,11.155597229843798,0.9131496699407143,2.161031117481016
2.48786507373227,0.6665156873146456,4.852348513167678,458.1399016649594,67.44657482413542,625.5416823034326,23.681460878625934,0.6138056155525884,4.744266704374436
0.483288540878974,0.37226332516793226,0.850276143368946,199.8634875040704,86.92971459607769,883.1698665924322,0.8825177601555048,0.7756253883681303,1.7569951633618843
2.1702209418487866,0.03587027259928836,5.3280176062588565,755.8003306457736,88.89371872657134,767.7035848210477,4.376620851127317,0.7644271685635071,3.777839210399509
3.1158313389193184,0.3175432949777615,2.112332480498691,325.89954850230095,69.77019645511128,1076.8313441050414,22.725497350223097,0.975373963983662,1.882853599462377
6.155666076694043,0.6103885866466948,4.181579447203062,415.7204501643611,61.709641117664674,726.4572715620526,31.21355441600159,0.7794203342410747,3.1434898777669282
8.364359340347484,0.8389584933302542,3.025335091478298,70.11095269040197,48.49861345361176,684.8517440615916,35.826462371873085,0.6713165159537282,3.6035618848940505
6.674406436205284,0.2273075296004088,1.9998444782954223,129.08165698887854,66.83210983841671,915.4147728205614,17.791911431421255,0.8455296218841918,2.258383599287807
4.759281785260194,0.5893176311832055,0.5348429554751536,109.48148969610855,74.86087376798989,827.3576725429009,15.574172523832504,0.7555037318518146,2.7253387205387583
3.6644511047451784,0.6350181983481965,2.7154305659757245,104.04040683188151,74.55622193455939,792.4374052431716,13.802278526322912,0.725125794472691,1.5101461988756522
4.365021438439673,0.4230627551706717,1.2138963366112514,374.37459393045674,67.51522645107563,860.688345072874,22.153439919990813,0.8367314841472149,3.2107411199156344
2.0252563306611906,0.3215568614701366,2.655398810809274,148.80767194692402,84.06187932217699,876.6312656117284,7.435154269173714,0.8223076389991478,1.2428392225429763
3.952428868944647,0.45864862980185667,4.538751324162544,316.2941942752388,75.39588357680314,715.9799505783454,11.359026391697101,0.7523598831784308,2.0180488320156487
3.099133709809003,0.237293290293946,3.609876839383073,450.2736080152365,80.49965952184897,778.2431793933729,7.039363349445285,0.7383610355709341,2.2398688259112483
17.931268099597492,0.08536735259880968,0.08608318920689875,171.46831670009047,33.58147065371424,1048.494105367845,35.462959373743985,0.9625801234126194,4.793200438825332
4.46160161168647,0.27988656722635363,1.8419697633792862,146.51221057195886,69.856250912374,901.6819804503498,27.588262200194816,0.7846326151152951,3.9367562743328732
0.20632465964515212,0.6797772544579341,1.4255544630908263,73.52292696260406,80.02599003048482,842.705632222685,18.276549957978432,0.7828521555997658,3.309670562349308
2.3590337684886142,0.428627210246009,1.5838819417893175,529.7209487514143,79.7414520068386,756.8532542984987,6.809898976820209,0.6987760743269609,2.8703463380740204
2.787930078586091,0.505592482562803,2.85685536119175,176.57384998995198,72.56954816096348,847.1968713994058,23.105895005459775,0.8225440264528607,4.495147235553968
7.409857793845626,0.6444565872670076,1.6567139626051475,656.2955793064336,63.237894016448784,808.8230254822668,25.987757191857085,0.875918677181569,4.653718545680107
4.961221502179711,0.7042989634047001,1.1968789962123925,351.6767970845225,69.9759631323304,863.184720296907,13.264974008091926,0.8363439411873257,0.8300473760813742
4.751138598179059,0.39359694930312233,0.7211160676181823,579.0701397073294,78.31474481854679,801.458178752474,8.87667247357389,0.775789844087434,3.2685010085619366
10.16712653105524,0.5364901533110896,1.7664197025398556,97.20386408800815,58.515731501424696,865.5027762649244,28.144696492357184,0.8094285145033483,3.35612718315434
12.971215129421571,0.4847177780969314,4.2983821868035275,404.7430503491123,43.889241990261056,766.9437127974631,43.724622223004495,0.7311650455400809,5.736145172638932
6.500992719694013,0.42340846129847237,4.454083127156268,412.2865984426811,58.23756155183172,744.5530118718602,32.798517070815535,0.801990425990263,2.5425106266724575
2.5417868362289378,0.5152884419718671,3.0684546859503525,511.4698774248991,72.88040384624722,746.8068368474483,15.751646687302289,0.7686805198537747,1.5133365246088404
2.617317332216254,0.7137746268167101,0.2539688909005954,152.602585055217,68.7295600381853,952.7377038091835,24.644977367923932,0.7879662817557153,2.8178511455882513
9.191574940280468,0.8603160631725218,2.8455487205469896,182.58133613974678,42.76868910929516,712.3383193762484,39.08586829567627,0.7818177845401718,2.3907349753703073
2.609579385652387,0.7926381819141393,6.465143998243285,520.0714782170979,65.4511998157294,677.1104380733874,19.77463534821915,0.6627383763534833,4.337215650325595
3.443508669493699,0.6799370843355408,0.7879878400621747,82.375975258216,61.8937323041853,929.3193979552891,32.43763586964496,0.8247948635512093,3.4332001348819268
2.308844839647018,0.35556305833814955,1.704735412681357,139.18009627321157,82.75659466132076,828.5429218886696,13.004887657659166,0.8172402316641373,3.814789996513047
1.14589291634598,0.7961072285612837,4.328519674989839,398.35204283355733,79.80114401009111,752.3263940376504,17.20423656296235,0.7214837269197785,3.3831351835137986
16.927609456677448,0.459084636863713,0.301635062344408,199.3420732018698,44.650034207587616,893.28950586912,32.158596759490045,0.9481149689600636,3.820885759962698
3.4649153264168495,0.9121845057873528,1.7363584393111071,222.58700917844286,63.04181063100999,832.0295169500484,22.75276842800212,0.7872918407796942,3.482497492569276
11.282909334815361,0.5661598238790019,7.473815039398554,37.875104190077046,46.13921998509166,559.9696745947731,42.62342666469232,0.6676396310207011,4.561213258214423
2.6441290616789486,0.6836681923090585,6.9102946842601085,626.4434891573211,69.79113129792249,614.1321557471623,19.46204858016974,0.5912547194080751,4.1537109750872485
1.9244659644335682,0.265317045007466,6.945885656664224,209.9275208008425,89.3996242480077,686.9904892691676,6.082906596889357,0.6813802013327178,1.80593247296534
6.062210063563285,0.7496697393865763,1.7592744716233755,382.79371503294396,64.79308941807231,815.4147772516011,18.278156210572853,0.7827032878803921,0.49317612072610517
8.336476713797657,0.4943565791691364,5.930251869987193,529.1518815220073,56.4287012703262,711.5087045216753,31.681100462947605,0.7767461796942517,5.38477407013858
8.757833597089014,0.7304743156914543,2.9275032902489198,218.8459973598949,56.481875944529584,724.8014451290269,23.98775043274393,0.6810701786912052,4.445684927297457
3.076952958956971,0.3389317191489814,1.1540814693581765,51.44104890261918,78.10392510919603,869.8554516933257,17.521898272021392,0.8818846624373808,2.7227855407155506
6.584238298246525,0.4354352829669798,1.4702157949121823,385.7607329206221,60.68377838284165,918.7065605440376,21.56419170860726,0.8575901983209268,3.012655302607298
2.148578825361532,0.715347319718764,3.4015324691792683,636.112550344024,69.89745658427108,731.8959404869754,19.815374926260432,0.7555098771515074,3.4558594467229624
3.9076898064853367,0.47662052649492503,0.2653120659083126,432.906530393274,79.8768431841203,888.05806639942,23.536342962254786,0.7955678695237509,2.2275731330453494
2.804110056547289,0.2696201603423056,2.1717133815038565,341.08867279432565,83.45563044058869,822.1791479524411,13.775736121988887,0.7450487754509264,1.2969844619070592
2.4116134354440026,0.3488755601186139,2.6884741154324425,430.92479243606317,76.50945613131763,812.5272218127064,14.364649176003416,0.6786475274137014,2.3810880126565905
4.053072123926707,0.6054653776250772,3.8797469219804563,468.18047782990016,72.3907956061007,692.3669517493605,24.467386591273602,0.7304044256896709,3.905787514190855
1.1101338374635126,0.7364758090212951,0.38860149694320223,253.58677150002288,76.82731119004532,917.742576607926,11.879886356674318,0.8820083072589432,2.18500708199717
7.810397351988804,0.6843392375018961,2.194092021304742,644.87275511931,52.910538335500775,782.6416214089802,27.045316678774284,0.7514905514308472,3.6838656693101273
2.4213744012160148,0.3040985013282786,4.727921011094942,301.44997954248953,76.40034710752276,700.2481222645567,14.33156693105016,0.6409736604272885,1.5228740550207223
7.5224447900562135,0.739005168400132,8.83393431522664,486.2656623307297,48.40115423934754,523.6017468632432,42.71124719062997,0.5863551326562435,4.963798127842148
1.4046588477171968,0.45941538413468014,1.1549185928798686,131.8384107398508,71.07925529791399,801.1019146785261,26.499460884125945,0.7993162781700497,2.866400540053989
2.4130104753365242,0.2277243767321814,5.904650547468544,262.06962112033494,78.79655198947037,678.308945342121,11.86241985315763,0.7161869310280697,0.7628916776074655
1.105648784640441,0.7678613717979473,4.540650973484599,157.89299830437022,71.59806950810912,784.464206668985,18.177700971565177,0.8042767669511554,2.5401310829762997
1.0563738554586886,0.3474930770791962,6.582480530075853,359.3186263067499,89.44434196584,619.2888814611412,9.910858956705955,0.590702963234056,4.351495392011973
1.6213548100063162,0.7994431933046785,0.2889081103002673,123.75271371579389,74.2712147509113,859.9213837602449,32.57918845929988,0.7957026743574662,2.6634623918333333
1.4293047678658743,0.6602561538416896,4.05851681360588,433.34169492272696,75.18822162338463,871.0045607389561,15.942702267506561,0.8175945047323551,4.808598936511926
1.1168288394531194,0.822643601587913,5.808348186788381,378.42255088614485,61.714384870079115,659.2247653579276,35.095126989456375,0.727192292057752,3.6783131118522068
3.674066264649353,0.6868494926975208,2.428177980333232,239.49337613922273,68.2829109644415,769.1979517346339,23.698789092874886,0.731349904121932,2.9579243659911367
5.966021641112363,0.7867532978927203,1.9015769557918967,457.16637382023526,49.20587590599623,686.6638556388557,40.6754824961332,0.7387433171582385,5.435378956276763
6.222175554720398,0.2288507174511615,2.7123050503435486,132.34807041040247,74.97819392364039,867.1954418195666,23.59668115396927,0.7728481918367417,2.7875787479554557
0.4298884561688314,0.6415366264364286,5.487013382425116,431.64875644139545,82.1792794610459,638.2268258835894,13.530349271215066,0.6937858862421149,1.1690502194225882
2.7871170058720107,0.8029378371303612,1.2121899542011998,143.26911963903737,66.81970730534297,864.5397843656904,23.056188845682914,0.8040628198045064,2.9691310514987075
2.528681860675783,0.20408446796407315,1.1298889400775602,176.22720658257782,86.39608949246734,883.6167079364353,8.279595002546015,0.8125949954496918,1.654785219980367
10.305102092112744,0.6446229888693655,0.17234260889151087,529.9713370998621,53.04015287433724,913.0426491095022,34.97567832636377,0.9684826005269471,3.6896925895108152
2.8904959363303444,0.2522180119884586,2.2351799797408827,535.9560914867903,80.57091149404759,959.542672952741,20.727317371339822,0.859081193377959,3.2245429106870938
3.4030981803898777,0.32545787852807645,0.6347053131903736,357.78183641462306,75.92981663043491,966.0690723552266,24.785497697547257,0.8585011051047666,3.5651465048207256
0.6963654763981028,0.7540323925318573,2.2718420689398644,898.4914743778645,67.41637935279012,716.9214521693717,30.071908447358,0.6589208947765154,4.339207544069247
1.575408043452026,0.7175634425912414,1.0003373245039533,680.6148367833216,70.55936132188357,857.6899837084351,17.81278202448765,0.8641188637663187,3.7297943207765223
0.6396936483826282,0.5740539528915451,1.5280073444147857,237.9241859900743,73.74661706316783,910.5804228365771,14.968309762605394,0.8191682055577897,1.6064961486615348
3.8879336452845505,0.06354403979711867,1.7516439438294176,140.94575085960142,76.71430947676825,829.2255568855445,11.331475669297888,0.7959335721372692,3.3359404006081954
10.554179208031774,0.7439949103261358,2.8056722415476685,432.8252772571309,41.072974947552105,877.4074191416615,42.17308285345112,0.7842300812373285,5.9269543558018825
1.6355612637778827,0.9262899929962242,2.9827259474504553,309.6196814686616,57.12837828120395,750.2026794426686,35.607583092590865,0.770908423563611,3.15852385788681
2.9124749911520222,0.32915082660806905,2.0081507892537322,387.7642188784016,82.93055523211486,904.8883973935903,8.558440047916932,0.8895493018357911,3.0215232445566134
1.439322852102962,0.23675800532384172,1.6684119996137876,408.96372164421007,85.85809064767807,877.1200905315997,8.801426016778933,0.891704125119722,2.2543668907800356
1.9788681597660525,0.6056741758842537,1.5101761034637429,164.15581549759034,79.72592652592672,851.521047361164,18.07184062157222,0.80508234813598,2.8889976747306916
3.9603539408428126,0.7579825315446804,0.4619100903100576,133.46677756453718,68.17915224999712,814.1593163585314,20.347641044580826,0.7588233935126582,2.436833020308439
14.429644738635346,0.4568645635741,5.4927094136046595,392.51502917268107,42.78371779769282,804.5864740256364,38.909248338134034,0.7498236362673548,4.305469993627855
10.16307321497906,0.6761115643543566,1.156661432167473,385.0784910210398,51.57911502573736,959.9000173018684,40.58067172994572,0.8768225876742701,4.115700907433239
12.478737613887496,0.6866125677227899,2.4950806780052184,104.517501415048,41.152536458243226,926.0048012648895,41.335403475483886,0.8682848201908201,2.9579129614345567
7.57536474049876,0.5651169894976948,0.7508841161766047,175.92400028470607,64.67130961774032,779.2529573407891,20.408517437529518,0.7947660862238267,0.7292383669430229
2.8762027568226958,0.8383263239521377,3.989534655583668,133.939923507432,62.864454814134064,734.4421957062416,26.572974863161527,0.6983234630896582,2.6608775708756176
2.515449495196226,0.698788456182195,2.551695637483587,285.52100637182286,69.88325713598356,819.0409689702832,23.681753437944195,0.7981448350032042,2.4284633144921943
1.6462555558511613,0.26259121875484803,3.159944050702343,261.3130922729408,82.10050526553624,791.8801980356052,27.556839869993926,0.724164981966571,2.464808505443057
2.833087289418007,0.7122836420515583,0.7217803207426076,68.33724780936036,78.77890988770903,886.6551455900013,23.969249460462756,0.825518272012921,3.1597006154185037
10.667599071399819,0.5035129525192492,3.278842172499483,287.0495893350842,47.25016846090897,707.1229243033715,56.07904134950563,0.7940546997509559,5.922338408415087
10.57629017027096,0.22321755970141444,0.30100433400411314,327.0071692191618,64.12943859220736,1042.7727918900173,18.71733880038839,0.9142626329230596,1.816128766380904
18.43320399028222,0.39574690662348583,1.3657769485880786,337.4771359798948,22.989967716602983,794.0165370901575,62.25437924377586,0.7321843708289034,6.147279735651807
4.222601092822336,0.1020596675552694,0.8237250123845664,134.42556218129042,80.28208326222627,966.767930306999,23.120024305469574,0.897586185761137,2.648785399313582
0.9147175177960647,0.6004065888022839,2.520650525327298,266.77474292422124,76.33771826608682,856.4644478594207,16.746513063481583,0.858601771249405,1.5705918808648187
5.648313437463376,0.5989302251664844,5.759262156423351,592.200014049142,57.97742671084272,643.819992991501,27.06130712907277,0.6478520999398844,1.851484490536603
14.544415522783853,0.37094027945078795,3.6913198857945595,573.2621701730923,38.77096451981794,879.0624226087536,47.283967462948766,0.7596869772562911,6.846608037902229
11.735718651479068,0.37984783713168807,6.613305133124845,177.56879356867412,52.811984367304404,568.9907783238187,31.07640999058157,0.6007953430870275,3.924264090384331
2.242152977185806,0.2824587632562609,2.606990196955152,554.8830016483693,79.5297507181424,851.5134979995448,7.465616548235406,0.7889236222197611,2.6104905542417716
1.0259463718038988,0.45009017252811506,4.049565696502272,202.30435865349486,75.84401050163692,669.3057026049968,8.405808236875083,0.7774904010088617,1.9166314721107702
0.9913396988990029,0.4546158163042844,4.984904059205782,492.34935548437807,85.14946264384383,686.0142501784343,1.4148173002244153,0.6414066497492307,0.7306951621784274
1.7612935435275272,0.22175530589616602,4.944494119277055,382.50848735118217,84.06630128471836,739.3277044161557,12.552200045748283,0.6588878639108429,2.105557031423815
2.053159709761135,0.6359112112812203,0.6850948729212557,278.8333198228255,74.59881031616852,843.918620651606,21.8083891059468,0.8199467998233347,2.8291620177765653
2.676002801388478,0.17920082163142462,1.132553127251381,346.205676669856,87.95786767909199,1004.0714778441599,2.5817347296988684,0.8668533393007902,1.099211691814437
6.275388483065432,0.5175498488619817,4.582912219821175,46.11767292746312,70.96415509781315,668.7073941670128,23.226989379772185,0.6516532106700877,1.8609506995867031
2.588268062183745,0.38680252767557666,6.665917401815804,462.1840525284215,66.13477091205966,582.0864217183007,26.565274974253835,0.6817376475916272,4.346952601582571
3.7524099885586537,0.9701651285315787,1.06051760406437,118.93403387521502,58.95148139724726,786.1905777361283,30.814400910352322,0.7762736983937695,3.9434690783322863
0.5798080805874751,0.4807579381854785,1.208159916699807,603.4464221931007,72.85702900927562,886.3599050907898,23.079535274852205,0.8820826687278814,3.0263234696128363
1.648532221862106,0.01678282085607632,3.6609359732261257,352.77101916272983,100.0,881.2368573782031,1.293276063177891,0.8654685001294111,2.215087269806851
1.5677993827619474,0.5143786240779502,1.6679819419006063,135.19696194389644,78.19089093744495,925.3531504977396,23.263626718303463,0.7948018484636303,3.2799657602520003
0.44980712361948816,0.25556642628506115,4.7885543702374775,462.574317402302,92.12722339382745,641.121917721946,9.253523032394162,0.6007103987596616,3.2498542704584406
2.525729295540035,0.5889255143701013,3.898112963037296,292.84793379477424,69.56414308631906,857.054980604779,13.77769839843404,0.8701886707321381,1.5778888796403143
0.585772405538388,0.2559814976948927,5.264648805993254,400.778156031088,85.06600226859223,701.9110392368787,21.494026805573043,0.7149319129682555,3.2065543070275693
2.3546703639329203,0.29903452595770397,1.8852904663210532,258.6694041964935,85.9569791641057,863.0249175629295,4.065420398335153,0.9685531805528491,1.7701878770537063
4.0155806514645045,0.5199641312881302,1.5895197255522977,430.10608284830687,72.52968175358527,859.8147584110615,19.13203278960092,0.8642390278983961,1.348742809828745
10.804756170493464,0.8193985657193039,1.2280975158377025,182.2015358708142,50.4894091798005,697.7435717627644,49.970151387338376,0.7872079215905804,3.616000252658602
1.4819991284389955,0.19651530724934127,6.553813460692565,219.6265526146697,81.46918490772768,682.4241676379432,15.909836734613283,0.6622389313659741,2.3175449946653
3.9174315655169334,0.8682415578100549,0.7208042735032631,380.3740947849425,60.451415060519466,900.4544798376314,22.748765146832262,0.8360830370207261,3.0521805256813948
1.892735443381738,0.9082804550239012,0.6331014702396871,608.3083195296932,69.18047250756803,876.3193826735159,23.594276361831266,0.8662257695666161,3.407970762508943
0.5412081307867087,0.38463876882790654,2.66794006904102,277.8145158418943,87.0888360783778,805.5594666181003,12.171926264393383,0.7791269231892529,2.714062698825995
10.899358069881803,0.48989578752502005,1.5650111513554288,441.6155870196418,52.150920702751634,876.6974647924575,34.70132486309292,0.8288190842669028,4.414458027323274
4.177872967719853,0.6162728149730897,5.013754187023299,419.54015596680733,60.443960564290315,734.7008793642832,24.648604852331175,0.7529929143361788,3.572863778374081
5.411615348822411,0.1779063903643473,0.5793306419313409,584.9502607030979,69.60430051232784,934.6139242372872,13.598011863422002,0.8245709755554845,2.4822528773906165
12.256283303850267,0.6263557724735659,2.053493921111726,148.71781119707174,44.280325129206744,853.4562319943079,32.01586405334314,0.7679001791390341,4.371735681983678
2.343247411464257,0.5174024935573919,0.3648832761172615,341.03592542706036,67.31855121971854,859.7675937885546,18.201057998989576,0.8066967765212015,3.9182321921888565
0.8571572413312663,0.8204212848738839,1.790376514803224,322.17838790786584,67.4878338320516,748.6011050729555,30.52804492233645,0.7284337797822346,3.605199070838019
1.4585574411054196,0.7022611720821288,2.620279736713967,341.11283422407496,73.25440671671358,772.0301943083498,11.408302427411357,0.7193417143617328,2.8261852097144646
0.7597543692881734,0.5141089071085934,2.3003232463642016,198.85454865368422,75.98755046148374,686.013501716741,17.743198099090982,0.7052698367952556,2.4436956283250617
8.706707735700029,0.16269488971013632,2.176242230988782,282.57293341163535,65.95891573723503,930.1425690060237,32.218764241261525,0.7927895109277961,2.5546408435903483
14.959028854587391,0.505153485749193,3.9253096693778486,490.3536440682793,37.04603836014173,772.2033271709174,47.97235562328421,0.8014423568900463,3.7470191308862697
3.977398149500548,0.29993453748347165,1.0048377948118525,154.20687947737187,71.62859037996236,901.4856777136658,28.388317283362827,0.8703729063276852,4.14429226901165
6.419574987924523,0.5131686298567073,3.210730450169502,378.90623304399224,59.089575290444515,842.3885163710263,25.119230775387756,0.8396173920984096,4.048193804689517
7.828735313747396,0.2281159545389738,2.1108411181987163,245.5366786373451,72.20034643073724,904.5755645021259,23.228617255343984,0.8008132334182373,3.3493387844375326
12.868270362860365,0.6920238996293924,1.8154379158948406,329.19947785560674,41.01521364874737,887.4069363289382,48.19479872372773,0.7841770428373093,6.159691723722521
14.5060031154091,0.5259577162568981,3.47830613977356,238.86780049111476,39.569674846692706,876.7645794658678,47.948257128111806,0.8921226024858298,3.8363591664492263
0.3037350715579701,0.8298404740370833,2.781969187542958,490.09400641896326,73.61708907244645,784.0787721027535,23.807487513810344,0.7606630027858067,4.493456399236283
1.949294039642342,0.8559862945808646,3.3629783486079603,136.9667842557662,63.2153342035812,693.8983916416528,18.581470870853334,0.7448449586927418,2.874396286422408
3.5875405458846785,0.38275881513195276,8.505220411882608,331.20478979697504,71.84655817356675,645.8707869020031,23.70978320827446,0.629897599944839,3.238619461703473
1.7095062001584473,0.21291010527903778,2.0932188894696475,513.865804906629,72.5451146551743,841.3486407243533,22.14495350581899,0.7905170844891208,1.1234649735257243
2.7420046620272283,0.4254356582593351,0.6578931554774672,343.85082950168265,72.95555852239076,864.1335943636028,18.02913799407858,0.8780703818226725,1.0659212525528212
5.122560536919112,0.31686751138673075,1.032799285005951,171.8585477525753,68.6123009256382,893.5982365563216,18.34188257062767,0.8428417120265558,4.002222644842684
5.006010473138426,0.0722659586754691,6.514562825432474,167.8551032499356,80.91832038197215,798.0653043531058,16.05984357550064,0.7663495399607069,4.006799902191028
7.629669867114341,0.25474370394419305,1.7567765272242986,327.6746046304064,62.72673168480706,936.5287584079285,20.167276540767887,0.8902358002868731,1.1800040239993
3.6604804155553246,0.05295295304767698,3.9071122982071005,86.39216337598869,86.62421892359647,888.9231793149216,6.775247735174706,0.8491556885121284,0.0
0.09149085188824076,0.20109428070462787,2.29439353897747,387.96501888940804,88.3995142175145,885.4335834651235,13.773178487475978,0.9354855686191096,3.3743104019786543
2.5257396857864687,0.5696945077151917,0.8675808527853905,107.15471785033104,73.9230997415335,914.0069094038724,24.505845817295928,0.8504479758341779,2.542442840776201
4.7077110639298905,0.6720038079244164,2.756663515414939,138.67464454167643,63.920848934839135,824.9858035658092,28.147956803636088,0.8273683977701622,2.3266578239165145
8.062458740474266,0.6775925992864376,1.293206418836949,668.9245724138921,57.37174955547784,805.3348321505617,27.08101668305521,0.776459329920486,2.94108261339625
7.1737366355076,0.588185033200165,1.4448027572120368,600.9350887484879,64.80520650717646,889.2771863002195,17.967189931412193,0.7841306594081707,2.0448600858985166
3.2244498542138724,0.5828831260330087,2.305832076062507,221.60945930035584,65.81952670796059,820.0981449202291,19.249702585425773,0.8131489474960547,3.8483106720176927
1.8187602587153209,0.7414086452326525,0.446013636659871,534.3944950858686,79.80565671371092,846.6498172311366,21.849695688186397,0.7346739840165214,3.862049073375077
3.365197366884572,0.15590587946910334,3.841070599263508,172.69721414626923,76.7229142997874,801.552049322355,17.461211016571838,0.8302601163383342,0.4591940926481315
0.38716887407903416,0.13484105568589969,1.5949631882814077,390.05647308505587,89.54615312350663,882.8298517243084,6.706157537043397,0.7638633491162669,1.3229402666273873
2.0103862302219184,0.736676495919346,4.231017819334341,557.2381380089007,67.90722992812317,703.4022162690717,23.44573464436232,0.6777689630185861,5.539432731115825
9.249975988620818,0.11250667048689096,4.116627032321556,190.5132902641507,71.97617730597514,817.9722664739746,23.724050203280655,0.7423379712728769,3.353442699647256
3.355766093621119,0.5590889225353572,2.0282206359243387,106.28306738567956,65.65113087482476,874.9086149485146,17.88466815537798,0.8559901790247509,0.6783948251363832
4.880345377943351,0.4945155341561146,2.621715235951751,306.9925947323928,71.58378562475545,911.511440828047,16.97319093834446,0.7909259224368236,1.9493486429893254
0.7178118343279003,0.48550535939654615,3.2362703223362295,184.909460182041,69.66710467262588,831.8331860839355,25.109423698155446,0.8245704273736498,2.7953372199777333
8.019467601464823,0.3150603966708068,1.748241505306007,193.55278227401774,67.13429487597827,889.8407757624442,24.444652936335547,0.8002195368512939,3.8914823799174263
3.073245405696283,0.33402409282325674,0.33565986518331403,138.10402232348517,76.4732058639723,816.4622593367283,23.10542783587926,0.7840253160216486,2.674051276136676
4.740451306713338,0.28860405473042366,2.7398105465492604,34.82139393746962,71.69110146453517,992.2527577824852,24.336634054420763,0.8685163496390046,3.7882955733384955
5.651982241130901,0.8865694011085717,4.966579025297982,204.62186831927514,52.42128494757858,625.8742389404572,28.672678099400184,0.7918765192617476,3.5899526166595823
7.789352152268864,0.251851911797885,1.2516407715672409,218.0428936487254,65.0026586577256,871.6191629497666,4.47290900477762,0.7397765812980347,0.0
4.138267166504203,0.8237550756226704,4.400408796583969,172.27974113463117,60.216514909987566,776.2710059017081,29.074121054894576,0.7902419573976153,3.8346109229616108
3.14119257844888,0.9550651161962032,0.7608687058777917,134.8294483709036,54.2453011570326,760.2328373463533,25.756600153924545,0.7556603964883082,2.8807910623943664
0.9469237798657425,0.5113337340318432,1.9157306936033165,466.7954807037596,75.45152989963749,868.977786355931,20.22951613916433,0.7824004768567672,2.6991698369081663
0.6314657689706802,0.19873953531802252,2.1624228008529878,345.15618931092985,92.12917640315551,855.9181623536505,15.05250275377612,0.8332906563279124,2.7889840164631665
4.065768021145045,0.3019928109767172,2.345768222379172,112.02121849574083,73.2395453552897,845.7090131374612,12.554421029122627,0.7594036034263422,1.7014731435935886
4.766869979465999,0.4543656898338767,1.0855673582246343,317.0627503959429,65.38732543836348,891.4048262957155,28.10761586938539,0.7811577583754931,3.7404870657753904
5.454224271763634,0.7189783965311993,0.7714375110335283,159.393926455849,60.895376863803605,789.6767987309777,32.594675228546315,0.7164778501511404,3.2535512898965084
1.4923175327820277,0.6245927877864524,1.977454355298402,444.370945396186,77.35122866413187,819.8038164470648,17.92843337020654,0.7960017775048968,2.3720033737571318
2.0297223253510364,0.06477376561460256,3.55229985162617,174.11608733486963,90.54219562723664,909.7491587011165,8.587767077211463,0.8158717344977774,2.694834327972386
4.001665130660697,0.47779698339176563,1.2345515228651704,492.76340414861914,72.73954729245885,874.4714926066933,6.623788488266177,0.7813408334452128,2.285581848668498
2.2996838323087303,0.3627786933141817,2.1154599025510232,473.53091405182556,85.07627167951593,1070.879200385508,10.839852788543075,0.9596774053008896,2.3447570238314115
19.53691278999515,0.31388597302759275,8.509491147781391,367.69448783982045,28.7879771618229,618.0341478269546,49.79635518376273,0.7247352412991813,4.967153047049067
1.9854269426067468,0.8392766599577147,2.9106758459066446,171.41871831352242,66.88128703517432,685.8862967766662,29.481470909836094,0.6405908061816367,4.843706554484032
5.049167869401005,0.6433975986479268,1.9702665952132277,238.6638172885016,68.13480235902296,793.387002700502,28.065317385554607,0.7925780901995141,3.550698620748312
7.002298181994553,0.22459378096692173,2.2753335922856284,256.8238444239003,64.83563849175015,759.2272396756471,21.552990148836503,0.7817245788959403,2.5548871656677754
7.349368209107514,0.6640223472554085,7.424284878158751,298.1747662372925,54.33046085180582,668.0819513292142,20.5689860057749,0.7645351161501703,4.214884743440722
2.25956836603475,0.4460161639707497,3.6403308004021246,515.6801868723095,69.10546329618452,883.8122194785815,12.050122695257192,0.8158150567537749,2.209711485154434
5.674852691511441,0.8105446370904319,1.2966517166258753,222.82139357131862,66.78124928803383,877.129104740682,31.70543099258378,0.9035157404844343,3.452181366399715
5.106918706803446,0.5240405559021404,3.878876982822211,439.2323814499415,77.00521271471156,715.8310216201882,15.632608045139735,0.7586858878382048,1.6504812762973606
5.87827412634177,0.5842930420759754,0.9330328881604353,126.44302550953735,61.88274088154013,822.687896116771,18.002259442107054,0.6996590608063656,1.9684713040140678
3.95500712708498,0.24122410336217265,2.5557390439238628,183.1799773445423,80.92169943410603,905.7850037886246,5.420793503484953,0.8584859899489459,2.001166599479972
7.042505054806515,0.7626346855919296,5.570525539006001,161.59981727266958,58.3043978221866,631.5271622272546,30.571720798472803,0.6780418880242036,3.684306362643291
4.379791143094971,0.5636766895298105,2.5760774149729615,443.1995783288638,68.71570829857195,760.7661696687502,22.62476321712244,0.8056624912578553,3.3715591282986312
0.8096076856242648,0.353759509570775,0.8668400914219827,569.4629974285141,89.80459511897165,853.9146714843708,17.072148319308766,0.8713386503804199,2.800824871995086
4.266762755851904,0.5491309255588046,2.3917443191267216,199.95425643074125,62.14730812756167,934.1038163914905,26.015630343027563,0.8118816473345747,2.996598829733355
4.712185219936691,0.06519411944533228,5.541437261378884,167.73719867285624,78.30936803709237,740.7155625424052,17.500483409881063,0.7897427677113527,1.82600398646947
6.653289213315508,0.537741101129012,1.215049453846502,243.33987197626686,51.16229913719479,920.6380537731752,33.9348914668195,0.8459236923055247,3.1930008100241265
4.070059207024327,0.7327195378094109,3.8369208650635,154.83597246207853,59.416666480306404,769.5897089452133,33.32192300452944,0.7262959989223012,3.502542608464633
13.09999574426841,0.5329751934882123,5.751745884080865,204.224069937868,34.247218905231975,639.0641204728489,56.58728971675286,0.7558837532079489,5.37776006055123
3.244386113017198,0.558287475636062,3.1847539798114837,243.61616843847762,62.12052562370927,791.2993914287807,32.18230619987799,0.7509782934267455,4.2711714704636545
2.1439261836394845,0.5647273802186125,2.46728054849565,245.05799253053863,71.97303321186392,756.5308507759908,31.445039027589623,0.7555271366487717,4.168179233750997
10.186330545020791,0.7252742375876001,1.308359778782929,93.15268366053596,48.133575694703715,925.7511747948381,39.55222898067591,0.8517159540465126,5.113001026343846
3.1630881759867373,0.6530760692876987,1.4560608925724436,198.06666395882448,65.85758786794916,789.1484502258946,14.383430826783487,0.7992255554173024,2.8417259702180333
3.744616888905347,0.6201291600044462,1.9554106779571403,647.8496394188132,65.53743582698645,850.6805856354439,19.17964790989272,0.8763892795386211,2.3148803263469477
4.713879980942933,0.49215502622461615,3.9052914832705685,105.02311161094924,64.88086571044293,740.3132434997252,29.5085318425568,0.8246606757402708,2.426881265366183
4.382718296378323,0.3379169054459063,9.895732607497893,295.9081171004929,74.10590663742767,497.989230465799,16.678193686672135,0.6440351068971771,3.924478474210301
5.839815319933588,0.8298476927368043,1.2272540709572084,279.45583931649224,53.71175429757173,891.0714684275796,32.41286303116356,0.7501583805747805,4.561566280164126
6.3422375485938165,0.430961231638886,3.546027028347355,753.3091342148449,60.16647309684493,762.2442508818372,23.022662558528793,0.8302152487437002,4.896928911090857
1.9531954602405144,0.31632844217687306,4.849464568918374,288.51960133909057,85.89381732153494,648.7954094319141,18.540899367649317,0.7193148559731012,2.8983582347081445
1.0487050697796307,0.37985870190949644,2.4366857433394236,618.1122076087801,77.99576925933975,871.0124149950996,24.59149637280377,0.8774744609775806,3.3113047112837726
1.2053629853622658,0.3334454773589887,2.358303726457904,283.81105231697177,76.68862726490251,813.2013899628097,14.94399630620952,0.7728549480860515,2.7870757431756776
9.347569145175104,0.4764934034420839,0.5741356473744741,193.81536951131176,58.74452879438627,915.0164606830784,27.563483313806394,0.8483882172728585,1.6733798301358076
2.925060604025859,0.22022102734099733,2.739589626393055,293.19920859878425,72.30032751845374,908.7505103970066,27.04231258145274,0.8927424491499778,2.873846691205056
6.952326867311473,0.4279552847510009,2.2747002273571018,123.35976340219798,69.59089039785354,866.2164577696789,27.56290479328268,0.9203074202222973,4.650055852621327
6.4820065125009805,0.8074851710810489,1.7959107378880215,307.80679535740245,50.23683572822392,860.3690460478625,25.048507686127948,0.8259019097322138,2.811717703202328
3.743912325054227,0.5614173213013782,3.0831262875029735,205.29861316402253,70.13367185241015,714.5729785302186,24.983357280091134,0.6663414781045535,3.3946587747739287
1.4676914878951628,0.44001957086817045,1.0083116075236143,194.57587158178194,74.62351252014625,965.5722063572963,20.738336016704274,0.9091809234527854,2.1175155180138567
6.609193429533931,0.12195920284143191,1.196642088639966,463.7300006108314,72.18818013185526,915.9935445430584,20.588299079110396,0.8402726483753474,4.556509863955709
3.6306627513569394,0.5724167245639066,2.7841045637037287,228.88295776189636,67.19258671422088,717.1745414148581,17.69958404684536,0.6775157547519802,1.656545163376263
0.9693136241193765,0.03588145097424263,6.506825343109277,72.82151149153451,86.28241932676139,587.0699331091582,4.467401167052414,0.6456451894576218,2.2407149887917797
2.318905440962477,0.6854264695152215,2.081291314145009,353.53841536504154,62.88951552694016,795.4311228735488,7.38624859607226,0.801113401903801,1.4949392124735776
0.5620022903527779,0.1353599532464372,2.442747336718818,396.5138679447646,87.22616685967934,834.8138229671013,5.003166809767743,0.8535268927548731,0.9828062071449369
2.4291280549014447,0.11585705281255824,2.380382466589322,810.7528050308467,87.1914389786633,841.1638717290958,0.0,0.7805485611742867,0.6039003599469228
3.918729393635148,0.6536859148217067,0.9687388727640995,306.8624033906704,70.27349730546885,883.2592643954574,17.56321103764562,0.8079493006923464,4.309398056965867
3.2918723096572005,0.4743259108453403,1.8802476676686943,217.77881225499965,69.67324388429824,956.8574183205844,23.641693333018818,0.8690316918939943,3.4432741906974123
2.940128146904951,0.7558977459440043,2.686405026369672,356.6895976585096,63.70104020329452,725.0598854035118,18.403228637140366,0.8228372863072557,1.3902835805089675
3.8829588907083323,0.6957752728155794,2.6424774076452975,129.01688098749767,65.08510334841692,795.4565257782148,32.431964906997194,0.8443832586823674,2.0602552630297306
5.5551221786535105,0.1114919797087874,3.264279702889649,194.17487003060478,75.55422117967443,818.6383111891403,28.84767096821927,0.8194105852602402,2.5921845470372715
7.398206417407108,0.5034941076696556,0.9296045921657232,377.69790775436564,60.201714829780514,828.0744323525455,29.280309035550832,0.8231887899311655,4.127548174922674
8.19537867973667,0.2919325867266005,1.4052164152625641,238.70101464867787,60.946123923094554,839.045385755989,30.98901121656763,0.7876815125243396,3.4651654068695485
1.7311188718457848,0.4773618771881059,0.4460031383710338,85.07658664354587,76.04491200876721,1009.0926862325475,7.057767439668158,0.944065863802307,0.0
8.827873775787737,0.40361302676056504,5.868444084052527,227.81159794920623,56.989774593228276,705.516598420255,31.20759688314935,0.6736234544428775,3.850594290370428
3.6357601312323906,0.4958530231536626,1.6763263518824365,290.66090194705106,59.62052366535049,847.1637160843725,19.834698785064987,0.8322565470121772,3.9392290190728616
2.642784959502057,0.9409973351666499,2.8904234255210906,233.07107231908324,61.51872955800519,702.115850581076,16.592831233017705,0.6196730180715074,3.5295647905961918
1.2486522966364688,0.5264344633965193,2.3359118159518957,93.22589957539913,82.00383711582143,831.6326028097003,5.001137871548813,0.7169571086469456,0.0
5.240448102157725,0.08924050098568596,0.17376022364932922,46.14424927608361,84.01388066499518,941.382078640062,10.264138557057596,0.7681188223563031,0.5570663759907208
5.073766799619709,0.16226677743506032,0.7714426117061151,417.0419451934262,81.60417693120118,1060.6045437331127,12.632931145746353,1.0,1.7138407169384808
2.1138981109358617,0.2168185489627323,2.2584738608012436,391.936436592478,83.688242794763,892.2470351815288,10.981428019182225,0.8274356690489799,2.314065654730059
2.177344582273932,0.49267765368233263,3.5118880544055475,181.40110183760325,70.2066291751538,793.9903972875267,13.872790280028871,0.7087661093758275,3.6553237646029926
3.1821681123396406,0.25530950797378027,3.314886151382951,176.83158567407636,76.33231994558088,836.1166059491,17.204288175423056,0.9235389192809672,1.949273239907145
2.5991083103755237,0.4323229271415778,0.6685528264311101,219.85855723107096,72.58545811560668,986.8779318303041,15.017905020181919,0.853370446568971,2.6202477240399182
1.6481067371787619,0.7046228469872535,0.9640363944627475,429.2089791096334,65.39489337610637,854.420853057256,24.995779467009488,0.838950338449882,1.1540372399450174
1.094050740621232,0.3321209223688128,3.1059409912847262,292.62975695444084,78.70443565758511,797.3562542368741,13.491053366461593,0.7392479421899267,2.0492569010670136
8.903792909260112,0.515664049679072,3.2939640459744894,543.7210231604518,51.75263202051102,800.555432204182,22.95722464770217,0.8200237097625459,4.162825077702229
2.3071900706766444,0.1950226428572042,0.6289671667618684,288.39126164931184,76.22904571226586,993.0683675536951,12.56350570646159,0.8950946931033955,3.7850776472443
5.049853753570218,0.1934466672769873,3.0935453953411374,159.39023205865868,79.6781660285417,918.2189120197197,17.490846775445107,0.8135903913163977,0.9376331665944411
5.8993394563107024,0.15979786268525642,2.2460041011688636,185.81531044508097,76.35242455046713,899.0907866250079,21.585324449088645,0.7726695822835651,2.608812378095316
5.261782880417991,0.7686882884306941,1.9307464757195627,361.0334280385763,59.7514761106889,821.2295499004225,20.782908258875,0.7572710653904491,1.3512618302016706
6.161062033128402,0.5123309424248532,6.640347554200481,616.8567208382779,65.61700785779901,717.1007974044892,19.483263427455373,0.6800087620544106,3.5484821762282204
5.213132660697455,0.758201053270506,2.083983311050982,300.71025863199674,61.93509350654219,638.8611618994051,23.961883841349554,0.5952414770750887,4.774327615009651
1.915399482158608,0.7646946186974042,1.50790639628263,470.7174204705123,66.4689918223548,830.2720833687057,30.50084750407146,0.834881726853674,4.799985839220601
2.7418089718563996,0.6157230712764388,4.081774948272631,338.3911853720261,80.37608791899626,709.3048155329662,16.551642393209427,0.7813940324629305,2.6079653541521393
8.720748155978743,0.843930206966606,3.9627472888445485,319.23226163840013,43.89632601249734,718.3831796102954,31.59288163019865,0.6969925665906745,3.8164960233567955
2.241166595391886,0.42009010261157964,5.653512064360867,655.5730471483306,69.43424357370913,732.1881287893618,24.34862540984353,0.6351827144195887,6.954300523119051
3.640419862056751,0.45632702903273614,3.7797700035602437,139.67071442080362,73.47708990977405,855.0603490672203,26.178501161188837,0.8311886061249113,2.662203871903201
5.575212348799384,0.39041948566387374,3.6747755101461212,222.02917965657153,71.33517049560051,711.3754939235083,21.36378722156454,0.7345874312392066,2.3984684341401388
11.236427394510544,0.4800559267945837,2.3889922324210424,198.89921681266475,47.77987656452882,789.2759581897446,31.904030548484577,0.7235448982866555,3.2156563751892016
8.130938744900345,0.2963379668052915,9.320876692342823,266.09522161131173,69.42217465107126,529.3470662547013,26.493558789420874,0.6146467697371636,2.3389614516795447
1.4033482731496303,0.4267084594572309,1.0127225036700844,103.08504740409484,81.02538372574384,859.0735266718818,14.392164015327344,0.677563765586613,2.7629237798475845
4.916357198095996,0.7766449191253303,3.3619302193982588,258.99267051116294,56.73165429436059,666.8133115357319,28.789789497816766,0.7005013301017786,4.367363625016658
4.450946500419425,0.8349401639643237,0.9136642772732396,177.41193450114835,57.80488388528559,966.4588168136729,34.895240572386385,0.8722246612315525,4.142289637369246
2.7644343671531098,0.23406995254255583,2.3854116941490586,184.93828467869298,81.59810344286663,921.7171993790163,12.857894557187976,0.919501024295443,2.413461177538898
3.7360399622543135,0.18005385149861086,2.332555302013391,494.7519075825177,79.69307063618933,833.1664580511596,14.69896846376314,0.812594142041511,2.1305122271797874
1.8960843117435797,0.8936132398209325,2.3810721958541,164.9649101163184,73.03858186455183,771.6450388771117,24.03418562545622,0.7675302823443009,2.7841745853378432
3.129623755231016,0.5107344394085324,0.40487712670015297,757.1094945017294,77.01673061984025,881.1098882335431,13.082458568588777,0.9268726020684661,3.930602179848173
2.261860137869073,0.16396183365344574,1.6706235858314602,293.9468511354644,76.27707191011724,917.9482596411885,9.668048628499958,0.8110875435395354,1.4564899719047748
3.9886680519568234,0.5770274092164274,10.459637799094372,56.86318326717219,67.76468620354485,448.9963425973068,24.51622407784098,0.49460092119041216,3.0278987392904226
2.669033327623575,0.3785159712101837,2.5892387165687767,471.19517688856615,71.31553840568098,748.2710882697327,29.420082921617052,0.7946102331145665,4.905557677507382
11.878333037625183,0.223985991690586,4.692350033605211,44.97336202629049,61.05831987378385,744.3734411381387,13.61206634568265,0.7988906327321461,0.9846774093083572
4.104614951187792,0.5116057448382827,3.0893498832173023,121.07559362840298,65.02856728425368,882.5643716271517,28.88035466468672,0.8829978923900053,1.7577195510696688
3.4491190244839283,0.5082575358993386,8.627998191152528,331.899531620665,72.95664888719986,489.5425174445515,19.139017293615833,0.5820798002892085,2.397454683105473
2.9780639723410873,0.511370329728485,3.1144329485247093,232.48916471382427,69.79236488739812,864.5446410333516,17.940512720028195,0.7831708064160254,5.251651239775327
2.675866458873382,0.5060878002143183,2.6002858653047425,390.4862828302688,64.42741168293855,853.6723180269411,21.02282815388183,0.7500480149526616,4.217876974993586
0.969599326504688,0.7478715206928466,0.7268365495630887,186.0280064949428,67.11781213440028,834.7676666962635,28.43528820432098,0.7564913879419971,3.9977464136113485
6.93926036734038,0.7081196060922111,0.7594020668810935,184.9843600131728,55.2321997873067,908.4095424339016,35.41676299336963,0.7697960775568925,2.953835377113801
10.197411362523905,0.5544819768894205,1.4493625637706906,205.14049879913867,53.38856446900268,871.3701297273965,26.40539886069154,0.8008313524434809,3.617822782917728
2.228073439892979,0.5080727524258217,2.034044668409988,343.0560240740269,78.26891150135337,714.1805613931415,17.039488175434272,0.8114697517111857,4.308384011474227
8.686026271635905,0.5294182421756539,0.836126458114562,396.6079308168238,49.05279715004258,862.8697890690438,43.89689386258041,0.7904841138886983,5.293954384655061
19.397532753784365,0.5625498558496823,2.5804440728193545,125.76442368702465,24.310158654442734,789.8853187589302,57.16739372154947,0.7803517666458487,4.377441470819407
14.575175778348417,0.3886618363006232,2.5088512420509383,507.66694684134296,46.30687374790584,928.0465780354402,27.577879609296836,0.8841858564116525,4.102842412799393
9.859648228620575,0.6612577908954396,7.208447026004387,734.8041240029378,51.45312064167181,588.4239521682215,37.85882519968416,0.635005413515427,5.432740542549615
1.1215747516414178,0.6378097702365974,7.912225730044993,261.04199254872026,73.88146043203587,575.187742508928,10.798325699802504,0.6266760816590583,2.6427281868195855
1.1064249769240448,0.14006348139157648,4.087031099144259,309.1671498294845,88.41954378939413,745.8352613726977,9.41481771929076,0.8117961044791443,0.9699907022671237
6.137056422099722,0.5864392794258037,4.16884590862669,177.6211535002738,62.69002084422463,741.4826277043279,21.630937465069614,0.7542107074811372,2.061013514648567
3.672443284802043,0.6390668131646687,5.238501888433112,459.6180632486938,74.99116674688356,623.2665961300987,19.921153498145003,0.7304218340386728,2.84870618521828
0.2721041129911578,0.3918675940332876,3.130907362113133,46.6371115398375,92.89366264653958,881.1460848112406,0.9560585609226129,0.9480781288580573,0.0
2.4862960108123993,0.43804141016376746,5.434456586056763,593.1122914416677,79.81452537255842,691.6833308774596,7.851601770334234,0.6715149386130355,2.7407447995087177
5.921225107833637,0.7967413856348785,0.6618166101797984,556.3123933041965,57.584890609222,782.5389442034549,31.58002664177724,0.7617435352059628,3.6699408205703192
3.1710997024587115,0.06247733780532201,4.4904469286079065,118.89868442163146,83.76941961213431,884.5410892157254,12.053735380424131,0.8223735286048762,3.371754039020336
3.688397367814784,0.5179311332109876,0.8810508698858905,162.27407099865786,71.34963573063754,808.7061129670411,24.984943975724338,0.7604451757035885,3.533641920709377
1.1044988913217597,0.7420500498836216,1.000292817830519,238.14533251657454,74.16217084132025,864.0017390162548,14.90489306638992,0.7968251147140959,3.0363786071028933
2.4556605793378576,0.6650227641039205,5.194321145288177,430.8060662424306,68.42621988920769,603.2366446323826,13.017986175747946,0.732087029830843,2.5677455648031264
6.157897030927526,0.20941495778477273,1.3246424293008772,95.58654058839615,81.13159736146213,933.1831626740752,17.26416237981926,0.8648722524707244,0.0
2.3414212615318717,0.5295137463063504,1.032370340199718,191.04192332844838,70.77819080894467,943.331351415137,29.13665991559704,0.9904718814938203,3.5809461772791966
9.223810238855123,0.3718718118192378,3.292431973775235,366.24711997517113,64.50953328240395,773.6292904353365,21.376440655636365,0.74386136891611,3.1014302690789277
3.762620405612825,0.5070955367596617,1.2085867413691331,111.70826204516555,60.04531384501205,804.8046026960632,30.88511921281789,0.858186756941889,3.5361920492520733
5.224306844865417,0.36277886356983197,1.033663883963462,248.61336172133286,68.88081095719684,835.3162202387358,19.913178831390294,0.889137238839277,2.3515770554254956
6.047004990658666,0.5421069523453295,0.584778430788096,277.6322806340736,61.61215208758718,891.9708794843539,38.46675953966377,0.831034417962946,1.9128454629847358
5.854844506944777,0.5949880484237278,1.6199735589124815,136.99215431275746,63.704341562630894,961.6328097083382,22.25146476329313,0.8993406453217029,1.9256761167648406
1.359455903923488,0.36674148282371927,4.057429414018055,269.4526158114018,79.93145890388028,846.7691675516544,13.771430670650242,0.8522033879562719,1.2576151418589259
1.6354688751697908,0.5227809467534521,4.491017269745645,283.5760593006243,83.95405427071918,812.1708838464054,0.0,0.7594572411974365,1.496403200614622
0.2634679059840447,0.08391631639744064,1.9528976109346192,176.136346622967,90.90013297853467,845.1017732944405,15.808424914065766,0.8902467433416048,2.404435135456649
2.7328310468351895,0.09010490175535844,7.108124554720791,87.29955199037731,79.40241877557496,767.9743037685611,11.212138259220215,0.7202170858175163,4.065604150611918
1.5078375325863826,0.38175164163377473,3.4292508018129615,81.48049225171152,76.10286142208824,864.7913173491216,24.518825088469818,0.7928418497678924,3.212673686461544
2.2740304549562014,0.5113371651696522,5.263965125253718,351.59602499132154,73.02975467617341,731.0409764543647,14.858433963663334,0.71314173775175,2.1920449160149342
3.0019612281430335,0.9448330773631318,1.4672312147069528,351.01129999786036,65.99496939103504,761.6925764294198,23.33118794764569,0.768278243881475,2.840748260460446
4.200646946707735,0.6064008133920726,1.825789799066361,211.98608300989355,71.76558403802116,894.3397286839473,15.075953585268937,0.8529955399503519,2.5867407249439847
3.21437619151581,0.670872324216907,2.0486553975100437,235.8563335792895,62.57360200017851,776.7513063510344,20.59065917555616,0.7342303921127471,3.7611530453500257
3.161208536725102,0.2240878075598687,1.806184798476334,193.26321793850065,75.91360671426301,933.5725669214264,15.101963901938971,0.8544858403652116,0.7854796677752882
4.889330000387991,0.4700509147446364,0.20457948635410905,519.0610652544078,63.25300796296131,898.4668307203211,24.89197407069997,0.7833554784194214,3.4320874430683626
3.5478558292683773,0.5239827426737762,2.4796422728986696,195.67241823163278,69.82962172793505,763.085845303392,18.93025361982568,0.8160784167741276,2.302752994730411
7.341581661656169,0.3756916242798377,3.09438879262507,668.7446804944715,68.39291598580496,795.5553618478255,12.993603953405886,0.8120831496260495,1.3252160707827672
3.557835396398364,0.34044193791539784,2.9486073310887373,154.75136643601024,76.6725664198613,949.0636914999341,18.03121583729603,0.8520745663879257,2.9159500776850176
11.28780606462042,0.4098718166198562,7.646582634381151,462.04723562660587,53.64048005047533,562.7024102558462,20.710976306536573,0.6280107181401879,3.922047694513023
1.2999970508203926,0.6946195676844634,8.053887159011758,111.9346548730723,77.46894532736884,633.142783066359,13.744403675730672,0.6467291411827831,2.1868348139076517
2.6875505332469416,0.2085782744232656,0.411131063127791,320.2253129374212,78.78904632764441,1002.6838654616084,5.364905432417364,0.855146539166913,1.7476492014824203
1.931349591660548,0.7344025813131582,6.20668532487869,102.2135429262144,64.44115373802757,630.5091712827585,30.293013556340497,0.6242642917208034,4.408412835800944
4.34015361173287,0.5137292134072533,7.353474286609822,177.3979210926904,66.19946261449054,595.6755651203176,31.053103239754094,0.6111117866691856,5.9397224904665125
1.2990599273135586,0.35907402847380415,0.26815822223359914,456.28995569412353,86.23278429941146,860.512075579263,13.188334845344293,0.8642325145470277,3.0297603736536622
0.7267292479183315,0.3032013411269081,3.943551417185324,105.30309450197342,88.25413277417117,874.0946703955436,5.364648253044018,0.8762446398199607,0.0
1.584359820012116,0.5829753754923933,2.5320030000739586,574.8100040706564,76.06806406455209,739.8939180159744,12.303102921527557,0.6754637566173577,5.927527857595054
0.7944264063804307,0.18501115591717016,7.099560515100757,412.95891928124854,92.73584782478714,520.9645907916312,3.562765863344172,0.6475122084934091,1.0460315378092317
3.0383581648460876,0.5459728494138639,6.786433254247097,410.9832096174748,72.9638133595213,665.1234643406895,18.59631823003555,0.6380252008546388,3.785313156990591
4.190356451742483,0.5590872608276634,13.204994903514566,410.3118679411973,66.7925184087175,306.8915324130314,26.14102375874473,0.5223612834015157,4.137933915147711
0.5940146563549938,0.05596570823656229,4.049107315242821,598.5517500706869,83.97479942103851,823.057061947084,13.604758921587509,0.7980376140236581,2.7728775085631097
2.5336169043172068,0.5957357526180209,3.536670871213782,320.8939486403689,78.8623014163151,688.5446716388899,2.5665368911990925,0.6870868490836928,2.1650360540289006
8.114117065470186,0.1775637521198319,1.2032130594084256,176.99310105254747,65.7382163632848,890.3577829016828,27.956117822664456,0.8565076119887165,3.4760158190540826
9.957799486649407,0.02195517060393014,1.5858477150680756,366.89139691074797,62.32071265187146,937.4372761468122,28.689158381660018,0.9298932503048474,4.619621066120098
6.549867747219931,0.4086644080835692,3.6628241462109017,250.18633726951762,64.62044234735217,808.4797873044504,20.07473063619436,0.6913526217498649,2.3740508675838985
0.12047619288107853,0.7560270578043972,1.5219791855688691,535.4305647960509,83.2316276913832,906.0430323296343,5.932827885845162,0.9005235567193001,2.243623665166993
3.8734776378860643,0.5293632515837733,2.518459868097836,259.83754101510283,75.10872766485929,819.9409131167779,17.793659491561304,0.7521974472216308,3.2943519182977203
8.846290868773366,0.6156213420415388,0.4822764687085962,426.7846410103707,51.27056943663183,894.7961769395051,35.191063914451526,0.9080600072337163,6.298058422336471
2.2976377595917503,0.6694230988563211,2.6591629434682864,138.8317390569754,73.72027917402268,778.8310597566567,11.783692311980758,0.8106270054707939,2.2881363622896997
0.9895646021839655,0.7313765189166785,0.31703741938792296,245.84775656392708,79.88233446905888,933.0490394660718,14.43197420123643,0.8037630943911539,1.0846979976154627
8.348329745002598,0.3167328629009117,5.1372794277795215,250.76048544280368,63.77382837657714,679.1371528828305,26.465364307182217,0.6783795842325184,4.9580351325543015
9.297873138978826,0.33663890367298716,2.76924497610043,537.0289310243263,59.29403485160184,812.4803718617567,33.642461092993315,0.811507383018587,3.887727763183503
3.525134998899622,0.3420974371135449,1.418106584785999,407.6452796403651,65.42066611411104,891.8843039731066,23.539411041720328,0.882475083899306,2.1899643561873368
1.0005353175187774,0.324566936195738,2.144193962871836,139.90058402605254,90.11301809537481,811.1771799506511,0.0,0.8105113976051359,2.174787441703296
0.4966333649230228,0.4787049351989478,1.537738261719157,266.2610149500268,76.40088684705754,950.4312220941857,18.03160636890925,0.8897620224446052,2.4383270322372903
4.715360867324202,0.8258901760193835,1.136830180038464,210.809610135799,50.85308922548201,849.7537766852506,24.258810654050976,0.7779119353280297,2.829199492621123
1.9478125246713147,0.8435982736280543,1.7219028579981752,412.74172801809226,59.04510959795203,731.044377583143,23.56868024272952,0.7403167223828189,5.175932262233601
3.3327920123619466,0.43376724779102666,1.73270639512014,438.68703825234184,69.88190414120773,890.1270397963408,12.978048716634287,0.8304079053041836,1.9117528935663608
3.0235977240225083,0.23556825464620496,1.9719588505261414,507.4599682054677,82.46983126140458,964.3920868353467,15.234322317464605,0.8035768800452256,2.303060523093915
1.496608926950676,0.4043207516403361,0.18109612870605768,435.38344360007767,86.2053260060011,888.9274122883962,3.139265419449723,0.8501320931508223,2.068074160332967
0.45917869830444613,0.5513328673446659,5.418949894803642,156.28305983245147,81.54742677690045,782.239548288959,18.91274863025739,0.750993381035715,0.31558252237046513
2.3566886603658164,0.561199263670801,5.495145481343212,250.72162513663355,82.57751680602922,711.4282624869716,5.248195250488497,0.7956528149787628,1.695461071332221
4.005209488415667,0.5561962880040177,2.356309672103793,459.62293004634597,67.06374697153888,834.4191649672622,10.974114165464751,0.8591389959303328,2.299276163092024
4.167397896316951,0.5292803502099656,8.316700203371507,556.3116666872102,68.10543888811348,659.8434514233169,20.23868338626218,0.7051192624424929,2.762568803867651
1.8247197059959313,0.5135405785186986,1.8302096372742285,108.05140794958588,67.35352722491048,861.9832836349465,14.88509537489244,0.8724004545590788,1.7726197703109154
9.155465797759737,0.9043425833203492,2.6072725553274037,361.152561786407,42.04601348138657,783.4750195701635,48.46727184517281,0.8008474688948934,5.456555576128245
1.121551629523643,0.8950300658715219,3.499775263127344,256.4443798155682,59.04945707522505,731.2921172998858,24.588110182206766,0.7376565165390587,3.223663833363438
7.628964198896745,0.42425578823906884,2.5504651405083307,307.90473545446105,54.798096182361306,729.1154801260581,38.56655805838801,0.666681904708216,5.517372746371294
3.896152758159265,0.5544639157254881,1.4246920563238805,407.7592922467318,72.60055941633091,884.533986869364,17.344154310210474,0.8227427233263174,3.0047067589911713
2.376607431883163,0.3653253969996461,2.4609870162452294,271.7850130008419,70.30166867628867,861.8913099354403,22.925925913030923,0.8004458087209078,2.8069276684347035
5.234568454152351,0.8568094423969345,0.6570576342746668,291.59278558966645,49.935094595472336,822.3942924793494,31.869274562493963,0.7879062560283904,4.470414431472914
2.861939156566892,0.8270352398755157,1.1418107760878233,132.1185851468333,56.9492697112684,677.2996704985248,44.398403478818786,0.6949379449028048,4.999683488747346
0.7148121115326751,0.17055575484230034,4.69349562124396,250.66582108375295,92.47351169742767,824.0013434525928,0.0,0.8495705486762279,3.9540274078867412
1.0297727077519934,0.7216127750310748,11.657234683933074,241.56620604392063,82.06487674235122,373.84748571954964,0.0,0.5850064800875783,2.7513967295947603
2.6944474483258416,0.7889325991857796,1.380193331108863,234.2622348149724,66.81967323441543,758.847019606271,24.78741312570751,0.7309014429317403,2.7293146905785757
2.0858321432474085,0.8715090678563211,2.068221813611121,231.03506752454638,71.66920100541377,713.2325857009573,13.68191884124328,0.6617135297810355,0.8520853437008249
7.4940467431276945,0.2930694775772737,1.9691820834383846,639.3254716413473,59.370792692308534,759.7307815010897,29.666246743685818,0.7073031331745094,3.8520761646125035
1.9924950378112873,0.6191852211020322,2.9042867245436392,404.04644377408954,79.69234871389487,818.653356298625,13.799489488646213,0.8532761604410274,0.3101104643351289
1.8723606865515694,0.35187850919167546,5.10876343247753,118.49219941606428,77.00754101818896,884.2289720715742,12.918303047135302,0.8783865773216816,2.300352400983551
1.634287562518892,0.38601585650547926,2.6936224186577413,71.4488030556129,83.78463497420779,799.5589314199163,8.909063618066737,0.7227557702608904,1.396414526219016
1.493026405276889,0.3920684366329167,0.6922177979575743,244.4393254905426,80.58309615847476,962.7615417278209,16.047324523740055,0.804315611674351,1.5910531126430665
1.5450329629891513,0.16571089040341588,1.4816553697529824,487.0154192704763,76.63228166474185,910.2604163480978,14.189796626779689,0.8165936347656719,3.2574229284513345
0.8564380149765185,0.5323518418238304,3.211782852211545,142.09878978169664,74.69609345323853,808.2204069530093,16.796179016085112,0.874722836651251,1.6343637029220242
4.038407017493018,0.6006831556178577,1.7885654349505269,443.1674435690018,68.72317862822386,834.358140492866,18.90688771865169,0.8215757337890357,3.3282694087390725
3.086084791787151,0.5450793570172155,1.8476621443685428,159.85279827747132,62.86651708813099,891.2703593746234,35.763737722645345,0.8229436405276745,3.4458224717251094
2.9710772915061687,0.69599388515298,1.8903124697737346,210.63588894695587,70.1696968202861,747.4988267782809,28.738817307762456,0.7422157234277706,3.5706732068069966
0.539517443552156,0.8067286667703955,2.31300510295288,237.28370296543764,66.1318687327732,792.4439954625166,14.873145343805614,0.6814000872424111,3.9105550986207094
4.871469263761676,0.09674080088011798,1.0635531540605547,271.6812762827145,80.67020876799391,1011.0357261464854,13.546106702481483,0.8920263076682157,2.8658974031780127
5.277965797197177,0.2581616870797797,4.6320839799298055,99.24427593324717,65.90906992776938,818.0622153581409,18.976343137792483,0.8528460082450383,3.590980582645998
10.88661901812407,0.2525041903370016,0.6867691518063106,116.15985156849347,58.24345017404343,954.2342815031154,21.75816098275285,0.8528223519241682,2.7587615837261104
5.048612348698087,0.8592540559195648,3.1596161302108827,207.63991713480516,62.45585039020745,750.5781486341541,7.090797589918623,0.7381405962061921,0.0
12.545716067445493,0.591255867690108,1.5603801417957572,83.35778326971605,41.74112736131922,827.2440136423472,38.82849823326059,0.8128019939618649,3.150191461906075
1.7814053157719725,0.6659398748023947,2.539209552761272,195.53503677704902,72.60663900655072,777.3765294834932,17.683419126140954,0.7102222062432898,1.0596611612187044
11.324915913171669,0.48984580698025415,6.058791867652602,309.4948297553004,56.20682196997776,590.9730205768182,38.79063122011808,0.6712310892439074,5.627166218288181
5.1829166695960005,0.12803352141933183,5.965556473251279,135.44146835216318,72.3343498489771,772.3635265915134,25.650562664579624,0.7220290841491459,3.1722356110779897
4.662452180345122,0.6345346390944715,5.019980357077012,191.33369757764441,62.478057568115666,785.9102632608747,29.21635522321453,0.7465815116034848,4.7396848395954025
2.9028046624972,0.5235878371906324,6.800640186658901,285.0902045002159,76.40515756823194,667.0786152040487,20.94379248725805,0.6813352049375608,4.23956617465762
2.3675698748846385,0.19331713478691817,10.442968560014739,107.42065029440143,85.17594607810413,554.2810503360873,15.487119674530039,0.6136909557101979,2.486927062186869
1.9216121411155411,0.39199170445770576,4.6429798913882285,311.1994567649833,78.22122364506598,791.426700812141,18.170743542188358,0.7799629883602809,4.48197066574928
11.611811303507626,0.24612971125367458,3.499054081496005,252.31344358639154,47.93619248948016,696.0107410897391,44.75320896665669,0.7139255524475238,5.90240973433798
2.819045611369099,0.659296839616684,1.076956812571569,154.5958351517075,74.9285790427175,827.5963270617001,9.932517744356096,0.7874604137935247,1.8228554827462466
5.2590898879093935,0.43365818897977665,3.943932343380731,514.9709384564511,62.190266847539526,772.7629450990073,23.542328233246792,0.7697523654595518,4.038919640000798
6.221933556695218,0.5576101463589872,2.6467303286434376,129.9240520605602,73.7849769163614,708.0831698868999,14.578735207525133,0.6794629499869759,3.8016642577615563
6.151932386375133,0.6032508970478214,7.750574978482492,323.41347321119684,55.48525510343356,609.1188102798756,27.851520551163702,0.5575846347070352,4.649766180400504
4.0541895479521415,0.23646138137964565,4.359612037025992,329.9780820269569,71.39969987262928,679.1011679143475,19.1104448762347,0.7070294878348437,2.401655147244781
11.169893428604626,0.16756339160181288,0.8640178690587033,131.1461485676793,59.00995411159667,981.7721398153774,38.48848934324139,0.8546858937777686,2.6007571845048583
4.927291269330383,0.13569127910030424,3.0778928546018394,159.36805450551086,79.57144628994442,870.0818804676135,19.67205476907031,0.8447807281861226,2.093528372395771
1.8730690350319787,0.6842651729306723,4.7601289144027845,357.41384255334776,67.4043558707103,695.5036362967588,30.155695275823007,0.6897048242457843,3.377398406830437
2.4740419205484403,0.8165890020685449,2.6079820431148453,424.2726071611302,75.625291237837,818.8785057988588,16.594726476111923,0.6964336672280813,3.2910139644459995
0.5823478819627891,0.5739380444661211,10.248692572297418,313.8918283463039,80.55315559305468,512.7834160577685,12.873573472024797,0.6016771118487909,2.3374367790290416
4.435476721801238,0.3110453217388952,4.237843835318211,356.43524721727164,72.6779054264402,812.3528017240365,22.595690302063126,0.8399889993398422,2.617019447035501
5.621311038552344,0.7073684336953125,1.109959610767282,195.64895174197088,62.38187353284381,866.5092429398056,28.924991129724688,0.8355476095561062,4.411261506762191
6.016463593998396,0.09454008821599003,1.0350220200550417,475.75231805328116,80.64048982386518,892.8177764561233,16.14032931376739,0.7646617127867251,4.604698080773923
5.182996525563507,0.4195050731414778,1.2671283464754328,86.95115214990686,77.00953078395514,980.4848667067853,30.00373613805771,0.857020424347213,2.225726423384785
2.9120133056516186,0.7907471597612776,1.6353758250230601,297.28456205623075,67.45959932716876,890.7172693312496,26.293408840008652,0.8095959237619014,2.9101127650116285
3.427838626027255,0.34726678633670854,2.5118844564905785,466.69791057802695,69.66440637823723,873.1571305438816,16.51224810058813,0.8146993309140993,2.5804000239774134
3.436679453953441,0.5840399251499091,3.244598796368261,435.79352455152736,63.796480090454395,791.632073260997,21.119003841109638,0.7456295683531151,3.6380017215548994
7.514481731406686,0.9447111993753272,6.063480537047098,35.669257242858286,41.76416438095917,660.7739451982707,45.81623247921902,0.6086549814596586,5.2547432163269585
0.3160491665158754,0.22977460033980068,4.661260620420016,410.53880317407004,85.09498263089364,854.6926079412868,15.01620396845092,0.8059403451137034,2.0969474017428964
2.2160273951913587,0.3196656552332903,1.892286307724935,193.14453968379445,80.54920997171665,990.6020724081686,19.487940630989876,0.9659777656876607,2.5571788266113327
1.199830511825553,0.6654057662900482,1.9062353576162914,190.08990245776548,75.83505416243096,791.4492334101581,20.040764110301605,0.742195895876895,2.2950353001180694
14.604491461474641,0.5646735304099486,4.4856451861392515,304.3739270390415,42.70303405488971,798.6222204468154,33.86731675191446,0.7169937425085562,3.793772503419632
8.682237503502467,0.7505592736401012,1.6222080070568516,127.63135220405735,39.82259574073659,817.2956655877305,51.34428858712408,0.8616074644084687,3.868875981868057
2.307528394527007,0.898896466419684,3.6910590103562853,330.37174938187326,65.55120437186869,620.973503133729,32.171433473296005,0.7686308646445332,4.964028728083407
0.7502445773123887,0.5837966676673075,0.5976279285959789,453.5824788928415,80.45840326059567,938.8093067660672,11.365408795587214,0.8428983402377253,3.196606482066543
1.033272885385085,0.8824410923244742,3.3510476812083487,556.4415763219921,55.79917026082776,821.6325262503813,33.13956272519699,0.8048632954022137,4.696201893559356
7.435987592618334,0.3695154784986089,3.022676333044469,696.2947622941876,65.7218947111605,882.0472528950294,25.109504170008833,0.8402652839767474,4.543488411105525
0.5590991242335753,0.4673441514954945,1.641692224569684,310.0965719909283,95.28951185739581,854.085203549317,1.0680890011310975,0.8568906990931976,2.24348249626459
3.4770445118281668,0.6996654133753966,0.7750133637035244,176.69488705406616,70.9440397910905,887.3013604169424,13.384064516230083,0.7765305524578394,2.8465363898502334
6.519856664110778,0.38850617366585716,0.6597351462670442,145.03468590450083,67.26720112871664,957.2659008320808,26.359834849567903,0.8728661452698974,3.508087930015492
0.918661834827385,0.6061348627577697,2.8612338288691683,767.8922608919404,75.72264119032486,829.007959974924,8.042228097369026,0.7429054286708721,2.5215327850774374
3.4442806068571135,0.49760799765027,3.2220243949897975,216.620825933039,73.39091672115056,870.2825523373037,15.054095942294612,0.8394352858680464,0.6160278393170988
2.344580494401036,0.46688672241587076,0.34528113036922814,47.27774042450139,83.97974797572144,972.7347659328433,21.485122439987485,0.9592923998335611,1.1449793481850268
2.0598215739722674,0.6050460489778335,0.3308138299312593,155.13434212142775,71.96066424657627,861.2807999421178,22.12559781808444,0.8334349646586683,4.774953636533446
1.7292794531202893,0.8691334932059286,0.9362355327070591,184.03657844434014,74.05171671517706,833.7692652213167,20.462740500276546,0.7577642769745975,2.4944185045686704
6.948133877625656,0.27346087447860584,1.0615146827148343,414.288997093726,69.63969656437153,886.233838016117,19.485025972771147,0.8815250100564939,4.343496092335821
10.102087120768559,0.6492571576742299,1.3276616340055494,576.8700128321043,56.59525936448672,859.178647065084,21.015132232756955,0.7849540836781288,4.021603460945943
2.7052726162796707,0.36530984277162626,2.873454342124534,439.6132418473973,83.19668228706806,718.1340316476535,14.248021898543126,0.7545530978897252,2.725438882361856
4.679235500501584,0.30055301566874165,5.039590600703907,366.22730299111504,74.39615431722481,869.0285981382607,20.916126556256497,0.7825951735970956,2.1556716218439123
3.5146183857185864,0.2967890064383402,5.095779718968885,585.2849515910184,77.66174700354391,704.869476559278,20.40183188833066,0.6564952581209598,3.1299692666413836
0.38560037348194837,0.4105967616666346,3.978608369319912,431.78180017328407,82.01191980721907,748.4767898799732,10.235973527735112,0.7110983190359907,2.4174021462788007
2.606965561974722,0.6190372210765199,4.937423300496664,513.5138643002183,76.5877716788864,714.6123802035929,13.936494297726846,0.5936378365279569,3.2264243915378445
0.279783531814192,0.8895131668349601,1.1042848414062285,183.6086847899046,68.97177450276746,739.7400147712909,25.128294090395407,0.6896537724870159,3.854899201705587
2.159522370676838,0.16731009597261498,3.903764983725024,119.2477525079332,84.90741156557486,798.6298747058486,3.0177166552814256,0.8862440560263043,0.14284347526200347
3.3607807968651775,0.200750788250259,4.280472404026896,142.59008041993994,78.93179954929626,808.784727124024,19.626161247207314,0.644314518706423,2.280518137212109
6.114216109866512,0.36371139776380473,0.5243146129597638,241.54272285480812,60.85844217286569,1023.3899352100469,26.437550792745693,0.835498518075555,3.9640279565904737
4.3354352264685225,0.5120525493287986,6.113779517206541,706.7377375198059,70.29442212465834,687.1662253165508,22.55212125517777,0.7993816906732354,5.718101256822612
7.088615888373437,0.5045283960937169,4.42259519308122,191.55949771428428,53.49423579384744,723.0783524676427,46.40023177943346,0.6858734574761273,5.123000324441739
1.451906019371349,0.5082764842374518,1.4792167079221727,145.51171275305776,75.69635411640375,797.0517931995012,15.381068220701025,0.758066547555368,2.6907546021261344
9.163834616068176,0.5833286468160933,0.42039082391638516,904.6972186640719,56.260991740782444,1023.9834975979234,31.45317190799921,0.913623941735312,4.438041150719699
10.110077449043905,0.5575150322300129,2.818516199464037,319.20545984377054,51.57642270221153,808.2336556202335,34.07627896841892,0.7025302845785989,4.192707868129619
0.25676691289940373,0.30669039007439475,1.8869643450601945,205.2182417877967,87.327200545948,883.4630637611739,0.0,0.8822656496720905,0.5518689238745318
0.515254930806556,0.12352083842623839,0.7471412337045256,108.31259261623343,86.04263038730188,869.2976338032054,13.438952332810993,0.8155511641700702,1.4953310205064236
3.290779066058356,0.4481820385577395,2.473556445486614,100.74541528383148,79.1674490871162,865.3146609687291,0.555828030575503,0.7874418196082389,1.4386799593317259
2.0043272167937314,0.6130556017573009,1.6492090031265176,462.5449882390217,69.22986070300571,806.7889999851398,26.083897118573972,0.83127396106178,4.1349651671699466
2.3248363337959645,0.7130227457528868,4.447171351742525,63.917677693366514,73.73169539536394,803.4601550589481,14.238134928977495,0.7155371402055984,1.8763762662067416
4.30230966951595,0.5012339460928102,0.3174463888711835,259.59122349416197,76.05651494473346,939.9803206872718,12.330969869999826,0.8659079682546998,1.3336999912686234
7.308980956146454,0.25813435806644,4.773405592358535,567.3110486702972,58.96695434748826,777.8439934920841,28.492462994579117,0.7159615313322578,3.7888965406143287
1.3705284563331985,0.6500211574779088,2.332531366375832,189.3725722548384,72.60548126944032,729.8273796129129,11.221293354014625,0.6751156451873447,2.9028137191641235
8.265898361514006,0.09645653006529883,3.9339553066261184,319.10570329122305,65.29881910051829,822.2818444580128,23.61868227654911,0.8934949330288035,2.0448117004026507
1.6974071782344144,0.7645218638378568,6.471745986670964,166.99442860411816,72.15918779657689,613.6229308525604,12.913298095286201,0.6744748440843519,1.3269216825247607
16.046710236438713,0.7765542827949901,3.2855057657931592,721.7403446055802,22.728842288270705,759.4746408390912,46.35380811830209,0.803064849908425,6.02491768028301
9.213698706229172,0.6177257831847345,4.718605440373394,342.1075253238424,46.08867786839592,600.3945800675789,36.427298758731276,0.6342434184695545,4.628784689052677
1.8814502574405743,0.10659618155252681,0.5885290700453991,557.7657698745776,86.42278278384411,905.895401848754,16.84515471926361,0.7920855883416298,2.9478549069107443
0.7719802399883462,0.7114451104598546,0.6652902003873162,276.6647704897385,72.09231181900088,836.9189097170964,23.868832409065945,0.6463182245847376,4.357220178347189
1.8377674239080681,0.7596047857205533,1.8622463039716646,315.96398736597837,69.76677842715175,841.5817694700219,17.900580480256526,0.789099363111183,2.644958524246503
1.589025335297598,0.5586625432453758,1.4060920376755879,368.5414028791545,80.72985040255324,744.1328105824822,12.506799103165156,0.6635633584116094,2.0921912835370344
5.523411823744194,0.5834701422336935,3.487135603647622,238.9609279456967,55.75602577114137,855.8972073735995,27.712840442782994,0.8182617931671567,3.4109154109970405
0.2680011763199286,0.11885486062672537,3.4839897928983516,431.7227009412523,90.65576341683158,917.3302106558186,0.0,0.7857644573064214,0.8539704690202674
0.5243300514114966,0.886334146629429,5.519465970370273,262.55019577683447,68.3137958685967,586.607019559041,15.897154922420125,0.6753580599439446,3.655966015999985
5.397379286218326,0.5377167074554202,2.318908078876957,392.1782905955093,65.48325240929881,974.7280248090217,25.749854599687573,0.9877633246191926,2.903538104594717
1.5183037270047774,0.3405287217990956,0.5893748735054131,571.7794164078801,78.99683041090292,939.6464680177174,10.320421518245427,1.0,0.9405320413816556
2.1869751696947257,0.3346952008322594,5.561172785627896,298.46197525763915,74.17078104701645,720.8115509536698,17.71662004506051,0.7485154298486935,2.924271801691205
6.496599660192027,0.33914674838498854,5.377424361532321,183.43902066680207,68.99681864979306,769.6764384533067,15.5782022064468,0.7612383925418704,1.5343589011800314
7.563065368159658,0.6056796031360436,1.8827030928443635,546.485752638975,71.02599228690104,858.9256691715944,25.032425892348503,0.7803047750099368,4.782105302864736
8.881209159372062,0.3168440150814211,5.4869582258270295,368.2284285258768,59.9323476522954,740.0274136089529,31.88134969314506,0.7049392828829726,4.073312952680066
6.0733596424075476,0.45649100242165586,0.5204809394486036,212.65824209275485,61.73696593554148,845.6356543597757,36.12393220459808,0.7614505203852516,4.66046630501433
2.823226936506832,0.5365938465790004,1.9992989264006384,164.31941740706554,69.4695587054567,813.3082714539986,29.540948201016576,0.8621123252746654,2.487394016618116
2.6100100223333333,0.46546726459376486,0.9058021597498487,21.07851834670024,80.20685015734928,915.3855759670554,8.325355461247186,0.8296334682296758,1.0258424890904487
2.3323356651359823,0.5295690347087938,4.635566128542512,277.9502512828745,70.37896915323198,785.1890418278466,15.575010830971554,0.8791289100607595,2.579102713769834
0.9229128620538642,0.8688212940301299,1.4294236099743738,267.39014345006717,77.00887660966148,898.873771825379,18.20198940119407,0.7928860676306547,2.454953809792792
1.3104560175070543,0.7090125332856629,5.0500141258534,152.39741890243857,65.15931019719238,664.2151579482672,19.070526538936896,0.6914862191691384,1.8642057811735135
8.018844110793069,0.9299325410617997,0.8329426719516247,154.67355579903136,48.65678985627271,831.9467211533621,37.351696317709994,0.7357535695439834,4.8081638426157145
1.6848786612298408,0.12745569508735538,9.10439011486892,163.16623045507575,90.07573799048436,577.08726455629,4.869686198794921,0.672866251773117,1.9798541093527233
0.9300431035247776,0.24482744713872237,1.8501550074524817,257.5147391239364,89.90143154272815,954.9003285835392,12.568820062246441,0.8627982464265618,0.8570483805533196
8.534032890758121,0.586971236095507,1.691772365917927,467.8416330469389,58.184996601853854,825.6031487528177,34.94207345243124,0.7936888748386105,3.9872590934763585
4.082528050683594,0.5902420069626202,4.396746119426103,237.50273149686086,69.3264923676951,700.3184507477732,19.633083267724306,0.7046971980130559,2.111642576046214
11.798730891114035,0.836836507386526,3.279851837417421,204.80357903185737,44.4508268951591,746.9978600411368,27.907720223529537,0.7760309563869536,2.8283335677160064
10.886037919345796,0.33794403177582955,1.8664976820491272,124.8768772142341,48.93844155696097,774.2666261448566,41.805302589073115,0.7980835893523763,3.748242107914298
1.0310630036938602,0.3653299409289476,1.6447176578409508,63.01482286069506,79.55288694252643,911.8745119386199,10.6464155403844,0.8886775442130348,1.0743163938246338
3.099325951331347,0.6484951093491499,7.303883006830095,127.33302899302032,67.47443041955144,591.9820070823256,22.627032894170835,0.6081545364736173,1.8212660005843355
1.2040650471113796,0.4190638765422384,2.2138416449040097,191.42824370700845,88.32878897496718,1014.6409069746592,7.349569124254884,0.9248329887997151,0.780506710920462
1.1921841927626042,0.763638416140499,2.2846668237273553,174.12457804241888,74.66347917321959,756.975612835062,20.040292577491176,0.7293154234320295,3.7269244615499226
2.2675929194490214,0.9339660682370959,0.8357204826362665,306.9624644988387,68.25772373513078,810.4361554009542,18.485267668889357,0.852691734964867,4.2587751943578676
5.654497658392476,0.3209110064330399,6.256695711511252,283.8869295738264,69.11825659501075,762.6298501895834,14.905233766014284,0.7699465878798734,1.309832409678822
5.68157685295863,0.39283759140881785,1.0961567602499085,129.9526540676225,72.2183672247007,944.1481629872101,20.356443680876822,0.8815004804659089,3.322539109125801
5.126902684723252,0.10277142263611165,0.9931132774542104,308.16546135970196,69.28994468711623,1007.0146562390455,26.456014455770536,0.8903682566831511,5.297614054147644
2.815191200081526,0.270445746259939,4.79954894054449,156.68690244796304,77.74874095880426,750.6669019167861,14.836653021369113,0.7097260161509276,2.1748920537031142
5.928508543141563,0.1502351182984232,0.051571673398391735,243.76548977966414,72.37167442275504,906.5833107942323,18.58228366462836,0.8476224700890161,2.942028200900647
0.9133545401539215,0.5577503682041337,2.774415808747454,124.56064191738344,75.944569142375,965.4511167829514,9.719679073547319,0.9405153870651287,2.2199074399975336
4.138748960231312,0.5633630205239709,1.6848995485773886,307.2760718915117,66.89333778779847,879.0791469745195,26.259054244118666,0.7889746139185497,2.9125315334046027
3.4573253420029504,0.1291327781210404,2.051136809760103,168.99555835905747,84.13398851841544,912.1268278387383,14.62439058234619,0.9132654837637527,2.718707156151421
2.6606322952011565,0.7539585122094633,1.1297488728612457,546.4716712744038,69.3609401503424,890.065774976531,20.803817242699044,0.8625078187415294,2.9786736848714614
4.27615354918881,0.5965159399744384,1.4082819808116498,176.63764920661848,73.2270307435225,775.9985799571853,12.894948828778078,0.6640862498097135,3.3504543888823406
1.2309789556490798,0.9063110070157888,0.3474200131700149,117.54864055688876,58.217893402168016,822.770355598751,29.738473383183187,0.747881350842388,4.887291332200323
5.293414245928666,0.42656338516094866,4.39961447348719,174.12484619863244,75.89691575285512,697.4509456855167,17.86748209446998,0.8328898869745925,3.5375065938124433
3.378114006050507,0.6010841678018747,1.876057328855567,147.18239896521945,66.5899559797051,844.8098056575515,23.141161391400182,0.8008172384284156,2.4295026929011745
0.5958322740180747,0.42750680260931384,5.056503963453201,54.724931791406426,89.10472035578579,650.9263397829754,1.1279295992096543,0.645355150604049,1.862217207950914
3.309449181834254,0.4294909791825069,9.912863313005852,577.8347712685571,72.24667103665811,579.4879131322675,20.949304265382228,0.6040875607207116,3.550809454460134
2.0245703019803267,0.6135137381868035,0.8619936013139193,345.9612899654112,75.43606038656158,944.5053969626838,18.170758558515626,0.8599009855221441,1.426162204333022
8.174146961683237,0.8761294801171063,3.7818753975729287,284.3822969835508,43.19026156484451,786.1097980244401,42.27938261699437,0.8175722573364786,4.277287950806141
0.9962258653298586,0.7887572077924855,0.9692880478046094,220.1116973423226,66.21172263434474,869.339923727706,22.834155685942942,0.8047196553123616,3.670684728394999
1.039243039769962,0.6451178931574745,1.2574962411445219,125.05324019304838,78.65997288979754,864.4660195959167,22.639346100839642,0.7799034879676143,2.449517718359101
4.747877181784782,0.18641479244466752,2.199914787629323,75.71596567931012,62.77572595697235,858.9620406510239,26.04561650316009,0.7021016636732128,4.584605267314396
2.9204600744820537,0.49502522670847054,8.86198452100749,241.84948635581486,67.78711727238598,598.1795675992945,30.919093944601038,0.6134142993072612,4.194637902944066
2.7925928693225854,0.7651065059306514,1.7565921114701561,259.07693288011956,71.32798395084664,808.3816613133207,21.407600407414304,0.7501155796205089,1.910200270023971
5.812484561478684,0.7946003850215972,2.1483466057241962,210.5913263692769,55.625666131594535,682.6975877761322,24.11215959534336,0.7256894687944772,2.899067511737308
2.4716985246654035,0.4304721112553525,2.7802969198735132,740.1788130350693,72.41210315728712,787.2126974397264,24.326408050317653,0.7926030246889172,3.4089380969111316
0.4969910300809545,0.5234421012782142,2.1129210304325348,53.448473463493706,88.03696303652266,884.5051304872396,6.188946726812859,0.9026445752000357,2.211610752962309
2.3398639713420692,0.403556875493625,0.858681096246698,229.25229888099437,87.26338059274522,837.5751636469121,6.25101141842644,0.7430262384545017,2.2347248041129326
0.878044552256412,0.2143866385367375,5.356257247812625,55.59683899546943,87.00828850703986,684.8684239102256,15.322771945552567,0.7175953818318992,2.1224723214621313
1.3213131588475469,0.7417092961806406,1.6031790942716704,203.59841730627713,78.86201549981726,812.6347243394441,7.300137938335789,0.7956079466776899,2.349221948835588
1.3710643028176182,0.5010011781777866,0.576115231369901,190.64708253246235,85.94696001561688,771.6708040927041,0.0,0.7130051468614744,0.46951412052311414
7.678828318915221,0.6079152778093375,2.97411796750745,88.22236802211083,56.68405732533273,833.6237884088042,29.006447171767537,0.8458174817333158,1.8240855068437167
0.6657539935455377,0.6776285942569996,5.594274183131792,137.36748328579526,73.50095568983234,713.0556519159805,20.35804247859737,0.8130450912804978,1.2080301215717937
7.090524774653428,0.2923418218461262,1.1176901922254954,210.33235344595678,66.8634736050445,968.2714436769105,28.400904502107146,0.8821552728445241,1.2181708736302435
4.930193973070115,0.5566701226250925,1.8972370676876396,219.61044070036522,59.020160169958686,853.8842841047605,29.55496138059269,0.7884595629076345,2.3771981520801626
4.869795630184239,0.9172971541525309,2.270153855886971,163.79906477087155,60.297914083980615,720.4262556989066,14.287398201945987,0.8069496244491776,2.614327976644609
1.2625750322680847,0.19872056160800686,1.4949622081057523,503.28164452929815,84.59703155627854,836.5899088273609,4.956136103715794,0.8237898631604028,2.6620867431677095
6.365339244230448,0.5730040863743461,2.336383054105201,423.50375216506427,61.86129516442165,853.6514230705376,19.139056642034426,0.7514366898207009,2.255704216599409
1.1014970430383715,0.6878959282778523,7.132320738109555,112.0810737256647,74.70815461077402,654.4490316137185,6.393128303613496,0.6829751769617416,0.0
10.23116396960677,0.26577961843576076,2.3754996593993996,109.6565002326019,53.42440286283477,798.1070880489826,31.581979561461146,0.7607644248240889,3.0587858587338057
7.819767399387005,0.08003895134030736,3.4663054096676285,147.6276931450423,69.36062593813136,774.3014393177209,24.513016046735807,0.7222892091648111,3.589105045258248
11.575288387186049,0.4760955804301076,1.695117937000818,290.3388933183223,41.57477538368553,859.6389660850156,46.72492787838776,0.7758228551361269,5.824817576083432
3.4734478499123176,0.8812500576076131,2.915803519371249,192.79081559157706,60.136595563184336,759.3763839927708,30.882863756130746,0.7221544445581359,3.933120458115075
2.9185418506570304,0.453382016544531,3.202382591364586,268.35326932109115,69.34322276665243,859.9896347981435,18.11128286720434,0.85652913038952,1.4095487687836457
2.278394320747881,0.3914263574611788,4.206816421983735,431.72174778797574,73.99596975928502,812.7563515608744,24.696981880717132,0.772935714319945,4.248492597646681
15.863627264494472,0.23337910073577814,1.5545308928933301,135.66806935957,30.28671016577067,898.0099259234136,47.53703046829665,0.8431076086623672,4.939550211346248
5.613359337130795,0.648905858804759,1.965927879326662,66.93425356630753,59.79100231301975,886.1575219462535,28.50906463554598,0.8800731438883368,3.513975035383338
0.890349865923922,0.2890595000634571,4.52209292986004,321.33720199711877,87.53017052405129,754.7848843938641,4.755281609446392,0.7379295860502769,0.918489612953884
9.353878010626978,0.31880995369187926,1.68010270484596,134.48740807834145,59.857086630425776,866.461183066579,26.62979375162963,0.759743168797781,3.633534413763998
2.816148327922518,0.15918159702648224,0.8555449450086849,309.1404724730392,87.9915271094558,992.7967250306505,5.878820912796844,0.9428874677208696,2.1283333280897674
0.06414448960735203,0.7342975980542464,1.500853286084511,281.98504798852014,71.68661357059636,887.274925499499,11.530310538478615,0.8133431513301983,0.6954917857543745
1.583000210246023,0.2204473322138318,4.416952667789159,458.5527766132718,82.34633876523787,849.27839094859,16.17976259323909,0.8986499971708091,1.8998990762960575
7.815697453496022,0.07301475607146224,4.9006929884593164,296.93169381437673,74.31324382791871,782.2505490296605,18.986801049168857,0.8197867499355539,1.1323388421292502
4.944181930019394,0.43890114728392815,3.8615549964143554,251.24757450212627,68.7619679767695,783.9995543181223,26.635960475392274,0.7968635257155474,2.4304595224005565
5.783957841973255,0.6283847024076739,5.476937291218855,242.2111987781479,62.86350865305014,634.6836110206748,21.77172150462846,0.6921274150654283,3.0461817530951354
9.283996730664413,0.7218209737826853,6.753821194817741,710.5233186500992,59.67338677765691,675.570832759832,32.46145648304013,0.761475063553603,3.2859833609261004
0.38144925172876165,0.2020575066874887,4.012772591760178,633.3354173475757,87.53318540363229,773.702051279236,0.0,0.7766851872763614,3.0488340493113038
1.6036717909100426,0.6351105524151439,2.1093609985676216,270.0213835954729,71.89051745440683,700.5651270781016,22.925264530302815,0.611760835759636,4.665462491701628
3.5436068414139212,0.47919936688714365,0.6185967104185377,205.20158048424597,67.42432404298661,876.9125057576124,26.857751340368175,0.8210613075391877,2.965453229432146
7.997414540160905,0.770879708074975,0.7966937963226735,174.86996982900726,50.289699019021725,801.1532302165537,28.566239783520984,0.8092728376375936,2.550433569387526
1.0942265174172883,0.6378981300757657,1.1869074896135487,320.8856575901459,80.87871108406591,694.4201927247123,20.085397256850666,0.6664455200105095,3.205390666816928
2.457428574642267,0.13519711476488647,5.0333625595141465,580.547313907049,87.11567687922374,743.9770227682517,18.369933481079705,0.8760000695202876,4.461786450367914
3.3449577897221996,0.9088087772470994,1.2653494209008551,356.6152893889978,69.40777631871875,860.0121230615238,17.965544390378618,0.8086841556979967,3.3491616969226046
1.5199556279880078,0.31543407119180383,1.2548980181936304,525.6905741026046,84.35849427772348,927.3102502640933,19.64544423891426,0.8844717840871421,1.1703146028398517
3.3107148958603303,0.7920348856958115,1.3763501263117275,371.51300753567153,54.062816180486784,850.8495243037657,21.945789230963474,0.8691223496736951,0.6375501529903431
2.90524734481872,0.518247133071944,2.3282808500808185,93.73193947798019,76.47350111129279,914.6726879847985,15.650949579412684,0.879013395837116,0.896537368326321
1.9747645744367293,0.6107025501707929,2.9754352689161196,772.2698281018207,74.32941852703799,754.646067218795,2.2846667178847895,0.7474555764334478,2.441845955561502
6.3523327637485725,0.3113798785357018,2.9683389522739994,285.649777558587,68.16705787958387,765.8358899091479,27.860941597410534,0.7795390869092181,1.7591416025753916
5.462929792179832,0.8512682055907991,1.4148448068541204,638.2705952066209,63.42065609423122,845.3535282468341,16.42344787045303,0.7975518649369341,2.991703687072207
6.580750658789541,0.6275931058601704,4.80733787890926,523.9751656061214,58.196105777668,734.9918264355579,17.555438851543226,0.7362792401543004,1.5671831129058693
7.048666477167815,0.30473428435458316,2.192936079809837,83.90325568622193,69.13399261037895,790.5984846865626,23.18019153367903,0.7169935764073908,2.879242276363664
0.5648365668699076,0.5311260406757968,4.343133502447361,246.33097155816924,74.64362460840955,736.0391916121487,23.967150704149226,0.7286147899532397,3.441726180713801
0.6574293729025624,0.6589733567698314,2.446179476031654,159.23421749140059,68.96204543835171,835.61669793281,19.299636188338088,0.7412257795507883,4.342954765575359
5.925080966516778,0.6153998734445553,1.3709347132655485,143.92697065504996,58.84574012766266,869.340463586159,29.625818280088303,0.8213635474505622,3.061699661314481
2.1643960164716285,0.2162718846122778,1.7369533263342989,306.88742221284207,81.53161604950125,941.9937028178174,23.49928505514233,0.8448443336624889,2.6040055025345823
1.899507406765756,0.13268566191140183,1.128297088957551,408.7215439255387,88.724495401457,894.6344847215814,2.188760498845877,0.8618645341276723,2.740554450890901
1.6167277128039468,0.36760327295818646,0.5507827112151886,109.22141947988453,75.47247538933759,837.7228274636891,11.280666399449863,0.7278541488261836,2.5905056756752862
6.765088088464617,0.4102248217996765,2.6752567014395066,99.46261932485082,71.98391908208619,776.6569753563156,26.124990833691676,0.7195792612872185,3.1728327605277005
15.134728359037423,0.09541323663922086,0.9754806983357667,263.1129277898888,42.38249568311838,998.5300815978125,41.678231688743836,0.853106155970243,3.996946861539491
7.019274470453032,0.747780095812166,0.7053561662886572,372.57366423711426,54.80702039904623,921.7583992127793,40.184121608093605,0.8523196868579724,6.103800049690638
2.0678939288739313,0.4688015916541234,4.19068675126386,449.3270523694262,77.13442944778888,752.0003399815773,8.231465067894419,0.738948721727239,1.6081812983234887
6.493842765949884,0.3056426556231832,5.72238692470512,616.8305643941779,69.37366501972791,816.0142969672598,10.705129834576413,0.8444367974082055,1.0794634243721204
0.6301829671614951,0.5128501048540935,1.2598838127150775,574.372499247475,82.54213370898906,862.9509733629238,3.6158727856290724,0.8198617246608036,1.786742885988193
2.7182899949536217,0.5732080570138454,15.820189541613695,333.69216766284575,83.82534224495095,250.46403424426973,15.56256003247848,0.4502836305821207,3.2452270405506556
0.3822753694936806,0.08747053929768749,4.1018650937552765,369.1574830494697,88.65323625938377,738.1494083332108,15.146094333873206,0.6901318712102253,4.08509659211974
2.1684488674558913,0.3703762620627049,2.65576212423242,434.6295073230953,80.79893577161793,833.6709113600359,19.864871787924162,0.7857615303199247,3.2568384272522675
3.8958861793498203,0.5525573305751297,0.34565062429342025,103.11066582879518,69.08065903385372,966.9204839182082,24.975956292617504,0.8134297640750544,3.679185100888473
17.208176554755546,0.5297174235789242,3.4243038461385655,235.68157581376568,35.04711558734281,859.6810627776247,52.983914341837085,0.8404935380038242,2.628190381193618
8.501191807144364,0.3242045016708214,0.8634091062311037,524.274046600106,63.6356796091512,980.9894527273793,21.81066338472491,0.9301333495752008,2.6687814895031954
0.3946209045625214,0.5565839732409321,1.000490173694272,142.79935260969796,81.00035080122788,906.4625179250712,1.3847249202572662,0.7684956154810312,2.566650452082453
0.45595094926546215,0.3222711252796664,3.689702030771393,84.10191772589491,78.10628444405938,899.8752140201224,5.624303531730003,0.8421485206099929,0.012806574200327603
1.5312462798734323,0.4504306274784522,8.341075222264973,145.82355207939634,76.87986519957998,540.6710196630629,7.464784499097657,0.6191778988410027,1.752097558563491
12.67735817071019,0.6388508762772162,2.748319566562062,173.60721094406887,36.11376065789398,865.3405717002921,33.10957769764083,0.8794172632205212,4.196797405526771
0.42352817116859803,0.41924308274390115,4.769471657836638,264.170681250524,81.01243872356109,763.2090839238377,5.128191522244089,0.7079443769831887,1.310044151485797
1.6301082068946036,0.6533931744775027,8.235911502430213,366.0615446925557,69.64538514954604,585.1887269664285,15.695367708512421,0.6131225607389539,3.930824804459818
1.6208194228536579,0.10849989399908595,0.5425342518327041,442.4323801935568,84.83413039105267,876.6405607570293,14.256778159416898,0.8391845133243302,1.9037245728644416
4.740509346030457,0.571670583747307,3.7319482027844897,339.6609777397329,64.43174321303528,785.4521506235579,26.663559562588052,0.7468785217281391,3.534398201085502
6.627425329357008,0.5012399589934433,5.857452771327626,546.5926868793213,60.61901256922378,759.7571767336997,36.6175597498857,0.7340871383164602,5.4913474310855035
5.507544801724592,0.5795624053730009,5.234866600178647,168.79939563986198,62.51707436417565,575.9479039721803,18.80035465378296,0.6228788755134219,1.8812873611797092
4.190976265733297,0.6902354514197216,5.562034573918869,165.53504684594844,60.53093866630221,721.7162485730296,29.867112038963317,0.7591587907988115,2.628863145321785
0.5950208477965075,0.08934599517423789,1.5580356454368451,118.65417438283829,91.16643978422475,787.1720886207446,14.079904242762156,0.8291091914075014,2.790616679039261
3.6384447414138723,0.6127303857769936,3.0550890352652957,249.312393536563,64.25697901110321,700.8437024283195,21.954758214511894,0.7163832317346104,2.3179964369800725
9.487727432722455,0.778800438939891,5.9033791012624395,81.93985333035424,44.072534247961414,641.3866380948778,36.477931759049554,0.6712986488388227,4.194621235735288
11.987249402112592,0.4637325546938118,3.633578674894922,155.74393474620908,47.19399620158276,880.0595355065846,45.25462053023151,0.8612562555771286,5.321939674907644
4.632987270595322,0.7061635885528529,0.7595972735989633,464.5706000086143,50.539028189050924,856.0061144056632,32.4873480496033,0.8239370367747261,4.148454985506788
0.4006052172482571,0.435891260336966,0.9160898005736084,99.68706775523142,95.35868268962246,926.170645073063,11.848298837203465,0.8636432769714556,1.8291274134125906
4.7006101903909085,0.214860039633392,5.346265278484552,527.6231578503356,78.15048293704209,699.329301957545,6.405762263169617,0.7762802970410464,3.7883846854864265
2.8967173328557467,0.7619878497512304,0.11002296483351076,140.6442874449379,68.85931717851629,869.644647486941,31.513381816603257,0.7684519335336257,5.797692127964598
0.5042443753516772,0.37778129604692495,3.8025476863157612,488.6904410990694,81.43353462942319,787.9381412848986,20.541042203568814,0.7595995007622417,3.478014935315933
1.0192634621975154,0.6390083333422404,4.345837295366996,173.36465606261373,76.43685957529611,828.0682273945918,10.755859629547857,0.7477973780110063,1.539751592784629
1.2618921381651518,0.8283021998550939,3.314442931229065,401.4907388842335,64.45735915448793,698.3394325382501,23.030504541794272,0.6921859265847694,4.402165710997571
5.941931265845257,0.6765830638021944,4.3628174383239715,266.09104249466833,62.710767821711514,684.4492644654986,18.656052530374623,0.6469247158457914,2.3070679871786073
11.609746343474033,0.6521473503270128,4.334506950994765,390.6401212935231,35.44813667042758,793.407158829502,42.22485435418894,0.7571361506846049,6.200908161207825
5.215779431636602,0.5775121977555825,0.1763593172526723,65.03581458117826,58.57041322282061,891.5096762084326,19.61769341382447,0.8534122658045084,1.5920406714136344
6.097812802972052,0.4245784275346979,0.37983363992722646,216.09278596155414,62.542447081859926,927.9101321000469,15.53954167249641,0.7251899983422255,2.0764407415757367
3.0915881615943936,0.6452099365054208,1.27507646196039,506.14977123951803,77.14450747782418,878.3266828862166,8.475441072346946,0.8106742567137054,1.2322521627480372
1.868719493305757,0.1730140881358841,3.3046894651319905,242.8116777200937,79.55914348502206,803.669879165745,20.529632113362098,0.7777111704961402,1.9456586366507902
5.336181343650759,0.2804828563638285,3.0469207581410886,165.22827254172682,73.64779413535466,712.9108533284664,7.285741361580653,0.7139663668618897,2.9518040143857234
4.239542680638127,0.48809337347475346,0.9390921914210701,95.42403362437861,59.76504456638317,953.7317283840086,36.401077070633875,0.7884558113441705,4.080033246188558
1.3993894656948318,0.5138001472705944,6.121535735132392,149.24902166947834,78.08087194817202,685.0371785881491,20.830652417843346,0.7588010168230723,2.635920343535653
3.9957549894056763,0.7155519824780234,9.777073591026452,551.0632854484354,73.79981715004809,424.96564489134244,26.24458214892745,0.6021030203294885,6.445728984818732
3.2824532955627177,0.4065643249520202,4.33348423512624,350.4174265884597,77.48979628315948,812.361805024151,17.825470469790353,0.8445926740856887,2.7114239993032303
2.4386060269848193,0.6081078319149094,3.0030843389576027,408.405802943202,62.11604606434314,909.2145455260472,36.41364122024016,0.8176065838110752,4.2594822641460945
1.8006407173845456,0.5808156690920652,3.345126178058922,207.6290293857042,75.29523207281,850.6289009715849,8.68757755506618,0.8190001882622184,0.5404732565459072
4.629329762945776,0.5648035021558853,1.3882635731084003,196.9334737647227,64.67184240461697,984.6053799442599,32.93976106286746,0.8542827286297131,2.657088260137036
1.9265881733849746,0.8574756646811977,0.7206907251328375,406.59227903265355,73.91522611938323,768.8844569918308,36.50799915529461,0.7077109758036207,3.675064711467088
15.149523972396729,0.9077182367422063,4.860371074957706,471.8967743871959,26.357615717746047,684.3998339234445,49.968595482243124,0.6543977897335894,5.292434596302641
5.069504107241253,0.49477672872676304,4.303582223508801,184.05424668245982,60.221438565523975,774.9306366350602,27.512873406851696,0.7749905250355044,2.7762437270981053
4.696104703808773,0.4802821419662036,4.8986216720700035,355.7177638383216,68.2229486887806,725.0070661220157,16.715451031014304,0.7768019586320051,2.4331167111611944
2.790014579368604,0.7877722217337455,3.2168601393891754,316.39168956838625,63.45471695030771,733.4950662820818,25.980002642069454,0.8044148242559306,3.9974205502872264
2.2326610793946506,0.7795698382742937,0.6670984302797839,89.9276354432761,58.01170332924798,678.808605344709,30.508676885909754,0.7048079051175815,3.4809734084037975
0.26815965126227664,0.5381738681841985,0.6192597689533469,305.54967836117834,79.8699448469062,996.0531149007387,0.0,0.8635226697855074,2.808686233695325
1.5061087761278102,0.44125466761417265,0.9672882525850126,256.17304119208984,79.47259426784782,798.1135009624487,18.041372953883723,0.774034609952855,3.2638484919130697
0.3867889032669554,0.8325098908022189,6.720941737811651,102.71675128088171,74.93352954810003,660.5082649165844,24.20412437045824,0.7448682422849228,2.2006329944234544
0.37849365294075166,0.21656954267773867,0.5632068913919025,386.0208958014975,93.5378191134125,945.6442958372304,0.0,0.948507926474599,1.3786787275913206
0.8401851484053668,0.6894757073460718,2.1516365730776967,126.48806778099737,73.83881303155471,808.6838418970087,15.766341815656123,0.8440686124846601,2.133312499694654
8.733555915493165,0.6676640891709543,1.5246819300818362,168.84203909579801,44.60137480397238,826.5342665825265,43.86826041846723,0.8498615354447856,5.694061151169759
8.700637362401293,0.3448748405039548,0.6430556551369211,1078.6429446208615,56.09277860038349,934.4876405299223,25.15984111772974,0.9287674610199725,5.205028603170432
1.5455116646815985,0.3215187753423615,3.5173691957602,161.32593419801034,82.23241285515476,849.5241336883934,16.8969029578767,0.8133943255972922,2.301976120748346
0.5751483076872186,0.1727808581602703,6.871452709491001,211.80142681284292,95.03114183974142,756.3265701743533,5.194622606572622,0.7678853601559582,3.284104354933291
2.1324337735978327,0.33171914845929396,2.3106231650027365,87.19381530520849,80.3294843270458,850.2631510463561,27.778696347211827,0.8631630820846249,3.364499705191073
5.892549498746944,0.27379297287352716,0.45873148733051405,48.80076966151213,69.81653335027407,868.2523664550914,20.359298956233758,0.8467002699036658,2.7874376139913037
7.382397965043149,0.16878870272055657,1.8567185079074062,745.2854517889223,67.45106107632478,826.0243791908588,19.581398837997387,0.8389679923892334,5.0433195631353485
3.94523962161701,0.543147074974521,1.4450386464533032,573.9576585008483,69.54466125139925,923.062290464382,22.801529981182043,0.8234483048641257,4.358482957360407
4.579464040248954,0.46290470526355526,1.8673059652953268,49.65344811107322,79.24122012388295,839.5931627726932,15.225155187548854,0.8736857129008033,1.9122106159634777
4.203522900646112,0.7882807888566549,2.0445130331539705,990.5092752932296,62.260539839214836,738.4904281739256,36.209315830935864,0.7181445963675926,5.645402033610771
0.6582421641964562,0.4506675627974559,7.66396866714844,674.6780999201726,80.44066740528731,581.3360433577411,23.16830268860734,0.7044134489583822,2.070509259091205
11.971749504242833,0.758450656988589,3.36383575760084,286.7182459133803,40.314806766991346,746.0449730496763,37.40222538934901,0.7431498451009194,2.4904582665791537
3.9287487569481634,0.5018985289803328,3.3334931346746957,144.91195810343132,67.28457107991478,714.3732701268382,21.74748530017862,0.7019509582971178,2.8063691407643243
0.16587710610471948,0.7075757642617987,1.4190130359208712,545.3276186370207,69.0065175754659,835.234719311768,17.5277525650864,0.701462901866107,2.833233867968579
4.8190197320070265,0.6391054388166417,4.744106241572904,406.5872348823507,55.86529035703456,789.5535947540186,25.66384287720866,0.7628405573966289,3.59658283105797
1.1930570090302686,0.36147572340699546,5.176794167042607,802.2143918020229,78.75002561427917,731.5854249100189,0.0,0.6765903425757679,3.5917179900990597
7.859880736903438,0.5388948905789307,3.8699223804669742,755.5468569526779,63.85413096584516,658.3144829678786,35.43511240895224,0.6488501309717662,4.626750800359048
7.2075485412696345,0.3263461339229152,3.6107221852341427,259.38377554286114,71.0541592034962,858.6859697457937,16.240105471694434,0.840672523730305,0.7196171633570818
5.625772096512926,0.07427826226911592,0.6143483868539322,290.53625044749145,70.68580541441993,1030.8957440709996,17.843286114008016,0.842632583529864,1.1814966446537285
3.8888483523829214,0.2810549253629336,3.251051324548449,136.74425031871712,75.51628367282798,897.5748020784753,33.759532457569904,0.900067360330909,2.2898712532390197
9.39803197091874,0.49319402650565036,6.441415060879615,147.7456423587005,55.13370242000224,671.9038107095215,27.565241016801398,0.8291625797371097,1.8730685546988626
10.14588349237137,0.7977801085283158,3.3717307545108444,237.06904242759842,40.99319925760944,885.352443046211,40.20631221885612,0.8070544741670655,4.312678660210854
1.2298512605167462,0.4415130319319982,4.291321776263015,383.83060847748027,86.8160497799555,806.278509356005,10.831663675545228,0.8439930687214894,3.6412178402052238
5.57484812375183,0.7273591612435908,1.873920000802561,795.1969742842074,63.90162199981763,995.3272120334886,27.297393968142377,0.8273458002429896,4.9069738480626475
1.8221174895709078,0.5254287943414084,1.3194603904138988,150.97237640622532,78.20222068112575,949.5027237199557,11.546406498980987,0.8897060849080747,2.2453244322533656
1.0296312495417164,0.4988651290361892,0.8624068734318826,245.35481299848502,79.78204624739692,962.5846949086929,20.89227270943561,0.8953028029773108,2.695321202821636
10.139125211625643,0.4432994438278993,5.726899372072896,437.8956754117097,45.685024252543734,667.0698601541054,38.98402183040729,0.8539985854262241,3.1937359038386894
6.334475448838908,0.7062926028562653,2.2136072251617485,286.840434035239,65.124100522453,748.6316820633364,25.087120116735814,0.7305695176712352,5.629605364481563
4.1791523175262375,0.5069005894826122,5.214032422659598,364.85847982469465,72.6925958831076,722.3342519246617,15.072730667455797,0.7565113962936414,2.3480441887361283
1.3724471667119822,0.2391521867491086,1.6822725169899015,273.61975855246897,86.95015319046674,885.2846172024358,8.351379063129768,0.8219446013436511,2.5254595001974334
10.368925494847069,0.8943549678738938,5.462792373270428,110.60096133163549,37.84459325746395,615.0801830391613,49.357049909768456,0.6504742479660232,2.9804109908541556
1.172701471713402,0.21288465554279573,2.596001273205971,534.1735590319129,82.90371081220718,856.4183743887708,17.835432388729885,0.8069431325877349,2.985325288027415
0.8791038144377181,0.283482836678889,1.8592613516555943,370.1704235661947,87.74838774115469,871.2246601673805,6.001499712254233,0.8133013058216136,1.6086766218710853
3.291561249570516,0.5978351479725342,1.8725010542594007,180.6761246801667,75.69063450738732,797.0166429868667,12.372510987362649,0.7465457788608096,1.8443972201814764
5.8916236711228755,0.374942871199899,4.617627250771755,227.96047660487037,76.5757661591315,798.4849699725097,21.66811656616455,0.7924843399579938,1.4104314939925657
2.3512211569793973,0.8324904558624043,3.365353622378089,168.22147460176302,63.45724748867018,695.4115955679006,27.38782779657827,0.6724608354483983,3.7084149272069693
3.8330112755545214,0.5954703013335402,4.638717551581834,398.61095012839485,67.8198282910332,722.5419989307659,27.787168405844298,0.7135546460845932,5.099387811363591
1.8140572537681412,0.45929213789077705,6.379022055062965,77.99771304770908,67.60386311826437,603.0812513713659,16.86381978016869,0.7579240447177369,4.3311455638081435
2.0377775812054084,0.5896468888488666,2.0827781289100686,163.36210079730063,61.839874880382084,834.2469851114595,26.583315110432522,0.7947535218290479,4.717970123496408
13.00098913153963,0.14372073616520362,3.921195119805855,208.8907334682867,55.02595507120938,833.6732536885784,36.75779874584234,0.8445355325003765,5.089406595172589
3.0101388106908598,0.9494468214325839,2.3218316557321823,211.02945750823258,57.96689713754376,707.0299866061789,25.150468551102573,0.7204098747877773,4.981728807301764
9.868176124583107,0.5889942934301177,1.74918588743915,130.02016824702332,40.80447561900604,845.9117114445523,52.76046815636542,0.8459653776869511,6.7689892970274945
0.3569026546507473,0.18074106137494753,3.401296429213506,269.87313861977225,83.59595370820983,830.9678142485615,21.264203771926155,0.789842394771523,1.947672296641577
7.986639240124354,0.6759146515210213,0.6087533273471827,78.90878505762764,55.85634246704716,846.6169637866448,29.67746263616013,0.6786904675529997,3.747570782152207
1.45035894443231,0.4660287318525337,4.9914428468593774,403.2942807416597,80.9177507698792,703.3589565071737,12.17725522375424,0.7204691396419852,1.3429107303788343
6.460357850167407,0.3551814522507698,3.1155316328032874,645.2396752574392,58.55311636338118,848.9691962819269,30.93985643574317,0.759305296315028,5.0263886971185325
1.436736557141512,0.18449854867197932,1.3746496541694575,320.7954449895571,92.25942237929051,919.0394197960572,6.438267663907942,0.8364182284207551,1.4013141850353683
2.191221713312512,0.10375047807809551,3.171205624737116,131.0485515106971,82.35407886769217,915.0477512126844,19.63977387304069,0.8834430395462576,2.028359723360651
0.9924808923502542,0.24261253843640188,0.4263879996380743,380.7690200974439,87.33179291633884,884.3707090230942,3.582759093727682,0.9214423303899628,1.0102217726902494
6.562102222332234,0.3398718623176776,0.8345838192348152,213.15448535601337,67.00503352397999,904.3821561783027,17.875166639712155,0.7722101371509607,0.04406296052908498
7.420768727013083,0.3446252490612955,0.8395297798176183,320.5327347343256,64.0642726446478,877.8604487240452,26.780929715021408,0.8147687465749286,1.4303463624113093
1.5040487590893918,0.4268547863937589,0.7512842061578509,277.01587493216596,75.13179251002163,909.5483870397367,20.37739323889539,0.8465798689875637,3.5003253497283326
0.5210834266101276,0.720616207712123,2.130660289161489,431.57173924855636,75.29975747758836,822.8316977490009,17.07484984838769,0.7961435335372867,2.1668948434246396
9.75952365395749,0.2740296607010345,3.159687602221891,317.37185885692264,60.217534901353126,761.5933099329743,33.22077516302129,0.7597306813473148,5.036111338460173
1.7108558507791056,0.5482792303502909,12.254210323384665,201.52093119029325,75.16387134197954,463.1706706566375,25.58943074022047,0.6060678130201567,3.470758795920668
2.8625115011374063,0.16976030246919352,5.540173977137814,157.553295954412,82.67307918478477,882.6964678674639,16.611701803163825,0.8077312174570601,0.6347043574275815
1.2171161654551705,0.541368774593334,0.30198219989808633,221.54729745687004,83.32351642076304,916.9526073790025,13.900875565020641,0.8402458955308509,0.6338524837043844
6.0539514781589165,0.44663148778608863,7.802006239179274,466.2626733305623,63.31607945412961,568.8562274138156,24.379418909381062,0.6610256502240487,3.2281696774528275
6.179821368180569,0.2017694404549995,1.3909596137904479,217.19061299277627,74.68308992343583,896.5767728628299,18.17195380417427,0.8030053958251672,1.5514482827481233
11.026439702391574,0.3249646308601506,3.7080801032296895,359.7481033864116,52.7445085614737,783.4818015301788,24.88127014991722,0.7405337764589409,3.3999573634275575
8.172815649876064,0.32080727814901766,2.1816124675144137,374.4081250371437,69.58408414737177,824.5773525898493,14.153769567165565,0.7914275066360456,2.758937562785463
7.73239266775694,0.26606649275611444,8.147373379468032,235.25835141850618,58.121269337698905,677.5584797569622,36.86741808250344,0.6769813501248121,4.729082104519286
3.1201389608776005,0.821090655131582,5.2123103445601355,223.71168077700503,71.63133734886404,558.9549250991572,30.379748938357416,0.5864817297205571,4.3465482961981285
2.7680841712420308,0.3887731412580163,7.354424272516582,252.94145936447768,74.31819231522844,663.8554763030185,9.779970459578324,0.6435708961843161,3.2415989001487815
5.984324812720484,0.3744623242245894,3.861052141343572,85.88809315485379,78.24439692795478,866.8173082595313,18.507981295860006,0.817910728924672,3.201421199821731
2.957375541303558,0.5584833509433866,1.67525649261583,341.29359294575846,74.34218238915275,922.7773182422574,8.813024860946962,0.9221810016072581,0.6915339128244068
8.394976935509447,0.2909438454925696,4.285893903111271,189.28848538865898,66.79271525140614,846.3930530497684,33.13291860864018,0.8274579747476609,1.682117914406691
1.128167198932244,0.8930605394065949,6.381351420721339,297.0144656793677,68.48439652670382,571.1804337691137,21.960841534751438,0.5950977616051756,2.88708507277049
5.413791224937142,0.4529909384178753,1.1942896569881591,177.8371455277981,70.8374430734452,971.732469136816,35.52944897220958,0.9604560400293874,3.400059775631386
1.9490246005377632,0.7595092847009813,3.50813912677932,567.4022387561071,73.56674817989172,767.7455733819064,14.68352724739405,0.7355808911047925,2.5772789683681125
0.9313489213909041,0.4248423366482422,4.803124002921051,574.274060819213,80.87282103030712,829.5445346657312,10.33058383784807,0.8770818729015766,2.9767569456458434
16.443051182063396,0.8103199372779456,1.5442697644458008,374.0472403210685,29.234329876274927,881.57492608289,51.93349275410045,0.8252372388701058,4.094907107844985
3.3987941332688374,0.401301646174402,1.8828812173515947,43.46443145546526,57.966695143072016,883.3531989061468,34.84554830998218,0.8433182000392658,4.924972854536807
0.6816864164886685,0.49674018056979,2.338388083586539,241.23074834562627,77.31572902414385,817.270082764058,20.74641148554785,0.7720801536536807,3.6103007658951376
1.7124786032631127,0.7539781237812921,3.534531654240452,433.646247441537,71.12012163283192,887.3684575604234,26.059907158661662,0.8174875843609596,3.114399089587858
2.545529741687177,0.0973289268257594,2.5990162891647586,860.0665401108078,87.43965251402649,774.6474993475479,7.4361686899675234,0.8339013607571123,2.049725972655618
5.319448143240794,0.6923862617739909,2.813019292258006,107.1294498296758,66.59206972399045,773.2135352417798,29.298662663830708,0.7549511837529339,3.1413582086839558
1.7220675086767239,0.4570560397392447,8.748746692252803,45.70293712705086,77.14391432120422,497.16722632596645,29.34055014808334,0.6454446187142936,4.650086030457049
2.9040015685242784,0.4254773401422644,2.520013367393215,189.55100706740026,73.69882397647598,842.3973982806501,23.218109630363383,0.8078014455403102,2.4139987872243514
4.307792094204401,0.558181654151057,6.984094307158831,174.7246250384632,72.47969734435152,658.3118217953443,14.356263398076358,0.6891987810243616,1.8487995771164254
5.037460911549129,0.3966864188833281,11.43204648105112,372.1496862780062,75.72819271683258,444.63944422234977,19.552005149028968,0.5979811395917857,3.5095705593709563
3.1099943370714342,0.5416458251212367,1.2971232254527325,127.34121226684346,75.82818371810977,832.8051178855354,5.173988947698605,0.7937741644362913,0.03189530818278241
12.846465278559847,0.7186201445141017,5.313663123891195,180.94301740813913,37.72990171694685,600.4238443745185,47.80323296392186,0.6208638157018846,6.39914858683044
6.107444899786627,0.32488622542603807,1.7719798771007484,193.4009911197511,81.29835007712659,907.5026070078435,3.086575181650886,0.8065762390728508,1.8353938122796931
5.830131859200667,0.6047356936276155,5.144919817655525,302.2143713167676,62.787979616276154,675.5130178853248,30.35813185360457,0.7342594684655012,4.736020896899687
5.653580668820744,0.9198419959756896,1.7198511850695979,360.4676659913838,56.12536882994897,818.5744338474589,30.470247299420503,0.6806745905840466,5.502041248862646
8.446211804859024,0.6258541652845749,0.25834856862693767,161.70203500418882,62.17971074081604,864.3617582641838,32.50299822312554,0.8374257392290354,2.6207143638849133
4.057189843795223,0.4822864407341845,4.603283004034482,303.47475190844415,78.41154000182587,758.3558310588472,15.403035463744214,0.6831274700416311,2.8052972199381374
1.1059709163289029,0.8035249142829348,2.8803681381205655,49.20303184672995,75.13152527009427,808.631102896541,25.887732458394005,0.7939248242549117,2.6930153409628934
4.833355283890647,0.5784359346981466,6.556909075377861,596.466471232638,61.530674914030854,679.6683115374308,30.36350955917443,0.7747304451980397,5.882114344652667
5.371340430438714,0.6419691542223569,1.6980841481112656,140.64879442047635,63.40005483859067,848.4202056737171,32.22973209363036,0.7648485348454832,3.150734553766818
9.499838531534097,0.4486871821927005,2.4992014986360838,489.95098166151934,57.87050212170567,826.5243955815477,27.18609575140821,0.8221150308434799,1.8982873602677157
0.9756445414170695,0.31583769282848656,1.6232633807114478,173.96055966853078,93.93744640672362,916.3248428252065,1.6233582112495992,0.9060047581857215,0.2997321697394705
1.2914224851628626,0.4530158814119145,0.8077324759272306,369.3921460044108,94.54910425253364,863.5760592753123,0.0,0.789355622271521,2.2567200633974944
3.501718349904543,0.7973066563841426,3.4331089462600803,213.9799119963294,61.56710338779504,731.3451994809781,20.077631231287825,0.7064531001278054,3.447800307699392
5.789204099635709,0.49236491084237544,2.5092814059743302,416.4560590935316,69.58657521693343,846.5692697860968,21.87101703988693,0.826693653479987,3.008957421118825
0.7641886879815345,0.5360860244350958,0.4054946998136325,471.4233059957621,75.23034160452045,995.5994156544434,17.731880809493333,0.9598583870988903,2.101697512791195
1.0091397295353324,0.43743068005506536,6.713292571301487,562.5085233956256,80.41247613659677,629.1347395004092,16.123512842100666,0.7916012107884404,3.381070097772972
6.971827238240513,0.5951080527028327,2.7684237667649936,335.1166011680915,54.86931748276841,746.8843230757873,27.457271343859098,0.7111084784492135,4.299675220743263
0.8064483682762158,0.7455950208572854,1.5818416319598434,65.12832964762991,82.28694912631003,841.999687944007,13.420365599915387,0.8375809279332626,1.9081799173014549
1.312377704416202,0.49410801632695883,4.6495945292756415,130.75914771077444,79.89933146425403,812.3275479662375,22.150043324739027,0.7633808965269486,2.3944502380656685
7.333168139651571,0.2981551906625347,5.650918713289216,577.1174388793838,67.01382595155273,777.9460994745538,25.693213709739176,0.7103181282015016,4.047744909256177
5.718763000316773,0.8464264815567635,0.8971395961573604,232.7298117825711,56.92934272456106,838.4616553785263,30.389970991133687,0.7913846216620226,2.9756443836372175
1.7415230115056186,0.1982302537505422,0.7603413359975444,222.09851757120177,86.70116758221523,1013.3896772990013,11.025771517463912,0.8964969723846589,2.6706893425812526
5.179421787608373,0.5632853962430655,1.8848217279274555,380.9785063038575,67.4319421835726,731.5051518296217,30.261558077162647,0.7432242495423974,3.821552829381926
4.366735642780217,0.9191485952396341,3.606743810450771,346.9978365789402,55.49509232825289,778.5444420973519,32.197889952270714,0.7880624499591511,2.9706798826611074
2.9962559528354102,0.2850774243882157,7.539847678031573,756.2667820272474,70.44522741566061,636.7932612733049,17.572403757429473,0.6937046330985704,6.0966329434449795
2.292478175258573,0.5001046319524962,0.10012371944482362,251.92103055761828,68.98285317537567,958.7786474204356,18.655752153538725,0.9360200563517911,1.4598432985142673
5.007096324384614,0.43504488754813553,9.15008780399737,229.59853249326804,61.04907342003413,629.2186050456892,24.00088889390617,0.7714429232162116,2.17171775417572
0.9015853140354744,0.40796797860451756,2.994170683693351,461.0038992119881,83.07060464299931,830.6608165550257,8.435420009968063,0.7991693122734824,0.9958063180588279
4.958160022601318,0.1651419040601401,6.367932180545715,391.5395037519497,71.91458159315704,724.7198792280433,24.39795484177604,0.710220375925977,2.917133497839688
4.017477241508749,0.11056804918181672,6.058611830333698,107.45700913684533,85.08386884572874,717.5806602966054,20.644725627565116,0.7205775535431511,3.450986781114654
4.278436266925141,0.5272356585853852,2.511946271955418,232.54763775551393,70.18711312312229,921.9267979701668,18.417493755212423,0.841633596433942,0.8325416395701184
1.2466474247377328,0.5109657200511698,1.8488230582476375,787.1209932920747,69.30881020462584,870.0706322426059,16.07082573390006,0.7924714781554286,3.6435551036242795
9.685492175657647,0.482955288787271,3.800494484488051,152.15370583316206,51.81722938136889,788.8775142170883,26.10606058850247,0.6983884808729236,2.7147307307427315
1.7480196308873355,0.19938672966262447,3.0543021719519308,226.247835430639,74.15703609756885,938.4864674242058,28.448662601395824,0.7957081417208708,2.5297587751568162
2.0549152853121617,0.5099255147105759,1.5028252286416306,677.6087514595192,70.36609669730181,833.2477347529459,26.542544036918443,0.8341363850857446,2.237289381778355
2.884717350176629,0.23644566645464468,2.5157798177987614,669.3958557504156,77.98336284416688,848.9154691435303,11.32556847361541,0.8468423070112588,2.660033793760277
5.707674932060191,0.03538032028703902,2.009190516082963,533.1596514813153,72.2656413695623,970.571148428754,20.255795924636608,0.8986103774693103,1.2772846394975081
4.1659614836163,0.4268957275928109,2.706836926722314,207.66134625694565,81.25430505547132,934.1534717237794,21.539877364130056,0.848390157256889,2.312705127713374
0.49326700959957004,0.48356431223586605,5.6426296969105705,167.97296865316244,85.17506907940137,704.4321610180707,9.995319456849845,0.6974038600535726,2.3847513777450766
3.3537982699526263,0.6843570842028224,1.9960090917973323,452.9966924794847,66.1905651423136,840.7011320553165,28.84241643790144,0.7358008420612738,1.7470116874895898
3.616727596500676,0.3943425067552781,3.29615725279019,593.5219562760034,81.42567313867879,713.6966788469017,12.065326271639798,0.6956451248701416,3.759205674875255
9.86801821764019,0.5986165258452429,2.477223255379165,249.0701114205616,45.55819610448083,888.0513667706,36.336591775232904,0.7962302761744718,2.039062531883381
2.5042475070476096,0.5157315174463464,2.453751989409861,330.59855989121894,72.93306357517753,759.5005785895123,3.0539458487038758,0.6849840108354255,3.666482303595684
5.3011100486087965,0.6607351804081372,2.170138168612146,159.3229490416415,66.84781484379597,781.7181479057186,20.779050513501815,0.7799155305845223,2.4470110659699444
8.592476682613402,0.21689955602835828,3.8823069619293733,90.72211821199191,58.22195341284821,823.4769992519887,26.027875118654272,0.7571423802547022,2.1292612867249323
1.1677740893708577,0.8512250614869474,0.1532105661321891,96.29220882152177,73.64122556088348,827.2457605258016,21.573621694982478,0.7983716724967578,2.728242769874821
6.351025609316345,0.35467384094213106,3.929452693597291,251.13100442551573,68.54399471685844,673.2495559015144,23.51766204527532,0.6299870017490853,2.59259377800067
4.976040913711877,0.14899330743761227,3.134432411699516,148.44340323356252,79.2874272854248,778.1312072657507,15.685441009702808,0.7962574950361786,0.0
2.423096546213384,0.4141392068313237,2.9777885423516253,315.98086835701554,86.36425111322502,824.6742614858657,15.260109506321697,0.8162681924309559,3.5423628846534814
6.411549506443224,0.6691075631999684,4.353964594555401,167.2625228343597,61.31533995104406,815.252219830461,13.054663377805074,0.7634815729661405,1.7411429445288213
1.1471194891499394,0.5128208797188665,0.46762802306468143,517.0354905611998,79.3683210662546,989.3198380667383,14.145148603025453,0.962261473400245,2.3546061703965124
1.78651582374694,0.5001424703512422,5.512022602113655,199.05809063389796,69.6501150513756,727.4189677155657,14.226218266114154,0.7324060185277949,2.1736945056990513
2.9140830414486727,0.1463323636763216,2.1153216143978324,218.45442563175706,83.65086782107147,902.8405071115078,3.9350043241068455,0.8484914959390103,0.37574440123863295
2.312552746851321,0.6225750761861183,2.0150332259097885,577.9495262808039,70.09823944301108,873.8713442283132,19.1877570034241,0.7462237645274474,2.33526682410841
5.85650199082459,0.10772704281084255,1.2202220847653051,298.56965307460865,74.12167773329118,1014.5718821088564,18.244689337438164,0.8696086265843209,3.1773673054576346
3.269184525260476,0.04555969858896228,1.3708620063780046,319.2175849182445,81.68628931737469,945.3551996877289,15.833709632373477,0.8346686555604104,2.9134757419850454
2.085104259080083,0.11700139347472803,0.4468618244240682,222.18607920132362,88.27721555817261,973.660359394138,10.82194014495335,0.9232969181719872,1.4969057581327605
8.481369705167983,0.12706866395945518,2.7911534275657637,279.43129569449826,61.426084589657435,881.5064955758082,22.04276065458302,0.8770877326651202,3.7127391268939043
5.6748818949347255,0.49621145642001163,1.686550365168649,120.22774643045567,66.630321865844,918.6825458203552,22.176626101455533,0.822700061753787,2.472085043778785
0.6443709341765871,0.526985137602203,4.893403479694732,460.8470150049259,74.68439056736703,643.1073871610813,26.34332650110204,0.6943809948183214,5.063673345415468
0.6271881670564114,0.11511503235375825,3.42826509643661,177.414240069308,81.24687718034963,846.5853927694005,22.810640744336098,0.8507894050496297,4.103256051531505
2.100333122496485,0.6798923868267236,3.0593230933598177,104.30884989640468,69.99301914303514,799.6792380322596,19.16350011460407,0.7628091793872345,3.5358202662245564
0.7581814007093746,0.18486730000378918,1.8431769721878406,459.50107525878093,90.42323729509815,784.9467292123503,7.260838541038277,0.6978597210695966,2.8167570817193304
7.44483173699591,0.16943592298923657,2.2587070424621327,348.8978075670936,64.54463068285892,939.2646770970922,19.441051143538854,0.8991031653070828,1.546085364285734
1.8781801640448061,0.9174552873952743,7.367650212385252,378.22823057434573,67.1120306099011,632.2466581853654,29.1852919046866,0.7005915341060525,4.432960932882073
5.295524091890412,0.26383781221287544,1.8217198974624988,261.8073387735076,70.70258131976082,770.7890188776606,34.40429437596578,0.777027073565298,3.470853085106615
6.278790320961583,0.5344889260798696,0.12236022768290407,608.2687289656179,57.62429699304219,890.1307429494075,26.45200023331689,0.882059077817211,4.406685703507013
0.27330605788196843,0.49399131961884396,2.1785601245541186,171.27130805628065,84.61678035751626,815.9541313588668,17.82557625644661,0.8416661386516412,3.85888797718517
1.9694467956938162,0.699585430261816,1.0760899333991527,246.79460497107124,68.34539541302037,798.6874820381848,26.577918863611572,0.8102701970565367,3.098853733305478
2.7887923352407724,0.44885273611231435,2.035742094442397,57.96463719593306,77.28541622428001,806.1852853740384,14.893407729841117,0.7251630048204116,1.0121918011553357
4.329385984151762,0.34287557447188877,2.6780989384277323,28.550641124643555,66.13901980400146,810.1000052635144,19.52619659548836,0.7104216141444777,3.1893230839407885
7.114545802870369,0.9066122868239753,1.093897142010119,300.3725825433917,51.67510720542391,856.8488768952307,48.69777681864983,0.8316351199090499,4.993332093360168
16.983891330486596,0.19130093013832183,0.40925460277694614,352.47355537215714,42.385101517147916,1029.780632926858,44.927309285965734,0.9211339816736309,6.072082601407901
11.903975600612705,0.4048798384570015,2.2132343814043023,287.8962821435526,50.92494010885576,883.847906969735,40.104198716965904,0.8373257577977113,4.326272048246043
3.2331182590995518,0.7373893790528665,6.687785504025053,353.5552540982505,71.32861556684459,567.0486240645138,18.80055287364696,0.7247745682413689,2.9665365368958363
3.1975109307917093,0.4958197689060198,2.570589571595378,452.6624650827424,76.2394428762629,870.2653551455132,16.998402570864208,0.86803871680687,2.7569731795964647
10.979954017322363,0.14443693991003256,3.2060290775049713,246.1247803359585,59.94529672567374,886.3331395208779,20.737546011964767,0.8225885325257588,2.9915243492116756
3.3994286582104114,0.44401261511049783,1.9493499071046407,213.2528930072226,77.93145461263046,679.4370449151467,20.01325956043045,0.6708542787850272,1.033345048710276
1.9234023538044347,0.685784811803056,3.6424582332807516,134.9249322334491,70.21638397681691,825.828286147404,18.60133248422186,0.8277427433687576,1.4631180738977136
7.542424026704054,0.4191743085764385,4.396726246396644,316.0186890324349,64.49976202001989,769.2665334555874,18.691057369220925,0.7846818143341268,3.8802986209502905
4.514137709061422,0.18256785245462742,5.844314239900537,487.29302720813575,77.00229220854573,749.0817352811421,10.968802821830796,0.7386899959403126,1.9839558633907377
0.6137007866149772,0.7757447712707753,7.0783847891622855,394.6416492717921,83.01835191697805,495.9282594954076,26.350807440810748,0.4607637734609169,4.48595697429901
2.525962436523306,0.19313557990016772,3.3627401831335386,753.4162493346878,83.96119899058333,933.3551032248243,9.442287656422254,0.8120901102675108,2.5968076616735623
0.7897874195548724,0.7351440497954006,5.961995478827303,274.7229053968584,67.82473565667624,671.4663683633418,24.73190899899094,0.7452467622740463,2.6054181691272564
0.06378460664428678,0.7213458094750137,4.912541170633611,198.82829027108585,78.04016748391035,741.8031987293766,8.202072484967005,0.6804698622456896,1.8513365098825338
13.158431166383943,0.3097758528236501,3.708969426964316,238.22526752645513,43.02422161962591,725.7475018786242,38.74855473065221,0.7644030843077195,3.2614151161467992
3.8091474098098717,0.0792379668971743,2.526760229821277,416.76019445766076,85.23405515226183,917.750531349781,2.1130370090435058,0.8728341869581888,0.0
2.6192521100427846,0.7797410743961656,0.28350268381600896,352.1022797078289,71.3811962522367,903.6011877362884,22.26418189860253,0.7926085576991486,3.3135711516101263
2.0837841324197948,0.06581991976110577,9.979835996541038,177.3526664261291,84.05779682455287,581.5998779716535,5.696415448752052,0.6939547398462488,3.3403143752285116
3.458828175554331,0.33511077723265065,2.823292552829267,306.55154876206,71.05658138692911,759.2112118044759,25.04924307101203,0.7515512262124726,4.1095322649671795
2.056832297253406,0.04412178220967699,1.7863114098790454,164.24007317049302,88.3902845274837,918.2423244476261,0.0,0.843522915573002,1.565941404377352
1.1929310805047797,0.18410891536659846,1.7917561868952503,353.73737872248813,82.29867009905117,843.4098017987343,8.598473142227729,0.7485668095492871,3.20399219185278
2.183508077601471,0.13790302225415493,4.352514462153468,70.13485630082818,80.80964027981565,763.3208538712017,20.493644601410878,0.8228726905039265,2.5166905897340026
10.17258605970433,0.8751454683570818,0.8553354807922928,88.56043954598302,40.07329095842155,904.1168016493293,51.14718514565986,0.7828628180528827,4.943944846635671
7.406598416851596,0.3354573512881017,6.6748038628893624,105.31430735287255,67.51532578811684,687.8940643283779,22.775141886563734,0.6525604033497907,2.215729070684758
2.1863860778342272,0.4933536978560166,3.328481308481364,138.23183343083815,68.68731505083356,788.0053018114937,19.58888328221853,0.7798789428134855,3.2921225693543734
14.163394875493601,0.3747214211633634,1.4788737611093832,333.6548321751836,39.369359990161556,814.1098223705155,43.14039659407281,0.7394486614875395,5.1772905492713965
3.19740914374996,0.8815254820396573,3.9351449007333965,410.51291910159966,75.36332211761571,707.617348041797,29.557651253732285,0.8279696957850275,3.0135182568682337
1.522734856853086,0.06635151353644742,4.625628793354844,256.41927649400697,98.54202751389987,796.011142341696,0.0,0.7282052282281364,1.0132851499294546
4.688763475765472,0.478412921355657,1.4243299172383361,104.55485311684092,75.02238010578829,812.3666661573775,17.505071091586117,0.8270788196310725,1.0017633293614798
11.420196365239878,0.6702795481005298,3.8354903062808408,463.8624752286437,44.20137453739871,811.1386977282241,32.7416692328701,0.8688305441473669,4.46582306028339
9.806256234222964,0.8259395115656448,1.9669978106381167,242.82790079934696,48.69271511820895,859.6568702056016,31.84903562879286,0.8515777380119346,5.0236515230196845
1.6070274982401944,0.5222417449188959,1.9983360666483438,520.3942270222228,75.199299318711,795.2606463313651,20.004130246057876,0.7393943722657652,2.293348239850819
0.927401193740085,0.14104066281409575,2.1773352296583868,274.17656513321316,75.16800550770735,915.5002887291323,22.74106769043574,0.8664689449633112,3.8132563782180653
2.392603282588937,0.6848932793959551,0.1499019346445257,80.25722181974957,67.8487945369994,780.1067153097275,24.32020240833631,0.8358284683101395,3.8077724928444425
5.377253518431555,0.24388580973283455,5.526646387388293,153.79378833273734,70.40119444607907,761.4456401522358,25.70324584660794,0.6819107281220678,2.155184273854627
6.637441188322034,0.039425806680247075,2.035382856218904,71.06033650137934,74.24317250165572,959.5514945941368,12.026736883735662,0.9306102563836478,0.0
8.759599051016554,0.39746647625836284,1.975435228738336,41.24223652079847,61.19940567319952,793.995972962641,20.562715974398557,0.8009524113036861,2.387548763188477
3.9977959779213106,0.7702312189008643,6.064850037368741,201.8001907353429,72.00546687764444,642.7724530976525,24.36263864288614,0.780163807423776,2.838401975140011
4.114686804173892,0.21387826907781707,3.552759640022349,276.70567839975126,77.4678827849719,833.4642914770874,12.91552545781023,0.8214969734753444,1.9019311281103524
3.8684936886845986,0.7722208753464715,1.2853985702823476,534.8999453597742,59.07139121983558,1006.0985267617265,21.60289971983027,0.9112684616974858,4.190885340403488
7.892135656318505,0.793925689894175,3.2010358621027244,335.8751222619999,50.49581269937624,907.7184000984544,35.86995540403907,0.8788203714286401,3.552904071514017
6.732285356139242,0.7786455209842618,3.642169419312042,425.04841762731616,58.55753470129352,756.8315403836953,29.52483230205211,0.6921015790742127,6.55510584101957
1.5446516591594819,0.6883656134886219,2.2689659652445973,183.4847120486027,72.59581973266742,766.16493168922,18.043828429066025,0.7189164867457931,1.1179283430419953
6.082037919878386,0.7801374207643257,8.253172526442551,106.7986276070731,53.232853572586556,567.5199735883918,42.25905117541636,0.6439796075764281,3.795013901335487
7.4957487416491055,0.736322939648683,2.1927256705979086,273.57969636166104,56.7275473810567,869.418490703902,41.53865851751716,0.7954666739198097,3.611298620326652
7.973858026274597,0.4710442399507,2.594982405994239,184.49969600201516,53.58833045172341,725.1062618599448,38.24685498200786,0.7044874031679547,4.127980759950826
4.518531907031379,0.8531167922010275,2.6767929075863246,399.3037930289421,55.72362323159589,639.4744432037166,33.57043412536435,0.7855801674818645,5.547896338509752
4.308465801915937,0.6945436648890831,4.412849491600301,189.77625034548205,66.791473229686,650.5465924870115,31.526542190011718,0.7800264217638219,2.4447613530057133
3.3272447584232134,0.914007828436087,1.1724339667084602,336.59950006819804,58.242010956164584,861.7421973106954,30.177303462621747,0.6899715343527971,3.1139509861151415
3.6523833229629115,0.40787826669052224,4.828464567955031,667.624400771835,72.08314233472437,794.9179425048692,18.37925713567245,0.7789551427191947,2.8340218408950504
12.581196940709088,0.5969536528504191,10.638682748169028,388.9718747317938,42.41209788768088,511.4473107765133,36.80983964657059,0.5472804217150656,4.991107666601019
3.7636542343573014,0.5144202216593617,0.6679128672785339,554.1912798380165,70.6389355303048,962.7657880844187,15.859326432238477,0.9351905586395457,2.733156209660966
1.6827341934145656,0.3380885886535653,1.2479131963057415,82.95631592228831,76.6611874182407,888.4750487935214,21.90530111150115,0.8442130401778769,1.9954858797320951
4.6013371500162386,0.5973342271232444,0.5672303857944303,99.3703591531771,67.90703824519044,871.4535499946194,13.4539089046129,0.8961283583451307,0.2978129850248852
6.5323478438502,0.4574326070285654,0.23076742749100337,283.2999814146627,59.379365191832434,945.2603076274717,24.868706504766276,0.8240868625978828,2.9865721725765524
7.7162089884305,0.11136080869317125,1.2157784148961235,387.1138554833034,77.32058406200042,1037.3419229996484,13.753369767591614,0.8749015486565654,3.683335774834031
1.1770280696828892,0.6502135437064005,1.2929292757427802,330.7741254522484,73.20659764899295,875.4195126956383,10.31103911882745,0.8143021477630789,2.95897783830322
10.7050551603018,0.3112239600351418,4.6440249587937075,147.4957675192802,58.14370677477174,761.8105956070481,26.95098178036049,0.7272261899366363,2.812478122611557
6.335772693284409,0.48844449551913177,5.954433773488821,370.59832280129694,67.44729378664417,712.7259775886758,23.349379593948623,0.7230157000862637,3.511555116783975
10.250721283031677,0.5249800561732458,3.183000844783784,296.9438682433826,49.348968141357425,879.3051893776901,41.619312188098604,0.8869312974426763,4.761942143671077
0.7198010188187798,0.6585707149714932,5.4590452405121725,188.93681263102133,71.54091641833284,661.2634022330225,16.885211984520534,0.7201255681601161,3.4532917168314805
8.213238114843826,0.3194696497164911,4.359818425590394,533.6725782418501,66.02184698927113,750.8112063002719,24.38884794758238,0.7356624152240041,5.346002431279715
1.1114763168514372,0.3758163539095604,1.5507926078299525,385.2802373035419,75.15717536261096,853.1536177337618,8.424562816280254,0.8145881670309103,2.269362625941256
2.6735467300675895,0.7876612499468115,3.484254719663512,489.7578158321876,60.9388960292499,791.3969057325071,20.04384150216716,0.6957113846479623,2.323325307913988
6.503830551729983,0.4238408322723074,1.077277248252514,284.32414498388556,67.92739869503669,846.5776365252257,11.029195275438193,0.7103007401570494,0.7895680177555158
0.9860718370953678,0.6953417929381883,2.594988186905717,356.7204395347398,73.6543296428235,830.3390048329329,24.31526733216112,0.8587578959522215,3.685252005272589
2.040518033664725,0.20858377339661116,3.0468110922756755,328.02274657913347,80.12939324063066,758.5738095493194,11.94225604243891,0.7170767294719422,1.0127308767877239
0.702289616845327,0.47947792919136323,4.002703362003178,75.21914479904001,78.4128302091239,752.3883175314622,16.4367713415023,0.8231267196339783,2.811742405836594
6.365458770490755,0.03621684600693184,7.659457221462312,259.44007074073534,71.02072758281828,684.6938154512463,23.42647621666374,0.6954920399294171,2.710197099715947
1.5165337175743674,0.8665621243104176,0.8050027998016848,316.3112760211294,79.69206743574571,945.08813816108,19.066393996096412,0.8737677673662809,1.3214261226329809
3.551329089736444,0.4872399432008404,2.541161474449902,442.2228785504599,77.25696954010037,883.4854650902549,27.95223710645068,0.8716201508927106,4.019022330288981
4.9839268679217295,0.8690698280594802,6.738903839840308,148.47815348411092,54.19990130628202,578.7265602243218,31.812092116319167,0.6946150554196433,2.7351082345557858
4.556478363433417,0.691816674728543,1.4478738312018666,270.8727748142606,62.47190401931774,807.1971793539915,22.00042633960748,0.7586046687278412,3.498084214064937
4.207717211018764,0.17647455348248536,1.1237181199390065,515.324483490197,80.94906402119226,888.1276895737958,17.525732535510492,0.8364310472184988,3.1060466473867763
4.2005978204967045,0.887315146283286,4.294273306381724,221.82680554667309,55.336301983161576,627.7982258717404,45.4419614111696,0.6757693456963788,3.1502672792310196
0.7662617968318981,0.12404371108105296,3.829412940146491,86.91288697513177,86.8065005588139,925.1606627063956,6.000393447703253,0.8740145288321404,2.447949677236325
2.8166243731774543,0.6736696357656144,0.5730508216947123,382.8526880516659,68.21779579084829,830.6638960986465,17.477666733083232,0.808056662245334,4.033431268840447
4.16793683419071,0.5241509939863744,1.6491507736246147,284.8203958725679,64.98550195604538,958.6626203769616,9.180361495288121,0.8386912754852619,2.7395682768428387
3.781980145405568,0.4814299927672895,0.9600610325289451,69.77730578384207,77.10033363539077,895.3400025973733,3.627122278210379,0.8446776158122592,1.8685689651233108
3.132427404336478,0.2492460498051847,0.9642180490385774,234.68451310667442,75.79976801720323,919.0950488461667,25.456431986666168,0.7782909250617204,2.442307177485694
1.7485790556893355,0.920360245305366,3.628179808467253,264.6915446593663,66.1630775856082,722.6743764859424,22.644708098474222,0.733757601778418,4.298841526562876
4.471846937643,0.838962106150074,3.6223483177724827,222.58742593692475,61.19380408106889,801.8608605737439,20.33772819331832,0.7870367023138337,3.4690767044268367
5.204730469460624,0.664048828259943,2.552509883330919,275.4169898270943,70.71531214125469,747.0280865711708,20.51752006858297,0.6991903727016067,1.00254390467338
2.324972168189591,0.8411092453489716,0.793231804708161,292.885747268681,66.56586039465755,872.5958937381919,39.011683356095624,0.8094597602573037,3.31288636261192
7.758323526981689,0.3760529190441941,0.9941856696315163,305.1319139680992,73.00848052613905,901.4965923047936,18.919207060238104,0.8152255602177427,1.9201425332868087
10.874372495555445,0.41785333365037025,3.404222930662672,244.22172711421348,50.11708170190369,825.3508108377005,46.40622228689669,0.7704856052335982,6.367268436629125
3.615140926120694,0.2934180340398308,0.6480951241593236,405.46751320579546,75.71519255376401,917.7962426991469,11.377786111954721,0.8885597649871606,1.0896646715731348
1.5821209958088356,0.8061279057684575,0.3923190256095582,396.8746121736884,74.78527595401509,841.729271078814,26.412071569910456,0.8281550631745878,2.8356206426513864
0.9712593914320322,0.7519117285678517,1.7591915806261986,176.1257539560246,82.88881423316319,848.3602969117576,8.6113824981452,0.8570815820425565,0.18591614312201643
2.63653548217393,0.9210437058782708,2.561801434023854,583.5908338965645,62.741792171465114,676.5367531236436,21.462978866929006,0.8098360161575281,2.97719170357243
3.380446115380872,0.5655857638489313,0.46613841261680566,166.44176350929635,76.89980714287046,980.1524840717312,10.532729656111545,0.9429599038755905,2.381016114047906
0.9091471784822396,0.5074666749537082,3.5146621807046965,304.5892173118319,83.82298465827803,789.770701007149,9.38027604093825,0.697054271487729,0.8450721461356974
2.559603227680227,0.2614160454917985,2.3418050788762415,318.9768341282326,76.98190148820801,834.146514823345,21.968061479209187,0.7677109322291651,3.5641108468251077
7.443329838521229,0.8919301644466782,0.9074797539518717,116.54203405437751,50.28126881156645,852.0269458726916,31.91291564481941,0.8783202796857479,2.2742084656153785
0.20312819118492215,0.14845948643025286,2.74690320422292,97.9430788024343,90.47573336055902,826.184622733968,13.084926651125043,0.7759659608027537,3.798340436721046
3.8208195048399833,0.8161414543047993,0.2890733876409571,186.4587712638902,57.97640508805966,870.7463924782727,25.112343885648308,0.7993799870234632,3.0986718049330833
2.0279127171402624,0.352086629352765,1.8805163832324894,373.5662084240003,80.93499968814604,877.0676010296852,12.853116846535567,0.8429470379327565,2.1624730091128943
3.4763465060584107,0.5477373286917483,1.9500181595682808,35.6751624238102,71.27758775702063,915.3278570417265,16.921155733771794,0.834963292250966,1.3392448381158446
11.31573413457445,0.46825631824326464,2.5862026956632445,208.14726064482497,51.220047205930726,843.0440233648831,45.01752781992023,0.8912955671467813,4.558761155023996
3.330473595843034,0.4782158727286242,2.8341885201867805,110.88604701645528,73.4023709162107,747.7242644835919,21.72349990585584,0.7405668564476097,1.2670322587363445
2.9060763322049414,0.7661404179255028,4.446980526055896,432.4602373927453,63.79192588321239,742.0716425620175,27.05093991220509,0.8658336104913513,3.5288639562925628
6.0397697072374585,0.06489401663772326,2.4708068769535645,203.94738499484043,87.48914998335539,934.6944354431424,7.084379748331504,0.8328150681722792,0.8894174913825618
4.524344413838847,0.38032029204749707,0.622172686228302,322.29243066030494,73.00374988822917,821.3298353893553,15.400048790862284,0.7599407493236201,1.9666541422208597
3.8352911315070646,0.20114523073064472,1.12794238898352,247.9607175803626,84.96499852791112,853.4192442481165,4.484956592496817,0.77028869924993,3.603582480187711
4.664312202497216,0.18260930708220943,12.667488648897798,400.8170387916196,78.63217663200689,586.4988044309256,22.889403108688512,0.6125501309369248,5.199066550094026
9.071355257449223,0.5992899926049542,0.4632225685332595,197.31427200216817,60.33860369182416,871.6757581713299,18.075902769966657,0.8591782977817757,3.72341763575297
7.070133304267559,0.3599538078792864,9.164588335008963,168.76775581984182,60.91062677997634,560.9309361678404,25.18861570816723,0.5693620945860168,4.494801479211452
2.7218919930983803,0.14973075015644596,8.271121034342018,109.73806492321016,82.64649273328779,644.5984216862295,17.44277627928972,0.6365415645866335,3.113300063517251
10.868986639088977,0.2082694227769268,0.6089665743272794,295.97862091779245,54.945957752417684,905.951394100758,21.485806505358305,0.8695521277216858,4.169924447334371
2.155218904956871,0.4708283731594793,5.03092251521997,374.60973577074304,73.90380770303395,621.7868519423746,19.336967433657147,0.5645752559878938,3.9305629379843765
3.8212800846042536,0.12360673462967099,3.475192214137741,129.76794462776456,81.78356227542338,775.1166213815845,7.52787888962771,0.6914410099586408,2.405732006438714
4.213994802369218,0.7174278257282294,5.685483491897241,240.90253339804266,63.19124238107572,626.629200097268,25.925981167295422,0.6733787627884309,4.922577436003431
2.60048829223061,0.9560193846944052,1.1730008963358292,577.8247578608778,56.16227412484008,779.4986743713986,29.675095407551662,0.7881027305226136,4.981475967574916
10.000757682539396,0.27356328367193,3.4867687172213295,209.23727850035664,56.645015518171405,773.330546050117,16.819160689657906,0.7471872904824306,2.965864735248672
2.477647277086059,0.2372266719503443,1.4257666694018991,121.07756667123604,79.7063958575392,817.8712301474444,18.033425129174518,0.8125040420782967,3.0429580415197854
3.096773627817088,0.36245376902844606,0.923066652866706,204.25938287864588,81.05202160526345,875.4969966477026,7.336717680315415,0.7822676125425032,1.7596560825962
7.896307683549595,0.24520237019401447,2.7227497252097694,197.15787524484725,57.94639203899274,921.2252433094006,26.14532191346668,0.9284298566023872,3.208525321842408
2.235819531817312,0.21045302297833285,4.3384331655269825,394.0217307570235,80.46672749603464,754.5791661060637,13.977427646754975,0.7982966377526336,3.115443061911092
0.8629551709282159,0.17894754641670044,4.053324646317631,276.98262692047604,84.18548586504608,800.0864845679074,13.324391727812333,0.7393386428325077,1.1674307183910582
3.917955258885579,0.21960746387503796,5.290165680154084,70.05677824332764,81.48073928936948,842.0831536214841,15.647779240424475,0.7958275340040212,1.2681191741935678
1.2088312552022544,0.8263764369642308,1.2591013355703544,455.92473230474207,67.98682053280513,784.4358376396414,27.15442083444053,0.6724431676543793,4.794786548685259
1.0589053323973314,0.4971325032431784,8.230870431610487,149.6256865358033,84.62527623826999,779.6218950428712,0.0,0.8142553571302852,0.988302921932759
0.212077267450612,0.7255260155191864,2.662266596700391,114.72368390131626,75.99021017276836,838.1980242586077,19.703482140380917,0.7389503657047093,2.571200134741304
0.2688385687599203,0.4069876660292938,0.8749057962915947,247.732347949583,86.46766233093649,908.5913278693563,9.538458055690803,0.8182233036321775,2.097407241128878
0.30565509419446113,0.490856714399945,5.013582739242538,168.8534841261067,87.34012852851478,710.9446725882209,5.541576039034276,0.7119164435768854,0.0
11.954057996899895,0.3754379734976035,2.383662554021983,414.61888990490365,43.74118761667309,928.8631282928774,40.956713582214036,0.7884957704807254,4.570864584263502
0.30363508167181535,0.42904864745207033,1.5895038795885368,287.8137658427602,82.12699256840554,830.4710143741553,18.03440364465567,0.7566348076636124,2.587645971399013
1.1739281933625247,0.5049683915724775,2.3962710899327524,204.786115689443,80.95949860252013,802.4423487858587,8.069090445158782,0.8000863018736913,1.8348448240413184
3.1450404659766935,0.7335938914648589,0.37609073687466943,150.46101858884973,68.21444293358266,971.3538056361715,30.66181740554057,0.8579115615501358,4.035081958805482
5.824889406496885,0.4177141528703917,7.126553006298776,592.3761869551054,60.59749754722619,629.750046412084,34.45970247092069,0.7214375283698299,4.411995172310218
6.317694945426566,0.4432622711236065,3.7930115276252234,509.57039011780523,68.44793281225103,753.7889157442122,24.307269591774542,0.7893566780295659,4.9399561239612595
1.5831929423798319,0.4772945203598148,2.665943654171767,242.05440596520944,78.5566738304377,782.0234951961453,7.671719701788031,0.7267711740756887,0.944082214264529
3.759971599234618,0.7217550094512388,1.9758328720134153,64.72235582923369,66.31734843397409,696.7610904183252,36.507747828703245,0.6953743622848706,4.657703235091893
3.0613040690139286,0.792833128818577,5.475652253571396,203.10886144613448,64.8884900422893,722.9388582840895,26.284596007743634,0.7111059068893466,2.8566094740802748
3.573111001066036,0.5127288049056841,7.412381031291094,388.55313830282296,55.55348944525802,624.0161337859241,32.002484171906545,0.6542125588828797,5.5424872522940065
4.006530142657096,0.7420208122642687,0.7766458138051556,135.35144102359885,67.15717826468047,921.810428232571,23.67166276920945,0.9268256461622699,2.604820519685919
4.969885206435413,0.5401698128549566,2.663021490485109,620.0151209487069,69.52621480902657,802.3201451319616,24.647025760230047,0.7909742306436401,2.6327719901766526
1.9897514443133193,0.21304757211248126,3.318461134341291,573.0317512489792,81.59737560942695,809.979416028626,18.44346410990464,0.7030245064381311,3.615723478549172
2.4959298919016906,0.4577075295151282,5.440404248826102,173.0669685698772,68.64691849736231,673.9222292730651,21.796337311512783,0.6716118500052711,3.4755851408496063
16.454132217456312,0.6594269997941881,4.2146410914239585,144.805650230917,26.474857458858423,773.5387110689769,44.01095773184937,0.7410158753116964,4.81287168387781
2.1150074124271585,0.2457052465678231,3.48322914281995,425.9808910966405,87.4873191900669,775.5627652282419,14.968461253077086,0.7865135032527074,3.0187650864680413
3.8190182877021743,0.6461842736237698,2.4705975884759392,337.9949469899782,65.3491048230789,827.3186257293468,19.363757939287826,0.8864995136241273,2.340693757797448
3.0868150455650962,0.49573532093127637,0.6809594631258278,214.85160723925648,73.45877229103853,900.6885733304088,12.550246334740242,0.8797784118870094,1.2352575700999666
3.6885054959091192,0.7867887385935654,2.8109314530443252,444.1097710416388,62.5969360169471,706.9871989750989,25.799992379978317,0.7190884639954275,2.151064506174272
8.059209143428692,0.17663427358833178,2.0485312175343418,107.5867747676142,67.98343228259115,864.6676264223441,19.676786392096112,0.7762631330075073,3.0435108130231034
2.926310329119164,0.26845824587376965,0.7713442584048928,233.14721179549736,72.92538129934874,929.4813732016277,21.232339543857172,0.9287390515223606,2.8863501493653727
1.0064578178226458,0.6097864071817326,7.424862869841453,513.4998585315628,75.72471085178826,592.9080483622705,20.413380638185465,0.6409071828803952,5.647395717319166
1.9533950161987446,0.7086225148807602,2.6305751718677755,373.8113963429729,76.90564250671318,902.1998282929395,13.34563786577942,0.7702948207016967,2.462944612081524
2.932409542715477,0.744273438445456,4.130941106666828,423.6458466793037,63.010581208468366,737.2220437437636,26.620248963925206,0.7602160921423184,3.973780529813854
4.119898020504929,0.7785956204154919,2.1265199844839207,920.5816853322315,61.801379471220365,786.384161542315,23.827074304950663,0.7100442320474293,4.768176895255963
1.5912511925392403,0.7140865448304288,1.0223907449609073,316.2428704260822,77.63872291192344,830.2047197882093,20.253814925364026,0.8311073192640231,3.6258551895213884
1.78353971862344,0.8560692128271196,4.352937766782901,320.5498587143685,71.98115804727824,683.7173401772163,22.554709964504095,0.6905328562194202,2.8595031723988282
4.250130605629002,0.29233197658747057,7.770875388471842,113.09582336592665,77.20324739765557,608.8467408226927,20.262633035160746,0.6500220592732536,3.0477532890985692
4.3769849825148315,0.8420747793468035,5.385017874597361,202.87404697613738,62.761435846640104,608.9021901704796,24.361889227342854,0.5280634517798106,3.7977358651621276
7.1976365332100265,0.5973454717523504,3.5951115192889667,361.27171477150284,60.338553288697,802.5105572053178,29.312977447875948,0.8353828525887124,4.304993023215927
1.9286187314241645,0.5830784730686833,2.070925887970559,348.82653641212033,73.4848483579106,922.1009670129798,21.62092359013999,0.794305031402523,5.26616882585601
5.380106542875634,0.2868976653636741,3.100738642310419,436.8117642506457,77.19785774410481,805.8932176679377,20.454651258798386,0.747419821390094,3.598710551787993
3.0921343479050214,0.8053810533057452,4.25341697956062,266.0671504465387,63.24642998108718,734.8191267751663,29.7045826931463,0.7504361728264052,2.212467018017996
2.219634441421645,0.31108781107617256,1.9256328721464047,263.3900168644065,75.59245724788556,836.4550390240136,16.348361082689973,0.7945793169322658,1.2787889282604321
3.1854963654354336,0.679525208167638,4.211319546280056,234.2318019395242,61.53582230522734,735.844624710789,20.026695188754818,0.8563192616385968,3.5568029531724896
3.59834363151095,0.2599500974966787,2.203697684107437,69.61571799743768,74.62303751237465,794.3500299813209,20.773706076330946,0.6903641574170885,1.0661432909037671
0.8791040042300104,0.2780305328047062,0.26193284620755053,118.26549553291592,82.26504426108683,896.6083738300509,15.126635922037847,0.8188111345064979,2.30671689978178
0.9676386644880922,0.4476302143150622,1.0782590919318134,229.01899712588536,77.34938459982413,836.374423945781,9.256264552892832,0.8411336847853315,0.9444967469849552
5.989684093808919,0.7669724733588094,2.298341796827511,475.63710068711435,51.97858728562032,784.3069055807385,38.69515024459777,0.7484324212157635,7.4995822100761345
2.437493512663357,0.716057979254494,2.807521043740225,274.32182587859256,71.65620140712781,710.0989164886562,20.777871390047665,0.7258929441059637,1.8209450125954778
4.145658408688755,0.0801603547980239,5.012985996844663,238.0329688341979,75.82660328217247,653.0257871332417,16.148006740179046,0.8210530669735852,1.642807293395348
5.848087681523134,0.7505170986926505,3.2468510508082877,250.3281818801314,61.435085091625744,675.3443331847214,28.276233494227714,0.7084987902062164,4.4185998284546395
3.2027684809317782,0.6855255629796486,0.5023884663335345,222.59514754020998,71.8585798519523,866.6026731951271,25.28543129520104,0.8899953330428586,2.5662386208531265
5.460716127714422,0.4059198353875278,4.251125608716919,220.5716993321447,81.33486198320944,721.5150019525847,22.416702567539897,0.7653923107986474,2.2191063331666707
3.6186254708647385,0.46523759900938166,1.9884734132593038,158.27617026448902,70.24018007379637,815.9285603715898,20.510128387330525,0.8264315325781846,1.5125650269179487
3.76883113721504,0.31611152050384556,0.6746181044461318,294.1056761073277,74.9923353620559,941.4672264405489,16.123075534248184,0.8549596077445982,1.6562739670190663
8.569195643284944,0.7750905778417353,4.223726983898013,478.6226208857359,46.18349467857098,665.5233159758862,41.31825821246966,0.6178659650925711,4.502867855057536
2.896680278890397,0.2896647801374864,4.7107899751535935,261.8963041890194,73.21056409247414,763.3137846514045,10.712344613870647,0.8123710946700513,1.9309797945064855
6.0448316847746675,0.622380188017478,2.928288395820129,311.53127655407883,59.204758248930474,917.7113080951312,33.73060823731481,0.87846589419328,5.611221685829935
0.6913052343263538,0.7707944781860538,3.367677002309705,274.58941240691604,69.77620117092836,726.813564140598,13.028063976753508,0.7628709356958431,4.3653042796161365
4.019094673563114,0.6960951215335537,2.855035090984227,348.89452238182685,59.62017764315823,769.0531748663635,20.01971895983722,0.7539324513879583,5.082797258492365
10.256681110707577,0.7157406967687672,4.124821360071102,232.53889939346016,47.51979204679736,750.4736012892425,46.05591827513468,0.7178772806524498,4.865732839071741
17.309598364002788,0.9336181276714709,2.251956488448028,66.68385459263018,14.370644745475994,720.8158027947298,47.44432095031436,0.7986195816168189,5.2489046126235275
0.7397073758755585,0.6287070685187748,0.2298700178900738,147.3751707022911,79.89261972984205,860.9946818673081,21.91857717459436,0.8329327169667818,2.6764108927756447
2.4257752218769992,0.4777241726513069,1.0948608952126566,242.30380641141363,80.05872748073585,878.8224585987531,23.317239169594476,0.7358548673694377,2.3218489005958416
1.24040839625289,0.3904850189951565,1.300645154784517,644.9504728167328,77.19303740672312,901.0467537241318,18.00225455591771,0.8379534818824987,1.4120189266046417
3.003674197991419,0.4165166925219861,1.9984438464489083,156.84370633869653,82.56862886036659,801.7570799166512,15.836377426199405,0.7658556900436841,0.520943688715289
6.8426370994739205,0.7729028021794356,2.180240849735901,182.28724101414164,57.15546201751764,830.3437035799124,20.54658691758669,0.6668870642624776,3.1627443506282704
8.8042986343839,0.208630608217308,6.926243777497292,175.83788344377274,63.006920179803956,784.4548268960338,22.94064799649957,0.7332703003815383,1.6235173733992394
9.021590286961578,0.35613268070245235,2.5979949997604135,77.48329317759499,50.13872539467852,727.8784502604858,37.05360708977843,0.8665318370771249,2.724200366529925
0.6534272284424661,0.6766338138217007,3.36628989053116,246.00655560401225,67.55792506825485,787.3454410062494,24.685388580651747,0.6544071584180879,3.8726226846551315
3.5299342313607336,0.49555201424849116,2.3217519729003797,58.79582472293389,79.88472052854408,827.3165129473504,16.746802570710503,0.738680638410745,0.0
1.8889532263745297,0.49930272032518314,2.858210383480798,297.2247726830004,83.44876658210242,792.9515683587699,13.558560565870986,0.6541151320698109,4.184646565136692
2.8456486396857956,0.4245807751109783,3.3382816487623055,353.6133740329966,83.8466670331547,822.3580074989605,11.433423437304988,0.7142682280570838,2.5319543272398315
2.1692345960539807,0.43035859670290727,5.400299755274477,52.65628401067046,87.01975060404699,802.1904652474432,1.7553965160255265,0.6893962245701324,0.8011310798420731
0.699994470092332,0.9702018710891884,5.313035575847519,920.3660184502335,75.51852128982848,657.3751395874579,19.249176774943464,0.6352013524200939,3.8366825092356502
8.869756875248589,0.8803420855553474,0.65030711707314,92.77393630301482,47.574079428962754,899.4871333306019,29.877016662126323,0.925490883173115,3.272143892825596
1.6083217133989296,0.24378289312545665,1.3453986553199826,129.58815154920217,86.87949998626746,907.2774324772682,6.995588837191402,0.8896641250202072,0.18509405136732304
1.9255492852189895,0.5834271939049462,1.9864233013087067,744.6329234860409,71.21603512254563,854.9337189218196,28.50166845309077,0.8000069369282811,5.690092983986153
10.302778618569725,0.6357991915475801,5.023240017968002,87.50422940786005,49.38967731407038,671.0671656719614,26.041079535610685,0.7863319105153677,3.76687795089562
0.5436188772084755,0.1374243204162141,3.1107299258059253,266.799674763011,93.66157524358671,857.2308808791717,3.6911181620525486,0.7905352688255624,0.7328095081078321
4.910875705250585,0.21063416763223278,2.172412033499466,321.15678844361673,78.82566079221509,865.1909584391261,20.03143065449724,0.7713461303191305,2.734636566266659
7.602304122237142,0.7875542207953753,0.8410694873570559,211.22199506437025,51.87697836736749,854.6331099826892,37.51844145319771,0.7911288498354027,5.263523287961673
9.698241070131765,0.10731767567242936,4.378817270499118,211.02627112833048,53.07424316116829,709.4359391886152,34.68179527613559,0.6464844920542445,4.662903950049207
4.636719914119228,0.32614423042688434,5.5713693848121215,318.1190305702608,65.37000505049308,661.316929968938,20.17731642240001,0.6024847982978784,3.216765425855405
6.13360586854674,0.5229352666890307,1.1442183546124394,497.59992629017785,65.90581316038111,947.0780448973592,31.730932021282733,0.9012358976711161,3.0855486711002538
7.599144312477809,0.09967910522949473,0.4825280561520583,266.4844859762918,67.18377993483404,1049.3914739692177,15.627460871771797,0.9462177675204586,1.8321579515664734
3.0468684878248276,0.42436579898774,2.435640992926658,670.4580739290795,78.57634325751819,735.0317217657697,19.154163303285003,0.6766560937705475,3.429743456809056
1.3731076704746004,0.5051113234306572,2.4845027856071127,87.89208128803966,72.16674354368139,790.8324822260265,20.401481791377222,0.797865606785999,2.7233479441648063
10.886493246311398,0.5990489472496743,6.680773358884755,658.8257621862797,54.17222693031739,598.0409755971754,27.359281475861803,0.6841894447829052,4.139955331485199
5.617530794101032,0.2399973980306474,1.5584233687237556,197.45509216582673,67.45936943677502,916.8641822960575,20.44372867164773,0.8198990424726584,1.6032731466060666
3.5263055369613787,0.41922963518151707,1.3352245333278396,654.9025310138607,81.32294192075263,878.6805650903209,23.940722586087805,0.779563163428195,4.9838653566693365
0.7496611129672592,0.6587461480219766,1.2889859163887438,366.3872718630524,68.52484734907937,890.4430716379693,15.059840945014539,0.8738465941216528,2.8594525143880754
0.13742908308811835,0.7821147273465892,0.9030171752023102,133.63695513935195,78.05156364825542,765.4866787592241,4.8044982999129395,0.7816807860005648,0.30899075266249243
4.83181449081032,0.5382578445669877,2.2156233285421107,298.91205412859546,62.39075485135629,851.6333886773759,22.498755116347766,0.8979801482410006,2.114122787874616
0.11912938851369806,0.09411559157473579,4.567736548501976,64.89725489362301,92.24539043577096,783.1416681625209,7.905957886368311,0.7916855763218515,2.0970816298887716
3.49241851592125,0.19176876017865552,4.708340319720621,161.84344753126146,85.11022790786703,738.6662976005623,18.96575237592579,0.6545615108326411,2.0385105589678525
1.6891583669603052,0.7681688557233051,0.9449133496171618,212.22637200515905,75.23714929117077,873.4811952985513,17.48574336752806,0.7474751876320385,2.4107115258247065
2.163875248859447,0.4634296072558035,5.172952620815672,247.31295703780623,72.80713434635375,708.7385790888869,9.263765952303729,0.714358173545639,1.801842327644755
9.095845422826628,0.30626882624252394,2.6284289291519407,506.70028259766156,56.9929054260181,842.8795341810821,30.678476011139352,0.8461761773994728,3.2058116717680454
1.7062405265264031,0.7348676183261508,0.345918956861778,180.43083542670868,63.64572429689615,956.1137442060817,30.583650226889574,0.8897130536865657,2.076819913390426
3.649709454641397,0.5698187663106971,4.203055432041335,145.73456689400902,60.84547821033479,750.6588946980356,29.33132221617823,0.7195551150490638,3.4245237886343434
1.7160057637695219,0.48139511770108584,5.367833157454651,140.08252461681985,73.6478107745452,829.7758554624638,21.409174205153803,0.713731452591453,1.921282070989177
4.4636330666228625,0.12358575764890577,1.6456555057466842,288.10555734342387,74.24582123662513,775.85031797363,6.795978538395124,0.8389527846059981,1.0065812623990607
3.9440886009860696,0.5203278786478029,2.583714767869378,399.3390611903114,62.6280588576919,818.0282488169971,18.107598893810646,0.8618692028140377,3.5111226977533163
3.494549902129708,0.23769757930359908,2.154751760599673,166.52947321260027,77.54741731664281,811.4591438834226,14.913229666208997,0.7165120599330352,1.6594806584094426
7.620896031351239,0.6755018664968452,2.7685497185424595,289.3904480647649,55.087722739720625,732.247456102016,38.239549176461466,0.77257177636683,4.777578082465534
0.5455333132778742,0.5011445755038343,2.101819314533367,23.156116506982766,80.76836965113635,801.4207206077965,8.725555629271028,0.793614782261341,2.3207792752993828
0.35674868620133904,0.7331270021838101,2.9809949754147125,187.41329352165138,71.6066946153371,826.1459566650748,21.103637178312272,0.8298971055967959,2.4663105766103643
0.9375962516886638,0.7116848788877139,0.21167945199411858,72.64828476065773,71.49974928245197,860.3800978136421,20.94760047859019,0.8921254498803347,2.654567272143474
3.9614666711682265,0.4204838787956991,1.587897064360356,619.6932712323212,71.01944526456606,804.9172913124291,14.030142607081771,0.8542125964534708,1.9422037504271246
5.1214621905164295,0.7489323200385154,2.30269904078469,632.4978431473909,64.99754841474237,835.1356261332511,20.084254168268355,0.8263992261748228,4.133722841904394
5.066106811265918,0.2108846260208343,3.855851427943165,284.487386306823,71.14566483091971,743.1903925190704,20.046839645222306,0.7337258763968645,3.6166083355117045
2.4846681673577704,0.4404693196718607,0.2155933588747023,82.9615201801569,68.1407495947046,1025.6268178011983,20.107771627335296,0.9004045180532415,3.5283308680104217
11.096215063192604,0.5848725697913183,5.386446935044886,99.15498649054,45.48371736263162,619.3489686625129,43.084928371735366,0.6606712651759273,5.835024050303354
4.763379225897783,0.4519084781025988,2.597626866303259,273.7950878179736,67.23117143391426,811.0698931087164,20.413472358543043,0.9231386739488648,2.6757005668918366
10.15061626571995,0.7930940647868606,5.0818850935738915,268.2773681517192,36.645469504572375,793.224937553251,49.670657203082804,0.7781954053477381,7.9359725822299545
8.753318278359352,0.21892619679770872,3.2975491249759004,66.0859884376327,61.270454576862235,815.7822656764603,24.94001650024825,0.8284570808225316,3.5257715780586656
2.4859499835828043,0.7763920900371893,6.340697684080964,176.5647104105887,63.70780076288127,655.3314163790748,25.54812408455918,0.7140007103414256,4.527865730892326
6.8661036294798725,0.3621191616098913,3.4540152449164108,234.6956346477997,64.95921216408814,800.9498562846304,29.32800786803724,0.7311032059346783,3.1612368683930048
2.480741333909342,0.5879426664370767,0.518914997032252,514.94457501073,74.95823329394511,890.9726641795867,16.886058060619174,0.8584716231259857,2.436613053505402
12.135696729151853,0.6126920198392257,3.988824444073292,331.5476486245972,40.59277476860796,699.4338989970959,39.028388445620905,0.6865461030207018,4.798047999151651
2.714049917192875,0.4502880093088973,2.7963306114892794,186.3975866957457,78.15595725232359,847.7951209389574,14.875676225745769,0.761351405392191,1.276441172582599
5.325391714879124,0.006037176223451133,1.4999583192456276,540.6380594434393,77.34238749526351,1018.7361523811803,21.219929076891823,0.9409528732482901,2.9938614093882605
13.838331753331012,0.6638032283702494,2.8902644483684203,601.9727554298189,35.567315121255795,668.293506818414,47.09282172647083,0.6377455150112166,6.01886059639869
5.519682418576359,0.30015510786659805,3.5144113026357946,391.4671373660828,69.39136385698136,758.9397360642738,8.558276314728367,0.7992404758994884,3.164095286032854
2.2372149588691292,0.26036774593465645,3.010407115444993,82.19581178371389,80.80951518354061,807.3711366126765,9.100696344771901,0.8129327162110205,2.6208521273507905
0.8070663670246485,0.3413495418591467,0.6642734817407868,218.6141247652936,77.16255520601904,868.988346325812,11.705322948121895,0.884639036530023,1.8408024317263605
0.5526777611123406,0.8794927985662814,6.762888005533806,177.82183456086324,62.209373291588825,636.1211272388068,29.95450765779709,0.7056713624994732,3.2622663801103555
5.044963459900458,0.562132541583748,4.413294249213346,161.53902435804295,71.40152518234663,702.789221252469,8.521371267537614,0.673893602207971,3.7736107707853392
3.184570733882934,0.634553444242169,2.471072606208113,553.2425376604467,70.64025346143636,810.8315871845564,22.23026544594232,0.8422091142232657,1.837891418198165
0.95890782040115,0.5733843605663751,1.983567424177569,586.7125112020416,75.07553099414372,924.1158374010815,21.26324973575051,0.9127605130843106,1.584429991386658
6.291194764010537,0.28220421808845225,6.468146267073957,183.3866656423682,74.38760507889208,591.2540292595929,21.74565587174813,0.6994255665862855,3.4888424001017535
6.22164793186178,0.461232646321262,2.9889803590917197,209.99649889081837,79.12625416961612,830.2758844183982,14.103523932860082,0.8348203411548942,1.9744629683063268
3.1326115035729423,0.36685672706410527,0.708319848868611,96.69265835864866,68.93046241275478,909.2747537659309,12.05324491919256,0.7716693446106576,1.5354104494314138
10.48783307061619,0.7795560421993087,6.488000773227347,516.5794398416936,43.85284029932738,616.3598255534195,37.75975660605569,0.7126145891211645,3.0868691755771946
0.41364076364112934,0.7323059605046782,1.7405651054305844,445.20734797629905,78.78712185774101,766.2277886592404,23.691926192251795,0.6972791636441449,2.815656035675505
2.323315619489996,0.6903200383691853,0.7006632764527742,152.63534067383432,62.62120777365794,845.5898897319507,22.589930580012414,0.776272629603571,4.261619960556309
5.495272503794338,0.8695405046108206,3.0351405595937098,165.26041613786657,49.14267545488903,747.6875476436375,48.68512722821599,0.7070290102737508,6.411683567149111
1.1015275011323218,0.5990727119791145,1.4226106043806694,319.01175112324466,81.48256182544038,842.1896073708355,17.829121264144653,0.7268832531750415,3.674318856189398
6.7961674576414275,0.16482536557394573,2.275508475895032,315.47327790526106,70.21979186641789,926.0828394860978,19.988037092976747,0.8645178806997514,1.8202931359512498
8.427511647155509,0.4496923102921552,3.399506481542486,250.66367942827168,55.006734193463814,730.9268110379396,32.84968775663699,0.7370019628676149,3.5851792304304175
0.055291103150837295,0.24697056822784072,0.06568862634316971,424.8282807605194,80.45639415207842,876.516294270948,15.926818996175935,0.892321098576477,2.044390637301748
10.75493884795816,0.31385787750329613,2.7545136811662507,347.3174999048913,56.5201919793896,722.368916778177,26.97288376574254,0.7936868938824164,2.794556903888097
5.224654688254711,0.501333931113905,5.5506299098508105,291.66771784852517,59.7851505556984,711.2546349833028,25.66732455642554,0.7355973645864106,2.8857827880722025
2.0588466290661267,0.3417682641196978,0.7717191818225753,178.08797957212556,75.18451918431128,963.2530575558277,29.338637744462208,0.9173575613803322,2.850285307390931
0.6238813543018167,0.8783827793509049,0.1607491630580962,353.32619183592965,66.39011792886096,791.4115179231204,32.477201411684334,0.7696359735325865,2.520249560401331
7.528758447752878,0.1313956848411595,4.522374114241968,290.8629340671935,67.43451460741883,723.6425827757497,20.529200784267044,0.7286625829080596,4.218894052664396
0.8974487110828306,0.2033788738927865,2.6561126303572187,187.56025155611894,81.71767352880714,976.5621143919909,8.124581573050328,0.8922170180051188,1.2129046513766244
5.2166466981708055,0.2180132905469594,3.7027715866646553,197.79037166485801,69.15026250812895,895.8299853792233,12.035832299129897,0.8299614366447481,1.3663871312330396
0.9453325295383624,0.8434893340848689,1.7595981906890485,152.40647953785503,75.80169048432658,883.1179553959762,29.878257143663543,0.8404739462219446,1.5973333396691074
3.421363439094111,0.2511187314471475,2.9695930245417546,275.176290596561,79.29736443051942,864.5008984283007,20.637607044879438,0.8518725514973419,3.428512328566612
7.267695780189893,0.5386283823859956,6.5384484617075715,393.58114774732394,59.80809296885894,699.9914068786029,35.61292922939884,0.6590113176644032,3.6170751113081447
2.0871063018451324,0.5070127329447082,3.7429070352931375,115.02422824582455,78.24435364318514,757.0090856003984,11.968648523670364,0.7338000572059216,2.4680840673191895
10.699855578736802,0.214606433321841,0.8653574477909944,192.13229057939324,52.24023514700654,847.7707308606732,29.776476222974434,0.847456198887569,2.343136350268651
5.600844299645506,0.14725104486672103,5.233455703596846,407.1687240395311,76.33354375264616,686.1832722341817,11.037528925724924,0.6839966593881235,2.7594261613934252
1.10590787581883,0.1334176829277346,2.360220665098078,212.8397215284723,90.48090680350899,885.7696271988756,0.0,0.8048012242352509,0.0
0.6953487149943155,0.6880660312242427,0.2516584573777688,254.87448787836158,70.59394088514479,942.2241746227239,15.336879927844784,0.9161072071519352,1.8181015140466086
1.4978416925264761,0.865002212266968,1.208183066152254,135.08305815873774,71.86490049094044,811.8734923168505,21.612108933383634,0.7501265525190398,2.671074891581214
3.2734548162632358,0.4135095024023812,0.9747963872613159,126.5805505409904,76.02033190593968,935.5222706073681,18.276141369735598,0.8829859022725913,2.227909323463493
11.473089710344983,0.39177625824149287,2.270396713981059,187.1548529253885,52.09794665252803,845.035286383375,29.83448113655229,0.8145118303268304,4.200957419233382
13.13001676839994,0.03847405219678331,5.337133718762414,222.1709115948221,62.97928277286813,799.0061432324369,29.842422706737043,0.8237829715153653,3.8768724702143635
2.00588560066319,0.6904533202638999,4.375214175332886,312.88799358156564,72.33280474213036,767.6742432456592,15.32210614263695,0.7572995427033952,4.1426631688479
1.9411552204871076,0.4147550069394277,1.4701130442312453,551.3192555062684,74.19059820216825,958.8333499473729,22.672871732879965,0.8357751723046847,1.978680712280355
6.390091748850267,0.18903249420067492,3.483783678758022,125.50941458943265,71.75543161141312,849.4145068769434,24.300223695099746,0.7770389280707943,4.955247226233612
6.347818025474107,0.8194382601516466,1.6497160396594084,87.59759770484467,55.53695205354296,927.4582866314261,36.03911022931315,0.9392683730759489,4.180715937441597
9.434650147261058,0.3684092628335763,1.9664138204136625,80.84262729422622,51.94213932626083,852.0962549667399,34.08361262485237,0.7845763407854011,3.0922531636780564
9.628346710698741,0.7774246234439243,3.156975678704712,271.9691939005595,36.55947706839942,836.5294192370402,39.51134450870888,0.7719684285521162,5.377969747556369
1.382786993156882,0.5312607982195602,0.768612329274527,314.8250278318133,77.24437007861235,924.5166926599225,8.775063484728186,0.831626693944733,3.603277128653401
0.5176894045410558,0.877215195450031,2.109435936367032,160.58890864873868,76.23212371878137,674.2045307603723,3.6256868164047766,0.690992162878858,2.650850628417624
5.669160118299894,0.2693792917813424,2.1338557558861844,261.30859846724513,76.0206996989937,959.0569410088868,21.32853238755219,0.8550286479906479,1.676396501243264
4.1508450496664455,0.5274085679884997,1.3179816054014042,429.653945956068,70.77483203778463,813.0784012209973,10.342604696917725,0.8160792964459255,2.279508971711286
0.4993004453592115,0.5695405085604974,3.445069806403073,211.24275482910687,87.11381177305113,761.8350244460863,8.20995733940289,0.7621820869560462,2.5475161488096614
5.443825261039658,0.5890003206158676,3.467025627404386,199.87737791181152,64.81603838442746,825.3577506852959,25.936785416829665,0.7657039203914053,3.1460802829406975
3.009742063868056,0.3589023624650891,1.059209717697303,111.66914819902564,76.01221522800537,859.1242297889487,10.376747740180292,0.85160172743258,1.9385345719348883
5.547848862914128,0.4414515970026188,0.7406919042925488,304.6936411684799,68.34053738109267,899.8901085132665,21.422248987675196,0.8540182097954633,3.270845872093682
1.0161779472668964,0.2173411518288322,2.3802798741253475,151.2671422632729,82.85278776376182,911.6202590923265,13.916946946358571,0.9133187856511199,0.6893380603268545
5.886250002628671,0.8147395138029495,1.168989063826276,349.1185999651196,50.63636385445364,781.6967068965336,32.91444905608499,0.7848371395044021,5.235559033953337
4.611722501578196,0.09107591166299134,1.7822305094545956,207.8116696900353,73.99433886715353,900.8988364190727,20.96632080318444,0.8341326556107974,2.682111898436751
6.247370691380035,0.3615983147876281,0.0534987394749388,221.62293353580256,64.82109780927563,922.4142743534161,21.95756698086565,0.8432728552058516,2.6252280627587576
2.157215109124511,0.1375620099376149,2.1173871722349986,67.49208218287018,89.42015166812578,952.5078329799585,5.739132162624033,0.8787623001439988,0.058276746788791356
1.7059349179741454,0.18886380783571768,1.8531833945345322,436.77961965680015,77.92529613658817,991.642201285891,10.119620423279065,0.9133355048298046,1.7012164043127633
0.6224607727260425,0.5564080886944531,0.7989083379821358,383.03236140437366,74.35204891409855,818.5795892719755,17.13990398019048,0.7910451422547037,3.7008664741387918
2.539089989758115,0.2914159176693398,4.198139737315444,148.42148828994894,84.12379916803764,793.0252663009295,11.149756528465558,0.7537785069715847,2.1672215222776967
8.148312872240817,0.7746924928761192,1.8159563506361291,352.34441102874206,49.403562469146834,779.7103421684951,29.874441286374434,0.7991588400408767,4.404794607529932
9.958858469019932,0.07231353694792975,2.6097487764440257,123.31057300010113,62.318931705470334,886.624500424871,28.950436163543024,0.853627933524124,2.9678060463003795
0.9076184807068659,0.3778559862783101,4.04229898321446,355.80356254702,80.95683088003516,887.633103409082,0.0,0.8335120425184644,1.2991074579546682
3.271152407850182,0.19703778970380362,3.606269005978084,317.8437064365321,89.92363692339559,848.9831010008795,13.545463213885464,0.8428108392880922,0.5491450578820991
11.602878074374894,0.31469413472364394,0.595039253428411,529.5142555021304,55.1254916618231,895.2117355979747,22.90726375196262,0.8333088176658856,3.7830023028101607
12.799677520979918,0.6952981559636605,2.704877386005101,312.870190810758,40.4782861774288,705.4150917908681,47.907778705575964,0.7238571843734417,5.091852172612212
2.4377122649081926,0.31075151004662066,1.2989797661424247,140.2129016229793,80.90532742575742,961.3736577000374,17.08918909797385,0.908400958840039,2.2396801005883815
8.71928584026697,0.42243221815763565,5.045553644730497,262.2712133942395,60.32871986461873,707.2618982515145,33.845473484565865,0.7644023472960908,1.7881304958146984
7.591959647230988,0.5178209375164994,7.50465036410788,204.81590567945494,68.51965011820305,575.5814021793288,15.279161650756242,0.678015670599017,5.131207108096611
7.10534671295234,0.22329340807870907,5.511749745990037,512.5660678879855,66.23197205162528,764.275641472071,22.416042721631676,0.7203368421338511,3.730921604437391
0.3974347385965926,0.5643823632092324,4.134476223406966,91.77648938607459,80.54170070520712,784.7036664543634,15.383758638038831,0.789615002118502,2.507137097170911
1.8818235896009963,0.46168538642676665,2.2899410322482665,256.1939541972069,77.95804916685451,817.038135108497,17.9970985307583,0.792398351327564,2.9622460951893466
2.9482463985389087,0.6760409312222642,4.385983863806868,136.1642608882776,73.77131834942604,666.3984857746948,23.400973471677073,0.719431190462494,2.6701003801570025
2.8678534009849637,0.47919526369737014,0.40169075480654426,586.2666167429712,82.94092784260758,994.166582110743,15.849434466442593,0.9876785070713232,2.8991399190502767
3.2383374717748037,0.5252665438888906,1.4318966698995053,272.33213426514357,69.21205255174948,904.9464411682403,24.40614289481763,0.8324425267713084,4.187009215520317
13.854836685435433,0.526529697890866,3.4947254896714934,329.900979865791,42.53784641329946,840.4667102840948,43.17168881266226,0.8053812640188406,4.875701761278263
2.521850402861963,0.7484358558877074,2.077021125216403,206.3766852020877,69.60463178191966,783.2359646083377,25.379284517568166,0.7418062140306936,4.0759712137162625
4.798882460406861,0.7237518485255658,0.9205646074261666,359.395118583319,55.54591946385895,804.834854477294,31.236952520622868,0.7733130419101224,4.666844761007501
4.653167336474477,0.8596980038065346,3.4302173770206315,140.45202139057014,64.39883830140458,701.8715258364439,31.796079376687725,0.6872532446763886,4.469230904002696
3.2763819928349136,0.2009911109546604,6.248924985286049,146.338597923472,87.96310944454484,628.4756169456409,7.964036068729139,0.6234354936034715,3.9103784069000413
0.9833226627845812,0.7983250799036437,5.87982754855562,508.88884048432635,76.19043873890797,624.9867913479226,6.51883014216275,0.5772095852173764,3.1602952801692203
3.6954429090098424,0.1720818758872109,1.4513237076287067,814.227037724854,76.45114177379655,875.6136399878371,23.956477040857763,0.7906007012646438,4.096333161292104
0.1909543959381905,0.498558238119643,6.998165760829918,73.0210665101251,75.1794724982403,640.627641146305,20.182480785269767,0.6530531331405334,2.758930692529174
5.217306901363683,0.3871489812159697,1.6838048737014337,171.62218146902586,72.87483365137037,877.5172796967906,18.09381109317584,0.8235695945703088,2.728636930664979
0.13188094232324454,0.3004700480685845,2.753260085558032,426.8744282426948,81.69544798609635,850.2414916631359,13.497569266425469,0.7831819462260037,1.2318085168672988
4.82721821652112,0.6428668258059833,4.872267204061516,317.3578281677179,59.54766530835206,673.5578461107267,37.358824388216746,0.7557595737976698,5.755589760206729
1.7771983875714095,0.2661856186848364,0.2045366957883838,152.67214637688443,84.06042591320671,880.5959122517799,11.758080003267825,0.8396951562416543,1.4830587056218159
1.1617699955048666,0.5264058610136335,2.631533657653122,199.39934970105634,82.03373520819316,729.2462115555722,21.690721577043107,0.7746499180883794,2.718105123629953
6.471080814472353,0.5424286477314947,1.1394572415164408,160.32790486705395,60.3453103080013,884.7793818772099,30.58829255330372,0.8800196954848967,1.8244507974178545
2.2389109425201577,0.4008708526624209,1.861322316435229,343.3433191908037,77.22821592794908,873.5378437523804,13.763235541967198,0.8934712271232944,2.2167979090953085
3.5234231089263126,0.5188218331894245,4.871172846814581,152.2979873390669,70.89966078584894,643.8054363828709,12.51178851778052,0.7349334895597239,0.7452084038398139
0.42022386588970934,0.5677133489384746,1.6741954257576608,201.30771867806496,74.96619566501377,933.4629704879735,18.07189242715994,0.8158874119045219,0.7182233840892958
10.528267368830324,0.7878675412222345,2.2975980714821316,378.616677373784,41.817915087971414,840.0010404586857,48.612274001337354,0.8469614834040861,4.375168957366424
3.8454260833086646,0.1077454744169556,2.3953562828029575,289.62705418743235,72.68268740504593,826.7347477656217,15.711133365165415,0.8120585204516632,2.1534149786930508
3.836832383398029,0.17990762675976651,3.966011063554818,458.4096824768766,82.66905384750184,830.3023742211125,14.331134217172671,0.8655067101720875,1.6091763470725158
5.314006189599379,0.23986561821356284,4.661187432698097,149.15184127303317,87.00260017851754,769.3610033365997,18.308517656162447,0.7629061481896454,2.7600947317469853
0.03630876920016563,0.6651590145473258,3.0374208187991525,196.6063346202905,78.56250961801338,794.5444213731599,4.369066040234889,0.8339523778747346,2.4671059402196684
11.342610427086342,0.4225159525233412,1.8110558631060867,138.39914424907082,56.36456662921712,874.5000254709071,32.930130078492226,0.8296942092259839,3.6403447795709933
2.430630184071691,0.41732607151061496,2.866063615157186,179.1333164252503,75.9667378477286,863.0587399620264,20.147560455940006,0.8248227425824579,0.27911634668740204
10.835380777571629,0.8773103013105168,1.7460744296592474,100.3686827704553,33.82886776917762,887.3116478446914,48.456320839096364,0.8656882899923992,4.4617433468670225
2.3456680046794443,0.06533088617276218,7.3971829587475,42.60551189526379,97.58567777585331,712.2639638944332,0.0,0.7116296455290511,1.5310788051717301
1.8347164488534409,0.34290181208104326,2.301862811008047,90.04603404799379,76.6950302528753,888.4673782283073,11.757913498505532,0.8607137227629704,1.168333894387276
5.011477161356493,0.54350409874448,5.414555673467441,388.0405383350578,71.11334204218142,789.7817311985968,7.705690245016832,0.6979431137024741,2.6142338385947
15.947264720278628,0.11266420598230481,5.4378770645458445,95.35473554128997,45.421892722277256,733.3142471194556,30.29868012940998,0.7641661214250993,3.586964172648937
8.71219271393438,0.7904033215969846,3.0481340188876263,309.6080383330114,55.03921764045632,703.5300383069458,36.534764844731164,0.6585277679037606,3.4666759421855815
5.492393124900934,0.9795032027194703,3.3349522799371307,185.0126339309724,53.69983843557012,759.9935319670672,30.430194737269755,0.7837128281959426,4.657825736807277
4.944159959625464,0.13436536765198379,3.3442089848903143,204.80792355264649,70.98916817011862,772.7030919618892,25.223054133124528,0.6075880973101585,3.315166847077587
3.6640931827421435,0.2849222709965562,3.8284264506956944,103.02853189765801,73.56116840009808,755.6677363356289,23.09444591591454,0.6626695271449448,2.736751939203134
10.465846374941627,0.5549978840482725,0.873284641034935,164.63023519410137,61.48866753390924,972.118005649302,20.21616677524286,0.8859140692718291,2.7408180057032343
6.606629014165003,0.6590752905751713,9.666563138159045,274.7331903092189,60.301623856949924,411.4031335119503,28.804510988017803,0.5503623825230917,2.597664311525752
0.6033385171819923,0.3416375376325408,2.8361521449421807,96.57330712482191,95.53610757161036,853.4794194345736,0.0,0.7994535742403098,2.0607820454816252
1.1703761832752164,0.8358310262507778,6.226532247873175,157.73543195345377,68.75527402092543,539.0316780365363,23.51960137931279,0.6595396602549766,2.2360337857149237
5.65248142577899,0.7527801888254381,2.8775709305709807,249.74376874761276,62.7921564338903,796.6115492029076,28.58786933975747,0.8245930726438669,5.121955459313925
0.9348085102828878,0.721802945810468,3.0041481282854705,314.01475948292676,67.73094143114473,881.5081010382053,21.223804558947748,0.9554502050787389,3.586062288534218
3.825647980122202,0.6624505636635459,1.5103882928002994,209.30945958593412,67.11066250449068,779.4529856867471,12.929938425486686,0.7698699154599797,1.132985987172351
7.06082858665908,0.4104282905714199,1.7047252308704675,597.1672143913205,74.67230371841303,744.0474278779229,8.803182104260047,0.7981527904358612,2.837413579250582
5.042168678731251,0.21598927005011836,0.3344867771962846,243.0835448137626,70.55468522163191,975.6183063953978,35.86747077410581,0.8439406168208792,2.867736581422128
0.7555799030822534,0.4011114548344399,8.482807656535845,353.3961535567679,79.25359115525701,562.8663000605031,18.250850322636843,0.6103745703679642,2.2423276538983457
1.251802575972968,0.695840214407549,5.5353420143827865,275.7344646911268,77.98655344942686,663.165093185564,13.736378450417087,0.6568542825291253,0.18194695877877232
5.178541899742066,0.3792791865950004,1.5056272114866052,187.66772124286422,70.5554580476652,904.7657844678655,26.37065068776648,0.8373537583605345,3.607219219593988
14.676554400456805,0.18452549847755328,2.669641460416856,62.46822009282863,55.83784005856752,899.3117944526723,39.74335609765181,0.8507484302107945,3.2956521018329945
3.1270876476592857,0.2924414684060934,3.8671809440003515,379.59763733461716,77.10300966977645,835.8125788803981,23.291083128061686,0.8535821195747773,3.8467625294938377
7.2593730207190825,0.5641755953550363,0.944417696994189,377.1534544863259,59.46144730691981,875.9493554857681,27.216027431215835,0.8428521368515612,3.628529967651999
5.0801898220568615,0.905470172664171,1.3825930596054632,584.6545881728603,58.70693828164938,835.0193688657281,26.901897715725667,0.8678488358625353,2.5005156367514023
1.756905668289725,0.31176446682857883,2.3962984158957403,188.86256537445948,76.55634996894602,846.1046030722238,21.18584885739807,0.8753204537313356,3.2876659262978065
7.3263721504958905,0.5394588193920886,6.522837478283124,710.4794713974788,53.041336540499024,638.4292043118056,31.458521832362944,0.6850743831809575,5.401670615842269
0.39956488526060363,0.7474225824419669,1.467625870735528,365.08964058399033,68.1669122933562,828.2046874597612,29.475097909897613,0.7917110208734793,3.233469349498177
6.902215538805134,0.709910218948088,3.9443734138171855,460.4786652140597,40.00634364544329,770.373834004677,42.66811940088732,0.6859837915419341,6.25158805256943
5.348603975261069,0.27821853087694204,8.193112013424518,107.91067759288642,71.57356816255947,591.7211554059894,24.659435982283128,0.6278918253456938,3.0344352360658293
1.944842164895256,0.6417892126551109,5.581615968292069,256.9543770538099,66.61723131772014,693.3562499848928,29.60531087217271,0.675555830541887,3.0695370287279995
1.045681920954174,0.5238805229051615,0.8396864523906122,533.5940676888331,76.07088862013094,860.2893715928818,8.956782508159879,0.7778960729906201,2.2593468098794256
2.134225620923837,0.19572643231008077,1.753345474312309,106.4212889027143,88.80455187335996,856.3499191082375,8.711001894406698,0.7926208351544894,1.1621610490947283
1.612524794259998,0.5680309029439106,2.408716128694769,21.55572307474817,71.23219443701711,881.5315916368257,27.027221709001463,0.8552268405840545,1.1556251611617454
2.6604511012884973,0.6984847512691453,1.2937712029863977,179.43648105629075,73.00559033525418,865.7438558527076,14.055843260363842,0.8339462484139074,0.0
2.3717754345221342,0.4217760435745409,4.97094447246627,601.2632062611754,69.43927472282599,760.7166996227498,18.104945615502665,0.8058488211921071,4.880222730339604
1.943730400467691,0.12649086150249061,0.7572916031676642,487.0674379264745,82.58151938495921,894.0131067153683,19.40143039171865,0.8556445992308725,4.091597005326325
0.37278427371791845,0.6944497621204337,1.4954606841890565,241.1167594990619,85.22572290137441,821.2180060116675,19.5094096219589,0.7631596084835701,4.231603960861488
0.8648377875635029,0.38838932222253486,3.3099084072475233,159.581660228684,80.55662722665281,845.3900442078811,0.0,0.8450839181786016,1.6858682621676184
8.273563674554344,0.4128998289104944,2.5554637285161586,332.6112127448893,66.29586824733136,858.1790830168255,30.784954044713466,0.7463663429013425,3.475048004448573
2.0052443732873106,0.41510114775136947,1.2778092187705483,487.83938020929315,90.38378544270904,1040.4986999901555,0.0,0.9731571201342402,0.88021359175527
2.711587995075286,0.7495066371434749,7.012210073018226,365.0368897606452,66.0333064380973,620.279347314364,23.397937203870647,0.6338799728300607,3.0842456279832984
2.242458949586792,0.4027091420779507,1.0014320428523749,528.3825304525254,74.87624276452614,859.6379846430121,9.271978819994501,0.7009943769474959,3.2366719420339103
10.65018200183092,0.21221358676996777,4.480708366655213,529.9946735011133,46.94283687590938,762.830169359461,33.85467983775442,0.7849244053914926,4.886531829748804
1.5695871633922351,0.7503889727607531,3.7371266477917677,315.2776134349753,72.9905303844429,686.5657409767675,19.536418497466222,0.6964882431795539,2.761146508274926
1.4449725283801227,0.24868482674074036,3.898485066496629,376.39117384265273,86.3442702368838,767.9759555417318,12.743637592464886,0.8195208935855859,2.751844555953278
5.449547242545384,0.3079123545200944,0.5429806979388123,275.6058399581553,74.80721615365434,938.0774326005177,26.211384492514885,0.9109847600096008,4.0752822437721035
4.098779023560337,0.5004395912627939,2.4305041629022135,68.31294894124167,77.14942468911188,799.8880180266267,7.923772224601285,0.7306231127783354,1.5757731266083361
5.578252677217042,0.41470535539193176,3.0852372960420045,281.138474495412,62.768037621146426,894.5495450122696,32.99979907425421,0.9128819987204284,2.299914530373126
5.286267763368836,0.8180721722852042,3.430291622184344,108.22240661671461,68.04491490170257,792.93802656178,20.702046890376078,0.6815447972704881,3.284490916348608
7.479075188623928,0.6068587389552915,2.2097243732145726,97.4795556627865,55.982422673544804,872.4262765227203,29.273513539789736,0.8466991749321731,1.7737057800805285
0.7279220486876107,0.8895068332610325,3.9612088980082882,426.6675150336586,72.39690840732818,693.0125261835885,29.524762760237515,0.7870372018791921,3.0453469689981834
5.01883541441701,0.6954219129048215,2.309316841048994,172.4672289950432,62.220933204745755,858.1431940722805,31.500006065261395,0.7641039504703012,3.84880896920613
1.455783706769109,0.712102160716104,1.2222746541390568,214.4162370476849,68.97331557333307,905.6813023701966,11.624736764372354,0.9490069387899728,2.1304599084285245
0.21028859818927664,0.7037582959303793,1.2929720950012853,129.3893073695332,70.78102976844646,938.4684754109782,19.98328391300417,0.8711866272564281,2.339209809257555
5.255701011630582,0.20105914566034394,3.549841387414861,144.42736908487714,75.25794024604977,795.3792631683316,12.833187590599337,0.795864096849959,0.9149706979149124
5.000685859518816,0.05234621270198966,1.3470713535929268,234.28415085489033,73.86844111945724,938.9618520912948,15.684288339633044,0.9221022671808025,4.742103154020231
3.3947616782207204,0.6386185909008025,4.182637757198447,292.41500099702483,67.74817763224303,691.8516891417667,21.787711432644585,0.7360169581777288,2.598060975255388
7.584215928770824,0.22085528982351205,1.3390220446564136,225.8264386063657,64.66522403377651,1071.6678541338,27.513750649043196,0.8767567005396082,3.4774344836678615
1.4694331669360168,0.7139973802096484,0.9007870866969514,327.34703244029066,70.93048461541167,844.756893299103,12.816696602881118,0.6460279346375768,2.1577722278876497
5.996266841499962,0.6452860926503081,8.565620006820293,389.3867356500368,51.88245741927929,637.1307305391032,32.35176591126157,0.6334799184492258,3.526624779315025
2.954125186399483,0.32293556051706396,6.141930776414321,79.07691954835637,62.2286922121658,715.278395077245,24.071678215731556,0.6848008191519745,3.081478331901517
3.1756396040718307,0.7627900184560439,2.7774265997210215,338.8316801411021,70.59856127085004,827.2500319387958,22.88595023050137,0.7489300386557467,2.819489732648767
0.2753292211630543,0.33143798484551457,1.6996224896039958,280.8716030003277,91.51553620545548,881.4302363497634,5.621300821980694,0.7972298786807794,1.7150088527720648
7.645884188458779,0.08878510454766768,4.236440920975712,277.6292174554851,57.034277676312065,872.6144361773243,35.70256401382803,0.6811859038465625,3.711982191080282
4.836729287229932,0.41798288382197507,9.831921851218656,113.60734010763042,72.13117570720893,560.6046652604127,21.059690172052363,0.5767762061706408,3.3163515796373564
5.80785095735258,0.38716870553749205,1.8699885549603072,193.8227065329783,68.98342382605607,969.435153122958,25.331273651807432,0.9089763047975591,1.9369032112631244
1.2465095183931731,0.7320343300197476,8.330029972933875,354.56651161327477,66.33930047775135,575.3653312924587,24.95988171692161,0.6973257804583415,4.690428579359336
4.365877775393599,0.5238223988362596,1.6926061622316277,102.17422402156511,73.29609974189205,810.3744695065016,11.795423850622232,0.7497908659724395,2.196512452469774
2.9481442920907632,0.04343298585422479,0.6503884830924362,787.4605195745646,90.76071228787148,998.5558143724581,4.219410245854384,0.9336688721805472,1.986076832661382
5.056100633295672,0.29263127920597964,2.666540710339016,427.4754748951386,77.81277641036031,849.9989050745347,11.518570497172078,0.6805289422470482,2.718373669509389
4.191900728395896,0.8769989454997318,0.528643524759133,135.6720462094032,69.22350882302491,788.1088747947322,26.096884614586912,0.786371238866161,2.6230089833136097
12.248382146175791,0.2636267080647727,4.08347787541522,203.46013068851164,56.66465191368977,819.8710367238775,35.44366433145106,0.851157422255964,3.8083085771787673
9.510858352106656,0.41148152521395975,0.8406154477102319,93.3366614048643,52.02308574656339,867.6451165055992,33.0925808896572,0.8463701660546108,4.792589606266274
2.6336956814021506,0.10923681819170342,3.668513742128277,436.8726012878511,84.45485260633691,822.7277591164183,11.753139963902665,0.7923108741569058,1.865794276289315
5.250459210934978,0.09479622767373382,4.740816631462542,227.9206639712294,78.8059080296512,798.6131136376092,5.3589009566960115,0.6516480770333298,2.0900180021962145
2.4221990152633293,0.5643846545537097,7.81193002509605,286.80585345249153,81.21858894910754,481.22492646181007,10.808391669719892,0.6832571634075582,1.620961113289586
7.424025896392788,0.29323271127119743,0.6588630081280633,252.20180526320516,64.14159327662051,903.7805280885742,10.088489632260178,0.9393161134868422,0.0
3.0678695299053116,0.4311972064800124,1.4937783586987479,368.6683746190664,71.85485979131272,930.9979914329942,24.55642131039024,0.8936437771319559,3.6338127862768546
2.0993812714417635,0.4072954386766386,1.9571454736809368,133.58783614331912,70.24974838421514,849.0831141698844,34.19880868198115,0.8760437304350316,4.453334715657471
4.313068186211021,0.24122798455850045,3.8232069759178824,907.1567478469906,80.39557916696506,696.7810218615161,10.523887152218279,0.7181723073729304,3.9373218418611273
8.950647264018748,0.5188547163283354,2.3062861250530178,368.8409262293634,56.22252283415795,825.0195660710059,32.01724122217192,0.8330783890819224,6.134500872112614
7.884527127223127,0.7981735029335466,1.0554383550072324,395.9556196534662,47.05943118584909,867.0342144270465,39.561820116067125,0.8621809015058868,4.010574507604301
2.2261907338668676,0.4187693456031729,1.6784989752522232,300.57149671097557,81.70487639972652,852.1750144334021,5.987199892659138,0.8081338259997632,0.7601983443065431
11.451785075821793,0.40717466610655406,3.029289866494179,131.60436124071117,48.764464170639386,801.8234869393044,35.07606124343259,0.7397541109074804,5.033966468793252
1.3359551044728868,0.10494500222121197,1.8507469680131479,204.7822826221105,81.74481131479502,883.4501582276971,15.585007995109255,0.8738224954266255,3.2809263485860836
1.8444324652062178,0.7302401171307956,7.077391006033943,187.99648846233606,77.8647486021402,644.6052440383343,16.508661618147695,0.780698061307742,3.4527408524887253
7.177209258174512,0.05433764353559135,3.409190869600443,480.5968515138405,61.79444975398037,806.1575187501433,27.101347348894087,0.8457915404873734,2.5111565362498265
0.2131856828240643,0.20359690936539565,1.056420560276021,142.19807331763045,89.98950580918657,959.9796212402251,5.229092202899861,0.8930305892636635,0.3247961193707285
3.5323589999683156,0.6079763056999861,2.4841685212488853,261.4732297791752,68.64941449011856,793.3615039488146,17.04876113707753,0.7892078087153366,0.8765977427360567
2.622695172269203,0.7266265492469468,3.9892277217006695,106.14327048192085,60.77246996954371,806.6252419901384,31.51514215137449,0.8000401267816203,5.306398714666326
11.957108011557736,0.5457983396053329,3.190057504158053,363.4802404622778,47.110796893784205,761.4091774741978,47.58465980675032,0.6425959146987461,4.685731776298657
1.0689361805416884,0.6452106177078012,1.7610426218131114,162.9606214584424,72.195606076548,766.131622008033,7.430691473824645,0.7543581449726884,0.4507675321206157
1.219184858422333,0.27741040201955236,2.1932669965447413,384.7935008424252,92.82510077324291,907.7879403634049,0.0,0.8338765255813122,1.1637272492570552
13.199817199304583,0.14355820459212798,2.431321035003564,452.16301749674824,56.8317255480862,910.7790271396494,22.930653001746382,0.7861009502708113,3.4978293424812623
2.6525426929738654,0.4747296119622358,5.118431595086176,685.2544402392289,76.27990795353246,748.7662281035794,13.956853022477926,0.801974768676347,3.7473746976897617
8.682728811110993,0.7873810477803564,4.068481199687549,231.66410482905792,36.80879852020205,769.9424882460281,42.66019294334923,0.7760586596915945,4.417702069269701
2.252311177905088,0.47032803494260433,0.6403617244677428,298.25987003214595,73.70646789683818,843.7264069947089,19.16843563620669,0.6753850804921147,2.4244811786564133
1.7651683996085947,0.7501934906614836,6.843513563819309,250.20825413563904,67.78587108847009,566.4273917185168,22.984840758158953,0.651598994335032,2.9886689191220506
9.01854305545778,0.9591550280591353,8.296917978379664,201.27910634945215,50.01731090389371,603.4311823398762,34.1559460886219,0.7258800894935478,3.3538547849822344
15.610190422099155,0.30804027387861804,1.9024848169265531,420.33879393076194,41.35828267258513,903.825122609676,48.682134818338916,0.8125056173462761,6.691313804333467
9.556334751217854,0.24272002664555226,3.6747172705649978,194.2995673565439,61.84748115725862,789.263963056134,21.151785229594218,0.722320042870258,2.907456741450995
2.1083904180650914,0.3854323349584143,12.283241526928098,370.9325403718803,84.12586646136694,345.0388788153431,16.55547476470268,0.44256808444910034,4.373385697151563
3.392525382136682,0.4202287770421124,2.591207833643392,33.58964506934687,82.47007980825015,758.6627110549242,24.1815984204661,0.7601879203208298,2.511878895893745
1.2849000514192603,0.5312140358104349,3.020257951624217,162.30875749696438,85.15905863448108,742.0607915121298,1.5652648389943202,0.7089310700814715,0.0
1.5495849721616402,0.2227818381403704,4.2791952113758995,426.9534301867335,87.51268768736328,761.7414985762912,0.0,0.6835179155658504,3.446329384620488
1.463443206745656,0.05187853272615089,6.250931055707339,258.4441097195393,87.95355128119968,760.5106999547078,9.546203731712616,0.8373116828885173,2.349106154045125
2.307442842012368,0.3597284753901045,0.4466083581001695,462.4191044288436,81.25914874146176,846.2269327886372,16.999560141331543,0.8179287785271872,3.2188436219505663
3.9058981750776844,0.5215792568793541,2.5327192132183365,262.9139913171403,70.07786796272222,788.785278566118,21.162765261177586,0.747064206671599,0.8572708540702707
3.5208451972349386,0.7935305265042135,6.236679464423508,408.89048431501516,68.52920949452985,555.6949086133816,9.274747179391206,0.7171044174158847,2.2693484638366663
6.372767873535929,0.41015615019279406,4.380208515452776,160.10174387956923,62.788900810136504,737.986223250727,15.926920373422917,0.7565070404985983,3.8672495962950673
4.089791982070345,0.903938483117601,3.4213943481901685,374.6725207865671,64.64947069866832,870.6328592828581,21.697129979702712,0.8156402644279295,4.333852934331963
5.888927947726178,0.711185407089161,3.0338624417114053,335.7728988837651,59.786150358141256,843.3231714311802,30.64416417374279,0.8168939425742241,3.4547420652496
6.668887881147072,0.6047010288632511,6.025078671917935,242.04739785466094,61.806045095804464,702.7045468968804,24.608623437102242,0.6951912202826169,4.58657326292752
2.1470820098524017,0.7831772629967515,4.01587015429857,412.6154149372733,62.99796916955972,690.5535838985934,27.181671358828595,0.7073519501604616,5.447946468272012
3.0090736499948436,0.8974544714517578,7.882864600721122,449.81022795610374,62.168328613165095,485.4516407828902,27.59376696075548,0.6204751477092328,4.091167085134925
27.910962507084605,0.2164003361758552,2.2860448078597133,390.9502077825794,8.08973750030243,870.8974474254741,69.9240573750492,0.9066044221152136,7.974032620353038
1.9691425632602486,0.7172113439694027,0.2608636340916461,421.1668808166029,70.25082056157349,788.7762756887283,13.85943669896628,0.7458091777466014,3.986766256368963
6.166610686418483,0.7318604777896928,5.5257538977511516,336.4898966063456,46.46967756192173,708.0782530898344,38.0001685386951,0.7562426976907426,5.283101513839663
0.7979898708544069,0.6704610868895264,2.0981079466739168,121.91762114104063,69.67430607426759,803.6133888121541,29.86029271504197,0.7084228515423885,4.443092181965991
6.8238692441381374,0.45916194977154356,2.730262462346194,278.0908058889062,64.75841941770071,820.2630437126314,19.92909743979424,0.8174511796058085,1.8249622896966398
1.645178227651554,0.7406923443409419,3.178747111517075,244.25477930472223,79.06856167085363,661.8940474942668,10.890638305096788,0.7873213601839748,2.782695225209464
3.636948291086984,0.528939181358816,1.7263804124003002,316.410184540874,69.70273235958466,854.5926244115243,21.725670282988386,0.8139334269653759,2.803514744268311
3.312550458163072,0.658061838793885,0.8107088082062266,453.50225175766326,66.16614334090318,854.5194203138512,17.340375623711772,0.7838407026729741,2.038526272302718
3.3759133087525655,0.517048123060154,5.282595279120339,398.45099697143456,77.20734104771681,653.7396934899895,8.969023472034866,0.6656656988780575,4.0380701077109356
2.903174708720196,0.48360299224833747,0.06880272581945196,385.97214946719305,74.25487942528045,938.1748848999634,15.938732609717325,0.8871030360659448,2.2678916650082455
5.097488814095654,0.49618170237763837,10.065757093400329,49.28845894041425,71.0184258290961,499.0319875787011,18.822785748027965,0.6024273718406475,3.031605877944915
8.432650654440145,0.4826116600792087,2.784423148495506,247.79831843416594,56.15816610998124,833.9126962055984,35.19808938803692,0.7801189477843654,4.112006219514624
1.2123897331720994,0.6385825704146305,0.2671576566949254,201.41105655324307,73.3672876829781,930.6251595826539,13.262621255389952,0.8910475387513082,0.23413893538616493
2.9713989151362163,0.5642087647073324,5.839846388460565,358.42212980713686,76.09037562236387,616.6849690574,16.919609802038003,0.6261206611620127,2.89639850651907
0.3219216140353472,0.1621804202801819,0.43505164544818653,515.6406049935246,93.3421949993074,964.6916279714752,12.066334812033626,0.9220675103255682,3.0040168074477407
4.043468674048184,0.6213715670906426,1.6707636517537616,305.507560295041,65.73119903224743,845.2527810523529,31.037062546958154,0.7914012339922858,3.734154696126884
1.1037404509775197,0.8692994554673655,8.467756871014462,103.75274925115325,64.33520597281088,605.5149625994545,24.30420512778529,0.6962539157900507,2.7101438555178237
3.490595375422104,0.616952775916405,3.789721680216376,262.4957749171763,60.7584852849627,806.3278358290728,28.602559050846878,0.8257841996651993,3.669357513584083
4.188256720564883,0.3394877699971491,3.3915852362950223,17.77767391269694,66.26074133564693,792.5135727084826,18.186051381189035,0.6783846672694491,3.5293685982013114
0.4253478952168482,0.6157431707476804,3.735959636288947,428.0491787116415,75.16419769998416,732.6566519162351,19.118185377794738,0.7360522585216157,1.5430442466055776
4.759159761890298,0.7739982431331762,1.2218375139063735,197.40202540317676,62.95553284385951,844.0052814401789,35.11318517585907,0.7299528508682767,3.9093401501068334
8.118175462889214,0.04554317361196354,3.8856988654742763,479.56199057692464,61.1787057542932,770.3225850341468,34.97090833729991,0.6756453130854752,4.749131101759039
5.711902228413451,0.266734179469057,3.529217355936977,488.1061270368466,63.19405376837494,760.4036425098016,25.63069201100185,0.744513631480246,5.562564962467472
1.2472442183734949,0.3588309385567716,2.402661245574376,544.7637490084187,84.17529921738338,821.995455527047,13.152697229065812,0.8085536107880194,3.922504725038943
3.2904251069342236,0.16268866443487257,6.903135367230988,195.15772663884326,88.9051504304072,556.5725215754122,3.353388217303083,0.5567012450130162,0.6079591704096448
3.6378641408504127,0.6165637137833113,4.761837717486919,734.537571403662,74.11623346970967,657.6622597794955,12.540215134240594,0.7081637402957268,4.687619309760077
3.0252403361533173,0.8812828023262137,0.9466863878028384,478.2682766657861,54.684032890575835,810.0047459494733,29.53560760652146,0.7422852382118125,3.9417716016516184
0.7457804391435027,0.46889709684185216,1.9608049347790741,204.9512574881061,82.99889769753297,1016.5927283744335,13.525313201901099,0.9133507948651582,0.1424251264338665
1.4900517011333203,0.1911305042188013,1.6486063648912404,510.35468515982353,90.53057265579933,866.7383623515043,10.960149326877435,0.9465164590489004,0.7147242443118849
2.7765452408274793,0.4470334386538662,1.255263979065973,199.2119868639683,73.01823231213666,922.3478703019213,18.41165316917228,0.837541122571985,3.7240246287805205
4.136566709690227,0.6666239897135234,6.337966766109041,322.4226536677405,64.74033233995453,634.6028993003113,27.322672415599456,0.6238425970389183,4.413672822807712
1.9558776093642716,0.4374560715807559,1.9522158808855374,375.88002042319664,79.86349879528869,882.6906056648944,0.0,0.8287187718760821,0.2825654102684314
0.26240635033826976,0.7091421860834782,4.824554851091072,360.5338242724579,78.92325791584345,635.6958247633762,15.776400261946286,0.6719112044600405,4.550391063978464
2.084066647155215,0.5390103330725752,3.9533253596503313,166.13963903481994,77.15815811812071,668.277758433358,12.267950897008575,0.6836882514000435,2.9724949294060536
12.234717818429473,0.596191186779126,0.922961846200662,534.8709419356476,47.01247027631293,956.2938869519966,29.58626138413306,0.8754898799818912,3.554119019948182
4.78711430466573,0.7727236300796905,6.336490581695253,439.98640290551504,62.39883682857144,550.8274486271122,29.0447325277856,0.6212547417044779,4.63878599612876
4.032923879474328,0.7673825152043688,2.5930236789252943,624.6182271997662,60.58758142440135,870.1892286500553,36.27165498047607,0.7602306372050167,3.993369016743018
1.464607420682685,0.6810030558984158,1.9559225462481176,528.3692264014511,71.34979336171908,797.3524017662544,19.972838477706674,0.8196306302440307,5.194793490438394
2.184617727822458,0.8941776128954678,0.6907778422236779,474.4301432338825,62.19584995120069,788.6184381698961,31.74166663421768,0.8388466609892067,2.7853973421138116
0.22831373014838963,0.4148310633926766,1.3226005162266508,478.08521304972203,81.63898478684487,853.8871860754284,10.34645901884765,0.7937260319592147,1.1143389478303136
1.3543246050497706,0.5147840539222576,1.0707669804852031,375.0526794402387,80.87604762672709,976.0822067562584,25.70394426188087,0.9031829856076371,3.2915519676979548
4.582807621762293,0.40380297062975734,0.5187356606165214,252.06039724774732,67.29268221450748,876.76991334682,13.437945632048237,0.7237840420882671,5.288587609831532
4.0596008287060315,0.5337875206112459,3.746976850988589,384.97585730919775,74.82629532464455,747.1270806203173,17.016375690924647,0.7473591505676891,1.4834241742234742
1.7661755562688892,0.8074662800645561,1.1148985735119357,157.00205934344544,64.57321935299107,892.7988121089044,29.307379453069714,0.9318513528468562,3.6783023140068405
3.022701163335567,0.5795342875301064,2.912696902713633,508.1845410342693,72.45974267844333,824.9869970149219,19.09296728863803,0.8349920305770434,3.1086193052406754
3.5230390958004483,0.7304543307356748,5.894094784518965,854.3376612549868,70.34863983555907,779.3167554448992,29.01444675965664,0.775291949650537,5.10338422784931
1.8693876593643193,0.3036022203246026,4.437004175490526,393.7807797401702,84.04578250931539,846.8978542352488,0.0,0.8059260697999108,2.5118432670812894
5.025320472834221,0.7123982498909787,3.258482591403342,214.51975821879557,52.87668734528459,721.0247032163549,32.31916504398481,0.7176668785862771,3.176139201656878
3.99423630520878,0.6898242977809202,0.3045016372743865,146.0993212776757,66.43797024738522,962.5003682350762,21.997431195144543,0.8984883988631825,2.0988647402867224
2.2668963607632358,0.2199246132242902,0.5216949748612807,246.59603855108347,79.01221809583551,830.8112054253686,14.029580415958446,0.849908722092785,1.37648448080042
0.8150472245883995,0.7958903388862815,1.5791061378416833,480.60452678734816,66.0464618073714,863.6661615363483,14.269856223984487,0.793117927033852,4.125108279541281
2.103975274292174,0.32491213372334193,3.4541938026423358,361.65557340951364,81.67967385338767,773.8152271301665,11.076186047837735,0.8018452946826679,3.4761172409761123
1.9616567764204724,0.2652335345695095,1.0962045805373153,322.9291567721992,76.23955584064923,952.1037840790194,14.607239644518318,0.8308349462631053,1.1978740219640949
1.7620130073754718,0.7052999317150751,1.068673594945967,262.85533765903574,73.30551165069627,969.2696876765965,20.145154586887113,0.8597047957796681,2.939159710459876
0.454112920874016,0.43199094910339425,5.693753964008222,347.1624629799125,90.11776399373258,607.2270781860135,13.507135465456189,0.608759973585933,3.997337973542958
9.862260258291027,0.5600190014657662,2.172530098085395,101.10202874331951,52.923938925562965,884.470860426792,33.62214943593158,0.8386963798392795,1.7856494343205578
9.495183930734722,0.21068634202721534,0.5511770327190021,226.57482753798962,60.083236784658254,996.7578500045419,30.448350593454574,0.9022285534786668,4.570481088437937
2.921217119916135,0.26741342488319725,3.517273101029689,218.2501787706058,78.74749286928966,858.8119821137968,22.421866163629314,0.8351136026294224,2.659770503979885
4.119409232363816,0.44594046645365915,0.7931805361149812,224.38753265342032,76.06319049630478,842.5704653305593,23.89100243114704,0.820970221595364,2.443685213304281
4.951675426760597,0.28526056393543425,3.4497936269625455,435.36437061205646,71.48548062710093,813.8489745387016,5.653710673286849,0.8244671774218455,3.2463781164781063
2.965308892772121,0.3654609343131277,1.8986963044991199,94.42204009128929,74.6407464506372,811.4497725491904,22.53587731488909,0.8911142601040061,3.4491936539595707
4.378764964059028,0.6250889180102188,2.715408749924766,224.40558986206605,61.57990692883857,823.4202666356067,31.64078396302325,0.8306998000493574,2.1193323226822947
5.557090904825213,0.792396746631922,1.039454300858384,292.08854162634435,54.04845334409454,761.3035001921104,30.592842629524064,0.658120898414775,4.778281384257292
3.8641722607199123,0.4324477347118817,1.8059004208486729,259.74752229527377,77.06250598687211,836.660313733921,13.305129848822034,0.7895996319471027,2.8958196044391684
6.383292456383202,0.6108835013620924,1.5913055408302244,265.9626009185637,58.148166285620015,882.521109827991,22.52154479382849,0.8277506595221417,0.6699701026001463
1.6989097262165278,0.7930451622060595,1.1673709511450667,90.85576819883121,72.85327083274021,790.3835160361142,7.3554623078219645,0.6949989874956282,2.2463290546510692
3.287328582902256,0.4913256267724696,1.857650292827493,342.180427759962,76.03488479939615,828.2190400065169,21.87432460205342,0.8384344019955269,2.506860127213093
21.333461281601295,0.42778025853366064,0.3066789108388437,111.37495369339968,15.525012254060535,869.174769863009,63.72317572513422,0.9109341085289464,6.716776957010484
7.61527306212675,0.24416744445168517,4.2415997864441195,141.16617153590732,62.07458870299412,809.1128438461316,25.947985509660413,0.7421374629489514,2.276459704296991
3.9425665255471345,0.3321378625553234,4.066011004469223,432.9636396532866,77.75517482627968,779.2798429314392,19.83052116899045,0.8307258192849698,3.0828364196156874
1.2160348728556096,0.6638009908049658,1.9511644778834643,290.8137331395861,75.4591669432716,778.4248223689989,23.3200273073695,0.8207190105242709,2.449705040791722
3.44355518380688,0.4468290512995735,2.0000553751432606,198.45800298214,72.60440644881855,815.1321391362001,8.40220934407283,0.8027912385601931,1.025013773273642
7.217301775736633,0.368932228437573,1.7997325326205065,739.9010995761779,66.43338715833221,882.1564523226306,24.992519382412997,0.8708256484935121,1.678681724908143
6.075738460993563,0.6631483438482647,4.233113869840483,227.29343841605018,65.25631000646872,667.7100046786002,22.864268356341896,0.6624008274060008,4.36202031948452
0.3030487482795512,0.7160725882132539,1.5201952913588666,138.06642893621952,75.99437544984522,829.1238724781655,19.39744815618724,0.8550180925095331,3.4235212310561542
0.4807128974432481,0.7408077162390487,4.957063367188239,75.25420172613832,72.1932801058619,692.5875668391396,20.5827887719463,0.7788539941298432,2.5326332239938285
5.018642300731108,0.3522623811877798,0.7121686205188662,478.38092429068945,71.72371383773259,928.041461892607,24.412732813032193,0.8806794670499531,3.638366520299399
0.5252550118787306,0.7963391557923858,4.976717890110568,412.76862350269477,69.4921917239446,649.6634682424453,11.858396810462404,0.7050717897040218,1.9253308451806401
1.1542318723207055,0.4237005016848098,0.2014992100369927,277.87919568001575,81.65843633021316,964.6900795977514,20.722895603093686,0.8391474497664063,3.7710291210611313
2.8649585493994136,0.4047832660097004,1.7425359729232963,172.5250882092457,76.29511529995429,927.277453857323,13.451448119695634,0.9036838949265432,1.9566312385455455
8.186137144535776,0.6216456817888308,4.293095706483378,373.38337362168244,50.82115602177275,773.8687281618763,33.61964369329584,0.7650362124581237,4.203593017289569
5.222130254979707,0.489268538051172,4.784496534205664,401.7795811930204,65.07806360472601,747.8192687014016,13.888051216113787,0.7418685218697815,4.1603447807351435
2.5468041916507507,0.5101091449333052,0.7445805016950557,34.31626276612787,72.98572396766052,808.1150937988975,18.288650619651904,0.8320773305628322,0.7343531783793744
6.531063926275664,0.6473557449720212,3.5854753053609496,136.53028898368248,62.88883347733168,860.0125379772096,25.86876615297291,0.8015724741556135,0.9958844011428205
14.957706237506095,0.40257736827893736,3.308031248154732,436.9633660189311,35.686846470950414,810.8086875095926,44.54044271151945,0.7512112739285711,5.62821796459074
3.4717251972202448,0.787664956552911,3.735535036085701,112.26445585585137,60.84600192238603,751.1386514834323,22.99222830355162,0.8050710409078217,2.4399462984066833
0.7536566761732082,0.4233569747938198,11.382443176465237,220.58498704949994,80.28708013867922,438.8975388100807,6.481335015087628,0.48787299208256507,1.3609312802779685
1.2030229830923673,0.5107609740101694,12.209123531480678,263.387876230813,81.44168736791008,422.13371443176356,16.838680663891772,0.589674785138554,3.2768730904718124
1.189650316735414,0.13552067137930407,5.85812552165498,166.34242410072946,91.67961856558684,816.1099245845031,0.0,0.7281107318411681,1.5117060313365165
1.526526948665492,0.6538304604736717,1.1199069375690236,298.06280174045474,75.38404330173468,904.0894763895037,22.05872202232723,0.7519327517163771,3.984274777069031
2.3748173731609405,0.07268675806855918,1.657537182350827,167.3822841979374,89.63256702957673,904.1186847216612,17.424328193836004,0.8753254385914739,0.9997777393291731
4.243470735997788,0.5246026240693296,2.7974152795777005,137.13309533260275,74.96570688346364,901.0732065042683,30.824679900250473,0.8568654203794543,2.760406147688609
0.6072860170584903,0.34200810572649504,1.752621020284022,106.97066137134308,85.41547813684798,818.037892266202,3.707777251221003,0.7592183685807704,1.532034083521418
0.7768815613896793,0.8343442777385595,1.1264305113752138,105.8802674109749,67.80258158407867,728.9403147314222,26.08322007691409,0.6795783957110224,4.3681518500044945
5.51608192111574,0.3611062907395584,4.842771463190736,474.6708191386599,69.03702013053197,636.3736124645142,18.298787905384476,0.6987444225386256,4.22694220679359
1.9712503920481295,0.4788723231283161,0.7273334997031233,388.35992017948035,70.30595479757514,946.7726796277096,28.13295644453909,0.844658558129453,3.000499332296003
1.3427193073267099,0.5793433634262045,0.22532368643811074,288.28573213408947,78.46186705815214,862.3216880293304,17.43493536575928,0.8569429990343052,2.919748691478435
2.6485077672800954,0.5739024003700527,4.084539733423169,260.4970962666831,70.24859479401164,742.1109376285029,19.072403463354476,0.7164690952893819,2.376780793951326
9.316117968831541,0.24161122413453898,3.980865723123032,733.2410642095273,61.57173067039319,870.1860680102036,21.437439784123573,0.8008518480702245,3.3662399938928655
6.157292949674239,0.49549088395930346,0.5468992449669179,442.3949501294059,63.71619510070793,923.524906123859,23.1812692325134,0.9095597112495771,2.6988925400894876
5.816392954581423,0.2632357114545174,0.5316787775295146,552.0025301312345,69.0548777072393,868.0802856695453,17.615584179256697,0.7694641508228767,2.562318597679833
11.886223739914767,0.1759258723482442,2.318560559033834,270.82924337034575,56.07013658422323,978.3202929064507,30.604967669341445,0.8142118936958122,4.282301496119637
4.420835398116268,0.6528784749571215,2.966758804948277,163.24326164589792,64.79146201005938,765.9381761604747,24.809125764554157,0.7128221567163461,4.103590488248098
12.709799774286175,0.6904719547371119,1.8001086820546544,133.10184920145528,36.45639415368454,820.6482273272532,41.153280595265855,0.8044822536743681,3.7446736435638575
13.475070485504016,0.40276295160677117,1.4949154027123883,147.25779233068428,39.01613186879733,837.0194467162025,38.82405079851957,0.8977770735839747,3.8809287364299827
0.6348035475352415,0.27074912206683993,2.208984391003343,177.05896603781378,88.10665188023349,804.0895806655691,12.089913827630589,0.7900649399925369,1.5666036866480069
0.4131591756950288,0.4593141892951879,3.855439016046371,264.72912876600424,76.24577941159228,790.706904524221,20.830942680651898,0.730833758002421,2.0661387021755817
1.0984538980105385,0.44438701284122867,0.5753244210992643,292.0867562001224,89.5690274195331,823.84560291749,2.425074021157938,0.7528600085400718,0.42892264237918987
8.611828704482573,0.744233060834176,2.6162356489239373,221.8625130132844,56.99445227195756,778.7307454402719,29.77665847607787,0.7877600908398851,5.210879210071352
2.7011419273679653,0.3922135821253229,1.126750977633802,203.33121919556928,69.14206260649746,991.2218449578434,16.41520988963716,0.8080729470873855,1.5517485356001286
2.386375094442837,0.3090366489357469,10.419872868952831,116.45297290944194,83.2524973867362,581.9251955459442,27.370588112850143,0.5550731405615126,4.392466152384919
6.674401174569743,0.14028872740840453,2.7425683863317536,747.1971618479315,77.16116453178277,881.4328469542947,10.343456161162498,0.8386738467159927,3.1959989064642067
1.8685228140052454,0.46558060565106435,6.641622583530156,97.18081645588975,74.82440366604497,598.5997228921763,19.142718069912675,0.7033954744950498,1.4244004277252926
3.9385520672183554,0.5843219586565996,3.7015575001150607,623.1825713119698,70.33184233881678,760.647117653748,23.438204968953873,0.8018823143325028,4.1398036387329356
5.513870797656519,0.3456573340381114,8.360510637859804,224.19772805045986,69.19106134508179,565.9673681507041,17.574218280665047,0.6568932059967112,3.178872148807022
1.2224219061589323,0.28988446167387333,2.242224128449184,218.12049130982695,87.49486256307988,953.3615990671433,3.5916390949115264,0.9318652243088624,0.9038796660366211
0.914708421262552,0.7092399449282474,2.4925659805410856,167.90981459322177,72.29304105995304,765.4749894104639,17.718106655503966,0.7498430677055543,2.0679029747320583
3.4539291633228117,0.2643882504237934,1.9871568740502754,377.04025467465055,83.09831354010568,833.697051487385,6.6409166388369485,0.7812853729882028,1.9387991409379912
3.8669428349035835,0.9422476676456287,1.2670881390772006,141.27185017981532,59.12597368315796,794.9169118093266,29.74231746310815,0.7743754775697204,3.8116981346553285
6.261790316203202,0.6855494302083133,0.6171737337808236,271.8213542618673,57.490497915899695,825.5773857460397,24.658362724873253,0.8101137239196983,2.2248352187455844
1.0652732564028724,0.7275087805930358,2.982259495043814,351.6399374450789,76.85882092076662,785.7225180237272,17.078570989262634,0.9659756232893149,3.608770279113827
1.5790807972708651,0.44809890354575127,4.720604258831355,56.78547028342765,83.56385656224859,853.2373441373026,0.0,0.8020996227717175,1.3944224317463518
13.375423433025018,0.11212881007154796,2.1368143535031625,184.05042557323253,40.38891991233645,898.1382203319716,36.88606747117795,0.8478408030192726,1.3700033946949062
7.47955248540074,0.8071479930598281,1.5692690099645015,770.8498766775878,37.86234126499554,760.790342227291,40.976154915757235,0.8433429557502907,5.065609263114732
2.9494945917790703,0.36417855180006997,6.484095162267868,174.6147073343143,78.75541666494073,676.5280447003597,20.87522591555176,0.7336348764698524,4.947940732877417
8.44940138676792,0.1927978286683254,0.890192073893652,151.76967040902173,61.521830682098475,859.2191191176146,15.84815878234048,0.7315482404752119,2.7342628919815954
1.0702052828836601,0.5800260538378731,2.4042792058153837,197.9049166011808,70.68364415050607,989.2343814987581,26.613500532013205,0.9794930747794413,1.8615494543304547
2.634327601445547,0.6343869137291931,4.1177940900877505,869.6315154404775,69.36752385077514,848.1835186119209,25.401031710038815,0.825116361549663,4.935656569334229
3.8376279415530234,0.10213833283053578,1.1014441436315539,628.9028263442506,95.48925183133615,1015.4425922256113,0.0,0.7673676759679299,0.0
2.350242524634292,0.8005427143690755,2.4306862224017594,251.0804320095047,61.28533220244387,827.7759894784915,30.328643202286354,0.776317653069635,3.8683840313994873
2.4338193228998506,0.5260866309470573,4.843040450695246,468.3446849210859,78.97464054856886,717.4361614465672,9.137424134178707,0.694442007210102,2.082894109004925
6.006304909595318,0.5261187853206732,1.087025907710518,248.8228978269402,60.021050354377266,868.9962618103605,31.412511819863987,0.7976697078259696,3.6605226124406247
7.563292915440451,0.32959345914931854,3.7724653633117518,272.9682974721663,56.80935174793731,786.4393247659704,34.01683172347609,0.7701030686296475,2.6268234032932947
2.1071764943997047,0.4320388396356206,0.436568052931548,330.3770265013159,74.81774101041299,1060.342992057114,22.38652379897465,0.9723357630900483,2.104250273426852
0.6846038732257187,0.2551666991745552,2.104341333221415,406.9090049629491,79.46010250033379,866.0223581924046,10.949113694297413,0.882973052428336,0.0
0.5037807698423017,0.3815849233164354,5.425760113171671,197.2224648243638,76.10873595233663,691.886586693431,20.816518480175674,0.7803142848392359,2.100007880633132
0.18756653707378174,0.484411704461803,3.8896839339354763,146.79320909645423,78.70246385507957,765.4782676256134,24.148027825599215,0.8394264722587803,2.828301009693173
11.735737854101727,0.1664207625300726,5.666174220908445,343.59650163034604,50.18102866203154,779.4084277362086,33.12561858107317,0.7576402850312748,5.178107741491103
6.027079340909086,0.2934028847758293,0.14554529063564192,117.09133654723215,68.85349007938093,741.2255487925921,20.81699591040592,0.6402625580573748,5.443093196895791
4.979337631057308,0.457914132056704,2.1704036970559577,244.7352021596478,69.45712973527851,868.0961244004858,25.642414388653933,0.6957136139736245,2.6347212182901747
1.8348622631488243,0.3681694278712997,1.1839562888086879,232.28733282613217,76.34591973825532,744.8656769751257,0.0,0.7856238292714173,1.6134251576078447
1.8236643444242326,0.8200825225531009,2.2620364888077606,71.27888810452625,72.17477080116632,874.8306900743654,13.588477465844182,0.8218967747206047,1.4280006047422515
7.7616977530989875,0.5190760957061613,5.010057575249839,148.04171504387352,55.41723846541684,618.2882351976615,37.25091515109031,0.7458387399073066,3.7394823289097014
0.4162192887146798,0.24266279001244231,7.073179133212826,249.26189479905943,86.91698866810705,632.4826021474133,10.080685951456944,0.7026723565612322,2.2858222328157822
2.2014773924553652,0.8668246318868055,9.376027222085165,21.556250092687783,55.87866652701966,379.91227287072775,29.592026499973386,0.4402324250810884,3.931130133821844
8.664251689065251,0.7369039157276388,1.6099185557645432,437.1351545031784,50.99522411986721,933.1167633784227,28.653719923062432,0.8296503223718713,5.544950918529709
2.1975097690833203,0.49907603255843813,0.3677477203176478,138.1066322852439,87.19091375342667,909.6917188498994,9.125936695316447,0.8672175237484923,1.1062570427941678
5.774573356751882,0.37703973467097107,0.25342314524456405,370.1866481805395,72.22519236447468,1066.902106721387,16.25701057363746,0.8844680049441525,1.243919696258736
3.062813479723851,0.590767526005947,0.7084661054786585,179.01943534161765,70.17957782401261,1002.3206850638776,10.393129167230365,0.9766497000366411,1.4430897599567123
2.9417146247891854,0.3954638078615782,4.655478780560462,691.5017442571626,70.49787128651172,829.4179121989553,28.467218629846215,0.7756241459452959,3.2594905360925024
3.517821115386185,0.46537541533437904,3.3902690808788165,258.85974220868223,80.97264196881257,710.4801286425545,9.149899769660863,0.7101950477199006,1.7502659618868497
2.728510440942626,0.2979380105138714,3.557315535141724,44.840027150055136,78.56103953239666,822.9454287878814,13.376299747650194,0.7135507196898636,3.0789233392528104
0.8598462026819835,0.7790122492250093,2.226585708488994,407.89986888090885,69.57791257669605,876.0573761522231,10.596656583687075,0.9275245248510405,1.6327728868392657
2.7581460924888495,0.11479374754762428,1.6048934324522102,179.89672818588087,80.61378875696249,941.914953122576,10.35960016159169,0.8553749993104459,2.1428515506986097
0.21245088102989096,0.1033572884838465,6.4183927874729125,584.7799131862455,100.0,705.5701244812255,6.035638535938868,0.737870772710583,2.2293697775446524
2.1742151593175354,0.3538650092859568,0.14164424064793837,968.6096021056076,79.03988815542805,962.3466646182284,20.257749093821687,0.8387669489856797,4.302561622746805
6.163933743679836,0.4397601937870359,0.7705925122031514,143.0106481037493,67.76704598990779,930.0742959168734,22.714678969125018,0.8383104777000697,1.8918931680762516
11.247421609268578,0.47656719787072194,4.010261386029797,166.73857312862143,48.32798030668894,679.4706213470263,32.42149097755992,0.7230598407931965,4.569385901814065
9.853394578143929,0.40620160043538905,1.7544325686647975,502.878273761741,54.95868398213513,834.8810557909804,31.68386442583435,0.8226129011286845,2.7548010727300456
1.035951100103016,0.2976108182174299,4.526210166010696,215.9898613848787,82.32735307191624,813.4983530097711,15.404925137801353,0.8169064903399861,1.4128995996418712
0.5378426625744726,0.3786034960474672,4.192678513030862,535.168219690766,91.03300214727848,827.9656993131706,0.0,0.8473340091098811,1.609710221781853
3.838663607095028,0.42481712891156237,3.8565406766435983,111.96974838943143,73.08384985479235,796.6189139649828,20.344927169459712,0.8126321429440074,3.2382869296179297
3.3108915158472034,0.17548442919447432,3.7045966682225697,115.43788571705862,73.64105045520796,801.0206052798059,23.050258139858904,0.8078844251249059,2.862746846713713
5.4231447654263985,0.65908124222329,4.852641406811165,105.13066969385511,64.22413766387507,695.5141412540564,24.681424461808014,0.6844144254708322,3.64404503369401
1.674126490394603,0.7024291905293396,4.85471968359177,93.07567774172668,71.84310508285333,655.1874520379189,19.59295990364995,0.6818290536286573,1.489710246688577
3.405951843152751,0.5056053100080333,2.4518016894945758,144.5468536367573,74.04764150223026,819.8433770590398,13.808336786037867,0.7305295365707307,1.8859613701808366
3.2385437038264744,0.5352594717406511,1.964520562761445,272.23971263172604,70.24492642802369,892.1347018988994,22.611625977986584,0.8102904032762241,3.161119091779847
2.2517772365244557,0.11474071523418941,3.194630808952475,1011.5689671536422,82.670847481896,1000.6950091761876,21.779909951577913,0.9217624955424788,4.056142155625882
0.3705508148964462,0.21222662607378873,5.822351608666581,103.16987612487472,93.05342070026961,663.017234961907,13.300493559566894,0.7178655472623292,1.0352745122657705
6.089199225731719,0.3955162255826735,1.1975946915814606,265.920203839405,76.14018682622223,968.7744823581071,13.248214288665576,0.9143974792769677,1.005380887326125
3.8625065269314955,0.4128278855365649,2.0985533317138874,335.67500084327094,63.79734256394693,877.1019988596579,23.09457667715736,0.8998234522402982,2.687964139270107
6.444375653029075,0.8212467459775028,1.5401718793255246,221.2362194685574,55.54590099249075,719.1319314301404,39.31110449613996,0.6658131534508376,5.336521959401068
7.756457096162175,0.7986313049848631,0.997455500331007,287.35455124863086,49.06408616911701,834.4453927540627,39.22512678916527,0.7073209646904288,6.690959265820923
2.978424402099307,0.1510433136323129,1.6677139321747196,190.16802119709678,77.72923822398793,899.7155579516628,19.038690401011305,0.8266804944508811,1.3329885674021482
6.121294234520251,0.44893437186538926,0.6678392331018919,159.55969540689821,54.630155268822264,905.8491895954652,20.90941573836953,0.9172428072876296,2.2905856140864937
11.450340188092907,0.3248093757921519,0.5720761779002459,204.83550759276508,54.33268972719881,991.2623516026985,37.456018415634674,0.9668543056165357,2.486234723967536
14.346373729798312,0.0327017669930194,7.623538358392741,474.63188920866656,48.726063413944416,808.6457270459865,34.20893655212109,0.7951166689270118,4.276457142572879
4.2950176333952985,0.6189522743061504,0.8954854687220459,40.17116604582102,63.92611352098689,949.0422377992447,26.652619843396057,0.8551657092711449,2.2619175815776984
4.59627881175033,0.3913768738585922,3.831499719364796,385.6626044608267,77.44025436837144,800.8019852079117,11.559173336193798,0.7935590493929172,2.7236896135160857
4.231080629486916,0.7180285112442316,9.360663169396613,239.7141659265915,62.15899360075485,537.3036315825963,36.386286016392475,0.6783999865152274,2.367132659302924
5.261922887996484,0.9714444699089841,5.481917935582061,103.62257992679918,52.519009333263874,759.7439166583656,27.387036761753507,0.7168833333332074,2.9152159732039484
7.488164983859194,0.6027833763878392,3.721178195909594,79.42772345452492,50.78602233151901,697.2127250021954,46.16490416271552,0.6897793026110065,4.8912462164360235
4.152452612292084,0.48428404237611744,4.213028665411685,202.04673252358484,65.89616603350348,833.3610907486678,24.044669645152638,0.8047953633683751,3.1180009939344155
13.729464131747228,0.18720151021325834,1.5644253914354822,363.54638204827324,56.46366198073124,840.5061060278177,29.471263111140566,0.8602731658879957,3.8321577700326754
12.290507799105706,0.8608071022980808,5.574783600579497,340.08685069830307,39.666225922461535,556.3591309920781,36.93527368192623,0.6755812529044081,4.766466445449152
3.509284002910327,0.26980398799551963,8.114522973323613,316.6551199277676,84.16511555841186,672.8186382669206,7.9480383191879085,0.6051827331636896,3.710581988932426
3.4896595405232382,0.1364739490675668,1.8326555673345477,94.35316570898185,76.91626811312965,806.7647620084401,14.938755756945511,0.8259429334103413,3.235870738029849
2.0818326731059686,0.8569546803013676,0.5456896584477277,421.56806951509174,69.13652123234895,826.0601543800037,22.413103721900782,0.7949166053478388,3.0422921357059436
5.506494383564899,0.7959183316775728,4.714697169016724,294.7679066015643,63.82166427299942,774.4802177960491,28.56165528357305,0.7965153601914562,2.9643949827438716
2.457534732099121,0.5695140633412435,11.242039901199117,136.87519242420765,76.28612497154586,410.0580718049107,15.3481415854236,0.5352545773070138,3.0965221552795446
1.9820435698900623,0.6163713129481275,0.9895244932863212,443.78296053467255,81.54621136979175,975.7701547358643,16.149642028011485,0.9104289639400737,3.255960986186468
5.404904198130459,0.5965736514642986,0.12090774833103975,125.02596844142249,65.88101683147603,770.2246026859397,30.979896208902534,0.7644626315712231,3.476521133600752
0.9661459979383076,0.3316205491137721,2.12306811050419,315.8742956076111,83.80188234927348,927.990266957878,17.6910149667745,0.8295816941232987,1.4696085931491136
7.593514311040474,0.43078579464884215,1.4652830622713775,165.0523435829606,49.67784718562055,793.7233787591919,38.985698545583425,0.7383047002678628,5.193358575847827
5.590683206820078,0.1843086685804391,2.8719176802109763,215.8707281762688,75.70424190443154,845.8176349291641,20.008897475768407,0.7979172172229345,3.0337258592109446
11.805572356676729,0.9297651836181734,1.264903145345797,336.4389787873435,39.327350542319024,822.8837598679277,36.10922836721542,0.7290045026959551,6.133395063292522
4.364067561982272,0.6704233182828968,2.0616411879657717,271.38407491760404,70.88496987802435,800.0328213897388,21.634119360523783,0.757884856716803,2.2521557598449538
6.335849284836206,0.23671890110928448,0.9207490799552749,244.8454334886566,66.10163756988361,912.2266223031025,17.2204426647584,0.831256053236369,2.611265217182972
7.032204936815752,0.7374854480599495,0.2655555168096637,143.61292691423878,55.298355660426,791.7068765181987,37.39307338595755,0.8268484334496101,4.230875185718226
9.250418262045809,0.7711607744813722,2.2556961142803162,157.53886580902824,40.01970179331783,878.9967392721173,43.717698825921474,0.8605655434662658,4.007196919797381
3.9444905640085177,0.4400589359675445,4.037550770740901,163.7503557989652,64.09906862250074,698.7005762885011,31.908836226516772,0.81986131209901,2.4730556072592957
2.0652139477068494,0.5651907150216493,0.6963986564874413,468.07556917195575,77.23941571478754,813.5231430768877,22.984154842666328,0.7042281041447674,3.9434459933714314
4.454261509255568,0.5558021015476367,10.031323497768259,759.5394517692323,74.07482534550262,509.54265176154064,20.794549914191684,0.5928937325453759,3.974286587061014
7.586429245178689,0.24408790240945027,3.5288976103813043,145.0819798242232,72.64653618123234,780.421194268802,15.089427527307734,0.8298951297578132,2.0354029889919256
8.407933659695225,0.7552619426906741,1.5664173945791733,606.6745115585452,53.08698301244179,874.3689587864444,19.383845078399148,0.8383446459016672,3.2904177029548882
0.37635892636893137,0.474377937291493,6.212387766754631,132.03374506162947,92.24130372202904,648.3336888303987,8.688037855662822,0.6780985592534422,0.8671852075594533
23.80199057594161,0.9263294020623392,4.851750062582775,316.6347794641755,0.0,666.9099762462741,68.99150423323726,0.6535230738187886,6.757830439119517
1.9932660742731674,0.5220922652740286,3.895073276819967,128.08920980612322,80.45912428766717,772.7528132691291,18.48068892238009,0.7983658950963776,1.930473649686658
6.426655961693717,0.9057596544264621,2.78134248458987,495.9602038576743,46.48673323363729,811.3103345896434,41.648948849823825,0.7961099324845269,5.002624626857541
10.078265684779756,0.8287387047979197,1.605924384712668,421.71984830935247,28.329325418404718,779.7907786099355,53.75984338016791,0.7509721643201819,6.366289623853269
3.214306789218287,0.9691824733890465,3.2699532539469303,479.0437085776975,58.720704474545684,623.5172202030066,30.378139611738938,0.7245349223703108,4.53604605963325
8.672939016575665,0.7069262946859977,2.772989379416557,189.98425731591723,50.704821314954074,734.4638025896089,24.554396465546972,0.8525984535739188,3.657862300002207
0.3708948176357837,0.6275615523065179,5.982189387683233,147.77457488786834,79.37107030244239,734.8165864500077,22.023053735626757,0.6964675280826509,3.12456369515003
8.92657088303626,0.9062837381026456,3.67805583669434,467.4940696977206,44.632387722477134,737.8188578965749,31.215412110204426,0.7718522069033306,6.1142128399143125
8.080627590541384,0.04167794725678863,1.8867002924330714,237.58711883384512,71.5230264367557,896.0556000031685,16.05030749559465,0.8445606852938685,2.6158463610611435
4.9550947009955415,0.4209615988457401,1.8604841525380054,239.42271497477466,78.31220249329701,866.1036220596216,13.198614679658668,0.8521376836891064,0.6448914814271558
7.605964225252755,0.41702608884756787,1.2298310819365308,188.00772772913356,65.44582986525494,872.3149548382476,24.29805285552677,0.8894153571673931,2.2639211286498986
12.54651085390961,0.5770453053215093,2.8941243095983693,226.61987523992684,39.1061836919359,844.9397109788877,40.71096924293034,0.8780719215855596,7.269762962859305
10.32622098772552,0.36209054917174854,1.6770555603214383,469.0497238593572,42.406219956016955,898.852842934466,36.98099943316494,0.8143902056826036,3.1133149408291136
3.3958643166118536,0.5870045516857844,0.7736674947162565,175.9748256195173,64.76075357797258,864.2695602877252,29.482873114914486,0.7356352366589123,3.981967271168
4.416686984527638,0.0736391755022164,4.544046808632723,173.34949260782676,86.62398996530708,862.2518464644902,1.373635562892085,0.8126702708632477,3.2779143273348184
2.8715460326165165,0.09167458854223853,1.5411677283985075,150.324225137108,81.57557837207821,995.2104090059365,10.410731482016573,0.892747669251526,0.22947656022528307
2.5226482749132866,0.7953652664643639,1.9779417306129972,224.8647392328233,70.94119701080139,746.4168799084295,7.761366325319091,0.610217124902994,3.828184633542773
6.998497455276611,0.5932162408156377,6.876857157547883,491.3231699477331,62.37559762769612,581.8798211362694,20.15153136811177,0.6997840132970283,5.0820129670830845
2.8410525985973143,0.25850209362282656,5.051404139142356,148.7514084257356,79.73590035036985,903.2282143691809,4.806230292368339,0.8156843626251407,0.9705178310835145
6.98538261820905,0.7988210750580544,3.6375975422835887,166.4956818072245,53.639349318682406,772.2377627214254,36.856555221831364,0.7607605278577798,2.132997665114533
3.2107345827334877,0.7583470305994042,2.8695541857818103,608.0936423014076,63.08757268161073,871.6258170157283,26.959457611932773,0.7944353342557704,4.618270626651216
3.671271611394576,0.36236122144135635,7.9459726044272925,164.04382800379537,86.06319182425815,681.3489839644803,4.90258351730637,0.6984337105010097,1.5568950833029627
1.4553134783978168,0.5151221604152572,2.0321860609274998,258.7601545511718,72.9761466289427,869.0098958037406,0.0,0.8852191404295002,0.6960628194352524
6.837119439871147,0.13405071972604252,1.2613826356770736,676.964035606189,76.74212521623419,801.2357113183659,7.12555422328391,0.784957572431024,3.2617814322802507
0.33471796784351,0.6441183389160842,5.962999566210415,228.54785981673098,82.04680294614212,591.5924688142674,5.973165040199245,0.7610312618959976,1.6856858956737162
9.19342248378436,0.4861520623074461,3.6432670727463994,798.5714593589191,58.34158199265266,820.3658798172992,26.997635400251006,0.8236736262651595,2.7227347272277345
17.837663968436427,0.684825182512076,1.0267138902994541,142.94195625272965,23.76699283508633,801.9118171857333,57.91008832426278,0.8162170728137003,5.37644569728337
3.789586045339631,0.36021507812093245,3.6488067506226067,773.6534571401086,67.22693532949879,791.1198925684953,14.30898823431534,0.7644612557879605,3.7835674170165867
3.636571772446856,0.3874403588436239,0.5560407669881718,222.71332442714908,68.66400597453398,974.263049416671,13.830599143256702,0.8815568091891862,2.422436682624618
0.5521417626919827,0.33771159524809324,5.148039937704409,51.058123490706876,81.02691568176898,751.5601194887397,3.2255019830999814,0.802558880589572,2.2523365928337657
2.1277808239546343,0.636353473174025,2.9633579884976147,65.86023433671603,74.55660018834158,809.9393254249468,17.827098456250567,0.8453236005272075,0.10300037108073612
7.672671662128273,0.4222410319007071,3.309035094334476,191.36212174658064,65.87906649281747,887.5797093070537,10.869640019580839,0.8458689509932246,2.745945143557834
8.56596220741172,0.3762354000905071,3.467427928994568,297.0217790287855,61.46625668633622,894.0862336119908,16.382541327067003,0.8642920602106609,1.9502486111130337
4.239908341325945,0.27001954451789145,3.6092115572750716,236.31364313622055,76.82833354364125,811.7497072605784,19.048494630791218,0.7800491209492925,2.863572560996481
7.310348920620427,0.8737884319686768,2.347659173205352,531.2321382874857,56.436475512661104,851.4624955610981,39.638572100104355,0.821877169236433,5.656941855609598
1.489158914477707,0.4401236993421113,2.5511538960567717,337.5011870113378,69.07966612695836,774.2853137500128,22.026466847301975,0.7689322974018786,2.3908088851810527
5.149082229543699,0.5520838316352144,1.658871900514576,214.7546702520559,54.71603563536317,864.4398963944411,29.81468988874338,0.8206387528055584,2.988975149171035
11.09061179763127,0.3303329104214052,2.878797367461739,281.635285793837,45.73131109474606,869.2591813397258,51.056268590073714,0.8716465918558706,5.616335959044022
6.032385103747519,0.33399119406084354,2.3555369218473334,198.95784504031528,73.1807695964246,849.3557684289073,15.643896594423705,0.8071099277701377,1.655781253671894
12.399263958629398,0.31311577273121666,2.6711828005236344,347.0972697910071,39.92757721613775,832.8622986457426,38.94105958603038,0.7682636554609167,4.855213586322948
12.688957564922156,0.6340476310669729,0.7050634066611772,153.599977756668,41.032690297964116,809.5254717423475,38.05861154465431,0.7722456430941517,2.977342242631588
5.437873758215317,0.6967883499187606,1.4243984106072674,350.53098826450764,56.7147364281894,836.3716813715388,39.3036114160136,0.7875088004380878,5.712137699293047
8.423922736834221,0.3230666140898776,2.1629256384815285,231.04223263507046,62.42750689082062,768.5144707579817,29.53453257360855,0.7831570418473272,4.246935988904739
0.8487024465667712,0.5489648930509582,0.9045716302759494,194.8141952818413,78.0214629323676,873.4815676092904,18.55521908525443,0.7961834121736071,1.739208327429071
0.2570774084469469,0.22762744961284112,0.39878396327441357,522.694865676917,89.7897182583842,953.5229296972946,9.106569707909125,0.928384305785869,3.097098898874932
8.9014951499125,0.6919563859255449,2.879534674517867,672.8350815783225,49.00078125021552,825.7389823987284,32.959479282980034,0.7819768220003284,5.07575700531746
5.475426589112774,0.06298072616447323,0.9898623385434692,289.1721544809011,80.53612327859749,880.3806245103423,11.685641634795596,0.9066862875617303,0.8560642308060145
4.343848715286301,0.7816765993242237,1.4264864261392232,207.19000322231622,69.74395027587202,846.0817083015884,15.3917623669972,0.8089500089186622,2.9219944927480035
5.929417130468632,0.45095346518143686,3.247387133970459,210.44429279147357,72.26155821061083,836.6435135291936,17.04012427238777,0.8284021933885881,3.028059538418952
0.2886344176650723,0.8479610071202178,4.415005096514828,209.20639747853312,71.12306265683894,694.8821313595954,21.90941531993752,0.7666147513634062,1.3022572943418704
2.8591475737210823,0.7527825692804057,1.7061278911019233,28.501636929022446,63.27774496479547,845.6829395873003,24.532779277295788,0.8685895972343839,0.0
1.7890289631657479,0.7250939213111832,5.145820468135675,371.823534901739,72.48361012990108,701.5958771408242,24.116945946516537,0.7523119490156899,3.0261182038834824
4.046639756859273,0.6557778755996041,6.082594764116905,316.4526051120119,76.34260919763474,502.2884017604864,18.135301652642543,0.7324563165646331,2.1629882880181657
4.1788012861261,0.40636495909825904,2.260348353878426,272.15794968274656,72.0385516215866,793.3037279701856,20.71194487317052,0.7761547428887676,3.5222035529313165
5.717966148326259,0.7872015807232189,2.256979174176583,431.1325336318869,62.359768711574816,920.2058998471019,21.141014252152786,0.7766699693469844,2.571366358669723
6.467543638685858,0.4909252558605689,1.3554734803828574,123.30300781300625,67.2431506639547,911.5040340683631,15.570819320484219,0.8451672315324399,1.3685496686635694
0.31589994509086405,0.3431917865665708,2.7206804097575064,52.927414535949026,89.33270535624463,803.5976978800558,0.709316808460744,0.8218964834335121,2.5239146734410847
2.8977438059874143,0.3931429558938131,4.431383903656624,203.83407685665875,82.84243338969625,785.7708576390456,18.537426672603083,0.7942064790080335,3.782310624437014
3.565263677730786,0.6036525012058186,5.783098322910739,388.6723505092443,62.62882893749987,720.7869362418645,15.796944176941157,0.6815618967938977,1.4883286644112639
0.8165182532071734,0.26294255517173665,1.0324424433044694,285.3970450395689,81.16074053413162,1011.7282845606611,14.326817703545778,0.890137128836916,3.413208233956719
0.7048133758943016,0.48696320078270855,2.38436129706223,238.2769583217574,80.9492510088481,808.2218462004369,14.478155765690904,0.7444492005323298,3.9871266334106124
0.5717585444309723,0.47913027030574423,3.8772520543310307,689.0139850047467,87.45827185396718,737.2791370301047,4.673687299659259,0.7091636185894015,2.503757782022397
7.274523357364114,0.928075127893258,0.4222481219343587,555.6516042463544,56.11487124684657,814.0337334371164,30.504164426612434,0.7837466176990435,3.8286546695337305
0.41718563990298635,0.9719972029960763,0.039258300993673965,413.1359529747966,69.218445658734,818.3466200720608,22.57449084642726,0.814341249328861,1.318717928883735
0.5409744025633002,0.3969360244508972,2.3062543949719227,229.41403918305082,88.44453759524366,811.9089218713616,1.1579519890709449,0.7507018871095745,0.0
3.8952844638319952,0.3690342732322291,1.063981202036111,1060.910987421627,71.98038799567628,913.3289836466564,14.877105456023106,0.8162772670668349,3.773000441816597
5.1306589742865425,0.9711855330192573,0.9215049369584221,130.71635152859795,51.19629071343323,792.1990103888035,33.35804941668788,0.8108568468248083,3.0476470141109684
3.4615461264995404,0.6852479806342658,1.1189131027613268,486.5321954076281,60.839166049704595,848.7313284583526,26.792815324787295,0.7664184641838023,3.495249502463406
1.0472293446645433,0.49357639646104284,1.1310508783501605,507.3592948636467,78.83264038117426,993.0630376318528,6.285622973529293,0.8507652054808916,2.344219865960519
0.7269824588077697,0.3628104493491575,3.2010090392132784,194.99362344535163,82.01578845596902,760.0644929625483,12.60872050120332,0.8659568299372529,3.5981267030519417
3.7961363232699394,0.44297698853807566,0.1927570803646928,571.5997001805048,77.55422476454366,946.0531027107552,15.959015476083655,0.8412928496014178,2.3278264378743967
3.110082112020942,0.09019064394239483,3.027445356419958,123.54246306976538,86.22901216970978,797.23733176052,15.134484156884291,0.6870721469767014,1.8301688041782915
2.387809291020886,0.5339997132661494,1.8011987760151307,339.02276796909894,74.75773163435511,903.4728402103497,17.038305510147985,0.7800909411762281,2.5891769496220043
7.013586078081457,0.5299543101721054,0.617440816106291,470.6871035101389,61.001772210362574,962.948246042427,24.376986310168533,0.7781138994976375,3.317238303569655
2.9159364487258017,0.5510015060704346,3.6433384194726735,329.32975339596624,70.38137842202482,719.5559470734032,24.835365415403803,0.814209124610635,4.919324533527674
0.6401105532990228,0.6859736274123269,3.1554007227207546,93.147385668561,67.03458436866038,729.1358241822365,29.256106946013478,0.7338669743601822,3.150654697462012
2.4025278791449494,0.5256563318464682,1.2199235243356665,465.1243707089706,68.7389750600539,912.3575037606423,13.07054876101375,0.7953643547377521,3.5221464441956822
5.641582021770826,0.3696564436202141,3.476650621551033,556.0508141165632,72.76724909635182,789.0162969551698,15.407987572712331,0.801466157711504,5.550713836047611
2.7447987109122196,0.22582035789736762,5.487232308322737,300.86677642110845,80.42775295586961,831.6670152055465,0.49773939320521876,0.8846141370197209,2.7468357874961926
5.556427344770433,0.6955887907773789,0.23175711915621838,73.74751260523979,54.381679905942256,814.2815228228778,25.64190685070654,0.7800156866296458,2.6991856652157487
6.522049470932112,0.12462543036469635,0.9390626894788117,289.9651376228974,79.15355424719564,1008.3666141920579,22.973939852118107,0.9866700960319769,2.0132614402424682
2.925715172910408,0.1997171437713925,4.122576224362959,183.79630882072337,89.72081229275618,939.3909224223906,0.2191550048947084,0.846823859174012,0.0
3.4461686739725996,0.8449929802344398,2.0451977514912643,280.00212601852456,69.55922773879597,814.9682684406948,23.563381886454714,0.7301506239018077,3.3808626501261103
2.5739200075685247,0.46670369922674687,1.6555111169250893,408.1121301203244,77.7305933804284,825.5605288291661,17.506952793427622,0.885833408885135,1.0041252590719207
5.662031048352786,0.512609403866667,3.920760986504149,116.48198231448055,66.62967886224595,719.6520065830014,19.312019376086955,0.6957289712483113,4.9524826463504805
2.493538114059533,0.277077357674495,1.4381683068921305,622.8178928123584,80.46951469341482,891.1903308508158,10.400083572713555,0.806442493959429,2.135183571586489
5.196893583771976,0.8082634797851951,3.9730723221245485,222.76936092877668,60.019922722484196,760.4013178594895,35.79413108278189,0.8081947150974498,3.9458216021220514
4.24149954053286,0.8794839228569761,0.76514769361096,304.56606058218074,63.43196442652164,747.8564817552575,30.71187293110175,0.750488507135306,4.109601638557965
0.25389721584029834,0.7563394989548843,2.309389751691367,197.35383508699394,78.86696967138246,775.5865605006406,27.670036632071593,0.7598350157117707,2.1524838088210365
5.446032383474659,0.6744155405948123,4.499549357748878,408.04652416207307,64.0721056758369,726.7525804315538,9.273245689613287,0.723325816636965,3.4121760267011947
3.894249525519406,0.6660126417386464,0.4895938044834244,622.6401776466361,50.2820028109266,973.7640080038806,37.45985645933939,0.8509524800171515,5.186259584094508
9.48341085232608,0.25685275116757,1.1370478533227955,159.7974527022414,65.88438101545535,1027.6923226350732,9.025327783556907,0.9256605114692572,1.0149218284617516
0.8695405008597032,0.2779631516210791,1.651121081745542,376.0196435838243,86.43977123005745,884.3644836782645,8.694469232515656,0.8549891000516323,2.287560527227864
4.303988404828079,0.6246905202584386,7.448106077706617,175.2089802909244,59.683493190736996,541.87032287006,26.320754604736585,0.6139594345128069,3.5558651396295713
2.1449752732155543,0.6165005334521079,2.910826715211676,402.23590929079063,74.14272647371806,799.5004918499891,10.646048223799394,0.8080294059423976,2.243353265488184
0.3120563232934724,0.33234744564120183,0.6390261445540094,275.7800295272666,87.26762829211255,935.1443759594993,4.702833943820328,0.8816985725630218,0.6388318551850628
0.16730660412496948,0.2903614894815197,8.276806639394767,454.8586655453745,79.38498369990886,696.5410736588683,12.051084686710748,0.7372922343950995,2.808082000843546
11.01384669479622,0.481480743549455,6.99164790540755,320.2610986881441,46.70858137411872,621.4906337964169,39.34287619292833,0.6586888620628335,5.258460725341866
4.31652073755569,0.2741643862002799,2.741448344462942,826.6092747570868,69.66688526509583,789.8771461301404,13.768866631682947,0.7553537050034334,2.689584834166915
2.829808857162047,0.9056275721654291,9.900860592227358,198.45223034573831,59.00230967809714,467.42269893699455,23.686399247939214,0.5989806751935005,3.808043084648009
0.48549622147917243,0.4759217200564336,1.3500729882733356,108.71498648251283,84.4973258405678,854.2022636396965,13.381849277219896,0.7525410870083559,0.1288761163159613
10.51241151484972,0.3446472530194019,1.848035539279723,187.8803832875746,51.735646418002716,852.3833246076784,37.51164415930436,0.9564119607453676,4.775375575261362
1.5906914571516397,0.49469403224820385,0.9522434253917915,189.9666543578022,78.32697094468644,835.6083438285232,30.360799350805586,0.6756128918147137,2.5839889884023535
4.499990382131484,0.5604399979719308,3.9409536922944346,254.0892985606194,71.17712181629098,682.9682415707089,20.591364316485585,0.6817371348275044,1.4119293545189875
3.755363519632409,0.32541010738516235,8.853509231181517,212.5303372546365,73.42919831202423,633.6696843180977,21.805218240529758,0.7059088124669788,2.577002058755547
14.479401149178662,0.40784564362431874,4.948209313645865,304.6987875911378,45.25330702908164,756.7353912602421,36.382228805805596,0.7905376279487926,4.404347590679767
3.3678796269367828,0.8298819758280518,1.0345584576907694,77.89971128959226,70.92496864404202,785.9230762212121,28.172559941274717,0.7293205782623051,2.954170740099412
2.0050453146926754,0.19644343417833643,1.433074587300795,211.8052393311716,88.30488961130514,962.4066685387423,1.9954344592149127,0.8449310269219087,1.892176131460056
4.375136044030838,0.6745252574604935,4.524658996229422,210.316140189781,68.01096377633534,607.2787270441379,21.394362106956834,0.6668622859311604,2.9253592059684452
4.805122919356659,0.12419059140404448,1.0005441856273758,421.7092584662799,81.75217985510163,916.8699708949788,13.683703309790754,0.7822161838882266,2.425984780356882
22.30640446362829,0.9307122356614765,2.2844745768542802,145.3598545426717,6.787734427526882,781.9353491202344,67.58311887206888,0.7090474358761925,6.474859858197251
3.3142485403846877,0.3533300391966806,0.44443279817354825,140.54129620166975,80.46826015159961,995.694057326783,18.69233572765718,0.9412482629329693,3.7044338983963327
0.830694561258309,0.2851792162074771,1.8254850804647522,272.13888543636676,79.50971043748032,850.8733764628098,12.525237130095876,0.8513794110550794,1.6255412519014742
2.388565605071269,0.2573043206108935,2.7348681260683794,437.2293522377804,81.02919369367082,919.451845513447,18.038274658512837,0.8522552713085518,5.325436163690515
4.3663957664444,0.6162573792646833,2.836753737730277,25.75535466351323,68.45506322569872,754.9875504786659,12.996700948000036,0.7914831428341936,3.7562116450576015
5.0981997656475055,0.43115828345565627,3.6088047484553316,410.0379252405303,68.55170490661217,840.2617153150438,22.927943596607033,0.8088194074343642,2.0992514628693257
0.4169318258959438,0.11980049949698984,6.660009833982889,373.3441024197566,100.0,816.5593122107072,0.0,0.7512342437565027,2.479827482828746
2.1032683115969277,0.9100807220085338,5.171571008383871,256.151913174313,64.98104848293218,596.6285593779451,22.558563696086182,0.6000540414569616,2.96122626486289
13.84634694790423,0.7615426370067564,4.870934815064527,297.8705863834878,25.5098166167213,700.0171950277834,66.54801129033127,0.7512376438592726,6.875072320227692
1.2520295105480952,0.06916250449611062,4.367335714773835,487.8100528260649,89.79042087510454,847.369385850204,8.14487494332155,0.7746942550984462,0.7654822954729206
7.148729215879291,0.7438457020264996,2.8635589133395496,189.0112028335989,59.09921860576236,699.2254334065749,25.16942078818478,0.759984049249116,3.0903300318448887
2.472638449369003,0.4539660161550183,2.3142515132376262,101.78975693365426,71.86860604926997,865.2843876542004,22.181127045067285,0.8038946801678267,5.421871251524143
3.50153935736143,0.43735582345379564,5.3707387499546115,374.6391588302204,73.37799701213079,685.5821128848941,17.751724594974384,0.7763117561496796,2.130404401447073
2.722167238834692,0.4029235043559854,4.481030916358758,355.97350098018364,76.39438366791018,709.7452729611015,9.175208526852156,0.6780201814155279,3.2465242351244994
4.318470871800891,0.4411989996295565,1.2631894933715717,55.82214753680732,70.7166403406404,857.8936617878733,8.830866746860485,0.7577840533212994,1.7637983018670937
3.353950998961518,0.9714628624673357,3.831910316611602,638.1773843546023,57.66037441223202,671.2388446140362,28.963317761399104,0.7130475409090096,4.019545529215419
2.894263406090022,0.4354851932306056,2.905104038055507,342.1747748169979,80.91477770347001,866.5143674373718,11.59251418315279,0.8025016506099272,3.5175841881266536
5.68628343337611,0.4827512599956241,3.4152310891192394,151.6613834672588,76.70949078006457,790.9235469770579,14.180573296839063,0.7819361177720571,1.731215259508991
0.7236763709183394,0.3571048616919209,5.913123278315677,359.35915103702774,79.70378199851422,848.5529415247838,18.670743775897453,0.8054777724699328,2.8573232532020185
4.500718845825159,0.6470321737895441,1.3449435483788623,330.6070935950362,58.787380634898845,816.9821216925221,36.601514910977656,0.7644210384005271,4.6336272350132806
0.1398091669390149,0.6935583557797003,1.2230749260619553,206.4384162844596,75.05406699747097,875.4762467570113,21.330729800808015,0.8118609824189783,4.003603210238676
8.820275460748608,0.9535414212021631,3.114453724828209,295.85578553135025,51.73573859406036,723.3506890486514,31.291379639610142,0.6245294489921434,3.9320353912498796
2.990711057071612,0.32990555307581293,1.4688075035373083,297.3443211684058,76.49014671723803,815.1911449743716,16.782214853031284,0.863612642774612,4.70771090992546
6.762265947096394,0.7281207697901191,0.5604917114378077,276.7477690488612,58.34140813767771,963.7885916130205,35.358923619630666,0.8461947458673235,2.1506502249493575
5.993692630544459,0.594387178336148,0.8636522676905427,262.1526099223622,57.597631473021224,883.4699238046704,34.55028737532142,0.8518593974441171,3.232291489354098
1.5277532720511862,0.7168974299831071,9.938336687774198,332.8486510781956,81.4133440013483,448.07432570770766,16.0665382045372,0.4648304011616045,4.892788421576193
3.5234426179484086,0.7059641498517276,2.7134074580692156,303.02397406299616,65.3036061660563,809.5602809326678,20.979988500006254,0.7413775410004878,2.590619271387383
6.074120797352294,0.3647301907327,3.909757113456565,189.7849019173931,68.90642656798055,850.904863140757,27.98757426817146,0.8230369267476142,3.4202319755237744
3.224686480122176,0.16002688558107214,2.133585568840462,131.4119339578678,77.34544889135663,839.720832797662,23.930087406612483,0.8941496120743627,1.629988243355644
5.481734154741488,0.2769152597956024,5.520738665766286,294.9019248103315,67.17100707576822,740.6541352938143,27.90030671562326,0.7664663368162312,2.2001044158128504
2.509877389195297,0.06559259111977796,0.213954387557698,408.21505681556056,85.81244270833324,1044.0232125380264,27.59061824958018,0.9538664627769587,2.7429887428458954
9.374854723005281,0.6918343686749607,7.396038872565015,287.93953171224734,50.09993907073568,610.2878830517415,39.42358586752172,0.6412380626511427,5.65911531123363
2.9826848932434795,0.8290093742912185,2.6720456488838757,187.58218801432935,69.64059420374988,802.0171060001941,28.135748993817643,0.7801183802758004,2.77915046391597
3.0413875615206676,0.6234119950927874,1.4575752063693677,74.57184993833452,61.85187151988384,832.3417442672517,30.54788086338248,0.7890409491323028,3.2329481945987615
3.096246903551285,0.2667234042308407,6.669281415224067,649.9834346426837,74.28838363902565,598.8472637810236,17.22056508264707,0.6741755329929233,3.2503689151163964
3.433224411206081,0.67062564592374,3.727451022986409,347.3653920563724,64.49849884910803,735.2008434436815,17.794669065151364,0.8026377000026663,3.4883327028692745
0.7741436711581002,0.5160898747108804,2.3661836259347275,332.38448986104004,80.37583823411559,794.3012657913221,9.12128184676272,0.7585239431129531,0.6132626122174545
1.2043998234274598,0.8282428292248728,0.6353228004730055,207.4561257124659,65.03299442275078,843.8101123171023,19.923421935173693,0.8070551015551348,2.5719664258858708
7.593540871834383,0.5644951758623143,2.4367825339769422,77.01243277221528,57.62983752208749,784.8738204364696,22.405699409642544,0.7507031865609393,2.442237419340648
6.759044117259704,0.7851229902992014,2.9307414632086366,179.52982972213692,51.87631107054716,775.2193285745574,31.96670063717175,0.7516209170107461,2.8479706396763795
6.409259279449527,0.740369342558841,3.2292469599805997,592.2296873271422,56.585190444564546,738.9718089897176,30.409765953202086,0.7995478375725372,5.531848258811491
5.065772871633897,0.2022877159006682,1.2887475824188084,112.22690780998535,70.87217037951964,966.6379881504109,27.537682690927085,0.901852361909805,1.0837388989680152
2.051516008298666,0.7085124028080403,1.32623273258496,65.07075106170444,66.07479177997264,877.6138787773281,16.51637962806163,0.8419713485004409,2.384696558764389
1.8358582508459258,0.8185028747263283,0.8376374835726039,644.9292278916065,70.45523122722918,788.2528028975657,26.03282635837525,0.7661347202985249,4.624760503677442
3.299239705875353,0.18028083437106832,1.4275689570450654,153.45229865505377,86.16016731008965,991.2488121607255,11.296787952966048,0.8510827919597649,1.3606078014133796
8.556005010327473,0.8368317800089863,4.211620306094686,239.21390084909132,52.478327880839856,662.6145631302213,35.524300602309715,0.7318914540830974,6.166985362248125
4.102839943810758,0.7531387009466918,8.544115776138893,335.4068913363324,69.42649486155102,477.8054535728312,20.824292960131114,0.628159250186795,3.97980745255049
1.1331029251295892,0.24248841797249374,2.083184419079504,763.3525995138617,91.68864210658661,943.6207032781006,18.369366823268074,0.9097794503544918,2.6454203725854684
0.5685967483113343,0.5136255088711529,3.305206178667598,584.2105578938512,79.65075286877155,755.209607896908,9.527025230397696,0.7519223236293815,3.3855989420106076
6.932898215120817,0.3131322717817427,0.7908376994682802,257.780066046339,75.72758010449391,927.2662057605907,13.640597435517453,0.8170378368507304,1.7800722068463877
10.73276414673295,0.766683758988503,0.8144076963939394,186.9066939751042,47.41523030632835,775.1518870046306,37.51572421088092,0.7967043713413875,3.67586660845759
0.38334426619821593,0.25236188750766864,5.2927278679645315,122.90757976457414,82.79158725080842,728.4747358222925,14.419432455371089,0.7906744508989808,3.2501714584476513
7.121922983118918,0.972408142154363,0.15939495627833883,350.4782064960189,45.98069453872609,840.8407949549485,39.16299436394781,0.8460610586281393,4.934206320393301
4.964344920609261,0.7576978359027344,3.755689993533141,289.02828552576494,61.91898492805372,712.565021563581,26.357078720252062,0.6881249308177562,4.792609799497991
1.4697004198490866,0.6001861595831085,3.876758324980985,72.6216005201302,79.98891812449,724.0733075860466,17.166280909774002,0.7528843572775789,0.0
4.151481640239575,0.14559251708583842,5.405527838212782,238.3285164082852,77.76147576913901,764.398356777352,19.176665588705525,0.6609714651869931,3.4828651171064244
0.918269241977987,0.606024743942572,3.448934321495564,293.5771904341653,72.23917398291557,830.5408733244088,19.20092773961622,0.8649324919162241,4.148580369853619
2.7667356865101795,0.8054977882843842,0.5950027235946126,369.0398517943213,70.51475765887031,798.8779397160635,31.66011682699935,0.7875018798394969,2.8898892648797734
3.4718896536763673,0.29227997819069124,6.275049068130436,138.93117016341802,71.69292703190246,553.5077582996296,22.46474279288231,0.6417193515237422,3.425509446385756
9.304957079728739,0.9806331178557139,1.64726469696719,298.787678675652,44.08872958940603,861.3856507850171,37.48462064554976,0.8939254324028891,3.795708962752333
2.6362562189491356,0.5811235448656733,5.948804192861163,120.27595128720972,72.77888428357478,635.380336049531,26.515495886044306,0.6515698566275381,4.233076486154021
1.6594648912196448,0.5314492424901278,5.062356863144211,335.92960794309744,70.02310638987525,683.4005381705078,8.808186532817636,0.7158282543009247,1.7913556199595142
4.6450445542271925,0.46798945321011115,3.3531442380775047,233.53717518693475,78.25160582102205,762.9535218865493,8.472584896646117,0.7146479946188371,2.904085594415755
5.606174818702545,0.2892337525911653,5.098982140949152,796.8230874532812,71.03428135142137,672.9544257613239,19.052376860489176,0.6289118634660279,4.051780413159675
1.5929260675005508,0.33608091352768305,6.870473505063407,156.87370552091116,75.88934188020968,651.0745677452444,9.809892631713083,0.7045863850027936,4.812905438606208
1.080208958606956,0.48029509920798164,3.744607880608876,198.7687611546953,79.99474305388603,761.3828731190821,18.82354880120688,0.7684806569565281,3.0730104019459903
1.1969851790547772,0.5691091532967598,4.687209290583336,76.09229919131381,68.53070986078586,753.2601414136323,26.644058304433486,0.645774236956518,5.7479398089599485
9.330408857449516,0.5559990451676333,1.1442109830201201,264.8812939149254,54.91424880621032,837.9710676528908,41.34666056627081,0.8392451931325133,5.080920421992885
5.4016672744904515,0.8535636531006388,4.4333539661164085,215.486851557834,61.76137130809286,548.1487216817216,23.30132610442123,0.6267829082584251,3.1485309422571346
2.4675652228920217,0.6680975239993023,1.120781072128785,281.3101002128214,84.40428752697106,774.7127443932625,14.321988128563259,0.8024418677403617,2.456298705716582
8.142039215024084,0.26187763481514226,3.0950201100555574,256.11159543120505,64.51623391740459,903.8467355817852,32.51706315593525,0.8540631664894981,4.052944651872011
1.5792680514795086,0.5452635423708138,1.4718455453331756,805.2260519000965,73.33597772712615,808.9274415312834,19.64004603849966,0.8376429613045566,1.487469321548216
3.17861766047828,0.5214702644446901,1.7940367390860237,354.6693445796938,73.46093788235956,882.7669665204596,24.4926492563961,0.8876783327383162,4.081755853085222
0.8987114885806249,0.10339548889234709,7.489457164738156,424.56190611850724,96.92072308361294,642.10540755852,1.5551694057693841,0.6952265649483299,2.171034086974469
7.863579873600733,0.34634213798606556,2.617779213187028,286.5839905729129,65.2552361535491,892.1073965233068,32.20961792373207,0.8814074646522064,4.165482681651405
1.440168553094285,0.526199092295739,3.0731967984958164,314.06556994234626,81.6879134051733,804.0873065023108,8.252327174064469,0.8265710793613654,2.5410310046302738
1.4774704026834256,0.1792535274934422,4.5764443348665536,280.0586575616697,89.88652789369873,702.9742148955282,0.0,0.6626960797573072,0.39150228066956205
4.7356341336496355,0.7649143850486083,2.9086474539764673,283.20205697900224,64.20189535681288,698.6603900670867,22.7853725804207,0.6750571453441696,3.564822154550449
0.112280289816787,0.1798347890541439,4.376010756899145,186.92759493297132,83.15808211310885,708.5976410941901,11.26217064950341,0.674649287508243,2.3709234979315674
0.6607836682255754,0.32506243680770563,4.680470636806888,418.31348193855786,77.60955410686658,818.7698571396052,18.298647943006426,0.8244535809767101,1.6948119944660467
6.241280524520308,0.6467976964116726,1.6790928824782576,834.1926521272486,52.20965396091668,760.2904305695849,36.15937407832348,0.7208041214035439,6.962235438056023
1.1756040719122356,0.45558767851982174,0.9432569610490327,286.1828056839985,74.096040112686,871.7759397712626,13.87628624222425,0.7214481745961165,4.5025147544929345
18.04674874643071,0.29389489971971366,2.8769519786252093,144.17392798083873,28.100555135817835,836.0219778729617,44.33842024976617,0.7511705674858472,4.305743844670134
3.9602166915808756,0.390235644072353,1.803676166805329,474.80701560718757,82.66208008885121,882.637628310895,21.895155055660776,0.8104537106310398,3.890374272448988
0.33977455172908355,0.8529849721279308,4.9667450454601125,642.1046989242129,69.12178077599167,645.7204567639058,20.78846200498773,0.71041483885991,3.864914207599871
11.14875221522071,0.24450274954821796,1.8516957288591815,194.0767570384896,55.94047566534136,794.7253587139905,27.987314075505626,0.8414740225984351,2.848081041822222
3.9563328088478937,0.6583548173290742,6.834519736259117,122.83050033588071,65.45266801665215,555.4580560969229,26.096616078209877,0.6808938426800716,2.9482329409541426
2.8363944586935053,0.10416117363496767,7.01671142475788,392.8105038034124,84.8543005613494,640.5894253371665,4.783222774326434,0.6932600309415343,0.9298518105394182
3.9433401373242507,0.2551271719659769,6.4274771539583355,291.81229572299617,77.14211975219798,545.7381694550189,11.711212781539786,0.5860965698161509,3.2271670824476764
0.33503651950236535,0.7042181938243558,4.106568338481569,372.0520119324251,70.10956435925954,755.99969318319,25.67456103914578,0.6533788874147722,3.299955707013207
3.2777788574508637,0.6421811376723306,1.5163272436707416,273.0948406235071,72.10084557451263,873.3456154636295,13.442459047016822,0.7996558219836702,2.9200538964248333
1.2780817716765462,0.18541043511650548,2.0546890655818295,238.45830422967245,83.1313599958675,825.6927944073835,3.8327136094582084,0.7810943164556058,1.0867928883420173
3.090223323398466,0.601279572835068,4.052715616201079,150.9097360861505,67.13047774171467,825.9713621445486,20.874908373403944,0.8005849672734102,1.4838810781200729
2.1095093446971283,0.3793265738198167,2.402349474698093,344.18777287793176,77.65597357277179,840.6230494821928,17.1950559453982,0.849114718761625,1.9166200751048823
3.7616085750257637,0.4316221174925504,2.2867970187668867,110.08434273224674,76.9694493279232,894.6341825947852,24.369602476707126,0.8703470734364667,2.9972853201293557
2.465458410116447,0.4428701741153133,6.6477476410133916,417.31386294751553,73.40907054206895,714.2135099331571,20.656711514003373,0.73320088363966,3.0203268556477654
1.9709916663566478,0.36741974368207947,0.7600450224481747,401.5113996488959,80.36043725933467,906.4356043408225,16.84438552808653,0.8239362285754697,1.8306248934383147
1.116498180729431,0.9092659478475044,4.235919721383319,336.3961893757649,70.93309233216524,572.4144235428055,14.210821892663587,0.5673016407127234,4.790598437842153
0.36185098271650473,0.7374177390338283,3.8667286755410863,544.2190512819259,76.7631545405178,746.6606545306854,17.386747026805146,0.7079704884472745,2.0701557511851663
0.2447895472843581,0.10661288381307521,3.0293183046087373,225.33580831308225,92.6106830022748,894.4198751864595,0.0,0.7884117151367316,2.461315385721054
0.6935244417010165,0.1427292495280324,1.0800385138511261,220.4031794378186,82.33333004387912,896.2354340087151,17.859167194789226,0.9673726426677083,3.166477819430561
5.847131818781857,0.5600046506010621,2.0853835785124395,210.17321032659785,64.09283465055411,842.233174622005,25.81639541628307,0.9050825995614316,3.7274059777633033
1.040097409699189,0.4901610200010725,2.9874109977068874,300.14149501819605,75.05208278602076,805.2589773799302,17.152737561434023,0.7202143927965886,3.647738353570262
1.6395803946048533,0.20517151774914796,0.9625976317428147,250.99370844107972,76.1521006382356,873.5233437859342,19.72749042793102,0.843752729210025,1.8492753093699048
1.6568114464953003,0.583469909761179,5.771831687518212,205.6278350086989,73.12956830981254,675.6133196197098,15.865484042338121,0.6378191393896449,2.286781657200347
2.1447578349898184,0.5197043731630765,2.740914231661583,216.6860899745016,72.97888115264712,781.8552416371112,16.004688635892883,0.7802953038195554,4.368753231926875
5.02837014563778,0.6419520959903995,2.5828737808063362,327.5565199346277,78.66705604152088,822.8964602881376,9.227519489432058,0.7692079359816048,3.2156288584760024
2.4411394375242503,0.3225094900548932,4.415686364682091,514.0250389251644,84.49484374748819,739.5957500150652,21.540148618249148,0.7366621659613549,4.117055192046537
6.785311027240717,0.6628252876830893,7.618328488348176,184.09474039692714,61.994944304177174,553.1429844493993,25.23640231084517,0.6844597637417871,2.8414630877591405
0.7049306732845804,0.8502513931217384,2.040682229330134,50.55611987722678,69.59027854829047,692.5707259518948,19.390779670596977,0.7341641990385743,1.6417861634305524
6.212184466298829,0.48089448502866683,0.8669441744054838,387.7696991151761,63.41476546151181,1025.574903058489,29.77210771911286,0.9588413519411398,2.198114389767132
10.15003037347957,0.31695716484163466,8.248333239783005,144.5051095280273,69.48382035574207,595.3688984007882,21.431348830023826,0.6823504034089936,2.342377470998201
3.238219294796505,0.1975174466253944,3.2341021111804307,513.1958774113771,77.16775745924485,773.1774569140522,2.052503555985016,0.7272882141203154,1.8222440890342277
0.9470588195346259,0.6860555198458523,10.44084544243864,426.2252204786001,76.28205646626778,515.6686245650504,28.739126650443012,0.5438451663754738,4.770248126068383
5.114083257839738,0.10672036994209924,6.921955059242522,447.88327026137506,86.19626179328571,718.3293779007813,6.784647608890998,0.7160226977448463,3.5777540416842055
3.2926183185549824,0.8820905086141249,1.3700048859988887,281.14141025805503,59.451430282398945,845.7781593388394,23.345721185226722,0.7923987751660787,5.274923388620916
4.367133907166829,0.5914479648554721,2.3398299526106796,498.18821564014206,67.8613501206798,856.935254410265,21.521028218267404,0.7880245983534824,4.9445026313480644
6.947842274385442,0.8328117564724895,0.15993997536744514,342.03006675559504,53.245443640750246,934.5045364660728,29.63145022678028,0.8254770703699694,2.4014209519784324
2.254200557278806,0.7537116332853886,1.510543089436144,325.9913218533133,64.95069360595949,762.6359619172325,21.552856013024396,0.7609100816887996,2.4215751158271086
1.9017229856352804,0.7997265783346021,0.7366318135309082,294.17616023994935,73.17642928307328,859.3703022514924,19.474085953230876,0.8816850633583568,1.6336975066533426
20.6848860703155,0.47730853749403684,1.6271030135188171,363.42461185404755,15.436028618749724,768.577064208047,48.03430607803377,0.6561476346718141,6.789238980320485
5.1710704271157795,0.5055901589529077,0.4800340779291471,97.24901865049144,70.72634683158189,886.5568866127774,24.900346973093264,0.7697929266206468,3.7618360216634352
7.95515430095542,0.7221165156458118,1.2590070251839187,204.05461797099343,55.22936431412135,881.5614406090066,37.06433896077617,0.8420049331562923,3.4610930058292326
6.621816708964992,0.5311003034762535,1.5816414850102647,204.32246963458746,66.34674015739535,803.3566484243282,13.420178777026752,0.6891434470477631,2.4152269551537646
8.034493129605462,0.5318861742013278,2.5805110547010783,255.67378437960744,56.62835287682487,950.8488659212061,33.09358140891835,0.7983417323423866,4.10140857771662
4.499824330887797,0.18268687453262375,0.6124934469616209,139.44108750421856,78.88061917908706,949.1790021707911,9.647594899543062,0.9752870612175322,1.7954059016846358
7.272641068581551,0.4592665003098345,5.949598227983746,178.3546832473039,66.83131553526864,584.5065691934578,20.591091892651054,0.678821248091833,4.33203682086125
1.650939542386161,0.09361505772232308,1.5228938533871441,116.19238523432631,80.66228284509788,967.3561915526994,15.646756416079882,1.0,1.81542841445546
