machine_downtime,demand_volatility,material_delay,sales_order_quantity,production_schedule_stability,production_volume,factory_issues,vehicle_fill_rate,delivery_to_distributor
1.4914879273175483,0.42711909442357776,4.600947633664724,519.6113614828395,76.85845135127755,788.366211574211,18.34612603317207,0.7008738365329474,5.168105222357653
2.7553239269054832,0.317583719352953,7.413861125957304,139.4632501252803,77.6117807704732,737.2880406831559,20.85745932918053,0.6714857335921743,3.255013863278002
8.622637918643882,0.22651704943420634,1.6161394829322082,177.56537613203315,56.99334806165565,913.0016553260558,37.695843391111346,0.7953029015353649,4.914985638600778
1.9972739284673828,0.4349918656095521,2.2673143886350404,107.57169290269886,80.62417314866819,906.6768936462545,16.064748154921517,0.9006284053614231,0.5434760655788207
4.460362358360074,0.7475355983619248,8.935906464953447,281.92583830257433,66.25612142143964,569.634331644789,19.202574140203676,0.6581228203975842,1.5393559747924612
1.222618731702326,0.8119804914606511,5.705591273905324,176.30190677133365,72.92780975941241,674.2629792718128,19.040166253624673,0.6340779706154179,1.1523202623911741
4.199434577355934,0.5040820821986355,2.9464754190718594,321.50437569456335,69.92781474362145,761.4141093474078,28.6962936719637,0.7683513913186925,3.236752652949582
3.2357380794971684,0.6300837577551237,2.3920912738260167,314.6571280433788,71.16769822208225,801.2375480931737,11.30361543646633,0.7425222322573911,1.2078439727681278
1.8312420644037117,0.6387187552531021,5.5939268014300705,223.45595917977943,75.73625511574112,643.3488139766799,7.912216249403709,0.7437241206016513,2.061926065199824
1.660080690218193,0.49821023169170564,0.9335476566657475,137.52613313340441,80.24091482910175,977.7574983491049,15.267993158195805,0.8153033300405517,3.2679330904620523
3.2995320994691704,0.11400072016895495,3.0082027392576998,161.60342833399207,86.86342703008945,770.2389032267387,12.09045532672307,0.6797330257580447,2.5059789472150507
5.002252471687174,0.6583102073428104,4.863398624360367,627.2917896734317,68.73834072274042,717.0202648338131,17.996490476900423,0.7608588343734491,3.899846323120933
0.41925851230216604,0.8494165952474305,6.258605473325741,377.99411333874895,81.31256131066961,599.646372859048,21.650537628225546,0.6422376179310076,1.5452902091705596
1.1868396633573288,0.599862984193203,0.8111633455346161,559.0010662169179,78.18614342443716,891.6933480447741,17.126624297417653,0.80766551486747,1.604592833618527
0.7638772632976416,0.38293688772799167,2.8269482553310645,327.199756874541,72.12117383847144,799.205129614733,25.569186508184828,0.844874073987085,5.372986730930857
3.3786659035794155,0.9470183105760327,8.517405439439429,239.74656975335628,52.74712737246139,463.8885126826197,32.230571051776806,0.5386671423573433,4.577086543524542
1.084100465811512,0.5844815913490538,2.1502398890131933,144.0877760817388,79.80629741377197,816.8732981255743,17.292806401752845,0.8032841290946554,1.7055817573029826
1.0209829051675543,0.7488959440718469,3.771818183645144,277.323854979465,68.7294595269222,730.6140745667444,18.80157072150364,0.7838676483182434,0.9310824853915554
4.280086044607616,0.7886194563138534,1.5003893942294972,192.51710424748717,65.89942435193373,786.8348303931854,19.75303804030046,0.73500754865426,5.045132500191078
8.826667038084796,0.7932077833062526,2.120161737197451,286.27288689945277,52.660735151591105,725.0942817124353,26.04193195009944,0.7803560757555934,1.8703487128162752
0.1973465557443268,0.30587417637953057,2.892432095875934,36.13873219555792,90.75446695394693,751.9322139896146,5.787568454443712,0.7560137389811142,0.5758809406164513
1.006249114562255,0.8020600372838251,2.871362809066818,229.56331830672633,64.77118094041126,716.2641167714726,27.56570225875496,0.7652473663010338,2.8910390568614583
3.6432961105217556,0.547655938307351,4.200426605063891,247.25361505875668,69.01304777455746,722.2904121416598,25.77563859027836,0.6989670778514584,2.377781837546351
2.7968023345851916,0.42659871437009483,2.9917721003085775,244.59570908578488,79.43660893531366,835.6480093423606,12.916387647281246,0.72376726400412,2.7752397017486605
7.634265003292715,0.6746942217778021,2.3556769899162697,224.45032650445444,53.494326579549494,755.4900974272641,20.554386216398733,0.6992631838603965,3.879557146500972
6.477589841566198,0.5412810377739522,0.9734657585683802,26.046757310597823,62.136088332384425,826.0569318072749,31.541336236349416,0.7813544369750808,4.2822622621560855
2.5325081169541686,0.7571466472229144,10.055183405651604,310.2672860998754,65.53645278578509,380.16618227482024,31.140778647257292,0.49669171031367615,4.659643649865874
10.606034482753765,0.11162136405961307,4.496702131893414,173.63343749879428,62.68743315249364,763.0698639780103,28.114402959669597,0.8066889463626808,3.266943483154069
18.772252520750015,0.9304291290030955,1.9088194556906215,121.03938257032887,19.629841806778497,889.1550036364113,65.67509328826489,0.851187074424909,3.80986659718861
7.014166585069583,0.745652946809043,0.6991996870975582,359.8387660468787,51.964407003270686,925.7462223668333,42.846843486654116,0.7765798889286423,3.6141338555636837
1.8793691838226243,0.5944644650096602,0.45279782248006584,74.4927169175828,85.29850537931127,795.6557484420941,2.5554979246692877,0.8518918238607365,0.0
9.95262498695137,0.3893795870370222,1.247620259855688,411.183204253358,55.158988335893085,877.3752115085333,41.5010829250229,0.8295656362254257,5.011190997806894
4.148117954198755,0.2561134593368391,1.6136471584883731,166.64573489177985,76.9135293981406,904.1831796727123,14.08506605098456,0.7641051327977034,1.0261576414723026
5.868491223931606,0.5268881882247344,8.469477778545379,298.22945850775756,63.71719918470125,665.3190289582773,22.228822426489977,0.6378830891586341,4.144563853430992
3.029141356210496,0.8018665288434316,9.746813672312314,296.98907306749334,72.52193985421385,505.6418432278589,15.298553125874095,0.6358934037508498,2.4961308195996685
3.8445593736953385,0.6696719509181378,3.936893256901252,223.34022041278158,69.68381232942946,762.1946600895893,19.401758879129474,0.7762676902737348,1.1694048351852944
7.279038313673945,0.870052676792406,0.11897011026648552,352.2236725025874,50.3643432521728,845.2637299217714,37.44280667327926,0.8250289190853947,4.35227265097243
0.8723656883110991,0.20730494481022757,7.946679759672156,376.957896391135,80.75800191649151,723.1304909111966,13.770360253972926,0.7592609592875793,3.8269421718503724
7.661392944786375,0.39418117435190697,6.136568299664869,186.0957821054863,62.37194704721945,613.6142190123958,36.67581274463009,0.6761826954159343,5.07680196580876
1.2022072390638079,0.4698414498631683,1.080094793445495,88.10020087599317,70.0402724994125,858.6656660905754,21.804245302555934,0.8910706766605351,0.9259161162416671
5.049655380060952,0.7556296067737632,1.9928654732454156,276.9036076749782,62.300406574517936,828.3706673478888,34.81768020672403,0.7935899726436426,5.128672299377635
0.7844274264397675,0.6325062483077396,2.1427427016313816,155.132358659698,66.59414463835485,757.8382487300357,14.822635536463665,0.753545516008183,1.6572616658739974
0.878034744093751,0.7384260015969365,4.471323006218439,388.168841166573,78.93459040131235,668.9765248144216,10.044961010504014,0.7366901287531752,2.999523340248531
3.478135791774488,0.05153685654078471,2.8955720479030846,233.66541726644962,84.24105272914119,783.7449236133745,12.344115737585364,0.7819994128844677,1.8149843160264219
3.3276254046047717,0.5015060977628336,1.4066395555746802,105.97500534222294,70.93033594243447,893.6379696341015,18.71216503698176,0.8403170944724746,2.8272979206076934
2.0780445184858425,0.3134229950746616,1.8832827830454173,202.43625351460693,91.38982046425988,876.448316901289,17.372700019714316,0.8805770164272049,0.7947954321029862
0.28447037798894653,0.7428519141186124,1.7269890205383345,696.2435194433007,81.42512276000271,867.371020718588,4.579399212514629,0.8241652415302592,2.1253630620044035
2.4781454493081867,0.7565831570523123,2.7683919975154394,442.26226557536955,64.92982974320935,758.01249448561,20.590354997674705,0.8979355626516141,2.4373486728529987
2.200906041782786,0.0401989557341492,1.1920686636342528,144.68514251038562,86.22262701646355,866.2558693362905,14.217102064543626,0.8285843480937118,3.2116987337805867
1.644359754679366,0.8461467913839956,1.9107912569677572,216.59887335280436,74.88808286130755,848.4756704712796,20.270949376432362,0.7550389867790007,1.8599789047065916
4.0452896103272495,0.4728607072213397,4.257310406540041,572.9990630863185,72.9703285389027,802.0211785845228,15.055568314598284,0.7998893719028783,2.6316529279828416
3.835661606059329,0.6674585425352522,5.182105500790895,155.19578160143266,66.16385025500851,707.8498167916815,17.03109739847327,0.8170880819329075,0.9275088401301215
5.293388342432326,0.22507870966965826,1.8708646779972082,334.02303250088517,65.1683680601514,976.5832924400964,25.122917069932292,0.9095773570472038,2.944479007915757
12.658295428363875,0.6229695410213878,2.043003592182644,553.307884533311,45.36083183661428,727.7886354144565,37.64194423460087,0.7655879505144247,5.22413476830136
1.2499040521705345,0.08399213340600907,0.8157148508852528,292.1764681663478,96.91236438775879,873.136532661546,8.889511221821884,0.8623953837269727,0.0
3.557523004837009,0.9311708351248907,3.8309583563045817,849.7139588084157,53.628869108108724,713.4097960887367,26.001299071639593,0.7873776945598434,3.3003725337553522
1.8223757683239405,0.13114074293615147,4.067532856465039,557.052078196428,87.54729343278916,699.9960493068946,2.5304984835018622,0.6708008185446223,3.0127811893732344
3.6582502268631454,0.8927559141166436,1.3384906211818492,167.0284523005241,63.06753974596443,785.8839672183096,33.092839246478626,0.7836440097925308,4.220094252541931
2.5488366890474916,0.4280832714096838,7.1292857209291185,272.98979525810523,89.71647295376329,737.5847414547518,3.2293064910966525,0.7296765260080113,2.588250897232405
13.77462804531896,0.3216456804816291,3.458465662418572,433.6635533487997,44.841610915707676,706.976951850746,47.81098588479967,0.7195530060123481,7.020235702767691
4.40254227599503,0.03731193066729936,2.287857485726289,278.8782449886162,88.3457494251113,944.2261797134889,1.945360485651923,0.8684992383373034,1.1745642420572902
1.0673806879189178,0.2727615041114763,4.2449725720561355,117.2044178548628,91.89447582240517,903.8536041033104,7.2358791428569,0.8203556167170015,0.3156148340385798
3.450703743544564,0.6219358731724466,0.39567925166712503,359.2182485983742,72.41388453439605,876.679230157381,22.85520803207308,0.8297991876969459,4.258133174787872
2.044586799621998,0.8783218839573123,1.6312459843659592,408.2521706741692,64.16791285049416,738.665804273512,17.886638511936503,0.858582774988784,3.583056650570127
6.40055889082603,0.411385082074915,5.095674944698883,644.6157246828035,69.03343224200175,829.8356777424743,23.53190967775165,0.8133975132202871,2.704984908447578
7.136830355462644,0.6215302062387262,4.046622560415644,263.6827252221895,63.45222773509221,712.7444619947553,26.599022598313926,0.706774856196148,2.518835739170613
5.331423912664302,0.5029039010540641,1.5548015243419973,318.31133938297603,72.98319214179443,993.3818056812507,20.70954340462306,0.8806272388260193,3.08414724901115
5.9325455879502655,0.0599768244471413,1.1765730002769854,272.99875906931584,70.71806397243604,996.176939854785,16.182221564683175,0.910362888246995,2.2220520584634897
6.34131022344905,0.6868350652838312,4.958422412607873,182.84603812446792,52.2844698354414,585.6294917287121,29.811135877418405,0.7245963303047807,4.84764333970794
2.515794118626366,0.21642947449031058,1.895453335580882,396.4761325385784,89.53588620180209,929.1218306436858,8.569228568471248,0.8936749366773117,2.1741893122631093
5.967692920628219,0.3268773320468817,1.3445262068533608,502.1888959704631,70.8552428229962,796.8242357180368,13.834211066998316,0.8318780181233629,2.7945044952842095
3.5340462948774922,0.2655881139733276,3.9114514513681886,314.82452253055027,70.9242110374762,860.921218877226,18.425028143985614,0.7860264605491163,2.04544958093374
14.361105757666936,0.6559031215059129,3.6315262329179596,161.42207639234854,33.736217512587416,726.2292072524376,40.28720281207144,0.7638852098694519,6.2441850505653385
1.0681423343626792,0.9009044669158572,4.028449930508999,288.0339402826039,67.44727937841127,708.0720030883698,25.12050781277416,0.7732080139591369,3.2208724328609373
3.60605050947053,0.22770641069536804,3.2193284935001527,761.6332914994484,76.01780079395083,833.9498931133691,19.429287866918543,0.8209569999938019,3.415821700744996
2.3069544019506996,0.6440938939259326,1.526575299675392,316.0237889092943,64.83469682017173,881.1887099449385,28.96495239244348,0.9021482312878386,3.425282016190149
11.599897113038239,0.2674237125507976,2.41837981938278,192.95494470361035,49.53418482461106,860.6719352889775,37.92972944204221,0.859392008418238,3.5612920416427754
2.7408295335919344,0.3664203706879879,0.9482850572197193,106.28357751112027,77.19635143683966,1006.2082581968481,17.405640071406623,0.9434885791243911,1.4569431841573115
2.410009281423226,0.6207699004368736,0.7775504347602242,301.38300673069097,74.01324203435892,862.5081188007957,30.705612875495063,0.8597973258007852,3.499740819718222
4.2590035637437325,0.902337074398377,0.7906019568549427,268.0464580042733,65.63552346018605,836.9969749421795,40.41770820082263,0.8132117334911474,4.456409632618621
5.936258223972365,0.28655510634204273,2.417545554102665,38.819351864308906,61.73900618910979,766.890189873782,33.101955291928014,0.7058783169119471,3.279084400262897
0.9398718340320626,0.5652516643613096,3.2598310495603635,149.5105949777755,75.88038065952901,812.9636189323465,19.633350163856303,0.7147985616700097,2.5757628687376166
1.6733856660634052,0.07966994955064544,0.7147287134245497,463.3931983479845,81.63498601154097,886.757138949046,18.56421283376209,0.8245822009077617,1.993150470979363
0.391040878265577,0.19897625580472994,3.1751521146329758,278.5666123674604,94.06790457219472,846.0314461864114,4.267417160509151,0.6979407811590141,1.5147640993228053
7.389599120157538,0.3250658997246977,4.1882026827852314,324.6295316528333,64.94813135964999,771.4326042948578,17.614069318310882,0.799819913840702,5.056110639124848
7.344846047632284,0.7049773935524646,2.9516526657920936,93.2869812857569,54.099913231590264,853.8793313236961,28.300630284859217,0.8276892140285356,3.6786735761688245
2.3873388671304245,0.8638778302170216,6.3839197280686,358.048295143062,64.92396820222059,595.2136662562363,28.16033252464434,0.6562903473288508,4.08703981188342
3.1209765463845516,0.18895671798320351,0.19361663471688606,101.22325667784379,85.78767365381208,914.6248010820792,3.597968445074649,0.8695774338183069,1.7173164356466848
3.3142418416813864,0.6938136542218187,0.39035618838134917,548.3556291337917,69.74532693648354,942.4102430135323,26.431264804269315,0.7382466760673723,4.464882905484873
16.201305680708302,0.42188959898909795,5.7209495404301896,63.05649707841068,33.79772183423797,601.3914649996843,40.79288951127224,0.6439965584709364,3.4272176233657383
1.2748095304528806,0.56175172845318,2.652691727457043,180.18276051218768,78.33063020160698,809.7789483821373,9.920889055819815,0.822981261175031,2.205180773940312
4.95861301651561,0.6190979035827378,3.8099003119564707,922.4813199559122,75.60840081230822,758.6330317619578,11.99196570420668,0.835672661901941,2.1310029682759177
1.9513612292384153,0.5225632501940697,6.586445843674884,926.3551677161009,70.24487531092626,729.5050156749884,20.178921097740396,0.7360136299659659,6.420103502898812
5.3110325929440725,0.28295650330812344,1.5512544094737897,83.09312727723324,71.95310352365641,790.8208994361171,12.17091572668181,0.8338027472254638,1.5478857670753874
4.9259222493738,0.39533482120158203,4.942887445312023,201.97156934482283,66.47427135394716,721.1839037925201,34.403689969544494,0.7207898622749551,4.31091863348928
5.410646667919018,0.4318219420296332,1.0386021187993628,281.54148592631134,66.36288921006967,893.2773044261556,18.865197461922588,0.8585573967867092,1.813964835386909
13.784912582300095,0.32369362489107273,0.8577522052622653,364.2317280163326,42.660114029863806,858.1925723051547,45.48631060518434,0.8236788211479432,4.052525232814068
0.7093695539931204,0.7626888346447596,3.0800760195099564,115.07008985516218,77.83753179357669,734.9984098293795,17.657100501362297,0.695339511429905,2.886578721742988
10.615684890725616,0.8057759667623534,0.7106473655064776,211.10169070704225,42.747637865474026,725.1375540300925,40.26556799135819,0.6775445473698222,5.150805252436039
0.1507680685934054,0.24291264227352602,8.004850507004644,312.07860890562415,99.18784877924304,631.6581490054708,3.835642940109259,0.6329362120915738,0.9088238934090407
3.500048929273607,0.2522369458410655,2.2808739509272318,81.44244776877758,77.30298895537499,936.2597453502889,22.13564578076116,0.8060608535512381,2.590237331511833
1.1344943534749472,0.49291581494181474,1.3442417573946202,282.58414769681883,73.36021470801946,814.3135345985656,15.790880817815317,0.7399371239527711,0.5384459795200969
6.7613101340234305,0.20317354242920727,2.0995820469732713,411.1612639922294,69.42839232267676,783.4127454795664,18.443178592035736,0.7677523159143056,3.209904061523193
2.9266507139973137,0.6860011867868914,1.208098251821772,148.87418953501214,74.65870994370069,693.6961739421356,24.06346606792814,0.7088300312663474,2.4437330631762535
12.558961262169252,0.21905834511057784,6.443278867363821,506.8152310813386,48.60740913039576,656.7455724693846,33.94605875839753,0.6795762708728331,4.642007586440199
4.689580124532367,0.49934302522681934,3.5500206678748993,791.1184194446822,74.41860781297747,752.2663650600997,14.378318834831953,0.7380594749370926,4.8243592530102
3.06365720476995,0.5953044449769347,1.884987262523885,149.53110765543212,66.087759572414,838.6893920899691,19.44549121021951,0.7653295564263022,3.8356115909773374
1.3868214682243463,0.16570238788331404,2.542966294380066,61.25838573462884,86.12503929508227,817.577719597108,16.550894436203713,0.7854117341476803,3.1033013226635235
3.2409057341265584,0.5006155498508958,5.719168528846187,145.17134852657503,78.38432920774702,697.042679249319,24.8905272430951,0.7559411240943544,3.1386740939707947
2.911567481151592,0.11480280591825612,1.7257405162851023,248.03554447995123,80.31931115098106,870.7442116618581,19.830728325033014,0.8209070296151711,2.2456823426576156
9.759475937265467,0.8204089811809689,2.2102374437027095,165.66969796629905,47.17798555289138,859.8288294263053,34.569609729864595,0.777212555398204,4.985883952891524
8.821271423263774,0.5795819221947813,1.5184692901934262,503.2489696297356,58.37911569863937,873.0145599466999,41.817244560850014,0.7614987531126056,5.382860164405686
3.8166984001379998,0.7481278582417507,3.069171762296495,226.46661036239522,67.37071052919082,756.3576720547087,15.441859585885991,0.8039511309835661,3.5348715233836554
0.06151792452636358,0.3045822514284894,1.285831702968735,130.90173902751226,97.1693327001888,928.5711222380979,7.807247412519807,0.9464330305891959,2.2604730811462996
8.158523189166454,0.8267412227823334,0.3718954213449324,225.29814414879965,46.791298360518375,922.9960504705516,32.92315163410407,0.8821532280419668,3.9241975474334363
1.0112229125200143,0.5116782919449285,0.21837460872494216,90.29134469661427,85.59056712576873,980.4856725388718,5.387117468370792,0.9316152588044753,0.0
2.0197828226526218,0.37587991036597745,2.4436242411641635,249.15795691526964,78.65790264505489,829.164686973193,20.804951242360218,0.7964239839092716,1.731807157071773
5.186389608541582,0.2609816149368118,3.8745656382464637,301.9273864480012,75.36211658106514,787.8179255538229,9.848349884808936,0.7203395352490659,3.048237309370397
1.7564257395751237,0.6153697272841095,5.683049998047252,260.08513159621265,76.40639247532759,649.9440363356921,17.018002492411934,0.7195488861249608,1.530893376312861
9.78941265441548,0.4077268892718928,1.463395088865754,178.0600463795265,57.05750733421635,951.3918350470831,33.26732521134178,0.9363552689104243,3.8573250476528798
6.005505229852619,0.5864420095138058,2.893325585373719,403.507438386231,67.90891017650776,792.2612484718113,24.703519590261422,0.7319064039062024,1.874400107175805
0.761064561110612,0.5384748589135674,5.385673632135271,380.95585785219924,78.82378060505218,758.9587580968433,18.609753254700983,0.7316506511838446,2.965916602017932
6.062768633080594,0.6821446167349039,4.438393779836094,238.35691509190156,56.1489195489629,749.9249294105365,33.63570266932543,0.7514703298675878,2.6395199979431903
1.312195210458424,0.016757915452932665,1.1099797290759261,159.15430422440795,100.0,800.7606836107543,0.0,0.7907739740700954,1.2034940068013456
3.8710403117931316,0.2483725435824792,2.8397487775898114,125.89585818250022,78.85766272123058,818.3316103517317,13.81685883240255,0.7204101206296165,1.1574992706800233
2.482593128246083,0.47402431161230585,4.5744300600490995,260.7992204593351,80.3437453058069,646.3336049026459,4.491722801375948,0.6933930579078921,1.8096878607579092
4.502913810445277,0.7826583126212541,1.4681481992801078,284.67929197605906,55.350200273423326,752.4286041346452,27.74066602372365,0.7714400380560987,2.7302863423442254
7.634962720856162,0.29368165713076244,0.809103545577847,355.93781651125715,67.41149937583708,1003.0379243084865,22.957046914527385,0.908717163778671,1.981945000357186
9.83410447574673,0.6191489620584817,7.727129399666985,454.319844810882,53.9111616720416,623.7515079171434,23.941144254062674,0.7707604676463357,3.124756183788369
2.521249940516137,0.4067853205854244,2.916134865980879,663.1752247885538,76.51045489021831,834.5217509881951,17.145418993019234,0.7896412064491491,3.435627177867099
5.35810594062017,0.4288587783170991,9.188878283679966,282.4696936020425,67.37027163965665,557.842574311697,20.56449448617712,0.6094748454494331,2.51866057928142
5.5993305804327544,0.710108838951531,1.3146316009456138,239.91837646082442,58.609705732121284,867.0953218411183,30.507782777053954,0.8407498497628692,2.7113010981187164
1.4927459977937039,0.5434581041046368,2.941438530867424,608.2810657060751,73.54994880941706,821.8438383905557,20.87394362336324,0.755244923219177,3.6136220305486026
8.967648921169683,0.5398773404479894,3.499432625929844,196.47073204782862,61.28879984113496,729.1365496290423,17.260258652601834,0.6990878013523727,1.7171179528214635
6.335176964872812,0.3523407031462346,0.7440857373870411,152.4714353384071,62.94155325453471,852.0428640123806,24.80456923558778,0.9250529707557915,1.4854810035312405
12.654195774787524,0.5475661529803706,1.4083101837684848,195.77338433136094,49.879483950007476,865.7899533075291,42.878883873294065,0.8104286000889501,4.774499892827118
3.107161542939588,0.21500351352862207,3.0638483365778093,253.36925993297052,77.04279232706335,829.5180021730499,13.404682894966967,0.7566544146552167,1.8519913357997562
3.882189093103812,0.6552523648929522,2.1439556282560535,49.632103805840764,75.60821953683872,801.5372987591397,14.552450042235428,0.8858258218726169,2.0679838481253268
7.137171259038738,0.6195041767864558,1.0262944290823013,125.60916113133128,52.65322539071455,905.3875019727276,32.986410725369026,0.8376274715982323,2.9517643113567704
2.672382328029975,0.6829493706546799,1.281479058454564,297.9971821897192,66.62371899008029,716.3073218207089,22.83982488543803,0.636107497472985,4.4938993090885955
9.393813959401964,0.11283745039611509,3.3841808653704666,507.83109755922686,62.61980282547886,868.5288134027111,33.800038000595315,0.7979490309966742,5.827324296097231
3.7474603531430803,0.34864410764487447,2.914679019907714,343.9601972360901,76.63506762272682,909.1638766656378,26.906932129627428,1.0,3.3824098685119903
2.53809061901191,0.3021420404921806,2.6609394995854974,227.3885579211621,82.2487501137112,774.5602111966052,5.047112986625166,0.8727659845043211,1.2413350902071743
3.731043864414412,0.7773544119657045,4.650922090321801,567.274032763993,67.15173765125381,789.3622741603128,16.97987999858995,0.6849127493427878,2.8477875529048107
1.044590679163679,0.711757424635659,2.3481374619058655,94.23254714718291,61.58322277529405,816.353122599544,38.69970401633559,0.7471275379952036,5.079537750415527
7.005867316992333,0.5490326740156244,0.8574675229690926,368.6435029056911,62.63814223120003,884.881410328529,24.69210898244077,0.8899917068747741,2.6295594147463808
1.312501554642361,0.4909142245666843,1.871285463755651,285.9830203429964,91.2361420229083,822.2315315916943,9.984584222307012,0.7252177790622147,3.1258519271011584
4.040031517913937,0.7162314704826168,0.28641365254358664,244.73017018077553,58.142643882439174,973.2607702848552,30.033981305147226,0.910628831030662,2.9406133375205603
1.9042208691528484,0.3310885057604817,4.898742503140262,635.7813546585415,81.888346299096,745.1214938267051,14.170750225316858,0.7822801187254235,3.7680571893999617
8.195133997191686,0.18992056100964277,4.025779306674902,385.8186406398131,62.55033198062049,773.6528839549355,30.760266774153322,0.8010407128619128,3.179418526886141
8.974782498680941,0.6572565713474013,4.6887852884342855,326.1935492648637,48.14438516499233,747.9569836537905,28.255695879023786,0.7494825399305242,1.6296083161329356
1.6897451886284607,0.3064532297340583,1.3596479817051335,320.66962553757077,84.73970330916703,974.6658570763168,10.924988524603895,0.8980631520462645,2.3921396625831166
5.220073022578639,0.8360760931147438,3.8645537941072514,420.53469408779864,61.675235907128155,645.8340853072467,34.793118743974745,0.6465353600830097,4.212537973660253
2.8963259395347194,0.1912130323348082,4.3938510062392195,110.3553669842152,74.23940057829927,824.02022924762,16.97624493842773,0.7917759018181658,4.5065491797523585
15.553116809873005,0.1844200203665023,0.414939077519557,213.55845690441794,39.53921967322631,897.1380253802702,42.47256474977791,0.8098717576967567,3.382221738347404
0.9403697635180924,0.2093259273709788,2.4518752997976705,470.6069431573864,85.09052959272519,798.620701110793,13.616654620089665,0.7343125187160372,3.609404731612566
0.6513642606036328,0.5582803858299065,2.2718202372997887,809.1987377390616,70.74381133604487,843.742140874996,17.652008389478162,0.8908853015940758,5.006887312261135
1.639540206005341,0.6949166935882375,4.634618703527508,94.8218783765838,72.78096693924552,739.182430372277,27.174949727486812,0.7796439296271588,3.485839132844414
5.514419473912538,0.1858979743578126,4.060326021220936,194.4411948693196,82.65057216272604,773.8541095185363,14.030810537141079,0.8458955695198807,1.6831968697167912
0.7276070401477277,0.685103767248052,2.7706442407449656,258.92157541924377,73.8787752626897,858.4237066360379,24.482116756411642,0.8962578427869282,4.6484982971381505
8.05487964401363,0.17930343548796274,0.6744543403778127,266.7257811579911,68.69532909248836,923.4597753382063,15.876487524953898,0.8588026561430202,1.9619419455818132
5.200609468496145,0.16790400794333038,3.946174481959245,150.24641059250982,73.20509777280235,814.9195986307614,17.519675412828366,0.6888728379445856,3.978550921978523
5.538345533923135,0.5322729583243053,1.820777024259729,182.93184513974543,64.65380229124635,806.6261365995385,17.88654510320088,0.7110724432539984,0.0
0.8356193827355289,0.49764982573633687,4.087881371175424,328.5717886706785,80.8374794775225,637.9462989615234,5.783701347810069,0.733227821192907,2.1507362129147687
1.6198698708978236,0.46100219391238234,0.5007966486154201,104.06588711093066,92.36656530396411,965.0058802367344,15.033759031737919,0.876773176456315,1.5860354696108492
1.6582572911864193,0.30740919857675986,1.0787556482673415,340.29825562762187,79.1055324260822,772.3795937108879,14.215237207433963,0.7715178782630268,1.8364353837805907
2.5366369709376313,0.38448968189720745,0.4092948342657251,194.7992848721734,69.04311256679253,865.7004833066293,13.029787647060754,0.8658644787955734,0.627535265612216
0.7215035648928707,0.43874487287311914,3.4181964980847255,130.33479343134888,83.81013002109857,758.6290976134712,7.178523526129307,0.6779927235671852,0.7216593334946713
13.644601693441384,0.42440367437385906,3.1141487649011914,278.87042124099275,47.88473335154987,759.7608154066431,32.51023721553323,0.7395366959991972,5.531381086355843
6.113731474313237,0.9151672895611797,7.240985108701875,687.3285039305316,48.77714923731718,597.5419139537435,29.17401501776203,0.6609432414606917,4.680220153756344
8.627467695740705,0.36853355596216636,4.531135066125515,249.08881615349497,50.855202023624834,739.9069943504005,34.92714246979594,0.7197687929046195,4.2137582817563946
6.477967286589971,0.5409195976545056,6.884472694611626,193.77974158578746,57.422174505900394,710.5991197870301,34.98797076031667,0.7128277303260557,4.841676412299921
2.703094426201414,0.6128500921731235,7.9130506914267,350.0645689020063,67.97067532294767,564.7672274740403,30.25268759203612,0.6901015549995514,4.669464963554019
0.4978651078274261,0.8565805537467258,0.44927795327566455,775.0559236647525,67.16030232309711,788.3788102983747,17.786995657003857,0.8292442469080337,2.042543378866162
4.2288241262198,0.32200206509662777,6.333538696263777,375.02196879547546,79.52931112779618,784.4533868273736,17.536011377166336,0.7469337414870739,4.198947760642345
1.7108409862172882,0.33724352830738746,2.0882703157970774,213.00667826737148,72.38609875188905,845.8133751985242,28.177478588303508,0.8425707211826453,2.773142129517939
2.02273751097917,0.3529542140148095,4.280882852179777,656.9099881858102,78.88986121761438,662.1446888248425,19.945521804841825,0.7528744810376279,4.750342737531675
2.337133297731124,0.11205442605094254,2.5518326290739006,140.3008755583692,82.06329097635586,882.1035211484996,12.809612662368268,0.7519220659079688,1.2188144792427806
2.2698835454821524,0.6027127809057196,0.6215780312047966,581.2681250355873,71.88403504866619,946.2828655662405,14.288227460117664,0.8239718426846676,2.022384633705206
5.4823944004189995,0.5473285426459571,8.098711523480084,226.5304313297857,61.275629381249296,522.2942760975855,39.45950740395906,0.6435016295984163,4.609928246645715
1.7610117393044171,0.7066308839151456,0.8441531696492606,329.95282499818666,62.271489832464965,839.8032888732985,25.407127839140188,0.8605183185516959,4.466562323334859
5.106687036864296,0.5216958071923546,3.5398890790190487,92.71983128988893,66.93108667807685,850.381996881066,25.685693306574986,0.8346470948882478,2.446132818321067
3.362026287205304,0.682458548440903,1.8914828677549744,243.50243749912997,65.75152865939889,849.5045776029011,19.26589549203458,0.8277230831974576,3.3056624583310836
4.680182993469591,0.8918478804799965,5.737154135422463,237.25089435131395,59.86924576185365,721.9523154304336,31.194088242505767,0.7885447010182337,3.9521582521945238
6.395493821156576,0.31418538699898346,0.8977806495881704,334.50463193253944,64.86547572390354,959.3763681729318,21.89346722698326,0.895943202093014,0.7987126701058589
3.5532885981590043,0.09469930142203381,4.030198922322249,748.2482218759492,85.80245518875596,751.8594814838306,4.97142546641759,0.8609785156892507,1.8290957469408873
7.2126806254673195,0.7290864137818107,1.6410512716796404,158.98085358509292,49.74463813429858,841.5364259052287,34.86906475644865,0.738709872952836,1.8940395205313354
5.393777601012368,0.9799192974691203,0.9716813495330299,254.56581353151634,67.03750585159733,666.4792272497127,23.03047780166939,0.7934857495447525,2.7595262093157507
4.4578042203763495,0.7573793910803147,3.3649973587172126,328.93998255495484,56.9643275093128,706.6465532555887,42.970977388030875,0.7196095020422065,4.940740494909007
2.1405286780355546,0.47172258786021437,1.440670423872802,324.3626203599643,69.15980226457164,868.4903782382643,21.13892807101942,0.8833917970662309,2.740792897794368
1.3947004010461337,0.7182709010031275,1.6916297702599514,329.0967443666285,78.09318184415532,901.1564195712862,7.825463205730727,0.8475659290573827,0.9440448020280782
12.149246218166272,0.6332553851582937,4.842993266744936,181.3734670424677,45.760266026867576,611.5255697635057,44.06196964790185,0.7158590108276328,7.2077809394633405
8.918963734188027,0.12346965070571815,8.589750560585163,574.950055000151,63.78471927889471,616.908036121076,27.570660374061877,0.6749320005429003,5.308824939975113
6.4348947782046455,0.6831313299301751,2.0932437479083115,157.47144562433857,59.94712254077768,800.5476518609971,27.3825108917415,0.7921169491540233,3.4286078046024246
1.0580714393379294,0.7878602130057052,5.3772862183285195,257.83897197112975,68.6030632338722,597.3303550495716,17.310638637798693,0.6146926093011748,2.2516841607594293
1.1347873154085482,0.6380818563895972,1.2623780621188325,306.67180370519765,84.35319576648055,979.3472438407784,14.735734183559721,0.886634344325535,0.3522484823687768
11.582358784803858,0.7189708354154067,1.7208568745353574,461.34157970618224,43.107261055875036,789.4858525858483,37.673301210605686,0.8363418960878579,4.1392320376054075
3.3495639208108363,0.15108402664513734,3.6485000686173255,170.88038154753244,79.05030621921333,770.5969514446093,18.311512668889467,0.8017051495540529,2.392532553878822
4.631008246672522,0.6627251890506695,2.762273324314972,414.95773504162025,69.58864351433844,757.9836351778855,23.510967803865377,0.732552367349084,3.6129375310067076
11.736072448514618,0.42934327742323575,3.2480647066929222,222.23214052446352,48.554580425999866,841.1312205155791,39.90713570618299,0.8197802005724854,3.3548512630082286
0.5033541779166844,0.23423689045655455,0.49192227551397766,52.075155911858864,91.0625804504737,1006.3183992033711,4.836550499206888,0.7724771793137251,0.3665021420612036
7.6808058822185465,0.21745473768121304,1.5196503496689213,244.48494409889875,65.44469110767454,854.2368849427518,43.03548309822197,0.8092449965491377,3.969124335273386
5.524970593794734,0.480407059714694,2.748968514296817,243.73665322062865,69.97752316233989,909.7900011795653,20.47076656377115,0.7700797653658005,3.058304120922832
2.8251551702117585,0.683761921837227,7.328494851917153,334.2183040385854,71.67636207583517,700.2292930392182,10.552017817781424,0.8040141625673687,1.7621204106781199
7.394964273568227,0.2736371311137928,5.47887899089411,218.53186341000966,67.43695555299945,807.1867803532786,24.66313407272052,0.8756992730274975,2.9886976013571527
4.234909643057851,0.0607530781347967,1.3858773816570138,128.4881989154651,77.0389548291736,961.4147648715312,18.839723828034096,0.9690487322766969,1.6769303066537955
2.9137343676028173,0.459385064601203,4.5250844164355595,195.55679248576647,74.06431556946107,750.6529808050378,15.971465816157503,0.7547168747351087,0.41164190449257676
10.546344634735124,0.3376636710357087,1.7977444801222433,246.02448998158386,54.14443790795022,908.2342495278447,35.53568229899385,0.8478741918718108,4.749646225594199
2.169991514859091,0.7616958541010844,2.2158303545630496,196.28801000852948,68.41356542521252,836.9833056699704,20.194578952685617,0.7952186757410463,0.9321116712387407
6.407541098255383,0.6991448709658227,8.854817323499256,478.8891321300172,66.11071988032474,554.2847849757624,25.928862696195125,0.6223807973533024,3.0335768787599946
0.7372757942289526,0.6024244948561907,0.7739984687329753,377.066615977168,74.10315349495457,929.1328329355024,24.91776395798324,0.9146720690956748,3.0630538971514825
2.0823935651690637,0.5646123566924596,1.0720229239662735,237.88520572407697,77.88156596375131,906.760924345251,14.479191609804603,0.87296811756817,0.3595559356319571
0.3871097796292749,0.44412853833708993,4.604380228873452,807.2933417194592,83.93622493011031,709.0576320931606,17.310174553040074,0.6612545443802447,3.482171957638313
4.565398387558881,0.8012808268399271,0.6710323691658031,168.6965117495878,66.70909902148645,855.9450224508782,28.38904455287914,0.7417084793932337,2.318556792625152
0.8943327848480194,0.6055398598199011,1.671371415664968,145.66875465822574,78.60902656760523,930.9349139504444,0.9749205829804488,0.9257047578836781,1.3683815007582396
9.850613244764071,0.836346645110293,6.757656274446477,260.83996983649985,48.928327120803075,611.3480724610998,30.154188236572647,0.6417138554699677,4.720409487180285
4.5872366175650106,0.312018299464249,3.3770831622255546,234.63455509161406,70.70623169400285,762.9439251321127,17.41434498921728,0.7146470415669084,4.302138926573658
1.7025456666125667,0.18310130770076533,0.6164052378371984,322.1707024841933,92.18469076983563,1018.21152609079,5.152865850450803,0.8701450499204346,1.6057811062489842
2.535700545034487,0.606059720272317,1.4738326256283654,291.56586082129303,77.51540681900354,844.4793019192928,14.60087296643028,0.7726281342538245,2.6357215447170104
5.502702315173522,0.34242450249931494,4.777656748756708,103.7144508267706,67.95095492874297,701.5747704184637,21.27452356093994,0.7134979352091397,2.2874286335885414
14.87938166491795,0.741141666980405,1.1357614316098914,117.88906901630214,28.356974704533677,834.3274601420471,42.6352907371238,0.8297729303119568,2.7879899565798683
9.683528637945702,0.6798848608218977,1.2717869039902883,322.6300649151783,37.86983977678206,935.4279628624504,50.44542607921104,0.8373342299892301,6.065468050019654
1.7950440453153231,0.6899612613998817,7.0189048390986555,343.8649617977922,70.31475948670494,750.7368061486175,17.557758930964805,0.750649800219463,3.1620066665872506
7.3310536756401765,0.44325134270152183,1.2813389438382903,514.7812414948124,63.15510767588042,889.4701811298772,24.714214464663222,0.8838297490145923,3.027477861195088
6.683341525461667,0.9823532041722937,4.529292276933189,96.62550974586979,49.41448193125511,678.4624965723066,41.07821403347342,0.7563465232303848,4.486439683277195
4.239636652450745,0.3256656302648204,5.100455163762104,145.57101586669134,62.61642958769713,670.9557666120536,19.634164311356606,0.8177158591646347,1.7834314348706326
4.723626495118335,0.34963362537261106,1.3299659016942353,535.8989241971498,82.34664946395911,944.684888918383,3.759172635081466,0.855356982492275,2.96136012605002
1.806715716556094,0.614487866568764,2.4874842425601633,263.2852227318738,75.56526836726287,803.952514985124,21.336174305319567,0.7999921513331169,1.1513084426477784
13.309964168606689,0.7469317491971206,1.7512307533763545,475.73142550467117,43.78470024491854,856.0433383871622,37.821836467672554,0.7946829843615504,3.41152323854626
1.889794208781838,0.7290397404479257,3.0870257225896545,241.54194455004537,74.65992520747352,757.84763441827,7.780234214892943,0.7581428376110629,0.7845631954458545
2.299078677810076,0.7591123859843184,0.40499103498286204,251.48542831249907,71.00993853096809,885.2008365032138,22.35133972142356,0.8183544413578907,2.786367788730866
4.271731692528837,0.5257340276035525,2.406824684737587,614.4097181026956,67.85258671820692,829.6023652081366,20.008767281172464,0.8928976021776156,2.2916442707601528
4.78847897693799,0.4222511693659036,3.7205062737538785,163.79561423301743,66.70996668695213,904.774097327547,20.94954554152713,0.826219081303003,4.259505203466686
6.082068049877372,0.3803648012369893,2.398847497691391,262.2404336319309,66.47565018239294,751.3165677324797,31.8167942705307,0.7430688008176363,3.300048124528197
4.381188186665698,0.14975786516127296,4.813713730489303,135.03348310775678,76.39194101631423,712.7303468213161,18.235876231090153,0.7133374138243468,2.5367971405483267
1.3437275587606492,0.6463990035251371,3.686631556546965,444.4593941793468,73.11247371191585,718.3551785044334,18.970802356417323,0.7192218736171706,2.075157256326757
6.895783450332392,0.4553514092788822,1.847509699307788,118.94084029885165,67.74814028354491,868.4976174732028,26.138046538061143,0.8290041383754706,2.3696880025407148
5.996764972188524,0.6998878106618707,2.5974886387537732,238.49691691676168,60.28721259892889,777.5545630544146,22.429832643509158,0.7974953030296443,2.1495824915247668
4.713320206873675,0.5038523550050843,2.3247902484440095,433.8752746715618,72.376158644264,806.821021504797,21.663960418045978,0.7780804070269789,3.1584489538838776
4.9274895785314,0.5040257114619856,1.6784022547319835,421.6565707718606,62.62881156093896,913.1155606033382,26.04866913563881,0.7649399944103569,1.7442811273568886
2.851857878466932,0.5020207598869499,0.37021106115111585,398.17080377054884,70.63544994329914,906.6119700672075,19.602808543838144,0.9634636136964978,1.0717384521959155
2.5442871279845964,0.6583390269087894,1.2634179192514878,648.1604834960639,65.8853440444086,837.5389273553438,23.568721828532883,0.811976111320154,5.4568017174313015
5.195460181485929,0.6822335403634425,1.6411683687707652,114.12023071686124,56.662283853107425,901.2415730160963,24.990470795704784,0.8124715461669864,1.884460310175474
9.784624072968095,0.5892394156450464,2.6620154670705185,510.11777120621514,55.25151910309764,936.8532572472393,26.471624319430177,0.835936368759541,3.5577736350051463
0.4571506377645854,0.6606095716887099,3.9475554814446787,186.77163843354657,76.87944053042342,657.443587120382,24.072188224435692,0.662714306088304,4.718520366348706
7.519272802503163,0.7902685629125207,4.048302140206581,267.44762672467516,48.100541287884425,762.1357914767962,48.133592635614846,0.6717861532822152,5.045410485665692
6.566969482798527,0.4051986053361789,2.228469189931336,362.6804161895539,66.15901909735021,682.2800587910688,17.33861748545752,0.6519754299573719,4.01173504882711
1.347483021940918,0.6473929617331936,3.2529946604596613,227.7304614900224,80.75735571040569,856.3756169841715,3.8744489807211053,0.8618801149196649,1.6687617506966295
6.169020663248059,0.5750870574844683,2.442101455209438,304.9824212712438,57.162165654127044,925.2412012651878,35.211422827910525,0.9078278228849055,3.3882331742344984
1.3249097253661892,0.38393310538320957,1.7933802690199951,289.7324793930365,74.02190154225248,802.7929888156932,15.373580162014921,0.7792953385792133,3.0365212817843283
4.519602953606444,0.7300811298338259,0.6907108530043402,118.27600802148464,62.08829610117596,858.0080526192211,27.59760837991079,0.8268571502621574,4.540718468812038
3.732794503394029,0.9087444914580984,3.402417808013879,583.9553759828743,60.76246700033198,770.2691959429998,31.119200027743894,0.8058486202316427,4.719330893353643
2.9576869499254412,0.4207987202434007,1.9350075188401394,546.8962432957004,67.1679752224926,875.361206209297,26.61717431922567,0.8144179499445741,4.226564194619862
5.194903418294842,0.8065040948004027,1.463394115234955,421.656404006365,56.87808490712803,835.4490357840514,31.75951913596754,0.8388394593458495,3.283917284847649
5.029199102211273,0.37890353253879705,3.0115320756038093,425.13671293915445,74.3615765188312,876.8065984575092,25.766328016181518,0.8355455160360001,3.834112384023925
1.2426347524957055,0.06735931127405502,2.1095535125638505,506.2861639739655,90.57060920189801,864.6256522791355,10.618384162383984,0.7748799936264588,2.5166332149803217
10.872277273806851,0.7512405142524824,3.966948763711804,444.4980911504768,45.836005608823015,783.3021572673151,45.07384679419107,0.7636035411458506,4.136711848372842
0.4113662589711396,0.4294658747286084,6.231525511659626,151.07988307944353,80.43009296744911,739.5793045679414,11.566571215601742,0.8114574543153554,0.7109001640748167
14.612244875282846,0.8871684081692399,4.7764093905715495,121.03525087637586,30.393473723838973,705.7003663896462,50.35586453720465,0.7243861807647523,4.103651512222731
3.3107579067101387,0.16274832175057358,2.904782998817916,247.2362583366639,81.87302556811537,873.8308357059198,13.84645717223865,0.8976045663992261,2.335116662604391
1.2514794958575344,0.45267013794468985,0.7230714527909218,291.63208757244377,78.21579543812452,881.5775454760463,22.83124519480792,0.848586978737254,2.3754799852859345
4.081726834291742,0.6671112756970778,1.042012208782873,226.46831259744405,67.9644032620175,931.0293787423508,24.103656832005232,0.8588819332885448,2.6516571457707943
0.2076617777411719,0.5347481322130848,0.42417086058438114,144.40677844495374,92.88193985257753,1041.0655045925682,10.298682833532062,0.8517309665960542,0.15448217207134318
1.6001171151285711,0.33391380419918804,0.59186197064154,227.14301145107214,71.01087856996939,946.5842873385542,20.056394185507862,0.8553965026681871,3.7387578921039983
4.35216469303981,0.7807500034952575,10.000001796153338,488.10865967054,58.62352173946228,526.3520421387689,31.770812752202495,0.6535423472486586,3.1946267604873415
10.044397080943584,0.4321996890963803,5.793894895685962,356.03497189669457,67.0890397804543,819.5537888334417,26.9272890452798,0.7700330697744532,4.953609235061761
9.895109326750138,0.8493419069758618,6.938001724627608,156.63996152766669,38.02592983657143,588.7807667267648,42.464482127536705,0.6918160635248258,4.938181322870762
1.9931648741158043,0.7203790896105794,0.8855745598190852,459.83942740109,65.71280196735879,832.2916636071416,16.74514813627806,0.771357060562185,2.2060987649268826
4.521168298507171,0.5326012038018691,0.48272716667198323,75.73618313553571,68.7078901945699,930.6577750847284,26.77958975375922,0.8885091662820066,3.6385415460061985
0.20645441331454684,0.9064168882687689,4.027102063523828,208.33783196395495,66.34685863071573,685.8721601381749,17.181928251245797,0.7663684920363117,3.188321630896193
6.44271596175952,0.5728698548430774,4.6481216024555305,581.9879243000447,64.43458322767802,736.4193975043178,24.162933251875426,0.7403648810968186,3.5906609744052087
2.6256443747577007,0.2233321192481856,0.6641057094621767,397.1783480655072,71.6241636291348,1019.3034757348886,12.537480369655821,0.9292382779602615,2.500531545740167
8.035794094054925,0.7285032599824444,5.169431247441933,124.92195741481046,46.844755040857805,710.109372945759,45.88307514538256,0.6920100196615503,6.704616106909523
3.6616518997128384,0.6305851685087247,6.674447349536116,409.07055947845896,71.66862844172589,564.1580338355785,23.444838985952835,0.6338558225712789,3.820225787576083
1.0143440152898235,0.4116719124863331,4.76326384813202,221.63028535023201,79.20993510991273,787.7282574956934,16.734203920387536,0.8578648321514895,2.5967255084056853
12.455733704307642,0.2914314189519477,3.4817054166572188,250.0780783287699,55.93143870711857,880.017860757937,22.909515480026826,0.8094684634106499,3.0671829547057277
4.5292353721428595,0.23317545084585725,6.268752514568295,276.7849063182775,74.45564800463893,765.4275618146795,13.373627249404775,0.7138464505196693,2.0949595501707865
1.9504278184338713,0.8722379373803035,2.387519493453449,511.19427413064597,67.22700879752631,713.6880209689966,24.119847069619443,0.7140391596913338,3.7167426299736843
2.442939287235818,0.14266682004551137,2.4973075188718483,181.82116644494042,73.20463727847482,859.1428571683575,20.792477535382744,0.8671300266961725,3.373606534901535
0.5970048514084363,0.14569522457928893,4.616256463591836,133.6962106592478,97.31809795910002,786.6920654131987,7.486970725801684,0.751059357689813,1.7913234324539766
9.530386116057766,0.5112205797014765,6.0043602386480295,245.63311325367607,62.19831657854242,557.8109197742452,28.33455563909964,0.5611148649181315,4.2506608762830345
3.649445249503975,0.25567376222632227,1.4150066070125968,294.8562056835695,79.06951253348085,828.6525432321554,15.05783052671014,0.7931584243050804,3.4115640610999796
1.8144718384664298,0.14507722543669332,1.033684281178361,253.04345105664274,89.00692397245137,1031.606187815848,1.1507287147909597,0.8888000366180768,0.5825349563618109
2.587686135317118,0.5136129205915984,2.3811213075550395,587.1270240753871,71.46079228617035,845.3389865528795,18.425482134520248,0.8078881574841683,4.4675070087733655
3.391578687057052,0.46585236632913596,2.458931718356466,325.272428800556,80.27388949304981,938.2341895086366,8.359991137621776,0.8421292253606298,2.5108477968782124
11.300911872836249,0.1322622318222843,3.5295719363094866,429.4028135548956,65.78061771925579,901.8490935990401,30.22063394208685,0.8117935262981868,4.2379122828754925
4.41935232955059,0.23472638307683155,0.9155431724001806,278.9985482548733,72.86368322106877,888.165617446474,15.91677975792344,0.8311742869973677,2.577489710995787
0.9538795056243674,0.18108375209000852,2.3190811344691817,373.16821454982085,86.33749081078653,944.0599165544202,16.898206676110046,0.8082551175551282,2.231858445443853
5.857867595647014,0.22046790797951618,1.0676949898995307,384.24704208535843,77.4741578945026,926.9720643449652,14.257851889931613,0.8684329420983677,1.1380293498127951
1.5703578502911268,0.5674287406086235,2.4412262276048105,312.6575100999118,67.64601900087897,851.6389949796746,22.468546802155373,0.7389003188561128,2.8756084385413465
1.0179300338192083,0.8833376054956885,0.27394399218237864,179.72954041166625,64.2222105741104,902.2350790057824,34.291727739753966,0.9633979960020449,3.4460608168590947
3.232097830284934,0.5468767451358159,3.3750177425887307,155.40825539986787,77.78887637480645,735.6779521650254,6.099496858714495,0.7761710543647098,0.7652723570297937
7.846796361310148,0.4542039573207669,11.585728544817611,202.4817835077001,64.62691770269946,408.7510870672598,30.349494123146425,0.511961108408171,3.337355932392498
7.3393632792246954,0.3445267741319179,2.7836639877423277,343.547952156731,67.59082932458868,782.3475478741507,24.00224725514628,0.7578420761318507,3.783450208781287
3.878376805214673,0.644891380300359,2.4624409064865236,453.5651772391693,72.39504813861224,875.3454546505219,11.311961355686304,0.7732594272029021,1.9920920637644435
6.612834504210117,0.5297541330396024,2.6144386679501475,136.2482456121322,58.381132137877536,794.6703827655143,32.73418632519643,0.7969664729788877,4.213915955998901
4.374516736486496,0.4394286787944057,4.5672464558232795,285.0663888163192,76.43721930472448,756.8495932686739,15.876071498018064,0.7839359728254409,2.937275670167578
2.6320374060872114,0.29093760187746365,1.730404644235172,419.1211026494841,82.52021053145572,797.2148030659835,2.3053913328967663,0.8403193512745372,0.9387062729061422
1.5966733609516939,0.6651521094010785,1.546388977880617,74.21401287451161,77.04027675080324,883.5879270567754,18.79093088760557,0.8929443489995441,1.7207771483342087
2.1341323551203337,0.24042483960075312,1.4071256465644582,92.66790379931093,75.40463297045534,859.0396989157367,25.588876683418796,0.8054547290770175,3.609604714534611
0.9726764080484387,0.31579682951342414,1.5065502168526352,208.81323355185057,81.28250539902687,931.2061376862246,18.554746164084357,0.8632670307459336,1.4292573597869396
3.302177488059475,0.4312429461460916,10.0475513238047,203.19338879619374,69.49689061891823,508.26060110010826,7.527249180051003,0.5948058453533366,2.88018750526246
7.156260242293763,0.7560408165918143,1.9677896749783448,227.58120132816896,50.704745684226,867.5252039086299,31.02851724694623,0.8315201852083607,3.5580115565258303
0.5067108438194947,0.11324808120803137,0.6985449531217709,168.64874218992188,95.07185689073216,1020.155147515639,5.298720610768615,0.9642581841817128,1.1062708419001523
4.109266745059095,0.20662656545924912,3.3246180322121717,343.7102995444458,80.56969023231586,818.8194043909134,14.354979949477027,0.7910407463103133,3.5024538105904064
4.65956973436757,0.4324938192394411,1.1387230670587445,299.43992145320664,70.41519704438807,945.8447970883674,19.586946515258155,0.8415294079890288,2.179856620477076
1.5913388809385274,0.3536201732894116,2.952293772436449,185.78321932189345,73.04004250798982,838.8946373949512,21.702123000402402,0.8106689716918071,0.5400991889564675
3.8259868664934027,0.048711936116045566,2.6163389326009163,292.18150512473983,84.31735827316376,811.1691440902506,6.918142111472051,0.7651788159235371,1.7507584015452955
15.063705247622341,0.38198534743074364,3.3121405080414155,416.6647203251136,39.62664024253899,742.8699268519671,52.71684618512158,0.6939436807826825,6.439056124097338
9.457409467219584,0.3705699155456381,3.231948743570501,736.82636430779,54.10143658602684,860.3807794566803,31.236100256574726,0.7876448305867387,3.7985394491819826
5.194343856643238,0.803728758970381,5.407144223847862,313.2435885959434,56.280038006970685,579.9659208563485,26.13401260875395,0.6007595197915774,6.883459335820017
0.600673809816441,0.6965498279966051,1.453629901548818,516.5710315529002,70.96867455051623,802.5684846678814,15.549684375119469,0.7788169918486384,3.0144581786155418
1.6570182791831511,0.6956959501091188,3.6811938941307325,169.86006922035267,74.58570268228092,655.0030476380108,7.497103825928285,0.6944683460033888,1.5615695617368686
11.913832388957452,0.7588908152289205,0.4524925360517733,458.82871849264745,36.470361657496085,876.1871280581755,43.833371583232015,0.7319330007795304,5.368564354606917
1.680278932014608,0.8521370714953692,3.220922643490974,158.65386613559772,67.18619510283645,650.0294662102809,27.075543234763167,0.6962823311418149,5.52687870272888
0.20397495347372177,0.5414624866970907,7.171445455226737,170.58677850515159,78.0991529281419,651.034058087974,26.90462083986437,0.7259684484593041,3.0118487742545286
14.821655429164402,0.7382352222810404,2.233315757884772,161.61720512540418,38.36211080971496,793.0555169564353,40.051043219780226,0.7918337669186546,5.644759500310842
6.546495807943257,0.6823767573154589,3.2116698278305016,438.1815918976661,60.77720569586792,791.3920809959137,20.323208231775354,0.6968557880914658,4.130391392792111
6.178196691523811,0.8593905962936446,1.496259009389473,133.26160854862707,56.29338650021216,846.8099957434974,36.769993985520074,0.7721254796615266,2.069702255289652
0.4587963932974796,0.7830627993050592,2.486340892156036,367.2438255593687,63.281677495697224,731.2779074480834,32.12479283560211,0.6794838557143658,1.502491355375775
0.9861736061560562,0.4831406632919328,0.5084181020230146,148.33590816115563,76.9840166424938,956.2751514903663,12.964255246409376,0.9038891351553429,4.731042231921543
12.853532156450157,0.7836162841203206,0.8807770740318202,308.7902960783206,32.82085300491229,803.318132421119,45.058546245003306,0.8794526819293422,3.9124872895843876
3.696335491519055,0.5955178213570607,4.087130693770204,256.51269127882114,69.62433542549176,780.6466232953736,32.20327612383609,0.7959749843470251,5.475606648373221
6.442245463178981,0.3997226070241666,0.3882270793880459,207.58285294115072,79.35268489602007,900.1625346215221,18.700980701554705,0.9700061374132215,2.8414154506495404
0.7321481814806856,0.636403064664295,4.2368535326946075,20.16995583179809,76.29121458798598,802.5332174113872,24.155037886160915,0.7864731972081084,4.9916835508991495
12.522255736474396,0.5775448036855884,1.726932209490312,257.25656129191884,45.60516832526895,833.5318101628152,40.22767389891563,0.8217690153522114,3.795180520257667
1.5600495103810954,0.5005250086816835,1.0731682039227037,121.61565739147271,77.117456900021,849.5709817251987,21.313309782657257,0.7811531246841601,1.0498739068161018
0.1683508094092289,0.3716935106424658,3.3333162091737565,181.69492286428635,89.94422742571096,807.3147352999014,8.858732129954944,0.7821662991766493,0.4040517934850756
11.71637778170502,0.7701973889660215,5.313396168420763,181.65993431792631,42.62308427900018,698.5442197884322,34.10676686299017,0.5981052817694512,3.159072338956818
3.521386339374584,0.3672025296098076,4.345979998794681,318.6139165404609,81.35060269269555,793.9099311588212,21.554994106187614,0.8080203687499041,2.5296970276422224
1.9454001026416399,0.6691583515811789,4.884326503240309,338.74646764191317,78.35489528043011,685.8935498274157,26.006268505895967,0.7760641518373794,4.732341440787321
3.1659786083119354,0.26470805340080755,0.8293774295179702,163.60159029698605,78.16258637329643,929.6691820577973,13.603180089192858,0.7212631488943756,0.0
1.5525578882274864,0.11401975011919124,6.824583216218137,78.19556695042405,93.28911515191687,630.8847832998188,10.993341227996396,0.6964366262817684,0.8119153664126308
11.227143265677139,0.44444566667986085,0.36701883366174487,162.82854661986187,37.31005301916643,930.2348342142268,46.400792476827455,0.856099727884343,5.630933848235804
2.022741050682094,0.9761362577845907,2.682412836720868,199.6913219461826,67.90067762403176,679.5762764570233,24.497044742871854,0.709184436736546,3.1159190132746604
0.5768629551232407,0.08208652800501144,5.895870941074216,261.1110437651617,83.68787886946744,863.2640019291383,10.095039676558752,0.7848384796054706,2.4402900759268316
2.412222543844688,0.7926016250158271,2.9237679165705215,95.61873792856287,71.21982478799602,780.2764932137827,25.99257272342629,0.781181285188761,2.2284258427081793
2.6825498587659786,0.3620594480429667,2.061181223258055,610.5874359050963,84.19685368346606,861.2091084939865,12.976298724350944,0.7991165628073845,0.3142614516242719
4.605649359574114,0.4435677916094011,1.990467323061944,500.12220627844215,65.81962952287984,822.9564592603954,15.859412380788665,0.7686307451488101,3.1702074426283953
0.34569643714234227,0.2446840003876479,1.324171715960889,190.7842967140476,84.07452597479298,921.2320288606871,15.373901849684385,0.8608575632482067,1.8360009764209495
6.529782329650024,0.23065910190231367,0.8881725503261277,359.12641014619453,66.40891050478513,1011.1353047197708,24.805626403542362,0.859942935012868,3.228333973935303
5.157682622007151,0.7133962656079433,4.82064998859653,171.58487095204634,65.52296603316188,722.6126956328106,31.155412176773673,0.7519852916863082,3.7123400119241388
6.819782452186795,0.4302685135059975,2.0424609493790307,71.59283876030791,54.8102453279148,863.3208959140887,34.789139240761095,0.9416955174141243,3.3697681773354624
2.007204615825512,0.6042780996924277,7.921599511067949,440.65836177206216,72.26233945210198,624.4208887298468,19.887434301542463,0.6037445144852011,3.680502435397396
1.907069262855038,0.07305963974788922,3.4006046015825193,302.99304763403734,92.99716943467166,885.4811010066136,3.0526738992660585,0.8105098359023835,1.7726109634502996
9.34777015059254,0.3847643704719557,2.0397475805843355,350.5043593549495,49.85412773716632,928.1437252297799,38.38633515711411,0.7786571026190763,3.3551779034085234
13.140393042027132,0.6896737985279995,1.321602678660624,215.9221058008915,39.6503572551952,785.9425738060532,40.182434656155195,0.7022192823617273,6.437390035767841
2.2240280264348833,0.4224426796355509,7.0474740402438965,150.81004749500323,72.01469174701452,599.8680432298086,24.220895008115885,0.6616384565185558,4.362208984774645
9.190902750819294,0.45113485326351704,2.665788831181015,500.0762209230512,58.77913799784102,881.299952638704,25.933351520902292,0.8351058019970143,3.0954661794733034
1.2739355569252575,0.7208336493491982,1.4099666674168585,48.15073731523702,66.00457114873585,880.9157331154458,22.67205640280435,0.8373243008650466,1.2937228585224247
4.062460578404814,0.2889356291725418,3.6933550042199297,150.91034988010438,69.4941776509427,783.3092189400702,24.89582231896291,0.770902931496748,4.0931242749829355
3.594709825245856,0.2907498300777386,2.303336335599049,383.27013716669023,77.4658181261976,919.5506369695303,19.808703492791896,0.822149092218227,3.9534612970495786
2.051701863800073,0.5481018902898102,2.733197541372236,1028.0615120149291,77.32062669180215,983.6814840527973,11.950880430934674,0.9356783102280152,2.545958426397753
8.510211947363622,0.7281684969160802,5.090092447453154,267.26996692513177,53.54595809979924,606.6834434424363,35.28688842468403,0.6846439473502981,3.3478803606548917
0.7392561496314914,0.730279473709107,1.482173262069564,320.643376772185,75.78365726971991,761.6293267387003,19.69646675247156,0.773642071682312,3.377981032806305
4.51731867452872,0.5254338612513857,1.5815021550300563,230.1257746295273,68.61778400025501,773.565062270929,15.727235569465165,0.7263595450619968,0.3858396613769046
12.631607743872358,0.7655343097707087,3.599652978767402,444.53403095393134,37.67862156583432,820.3233120210572,44.68900727414906,0.7679588405933836,5.011183849664984
1.1967339968030957,0.13687441236358927,0.40445442054273517,597.29914448573,93.64231326643636,1002.4859039561829,13.039565182079217,0.8741703781467952,2.119344549932477
10.148525758065631,0.5348288901046422,6.6996547720871344,481.83946328984257,53.08273729787137,721.21071701393,20.8643120741662,0.7667868677039679,5.063235853818654
7.233070969670483,0.21820415724599163,2.0952290967557246,154.06852024419467,72.48410354188147,827.5431647192327,17.744555816672218,0.8476580716481092,1.222136346613146
3.873654500235566,0.6549577944371906,2.9499153264288545,453.27244302827,59.941179873173475,755.1613026151072,30.529991266422062,0.8174943350883728,4.238062669982897
4.659144528878566,0.2129441121566522,3.0150887170191725,381.3951286010082,82.97606508560911,851.4541871322693,20.790059343316397,0.7241439799857099,2.445828078497246
4.9591984091952686,0.2775624634237018,2.2016671317566825,283.94544860279626,63.98471829953201,957.4068131264885,21.662397189508216,0.814247798728944,0.05337765730332311
2.7622443595875836,0.3636323839346603,2.405500036979845,232.81856058239114,76.08892248788729,874.6119260280343,17.27306038867366,0.8448501000194485,4.163754395799394
4.3642219351818206,0.27850592521141077,3.4098964535225265,225.8901234920896,80.68380803674347,753.5226059226646,7.678031789858496,0.7535157429892241,0.457019804400846
15.268570825781941,0.3719778832781962,0.6267529896623059,497.7491883668562,36.69959007671202,973.1966269547054,41.046532739427484,0.9491822857474731,3.337532305374185
2.518962929969586,0.1372052795632572,1.854162464273938,332.57304344999545,79.62916693912727,955.6789511985163,21.801627975623518,0.9133668690469611,3.7088545983150456
3.871678933984739,0.8668318062277339,2.1549391381586007,301.94135845954474,62.44236988680727,793.0441098480769,12.599365736649105,0.7538718763993666,2.7271077732572166
3.8985599713966206,0.373140669975874,1.0558837683215847,93.1721837033935,81.51168924093848,883.1174952150504,11.111370598556428,0.8569562213096376,0.7120896516009769
1.0364678575427522,0.8643786382109836,2.876843681219899,477.06522448622303,76.79135845704178,657.2399141140824,21.521137545132582,0.6606140376926052,3.089986986864761
2.704963693020913,0.605837331204748,1.0245160485785103,592.452417740728,64.05370202684922,789.3642418964628,21.642425544142686,0.7899870873342719,3.3773613637474846
5.762877523016465,0.7879817318578733,5.627581988141007,467.0539130621,60.037797331711644,638.3102534735901,26.789748582988924,0.6452439730657313,2.723325872941592
13.474810944189587,0.7022257666015884,2.9778073717092153,196.75348762178788,34.5956099913834,735.2818273313057,45.76759497027213,0.695755191085897,4.6205146618145765
4.07537719200761,0.584174100326009,0.2129380051060203,136.37499440796876,61.47568944569046,922.6381176446954,25.559629053265322,0.9175058542467437,2.2854897019741847
2.5663473277224056,0.0886014354424004,2.037172151623774,267.256717639785,80.78016894169903,989.1040691192803,18.91773936375865,0.9588601029576446,2.9713950933084416
1.888214477927066,0.8566297722588929,6.444705489997435,776.9622091408664,61.3388677207121,604.0818122947045,38.04894983195798,0.5712252708688574,6.860961636495424
0.18790175632812595,0.45367305375311323,3.340935960133205,219.2620356042701,77.90475843663486,804.8911537458569,10.224462361586811,0.9269694553850097,3.1405051093467473
7.27649973003416,0.5987513832999216,4.247805839753937,143.59944028094293,50.862904009695754,762.8809799793452,39.36169194253127,0.7785348654527574,5.195169686064052
3.741035880531755,0.8418953509320873,4.417952780347111,525.5187298255302,67.65984982668117,690.6237036368574,17.777885413186,0.7741119506734596,3.944953892605792
1.5334189884067473,0.29966183224136844,3.305345877552102,153.49699229054823,81.97003512608958,720.2352385842485,9.628973985707908,0.7409481252043789,2.0649332764462955
4.117039552393465,0.18002628755101832,4.5213997562019355,649.3203074625388,81.95319542767699,747.9219995719516,27.01172054326628,0.7403981926896065,3.714568478945808
5.41116245652158,0.6013416494254337,3.8924321711104413,649.6949658930134,66.76277699767974,763.7507567984129,29.343335876745215,0.836041331993421,3.3685572502758543
4.861477446317568,0.34551029551191365,1.9849651640309445,357.00051466082175,64.30347181660186,869.1491562657121,32.44625249193612,0.8471217241278537,3.9502256732854946
0.9123049077888978,0.33186496924719155,5.623134122083664,155.5375842737827,87.41407809256124,804.653142404463,0.0,0.8038014643655026,0.9645867994351461
1.2349631444861964,0.38331784878790176,2.1082709619878317,469.0094154601537,74.9574316437887,834.7325010115783,12.854443489697537,0.8809879380455161,1.9923319847170804
2.1053451476172054,0.5266037826316594,2.0378733170183385,365.27614007648197,70.23804488595418,946.2301991660969,26.932530842698505,0.831524600460621,2.1948800676925977
1.5111446883623374,0.5415583529180114,4.318341404804398,517.7556405268195,77.88036047345561,637.4943964385639,4.690249987570365,0.6907469089805297,2.941583617842608
4.092880240174876,0.5223951526786259,1.0095270086480208,145.74623789177465,67.23027431327333,842.7708519040041,31.15240369956164,0.8369740487228008,2.6409283619216586
12.708552559679486,0.4680859442944164,2.933345188983944,503.6700104054005,42.4855250579791,839.534218589707,34.61278811617322,0.7982346594416145,5.315465859508124
2.6234402155188503,0.3372475081773328,1.1815010711899119,414.0576546131495,82.33170062999687,899.4597088293776,8.46674836350029,0.8137083399929901,1.811299225889796
1.1179375902844875,0.5974279030695622,7.9407906198876885,397.2620405790732,76.7868662707712,632.5751162903831,11.328288026883648,0.755024552942485,4.177699514683129
10.261055237030776,0.2559826264412346,0.9280756536318212,615.1256978037478,40.98717227326369,915.4318024526101,36.55802660574522,0.9214873447018986,4.590509960552684
13.753616870567976,0.3122079184223101,0.9461789489152066,411.72107883049824,54.263214263561935,886.4411756150458,26.74815436816966,0.756407194128146,4.204834268986709
2.424063781837292,0.5865390032856452,4.21090156389232,348.1101011614549,84.70562818228315,701.0986688229511,13.540514948650525,0.736740872870448,1.5939472382719928
1.1404322145004326,0.13999704752685202,0.6984961600220225,303.9635489454832,91.39951370359077,925.7446007699255,3.4079156917287508,0.8450487449989633,1.8124749155502282
4.711304975117772,0.49616704875115525,3.7593532593884857,219.0562418048625,73.24339600810094,863.4639737342677,8.518557548373328,0.8686055703348867,2.0927718070670815
6.667613295387144,0.29464310752158307,4.993805962996971,260.96729597978225,69.52107175224087,820.4820294145251,28.115830936825486,0.8329333575622456,3.2587482707193547
1.0965418115785102,0.8104420942488942,0.556051333541183,203.17202013423358,66.85305345607372,868.2441801996154,23.624063065198904,0.7936719640713289,2.345583020336522
8.186076083962266,0.43804501273735386,2.991090703127704,420.92215394233517,59.88681114098376,779.720351927561,21.06067079778656,0.7358770005689799,2.5946056224092424
1.7235722729358434,0.6733891689047241,4.102818481661649,306.0642211030178,74.30457514226369,724.4056818370398,20.831288680711413,0.7059984586259188,4.865020978296769
6.692084224714812,0.7885315354898651,2.8045854179947107,509.56070809754516,57.114458629546796,673.3603612455256,32.76830027039444,0.6903728155535275,3.0556319294648406
2.8619300084033217,0.7495688585099692,2.62560839855001,348.47806507169406,69.93530973624615,849.0540445030124,14.785736161754103,0.8494859739377203,2.019773922772406
8.246862161076312,0.23429289012556465,0.9802480220131287,429.67931897932533,62.46170661535485,927.493271978723,24.88921096841063,0.8475619882937525,2.5847381730106203
18.783454205514822,0.2749194356363662,2.171636274487959,151.66218360816976,35.605496851293836,920.5338726847494,47.85289644188307,0.8028584973580855,5.917173777539951
6.634862565791922,0.7999930803915243,1.3854760095289562,361.1565714512493,64.90152521604394,765.405818922254,31.437084160818912,0.7951186393603912,3.9587289509262877
7.4945532585819645,0.8613830378935282,2.3032715577782756,764.5646233665296,58.276741014130394,737.4957521549327,21.594050899970533,0.7951963186641963,3.1900185550252
2.2533507048646113,0.41646780895609,3.2114104339481195,186.1507981883577,80.65860404077378,755.7618636237943,18.720648154355903,0.8136915416008326,0.7572489864314504
1.8654539126214882,0.4886823595431023,4.15222725383631,151.05005249671024,73.84164287699055,790.0255802130214,16.1664645752921,0.7708942908940754,3.0565208911088204
11.86202210971243,0.6104208045243978,0.865047919231271,135.19391286451867,40.115401591456084,877.0783158838595,46.51818998188798,0.866579513019547,5.640105143361722
1.0938565808235499,0.4587375768032871,0.787252813857776,246.73306333695746,80.42807064121813,879.261343315065,6.891743259651271,0.802823530189692,1.3308245801660896
4.130959595336703,0.3755088928356679,1.8647732134752262,179.3275163594041,67.58431272947537,833.0645887840782,19.85879169679325,0.8757849362819305,2.8021094411782386
4.153115633182614,0.16401038521316846,1.216745300314362,236.710902244418,79.01643266139456,916.5352690382583,14.71084747400272,0.7798393523070904,2.7164706227526816
4.6187418931691155,0.7984836471596726,3.053258178183138,629.3268345015244,61.70447602566698,788.199901375653,16.13079882951502,0.8216342343065153,3.80871477349565
0.2796692741340721,0.7193583470484511,3.6651367734218017,212.55666111767596,80.21387780346677,671.6667136887492,8.5184137181964,0.6786022114530346,2.2504091291907007
0.44355636458039394,0.10631261527618778,1.0212644448015873,1020.4880861075941,97.46527010942866,944.4544628990245,0.0,0.845659059125762,0.9589225648908186
4.814682516244185,0.6716645980337966,1.530818567363716,263.37629234677615,66.33115739059306,904.5507584282875,18.527380881651858,0.8196298232464485,2.6430022871101344
3.137867733908579,0.818126262855784,1.8151855521478693,219.18340923556596,67.07746620343042,809.2337570865068,24.84485076411942,0.8161274170933853,3.0486489052860537
14.021909553893646,0.7776787778003504,1.7380609615993317,298.9268519549221,35.705698631768115,755.3073106135305,38.98304799464789,0.7697220781226182,4.219288687661294
0.24728385199823327,0.6964026362135468,3.7660269368347103,399.275889684052,73.76527034829721,805.4262442033528,11.864583162809963,0.869210731975383,2.8044577944936124
4.906905084570726,0.29157636899633327,1.8332791809546358,82.77284680640481,75.69770975556852,749.9293077756669,24.33337163100194,0.7104156769498162,4.083076344301026
2.3231655472556016,0.20784366465847723,2.473656353399053,355.5022301715415,90.6721188981441,881.2880329200532,10.385746747271437,0.8726971087013049,3.0181136736292693
5.8897079720663035,0.4771225877998425,1.205105254477974,202.69915156477668,69.91244120461533,848.6701470523747,27.78944187988148,0.7852262988254292,4.287473597245875
1.0778815737522258,0.4877375068314007,5.675977468543463,134.21084736969502,79.0895741373046,676.9931292549572,12.628183641968018,0.7602081542080451,2.1999367593973176
0.43324143539061605,0.871338102112837,3.6157325413975787,158.9625967996404,73.45353373075714,757.9191492914433,15.739468823012889,0.7688741532940435,2.890203929831203
1.8196833975148028,0.5324253810649745,1.771591808634201,262.711672755646,81.03775199257304,756.0515105961679,7.347105634342335,0.8310036601432296,1.1303287697156454
2.127145774617378,0.24198958498854956,0.9968295693318119,221.75632741976176,86.98475989998265,918.9454276903386,19.216724340810494,0.8450299600177194,1.8485848263801399
4.973137759027285,0.29897011359068393,0.47309988530887626,309.02500589792766,78.27802265465036,997.448922078221,4.609954078909304,0.8460517853074105,2.242098653127337
9.012248401462074,0.12353753143224795,5.1063292340345425,431.23748346183766,56.81753475153666,759.9475123167837,34.34566521170399,0.8643988589457585,4.999381043133967
1.2475876623501225,0.6653522641096073,5.729844935532733,97.24494279200309,79.08303612462649,761.3253576761654,19.70994295028256,0.8038428397225471,2.239337315539406
1.8880860622179965,0.43074768014235815,0.6906938779377001,330.19758655271033,81.98584113902616,812.4961680617139,6.519798001463828,0.8266569556678739,0.7848094179692477
24.59501908659478,0.6723938655153473,5.464090348913436,346.699523144836,4.983801847266618,675.1936056824562,58.31781881302203,0.6973665697875492,7.091097127120215
3.476015273879838,0.22180408321103967,1.8332289586873767,316.7661192247529,80.292464557528,824.2918873760416,9.877418237086697,0.7836507056403906,1.5936542554522988
2.3785010098839114,0.5982185939997543,9.303221695743286,512.5111251048818,69.42069332603671,580.0939018832646,17.246076552351624,0.623418259538454,3.708338440920571
2.5163425696242445,0.6397888504694399,0.759416863027996,324.9650857865058,69.3803512296265,882.403588727333,26.728562578724517,0.8539489987739282,1.6576703210994785
2.3738233355664833,0.341632634880794,0.8718526953612115,250.02803592338017,78.38769399907295,887.6164051194568,0.0,0.805530863374344,1.2953947330603233
0.6746393133544627,0.776084452974736,3.8172277461330477,535.8406052436167,69.20203907791026,747.1320576362407,25.44501519076357,0.6525661987211603,3.5505422198935204
3.1639687590608023,0.14358495462402235,2.610375149037764,171.13864761858042,79.26493203184012,933.7211035629518,9.649931850689569,0.9102030156313757,0.8271671945980562
4.834368428661303,0.19349018382155753,9.193380340438997,447.65618515664454,77.5409286858895,583.6357384902175,17.787331790654054,0.7558226779763944,4.05855220860549
2.5974002507786365,0.7688652449972034,0.5352164727338224,574.8052892348433,67.89843766713948,877.9486321697173,17.66583568319592,0.8613862233128304,3.0394033319514535
4.324938732640176,0.38045326851002254,3.711476084692448,260.8506172948247,65.56361852223066,747.1235588347123,33.40826376672197,0.6777212119472187,4.1863660313503415
0.23910106420826988,0.5190486159529002,2.0919578409566832,688.0008988869787,93.05219876032518,830.8017165374249,10.351014223257355,0.76538054025562,3.458988816555995
0.4491370951257546,0.6858220071890697,0.9889343022460448,406.36509783575445,62.79580432360845,948.433045322212,22.424744382325294,0.8819363292127623,3.4120056619226324
6.431287037476915,0.473919512767521,1.3784036682379914,286.1398254849794,66.907446798745,856.681749089226,33.30995563078674,0.8801308901249931,2.758897853958663
12.623379771196708,0.18824561633944986,2.390079880106985,235.26149393091654,49.17567879616891,883.7810046749807,34.035685683565056,0.8184371440007786,3.196833965641352
1.0702905475084865,0.5928960105503008,2.260769601721314,381.29467678223483,78.3987289352003,848.4055398047637,18.43435693870049,0.7431891402303531,2.7552733442426565
2.293141403763614,0.3806524157204541,1.8005643219289453,92.0027226596945,81.50796024140396,880.2646687064442,10.194921644186026,0.8276187463724456,1.5156946235618798
11.732447638070575,0.025547538243639346,0.7070595313993405,264.5155164553406,61.17969014179108,1036.6594798996473,19.428960724544513,0.8483885737305125,2.6118189955834468
2.3016943771359344,0.07900015783641688,1.580572392272229,226.83529801215735,86.95261005609647,925.0450542762737,12.1155642585321,0.8389755745320073,0.0
1.4827002248789076,0.6978635048816595,3.589530120941783,363.4303576704374,72.51492957096384,671.4859904763324,10.579427601199056,0.7325696168546585,3.010263615570655
6.418910122210841,0.39276919682894784,0.2535651448670558,346.1407875751031,73.19017108134011,855.8257142671929,14.20021441378071,0.8311197684583874,3.6314108467694384
2.6735297071453124,0.20021957986440214,0.8221793061758613,133.12648860792996,77.2112132616507,951.0147904816625,15.150479748789872,0.8359854342553782,0.0
8.84681042905317,0.3651869893146933,3.583301682689175,390.9237052320803,65.94008991456172,752.0292590655454,17.141575844117977,0.7298457390005647,2.295488508718697
0.6040399247973461,0.9441873570430102,4.356928949393684,435.47918931746744,67.07015145857405,595.7483723648222,23.147171510804153,0.628164376175125,3.3692201325908866
1.318166373167511,0.29362216599354873,2.6527715532812035,397.63714674800906,85.00225347850025,833.944110118306,9.781609335772277,0.7805781570555265,1.4546161205609822
6.222216039309059,0.8986465451778038,2.504636937185479,216.172814205019,57.14433089951163,827.4281525743285,44.448075672628185,0.7735633443355635,4.6710318804217605
13.578785164865065,0.14711294856556356,1.5701276219296099,418.5808493477481,50.543905940900096,935.8684168361498,39.51037364504874,0.8851005417345313,2.6105307639363162
1.0644694131003356,0.6677853382646652,1.624025523846907,323.7051906905166,70.26500548487259,696.522855558295,23.298416221530932,0.7086021870966828,3.42572090991865
7.63152990519893,0.6461299702912134,2.7572050135595334,54.68392635132216,54.40875597774323,769.0391756436338,32.14170447995371,0.7891481318023041,3.313095568534024
3.076699957256964,0.8180306248195687,0.6809449767883861,352.99415049804804,65.82984633550629,873.4897957148235,21.8255062241291,0.8677670601094876,1.441478345111652
9.371794363254095,0.4718620068939938,1.2889091469179823,204.0259342529834,48.9264623941518,883.0463279255031,42.98078424267651,0.8979873900614207,2.036651795142168
6.836065110426672,0.3919095950259669,2.976250781812202,141.32229418934182,65.33463137708003,692.5761812371646,17.402548341200447,0.8168019819229833,2.5329671403649043
4.4188790069814745,0.4850045513886101,7.328015065511623,144.47035640056367,63.656521084747766,662.284398557281,28.383501198738905,0.6908593123143477,2.5400202133491137
2.5655344587511166,0.598623633639957,9.030726004932525,314.3770603752775,68.55670835909137,584.8000043794203,16.026519585504122,0.7174322359572807,4.095186634102123
3.97354084420662,0.566042516378677,3.7488414739305442,148.83423764743674,70.69793122265283,816.3181649692721,22.00710163198653,0.7416288137199049,2.9183516011096557
8.246614030263572,0.6688128214985571,0.9543397117716668,182.76731082598073,48.25293913607875,917.339539793926,41.22008615799193,0.9228290620860657,3.135295536801449
2.490466263794325,0.5473595091448774,3.253361919327731,258.1196266554341,78.7895236424481,743.6083355364417,21.30769002735571,0.7984618930209081,4.115435592036118
3.990528255094252,0.31161003381434643,4.96288768232854,117.32125025524441,76.31937095392104,724.7476056111559,9.665527457630507,0.7193193285200896,1.8714664293754313
7.17040035739657,0.42373513814245856,2.691882078392309,334.6042967174111,56.503718068101534,777.4071006242999,32.947233296898375,0.7663668114958276,3.4178819466342945
4.01019089991695,0.26476528685268275,4.43171703699651,37.928777381789644,71.72623941893576,772.5512031227429,20.36494922884026,0.6921447057426255,2.0945680657800017
8.035268064799851,0.47527284218574795,4.350788883922992,392.4196003876476,63.47441898649986,743.3459219299781,33.98568718261316,0.7421296573798714,3.4644238488414913
10.507307358196787,0.5522807981005605,2.9447503878570367,246.3190643947626,58.560344850392134,807.2149376306754,31.011003639369633,0.723707360565829,3.5377532487995818
0.39458542780507966,0.5569454441957005,2.217769504542954,206.98629461360946,85.77317312278191,845.8177416820471,0.0,0.8809906000577648,0.0
4.216877161402794,0.763943890913272,2.691311668548651,444.64479458848894,56.75514479643304,707.6730395315919,37.688780854024486,0.7547778972151696,4.771188138128691
1.8779541023022146,0.7371659169769722,3.056270244483837,190.24218822660842,76.13577109839471,705.8071192731443,20.906939939137615,0.7146715390103545,3.540702475256842
5.039766963519332,0.21301489510632937,1.6496405348179635,257.6447719226465,83.78315700894905,932.962093790866,12.509340251736146,0.882119524409631,1.704953495755382
10.27803734826371,0.5459119719974842,5.855845338689772,919.455665740327,58.10689867085009,748.5599008537849,28.988922981807082,0.7436568850875854,5.704495603456118
1.9959098354685945,0.18063278250012763,1.1075605566925801,381.0140297316633,86.7863160185668,940.0558925872164,10.264008886705332,0.8613415240567637,1.055210636020918
7.218211896065547,0.7395320768449493,3.8957213431787796,902.2916472359138,60.17625396769708,759.2479845987016,24.470367144665016,0.7842697285998177,3.5563627994056315
4.202740247907926,0.37099026467798146,3.0460374182566046,154.7469283569644,76.06582637401277,821.0021369118697,10.679829806080075,0.7669303337445099,1.2751127642820403
8.225777892576698,0.509970323294306,4.0306986272131935,137.09691055494048,56.012109255155366,720.6113118553099,32.86546175093954,0.664379905117428,3.535442551023139
10.844612921127775,0.7456487480634398,3.589315666671146,293.2015976174787,40.75133278289079,880.2729747306431,39.6719340218987,0.8912177728211212,5.313218687125458
6.34177666938677,0.2583168093703172,1.8031442142982388,229.97172032131908,60.864206539193475,961.8488188856949,23.643809379071826,0.8852193994482824,2.280705922687277
4.287772376979984,0.48693790921605595,2.237140865014441,138.3726883865137,73.5192157329719,993.6525659093443,22.14178178899384,0.9494877871574099,1.3532583256929671
1.3392171184138144,0.8068939127672735,0.5575414908007106,63.64375352761296,64.86503818270121,895.4899718729039,19.50842107707492,0.8060075059971087,2.814450583830989
7.827116823824522,0.09348042477625777,4.71429002722783,333.99854652515376,72.7159695937866,718.3466525933447,17.564805359586714,0.780725964138349,0.09416037197071248
4.124361631804765,0.5955124162728884,1.9381278688800756,324.2432520995543,75.88178980406336,879.8122012508454,15.113182627611895,0.7314160405888872,3.4173121842096004
2.6379638855803966,0.2636413265970609,1.220471295352746,277.1451420540556,82.43535737513555,864.4799695531159,19.7249672248921,0.7599524887322586,0.9607909390513909
3.7032812166511064,0.0776941797107699,0.6975052243774462,208.6615419337384,80.44718993341226,993.6006992974022,14.903151035503825,0.8711522679424896,1.3524739468356386
4.038067102317893,0.382600524693385,2.29039488267934,237.2499856938449,72.35664789029535,887.6665919619323,18.913315353283707,0.7707592271092256,2.102495382241613
6.059902345134162,0.4056110906456973,5.746276423758328,295.3186523610141,72.69182832784102,669.0447961587956,23.321882004461223,0.6849269689555728,2.359452272438735
4.394907724637905,0.5678360521733128,3.2725665235988126,210.66865600293823,61.830421767268646,829.672765543113,23.749283919484622,0.817884876773535,1.5513622300740433
2.5817509468868947,0.37497575326215626,1.5594194363132956,399.07398903146725,86.68384337505955,898.9327721715182,0.0,0.8592716263248192,2.4374438493797217
1.857680612362528,0.18735339027361123,3.016400498273625,204.65764403531952,81.38931536559768,881.3312736044013,10.207520344685324,0.7813574714629914,0.0
5.924832588165376,0.4789691596242105,4.141866848619045,744.2934418625015,62.690219438505736,764.8181058673442,25.0257940320372,0.7871774403585827,3.5518105444194137
13.29626270470554,0.6287827759140076,2.0686346672171965,469.3551937752569,47.67679368701047,962.6861954471402,28.468862900943204,0.92355666569398,2.639706597908679
3.034260506116812,0.36578555364291726,4.143741463435298,182.3565337757904,68.97244160306678,771.0419097324478,25.066878642067216,0.765675359891442,3.2995373254247604
0.22180035727139003,0.2194702306565503,2.4055145177346473,414.44496032864447,85.81120509113799,805.1906104792595,14.247948320863904,0.7395802686441934,0.4897348348611179
5.649062828551705,0.506425135784522,6.961067765071548,304.5899283296004,69.17774209541881,629.9595065475924,19.304300651034303,0.6236451761662065,3.628848593880563
10.38652709110601,0.6236828871617144,4.067364938254049,118.56014388695189,51.63273139710576,762.5951544735105,28.25879589022809,0.7856360949571681,5.020996802076922
3.056995908001395,0.8112678003125204,2.506717935627142,347.9274514606239,67.60390940396323,823.0826785102812,26.365776286452913,0.771974963730307,4.141615863788064
4.5784837233543385,0.6866899858844882,1.7078953585539693,112.23463564426272,64.215355861633,816.7494537267833,29.67234794021639,0.7365342463869013,4.039984463075535
1.1110643652285983,0.548497229225643,1.5909516889621045,164.24607850458338,73.94902268361784,775.4175040410628,12.553146076173578,0.7271564144589265,2.2405320413939744
6.329046769673038,0.47767843566734947,0.49872359782621895,220.14154332347044,63.952387569816636,922.9022386838529,28.699321778111788,0.8060521741320141,3.558240754793949
8.8939061059098,0.1702933028291058,1.238756453255076,40.93970863794637,58.02604500654695,922.0222836980881,32.937655506922056,0.9452963115924912,3.1293555552214856
3.732008741624427,0.189520702478417,6.632973015206684,249.54106559164185,78.87391394793758,727.4055080418984,21.580280041769697,0.7001145590692691,3.4277664446859784
7.9518254684852945,0.4998355299943266,2.7677654341266607,541.9222357898456,56.19841398792518,832.275972096704,35.31542597428789,0.8192946520662178,4.800292298310648
7.877651097745018,0.9351095341614547,5.074082640083715,105.15046460847368,47.907799460086466,730.1020364668785,33.81972160787889,0.7670483724314586,3.1037330565400962
4.406226814954934,0.7339772408892816,1.839845820172632,414.0946432016007,67.08307978463259,864.443937205237,20.502834201826357,0.8251151613457771,1.1139133308656486
2.9234561161971544,0.22645995501660107,4.9433284877959345,355.2284966671193,71.72830953155943,816.495752648522,20.04346748121774,0.7598908060014674,4.46442418387181
2.9958587505374092,0.35740577347569813,0.8989187409066712,197.9128397966707,78.4198435113217,918.4466798801076,17.35118047999951,0.8606467581500029,3.4758463356209557
3.9105093341055213,0.41695522846905003,2.467505471401773,551.6534474250045,72.57008111606768,735.0202028489223,21.53384858891415,0.6855313647563219,3.5781968894349023
2.032935000227792,0.1602008969927144,1.3197301744287517,184.8285449194051,80.08807545854779,922.7431589171856,9.423005093019945,0.8281501159063803,3.246065972023964
8.922945815436574,0.23734484561182906,5.156210294664079,389.54345051837737,67.05414455364765,772.2783081079702,31.886051955851265,0.7634421989826746,1.9354721073290024
2.7697491394488445,0.31311594185879904,6.706247537355125,638.2854769067959,75.75591053725954,589.8368244218345,14.041427819617699,0.6888168553734957,3.3044047913537846
7.124128152138079,0.5367017039989813,0.9414573745237945,503.3292920268104,59.792363006306125,819.2462875190031,33.3096606863068,0.8062451048292247,5.4716009928158185
1.9518989708132746,0.7392248811987512,0.9838508001568382,456.78431203200364,67.44006114834292,819.3731769580387,23.572624576054483,0.7712428986565609,3.009738496512053
10.939133105885476,0.06091325872676475,6.510136743107454,398.0613076679684,46.79418463029422,678.1277374075037,29.418295115757118,0.7034011583542101,5.048432414706866
8.033328905480255,0.2967091396438188,1.364054190063183,618.6479856783732,65.325302805057,920.7268897606265,20.75505966312417,0.8560633001619039,2.7463371197330373
6.90573447149534,0.7994486039790475,1.480394222590414,509.31670298846257,52.688670243526914,837.6794001862655,35.15386107010396,0.7774065512705736,6.694195984100208
0.9271542400705477,0.5674652253177158,0.9233721246560671,532.6918358128124,88.25696773021602,894.3631551563906,10.25145802168124,0.8432558921215981,3.6462192978936043
2.2505705848861686,0.7426586947441358,4.643074045435083,588.212574468838,68.30792315710332,627.3264995491825,21.380515382989486,0.6241300913564876,4.572613874690059
5.080426722192724,0.5597428278387953,3.9490079803257263,336.6861661187315,58.80398854345591,823.9937303625122,24.996274528058457,0.766114716422935,2.337327766337488
6.937376731867484,0.3165683715188595,2.954818283609371,248.41132650769046,73.10410667816707,797.1598795625969,29.62628013732566,0.7705396751552616,3.2269679546805
0.7226655354369032,0.8307080797826828,3.8073218535347166,364.9022395453333,69.31656609894559,698.0995658516173,13.718979541105101,0.7750126657943665,1.722382795906981
2.2237284083481526,0.3718195781157475,2.8919229084776097,745.9842810900051,75.63586316858043,787.8015152528311,9.228733234190598,0.7177963858973405,2.373095515030757
2.266807962787391,0.434264258036292,2.1840853956789332,427.0074569763932,75.27888387879383,838.2956463836781,19.250351425593557,0.8444637572101537,2.8612039287129765
3.9978468766916633,0.691446714879265,2.322208042943538,354.41177016127875,75.1784182017078,767.7930047954665,24.63809961432628,0.7456370636521746,4.554840607327995
3.5186512841092914,0.5084485957099497,2.2007222831962365,247.85695702270277,80.88775196552686,837.2301018613485,17.022958758901886,0.786262199955999,0.9054326134376378
3.319226914117281,0.2842992391273471,2.723508862046832,93.9852806302957,75.62655990419003,812.8177336958472,12.00829376101532,0.8258211662264704,2.7760630806960993
19.284653070937384,0.536590342471119,0.29550692092789055,288.28737091606365,24.01023906365417,973.7077828236644,49.97473177198626,0.8891726157697011,3.7213485456900974
1.46178928367841,0.6671279870242932,2.863210512244505,287.66518394124176,80.61349651890055,643.3615766909647,16.899442860087323,0.73790397022101,0.3846750347305501
6.407425526127712,0.22254592907946774,4.407932692465228,400.1896214203446,68.18958186179046,817.2235618102267,16.97260207289287,0.7439374227584885,3.738101392843502
7.019652214546185,0.4992340000146303,1.2317387179468207,307.01197909393494,63.62839945257527,942.8326757674851,23.879518056009303,0.8225046256697085,3.6559341507391467
3.134812056465244,0.9417773168129374,5.253733842492203,71.37672893642826,62.28770484012665,642.1428315534087,16.953081065008178,0.6702426419724807,2.073579822122198
1.604858642873602,0.6161680687857403,4.934099902523895,108.82228207761366,85.12136852372582,671.4419003910924,6.879994092284393,0.696592807322713,1.4176513946967213
1.5795336995137848,0.10414554346952085,0.6433138748775079,127.78679291848742,95.69109936932381,849.9868004928566,0.0,0.8621176148368266,0.0
12.174319491298473,0.2341267992371043,2.8396589926877835,174.86122644083594,52.0131380465341,876.0713382768497,27.363421286103993,0.8953837543280525,2.711825682687373
3.5013038202783258,0.14528111370162505,0.9799511246983824,498.97623921275607,76.90443516003674,902.771570942379,14.099105821906615,0.9609396555966457,1.4419827808557262
2.1418686062679635,0.19160883601173445,3.0026117719045735,245.21764113293455,85.00040090297519,926.8962188344448,6.799105327293974,0.8608973892138689,0.9667157178613422
4.604821030822554,0.45390031553815413,2.1067337212484176,235.09041579063,69.58169355993968,875.5268439916616,19.08419469367877,0.8109918734497807,1.9215786612638002
7.201263403208571,0.3622243782005328,4.663004940052453,730.6489579702979,57.55923835378958,700.3367330901829,20.826250916550226,0.633572040846561,5.934617293322331
2.4767996687957434,0.18478799232745785,0.7944574986227819,304.67733013227786,82.97839738190902,982.3605019971293,8.336542489544545,0.8814758969126796,1.9171081159261503
0.2576066249419847,0.6209895213171084,1.400561713811445,570.7675764708683,83.75763846309786,885.8639748427212,2.6765278252262465,0.8300234327374801,0.41821820313644853
1.6744402121486017,0.5774902347260074,1.542915934010337,309.56469629091777,73.67002805003233,824.3737050921941,17.765758984770954,0.8749422712328342,2.2403094554247853
1.5975117955565474,0.6563686927745531,1.3261249740612213,340.7906030684626,73.83916418230072,980.8297513351466,16.571914723446156,0.9194817968820139,1.0673798841719024
1.7112166389071775,0.4747832025999703,7.467379697635994,266.4304197685802,74.06514698415269,740.0930554541675,20.740499813471583,0.7887295463655984,3.05318055973129
5.870436310295401,0.6308542902192626,1.5054682307191976,57.86445015657733,61.86474724146089,712.5943843457749,20.85537942234385,0.7543093398489321,2.816915524167116
4.008135139441536,0.37722330744095717,5.607303652019372,504.08532993870915,74.3893870961612,720.87744728974,17.935991890723336,0.68775533479537,4.07361213253842
0.9828142364890686,0.4736351371091371,1.2267794663817853,295.735798168661,81.65787341787528,814.287375045053,12.805617915204,0.7246401064302284,1.0346965044006315
7.494271315009447,0.3113390896295597,0.8226557010406075,573.3513074472714,56.67815357892847,919.654786283101,21.71564390014791,0.8633207661397033,4.406278018300574
8.383516874492846,0.5643919054207714,5.055521028337814,149.99381641652093,52.445773115571605,763.1947244047318,36.34731568170216,0.7305866212139522,4.774114633729443
8.587950847843953,0.2238650468416451,1.2731748157291614,216.54088293031091,56.70883679811349,991.5605983629939,32.696301101879186,0.826752380268803,3.574069219184356
9.279976488944476,0.7297455660188742,5.200571261701616,228.14307849803222,47.213824088534075,593.1723553895939,34.16731479825698,0.6517196945015159,6.0474679621488665
15.46833614550176,0.4589362332417383,2.2554075981457182,292.4174159675924,30.97116554511485,936.101906628913,45.675993465341534,0.8877592035955829,3.749993274356733
4.703433107477709,0.7065652142079641,4.0964860633804845,79.79141494399273,67.56320248131694,766.5219777291469,26.163790782750382,0.7925475068381803,3.924976337024458
4.099996100589451,0.2493005846384176,3.22317759302306,580.5792858572354,72.5638173230821,608.735375401277,21.286023770443233,0.6014482239719161,4.8514878660852645
2.787282828029678,0.644639993300338,4.680439719193526,122.32188425274938,70.51878891753147,757.4144870146683,25.53405137541634,0.8301470065173071,2.5318324110531347
7.823977093722123,0.10747494947342938,2.0841720370087864,526.9221421551742,80.1327718639996,940.881270217695,7.871833915630976,0.8469599699142443,2.115103099083393
3.9866318254714734,0.5329323033742985,2.597877264092065,154.46096941981327,66.96462221294948,914.3911706652622,29.07727568894891,0.9272701341110722,2.429847995837764
2.084605000991785,0.5227309474704264,4.133827865203672,314.73282851794517,76.22627424301969,797.6646046474741,22.131729064056334,0.7506530395453044,2.972730568787014
2.075360312816032,0.4432155291168606,5.020855286555561,237.3399415330125,79.40542245410137,623.750767739539,4.511566737187039,0.6885055842975699,2.1207819224260813
5.2545013889364425,0.7453647828881019,2.220651590311532,244.62470278411584,63.22494776319092,808.7202836616727,24.4619023704736,0.7570381945861395,3.4566490405449133
2.1712267814392354,0.3255502468034399,6.089279336052278,153.01976606948264,80.39537621175381,798.6722538911822,18.2650370234986,0.8088832250138596,3.7697305800333334
11.089057655018102,0.8933270117786959,1.0748092422160342,234.85881797938845,42.85992025921411,741.2895216593661,40.11018205825978,0.6845907426886679,4.0698628720332
6.786279725113486,0.2924789439621101,1.476037660092687,306.0810681886101,65.70452164488732,1020.0048273454329,27.0792063670482,0.9122419618697941,3.6590118768834947
6.606743492008857,0.20928072398335315,4.384810076801531,215.19475131312996,73.62601559070539,787.2942378166136,11.664275877930862,0.8209419237205666,1.8184305383558796
3.119646935043871,0.6267747332308569,4.203821650665117,223.52639564156732,71.1947409778134,773.4296448070507,19.66921329043016,0.7595360715058318,3.646537727421633
4.157324306319291,0.7027020198065167,1.2570375354274967,260.6992952498155,71.49367176864449,888.8883523843676,22.124732588407568,0.8768760430803706,1.9361657291627257
3.468967495944379,0.42592578704933337,0.7323810094736871,273.4608745236049,78.69612318020998,866.0060340210085,9.134622405697503,0.8293120975167773,1.7757494935858367
6.263643144037395,0.7593770697521152,3.6557847292745693,199.69805340906177,57.747691010367106,558.1609039751897,26.117957536493535,0.6983799204076677,3.944295016586093
0.7141074894915165,0.5484122395274915,3.0108638073673015,44.285650191040396,79.60874071041444,746.5534577681858,16.916770170493308,0.8238628431304684,0.764462133953776
11.084109383923254,0.8809006493926593,1.472348358480572,283.5409290998492,36.33065218900339,776.4722546258589,39.71290063904481,0.7215674128783747,5.462459514811366
5.097149555253576,0.5482794025735945,5.776675424360932,586.6318937897988,69.67978126355887,658.473391818807,14.277174842457967,0.6971941927705742,3.434471056635334
3.075679679057151,0.6258409509517198,1.3897788221570613,521.9644455188194,71.17323019137581,867.4133433998779,21.80615015183377,0.7606873368223106,2.55401767486043
0.47387495592938855,0.4761569947565647,1.274909413051704,120.55248981798758,73.35435061898376,833.8942547754757,17.046373908383973,0.7933966536747815,1.9819824339072034
0.46641124371150494,0.24275239935111817,3.9839320209219133,354.2930509250674,94.69384174222158,758.2874342436078,8.712932598155865,0.736241336948156,0.7704677410973477
8.061020689324728,0.5407884243570764,3.464468954821122,342.0875498141758,50.275171878332955,846.3656909073893,32.28469101427365,0.7930123115102179,4.479834422533852
4.513931973267327,0.36645514247691546,3.069980448004467,265.59923976836205,66.34127783159215,791.8833040302043,25.0443485439991,0.7207488661660605,3.336541397875321
4.216782135506966,0.8848139298413518,1.937144494108352,192.9726961666802,61.944046702255974,745.7206539686356,18.499887125728556,0.8526172420889307,0.9447931064638813
2.824326191025522,0.43324105012075775,0.9941256942168476,177.6377555628556,68.30663774135579,930.0403557146999,25.523040956768384,0.8664606802206122,4.716133527134274
0.7394588956489561,0.7843886688679386,1.467478262495954,125.86654752167547,74.49909596259927,828.0041085700155,16.65871727178064,0.7332231719834796,3.1986794302983976
1.92847450182594,0.11202640606281533,3.387994353572385,592.6489433157092,86.72613607718043,822.072953812051,9.231595233879583,0.8018726109812858,3.2094429023582753
2.475342289504339,0.3685466355013801,4.375870299082814,488.7311643962942,77.78564823268057,790.957809921907,8.220456755200079,0.7715720712822559,1.2143040622665033
2.966651563135531,0.5266782136989673,3.7278264464916804,61.51277621282848,64.90705780267899,852.3919275211512,31.9757295189469,0.848723911295424,1.806923679923052
5.11950977663677,0.3885140591225671,3.524632774362476,242.37911267829952,70.11970744739682,682.2767633438363,17.755948827583858,0.826504083080145,3.3187930918856834
13.43609660807844,0.40714208811692293,0.740077530997644,114.74719593226656,33.77864002372668,875.7499483580683,42.10814655561177,0.9202397447074214,4.288601575693885
1.9734230309834528,0.7143049989921519,1.384410523054373,61.57246510653038,79.43128983068293,835.6744177088185,20.652229547628735,0.7567947205346246,2.8139684160610505
8.105638621748561,0.38570237902712295,0.5703971468844716,582.9056405890336,55.73209976558163,946.8742621700214,23.633333530643064,0.8892877169884668,1.8831538160676058
6.7923045372658315,0.33020676657866954,1.212823101073017,378.80826109599366,62.98688955227615,911.0852554209873,20.28784113266049,0.8519747904849597,3.2138344814752373
11.581045968827686,0.11483615387660467,2.5530167197627733,136.86887444473038,65.28447368328199,943.0993906810888,23.421048864145266,0.8928594803293083,3.1469114282155393
8.546646334196932,0.38096230100600126,1.0895065518309766,386.27050165333856,64.9663097949133,999.7028538526158,28.702062609964855,0.861656781636207,4.596287871287396
0.49068218013241804,0.8217162926411974,5.534072317949711,306.9718001323658,69.8097429886618,704.7081367474584,24.55747485718473,0.6654444894856716,1.6916535334418874
4.730855423774029,0.8364485910372842,3.106761397848908,169.06185808359666,52.36021285619557,714.6426669532294,25.655322923119584,0.7699890784401471,2.2412089869073846
8.718470075649908,0.8583281349175835,2.141320969500383,111.45395168957765,53.7096363691928,780.0741964219923,32.88930416097115,0.8241682995551539,3.961919713267269
2.2113902609513625,0.31491165547631994,3.282722734574743,533.8421251049505,79.41441505036055,904.0114351359485,20.168935629435445,0.8358344710105824,1.9191526950901479
3.6884880676664817,0.19780327857485755,4.044860983587312,168.20732593960736,75.86625466035726,817.6218557736096,22.965540661121928,0.8540056897351505,1.5202674402294747
8.548585258166833,0.7144073733145816,5.4149145553463365,278.42619258008773,58.37499579051703,600.2137737378459,22.557751561666066,0.5880498346786259,4.705365963150197
2.155455193006238,0.8967807686886532,2.0488265028426333,271.2416153218333,64.26306890890393,754.978295996531,23.89758861760513,0.7379918950071205,2.84856427087471
0.8138714303995552,0.4050914547660981,0.4728473980317182,311.07486024734203,88.31032781404333,1007.1516217140411,6.653040363543168,0.9394937290239497,1.2630727966210529
9.85223139812998,0.20180218771207972,3.906153746574866,220.58942751710538,50.04609465371035,917.9531495870142,31.653237002685774,0.8632096840693939,2.5738894925395064
4.3385423452673475,0.5084195602460491,1.005521810648422,461.7084449119651,66.5005617216883,926.4881851354019,21.41798765978049,0.8371158644950718,3.4650082748976443
1.8235661753444932,0.5201538132580603,6.265714021245717,355.1874779409066,84.07407417334468,688.4928137759988,9.480481863109558,0.7047584718450609,1.236927775862908
7.468244453902772,0.5390132421763236,10.576953109528048,514.640688416771,64.06619799626722,502.4272625778168,13.815734009452466,0.6437319317766629,1.7969973074782768
3.5082268341231444,0.4918827619884408,4.831474245065174,199.57349375856293,72.09325889123866,780.2219986258353,25.21475681814941,0.6663132246515309,3.705095539001571
0.6615025190454205,0.42893314600270704,0.5253111562644808,395.4959043843472,79.85218667618372,879.1908452834018,18.123043237905257,0.8845717276772596,2.636295131041703
2.111814494960345,0.4516851667393468,1.3866377292634608,480.3869209870168,83.0022616485752,877.0719090139212,8.752351193524841,0.7805813058068407,2.4436690682857005
1.9276750780045337,0.5064583729862145,0.5436657321945031,230.5399179559335,84.6128522265378,953.9239022906714,3.7448776411514952,0.8812510121843051,1.7201281032520137
3.826092403524287,0.37030700071515105,1.0755181246100358,286.0492068209393,69.08407999988088,785.6431029303262,28.031027243937686,0.8045603378177298,3.1240160525929896
3.84201454827452,0.27313202714526086,4.178788289212675,460.5274439509685,68.53800670110812,799.4435764287214,23.93880592960744,0.7942329821085113,3.550937096429919
2.7962332865410517,0.6531486961708113,4.142946567031017,563.1891716430081,69.86884552514967,732.0639993473695,38.68928483234473,0.7566481287278838,7.834738274051197
2.9947885280883426,0.8085508173323736,0.8780314450236162,118.171648742733,67.35331300946481,863.7521105246741,25.98732142908664,0.7775020163942595,3.5190904372083502
1.2423661757700377,0.6945499643107472,7.763962954329788,75.82482425675786,73.0910299669221,593.8543713989702,6.464908836178864,0.5892724935551729,1.505664002698728
5.7345000334541325,0.6887168265748231,3.97611115283751,272.5145644127644,52.609802944991785,855.168722842685,33.16759107071668,0.89871282964999,3.173125625803645
2.669778083327655,0.5323001879542492,1.5270396164776239,98.33643047584239,70.37774428158177,760.6509040614793,13.182642803430488,0.7650277754075957,2.0113945570837375
2.5991898846776866,0.21272175699246748,2.2552839933193702,82.66961342469729,84.26714944172105,919.8232686211427,2.4374703209769653,0.8912563828018978,1.0680416907507848
2.066900934366542,0.4192161051955186,1.0241930261746797,247.0593482347335,71.96454551042082,920.2274781146862,20.891967521243735,0.8962735739901705,2.092998459312656
8.12482263420954,0.6603887988038831,1.1078676853531568,541.2198127365419,59.318326175791896,847.0567618676598,27.01289949509677,0.9162083682374788,4.311724668968868
2.2144530516472707,0.34132470351247973,10.501798244906587,378.2267758052163,79.1822623619846,490.5189031111957,15.582813167479559,0.5310945081330136,3.6012261934896532
4.08791591967596,0.8394656888150139,0.6612760332011282,287.3827769925271,63.65272385249952,736.2245225748825,28.12627968656016,0.8656664018130148,3.128086389981281
2.98035791041515,0.46216264726373024,1.0907335739334543,149.74676390542894,74.55998369512494,859.2051570253989,22.946024277725318,0.8404714906742662,3.385327058346218
1.4485185486250933,0.41212332713559274,1.9971232099401963,726.0060342483955,81.42673421215316,890.8334605099268,11.331003059698475,0.7614146371621849,1.8670164719609752
5.210283203348488,0.4683071533542143,2.6251797342546777,117.22031665184618,57.26554319963752,785.8952849171483,28.76536090628882,0.7119010872360226,2.4521925328698995
3.5366935863020004,0.9671241488924318,2.5308833883195856,188.78179371983532,56.070216767688756,710.5992758869307,42.920078213282025,0.6879650460850515,5.328148241881458
2.9774133618396523,0.4550177840271703,3.259111304226642,178.65719417400385,73.49717864507731,877.4816845618813,7.550110781889252,0.7773222264743536,0.0
5.8230775269626225,0.5236005793033104,7.182550957221398,557.4730716676273,64.4395237056192,667.3683099167806,33.938463289652255,0.7069662372327337,3.977921720482834
1.948827088195313,0.6173618744460527,2.7506027194609475,90.4169890768674,74.1657806738234,814.6516282692288,18.490289122275936,0.7950898832388958,1.61098440540981
1.359755486179695,0.5527154987410838,6.386578467039195,123.5515394861106,82.22329381789869,690.960697947707,11.651810471677083,0.668534945725533,2.1789491100587037
3.1889752651977172,0.27746971915197594,1.0593669635044167,638.5934337615536,73.45082272829816,878.8303559067024,23.687554903026232,0.833709545547319,1.8175659285753765
3.1241684132678977,0.2261436944903943,3.1898832479908092,532.9846755157768,72.35189611686647,876.9002560756506,25.563978487480085,0.9352656428743845,5.496845349198704
2.2238085433738832,0.2090245032445182,3.470368128221976,399.01857187641065,73.53937465005542,807.773709891952,17.03281663759813,0.7352068776266647,2.047645860409278
2.6915204105695065,0.5403919058579347,1.3688649419118057,446.39610658737627,68.3286867990445,749.7478146916997,16.274041142575477,0.7704094799387244,2.929214978622638
3.8586789623450812,0.08800245702557923,3.3229251394123223,411.7922164241214,79.99844972432498,830.9857415685246,18.16818708527104,0.7581206099376647,4.382449045844012
4.209703835967464,0.7548101883656908,5.147905849753254,211.31525671457095,64.57766231042451,748.8503212984774,22.29253627156268,0.784740907195456,4.242062257548333
0.2225639360264821,0.7224752246245797,2.7435946886371525,118.77330074156485,75.88870104628681,899.260113761923,10.51251216936996,0.8395924135141453,1.8475385324092732
1.645350166768386,0.41310509108863375,3.257193465628785,216.67263483581368,75.76888102494826,762.5070992464914,11.674317956017536,0.8355571855901374,2.685776298535232
4.267611683053698,0.7278828238484045,4.757083652572091,137.3096557649211,67.62213543166548,651.0725695983881,13.240340584095716,0.637602607272211,1.5563491725001786
8.7607205520491,0.7620700306820531,4.695696865720885,153.41334509189625,48.329739297086945,801.4363321015928,28.74242821014401,0.720370408628346,2.4805279937743814
0.6705358401666177,0.4474229023066584,2.3671280807483024,111.93343804130124,82.83732767591103,819.7623589656095,15.135174258916557,0.7799668557278338,1.142669826351943
8.165047538300826,0.3144849756316105,2.402739408297993,378.9557072443931,58.22729266693037,937.8397200148761,22.799464170302958,0.8666295722476254,2.3978434035053486
0.7052763726497775,0.6191064648112045,0.36505844511567015,62.79109694061682,81.09603562520199,890.3211795121878,22.74352489887937,0.8664137807142562,2.277259454879636
8.339951391473539,0.6478114989021674,2.5748669102670783,295.39529510921096,51.96796236251031,787.5899238013999,33.87705524664417,0.7928255848696101,5.039028004837905
0.3775757283571403,0.6388217702167053,2.5423727526009885,47.345132101690965,84.48669678801119,801.7092742002962,7.834837967522671,0.7302419776747828,2.4734736280234784
3.286240048048038,0.3154669588556573,5.695283322213449,68.80897010648745,79.02061007337643,676.4381596235543,14.177334804221987,0.6584807145458828,2.781365854709418
4.719220290175916,0.3251978949819019,1.7374652579720813,60.7050934075405,73.10596627709552,769.5283672588462,12.627356740845839,0.7146368387162829,3.3543956354103006
12.67648601555969,0.5189133290266171,2.057399225045019,334.8980259582576,42.82018180075636,869.1724667071827,50.191162046696554,0.8658512921436395,5.281604641435539
4.207087294645852,0.6669426400961715,1.407917131977212,284.9968696336879,64.92033620153028,875.06712303442,27.477732600571194,0.7844776772022182,3.4129210305629805
8.420887209045464,0.9020911859887292,1.9157667418372508,170.58325344268798,43.80236423611117,757.9112390135563,57.211889850705475,0.7521417103378418,5.798506515760722
4.978319418994032,0.2277794338885484,1.7440741028280442,262.1605530243109,80.15163565470621,906.1924578104057,18.162908394507326,0.8965666051827705,3.068753350806633
0.7000607874235014,0.7391024006457806,3.462824117273347,175.04610187481444,72.55555375888986,837.1591086708615,19.516153626030647,0.8223477771250014,2.2096145771780913
5.569441358147861,0.6206455788143636,0.9816384723591189,490.6235958927657,56.26183626936919,849.9828277270608,16.983921162762606,0.7933032860711361,3.126425323106143
4.498547049322488,0.04490708609205246,3.5383751998201896,366.80726103280256,77.22192629878384,855.3934744180524,23.092570967997357,0.8443358903459665,3.1404819172467264
4.078018861227687,0.07728576170981978,0.5413139080335048,402.43270825844377,85.79506029563719,1075.6859916409514,12.166577447925915,0.9851712174660782,0.9945511354527489
2.4559396267329294,0.7323376048469865,0.8819186298026409,223.12862317406677,70.3400565114368,844.7139919987558,18.21357313234561,0.7881083040378511,2.076476998756637
1.4582215733945558,0.5854345094586585,0.9294397631806406,80.5886597734223,76.35021027277719,977.6333203309371,15.84209782892793,0.8645480575763039,2.063031478813627
3.040266786155744,0.8106922756027024,1.203426373758389,209.4467049454118,59.52225415084292,868.1697931032598,24.866486332741317,0.7349734066851158,3.2272878595064265
4.11917267282135,0.500416890775952,5.140455139072011,512.9473244182699,73.56189723475812,653.0359523622722,24.468664759172874,0.7285270796810848,2.993337851185217
10.951016260284527,0.48712934891055093,1.257092975758962,321.67504366604066,48.98891087499996,821.9963165998507,40.26769900796397,0.846809116564507,5.175699414004445
1.3702194797216256,0.4391376182240849,1.565827433818521,410.7614508098239,78.31630466756225,917.6799894181622,15.013631378163847,0.872700896433901,4.226538718153957
6.221596590127335,0.7005829438913753,7.3220657205082444,93.49780272006197,59.94254442848567,452.0130330752837,39.43754330337566,0.6079248847017331,4.491821433775149
7.873909428088986,0.9366777050431359,2.0761852575447093,308.50617448859094,45.04904032368274,868.1470015715786,34.96464321253526,0.8352119504737758,3.2666466205796603
2.1299761422394607,0.34200391017431364,4.519172697005584,389.23178880112954,75.71392292043721,712.8276685661199,16.881215328193324,0.6883107646383279,2.380309037862128
0.39399947680724895,0.7302830814962789,4.551327904363368,257.9491761322503,65.43190237045059,663.4505532807664,19.76183669149144,0.6974094762884943,3.4883044494740485
7.0724261380850315,0.35266331781806276,4.929417768856161,404.15929553647027,71.65056630218685,804.1439658186666,15.796773777192897,0.8873684893052733,4.003063522268535
2.4613471393481587,0.187079802592417,0.9694433726354781,96.44651999488265,86.3432902952812,969.0229124114541,9.631094952297675,0.917843215725038,1.052257224813689
5.828532849890537,0.2962694565069687,2.3192894529393664,207.8675706956288,80.21830694313299,987.2853809276751,2.512808615835418,0.8586983122497227,0.9373681508159242
3.5748937170690187,0.17656095118369228,0.8935164406870236,395.521740542842,91.85585037231507,903.0126268320522,0.0,0.8369197316094723,0.8894062836806128
7.633955203849155,0.7874602045319117,2.0178085611915515,205.8260503554841,54.981619164224064,803.9452636709103,44.64940444786145,0.7928721544969564,4.5863268093001865
3.3280792505756915,0.30979596610899285,2.599425241274773,150.99962919092968,74.60468328905436,883.9037257277572,10.596257868441876,0.8570913641780359,2.0869522892336816
0.7112498385372543,0.10477252452039906,2.534617240919813,143.15052167304037,89.17475675089749,890.8725785771529,14.133060486671026,0.9107994979117984,1.3176436136616694
2.4572312998187127,0.471520473258072,3.6894208850255295,101.85416901750757,69.86828156781577,699.3682987170075,12.959176319213269,0.6867963537897721,2.5142702949740654
4.360508548348667,0.1556371123047138,0.4772476810211803,614.231611600739,74.78305077959409,915.4325482848283,23.67115760119084,0.8789819722939786,2.4425218216499
19.12361836031461,0.3032649373645477,6.381357633754742,230.90404258989122,29.76759318060776,748.5079725562531,58.50109259374592,0.7436150310987781,4.263843814764183
4.950310380350053,0.12576484386938436,0.28671999008723015,336.4756536529244,73.27859667485185,912.7040919410515,38.28486715331077,0.8348040271470454,4.683549594937292
8.12041308495748,0.6998489858073919,1.4443328397687702,78.46435648164218,52.89827586203462,839.9765230262233,18.052025250074145,0.7459297600360243,2.0689260723259775
4.081882907612594,0.5499066156076868,0.7550569911587639,263.0208803905444,67.37405769794526,871.8779369044003,14.528196654515973,0.7964542292182633,2.4481983316801634
2.012484184312892,0.5043871781675371,0.8203438093518122,468.7287278579119,76.00678418777832,807.0089027785681,23.753626795089566,0.7428641360121669,4.2880358852072
2.353304035482811,0.7885092168587249,0.4827252437062137,226.74561365117478,59.33315651451017,868.6685288745304,32.82109718566185,0.8250541598222314,3.9683688923225064
0.49020978649347974,0.37363943660049537,1.9692430556017477,349.34231606487265,87.62705202884462,888.191615586357,0.0,0.8791449452429896,0.0
2.1231463567038777,0.5768568737153182,2.7067210742442085,125.13356457765161,70.8794303369813,650.5873766098499,23.203035022512406,0.6008393272462434,5.3584801713296155
9.970526871726381,0.7478875745980623,4.161790535763112,88.38340700428003,45.548071020819144,685.8064886211275,32.929735963404184,0.7478278341854366,3.420918503293292
1.6902311684387046,0.18683195093021138,3.314807751674132,315.07135458105967,91.46161300028172,906.4698373262956,0.662538427013061,0.891244532496711,1.2243661680781415
3.7412468923799302,0.6274213340234984,2.2187904386406254,274.6691198001715,60.143511850774814,763.5754102779649,23.395471920058046,0.7819702581557797,2.2932952168551886
3.3381475033925145,0.7930342344270345,5.957841622557623,580.5888051033166,68.73460920998781,731.2281261748153,16.6358928468327,0.7846863884738703,3.1014803341992137
1.5865422060118415,0.35948480401342536,0.22185606892902926,281.03677379859084,83.2120866439866,1013.5653972699386,20.535063843506084,0.95960987206112,1.9513758708769386
0.7060875150205558,0.6818724684445588,4.83407895431394,265.6210892918425,75.66400613660011,589.4926893645481,17.199573575359974,0.6323077345313456,3.8883779600159905
1.7906583241278011,0.33309381522955117,2.3303174936550985,148.19171414658294,79.33093908104847,825.2639007119656,6.801857786649879,0.7982123929244794,0.22929523343877412
2.090040151443264,0.12957369715291536,3.8655565448030544,762.1584254602207,84.34146702922963,815.9844719424739,9.522703683372145,0.7569945850556322,2.6923661271361286
5.111000337462216,0.3846094122868955,2.817597212690108,269.9304497780095,67.6468066707135,756.5044400183988,18.759901081420427,0.8191877553148659,3.061605962589754
4.270549465357968,0.08980993359081377,5.233439603831227,152.31639209095306,83.07333230835147,886.6089475883138,14.734744801120524,0.8555128590323006,2.193852588783571
0.43642811138367094,0.874612223585606,1.7764953780868784,456.69671672976324,69.63887901550528,812.4172231609214,37.53667634305153,0.7515636653322783,3.6391485439840197
4.475484160183948,0.5301691205225059,7.286697647732664,265.2156797994734,66.48161689752928,585.5395616576905,22.36826083961056,0.5938260926177796,3.436978288201683
2.378748512173725,0.6328801235721974,3.5674735198387957,669.2817902920214,69.83067240078103,691.734723774341,9.72001822921841,0.7436845203408972,1.357803439008133
14.691326991694176,0.30715815744950575,6.648578092444289,1073.5525103567024,50.943761360051724,661.8140472366811,33.54559450586179,0.7784566335238665,4.9757286053273635
2.10325202695245,0.6927988677805412,2.7417373919259598,74.35653824037374,80.79212576699764,759.6484593881812,12.437443830984277,0.7810530506600122,2.2915996866206934
4.278431889405361,0.6647935630570331,1.2332139912586637,191.33557532622015,69.99422765771958,798.2813929582506,23.51140482679829,0.7675863946576211,3.4411852568827443
8.527154104640026,0.0322112085186823,5.763822636787865,247.0426095501856,71.54971837021805,718.6781574663472,11.51421117073675,0.7586740451793726,1.49596467540627
4.208776865855041,0.8793653447696683,4.990309052498031,499.78559442476717,55.72092763645939,795.4361926644864,26.221006656355925,0.8624914504952045,4.574096013845467
7.339724218403549,0.28802352892092603,1.391693409975715,764.7044496982272,68.38068854853965,908.4118582662334,21.453743156147464,0.8785283545715608,3.7674888486870963
0.7834559809076005,0.09304760874188445,2.857340807630335,729.3608967241555,92.4955107796821,825.8371327646222,0.0,0.8356134098088146,2.350872696555904
2.705812304772177,0.8502193544370508,1.2591516792504491,336.7144762609375,58.08064446898642,877.0854244586546,22.140849440121876,0.812054620808181,2.609572816184543
2.4358785831399996,0.5483785080794782,2.6477725869462865,217.49082379182346,74.90286636739498,874.3097936578555,7.935820517369731,0.8181621563281305,1.2195333105020638
6.220021289330598,0.39166156540844577,8.724666551573806,664.1717502904963,64.47248634744398,593.824726092671,28.362994066806866,0.6734717034670451,4.484417078789772
3.4307300304910315,0.24847022454089415,7.391183721305115,788.157247132804,74.21730152838117,648.073442609397,22.478454922506007,0.6556715471661908,4.277547249666973
1.0863019779013479,0.6831203624150742,1.9489535311779047,178.7593732371359,74.17076879245174,792.5721446813442,22.49247689410099,0.8002568969444122,1.9854533548838331
0.5200643527999346,0.5969909060877922,5.068128457825618,91.99103866003715,87.07771803940818,659.439676127514,4.599814654234287,0.656492568464322,1.759545935887278
7.182436141171241,0.5742964958629463,5.001228615264781,273.8330037798366,64.54034624163515,779.0849654303119,21.243888932118235,0.8829253887997662,1.3990945434948407
9.468376510007436,0.22713013204279084,0.07373645242356075,370.40623149617124,56.896892026039524,1133.8897218937398,36.64838362942334,1.0,1.8779257853064393
11.34492069611225,0.6807731802739183,1.3866215635012415,269.60954023798485,39.136859170221534,731.4071525984723,41.39076726384841,0.7435724852907617,5.345885977030347
7.650699581362433,0.48673879957861443,2.4319577332794777,288.90922244254705,62.32425657623859,814.0886670125946,27.827392803003445,0.829887720769663,1.8337091622732544
4.915110676438463,0.31376660689502506,1.904207976536526,248.32953694787724,61.74373211447238,930.7747123960621,27.535447606443682,0.8795797626724846,2.2340356107895376
3.7776013299302846,0.5650403586834317,7.783638591401173,222.6221499349327,72.84862100941042,558.9262813926201,16.883621637174684,0.6985669381961734,1.0000580243150208
2.8481048911735605,0.9061058221726233,5.0710438531636,245.06244369291332,53.613845574294146,607.2095581419238,28.3052447186782,0.6394457029063313,5.4786535442087025
4.914401461689169,0.5410955516026011,1.0208127031726506,557.9505243518302,67.29398264266837,770.8824432329734,28.613576771811008,0.7520191713153256,2.9891036345569755
3.6916884135262125,0.3357739011703511,6.272423588626614,96.0193896172907,80.33495938708472,571.0553752895478,21.21799599965771,0.604239526657731,2.6858012292557385
5.871595635154575,0.06304814938779106,3.0369756947341395,279.5160384353043,74.51053258367159,947.4217800149694,20.325181455560507,0.9043094123236088,2.582836113133562
2.3889029843476464,0.4195345923717166,2.84145658312048,291.5238137411802,90.05615352568671,894.0511407794309,7.652555790662368,0.8133063426085796,1.6646078428616666
3.880479819651356,0.15779438564453174,3.3458514532096304,68.7248783564459,82.27812792025546,840.8716395395043,8.938251929188535,0.8096501175676799,0.6669169323110227
6.503202472976595,0.8815915314967107,1.986962559771672,158.11861343257158,51.844255345721514,889.4745431664669,31.85877473455003,0.8719341169455931,3.3500422359515443
5.001184348147328,0.42887483318214925,1.7567024495590182,93.63530799638721,65.09224673879861,879.5358811011718,18.17471525105747,0.7850084142967746,2.045706503344714
1.905220609392727,0.2914682575529717,1.5373126753992448,106.22766589348534,77.49933527459059,1033.5056649248754,18.690678281039332,1.0,0.24844071004893542
5.7264267149373,0.6111529744234816,5.908946763689712,325.90997312451884,63.395023284913535,743.0579504957883,26.460601544144183,0.7561218080976058,3.6772987267835764
1.3423373059997123,0.4192839889797522,2.8625658320662017,143.08348287862412,89.16132485206074,777.0218820294517,10.6883762588403,0.6845387216485875,2.0755360394461833
0.8778943874441714,0.12680067060420244,4.2171111161266195,251.9214230602282,84.86290097701684,801.7269502036053,2.628384477820534,0.8478800863062741,1.9273913299181817
0.9159182537544207,0.7871605638513537,0.7266808436397146,163.11604793388787,69.14325229688481,868.0779253695985,38.807134331840444,0.7173560758844242,4.43650260673394
2.3092890402974136,0.45002942398740475,2.1930295651358933,174.56721550090964,80.50352360490125,968.8989514794089,14.562412320798789,0.8397146893818525,0.8233356815111021
5.17923397942033,0.3686974939482366,0.9670859582866631,289.5927376712537,68.96152685230703,826.1271786628715,19.585605763661945,0.7231880455013033,3.0745764064032386
0.4459488161012336,0.40245787393509636,2.203600510392169,280.3515312320686,78.97648783354065,840.1740011827146,6.4581987299865595,0.8814683978624708,0.7992183852587411
1.2340151372164343,0.5955352725322426,2.111199048067954,495.03929494823115,70.63140587725096,771.8219165574866,15.268398423476354,0.7244835004943493,4.512539457068099
2.1685837585911996,0.5006699794114258,0.7247726791058786,417.88639394725874,72.46659797861028,849.890825071143,23.405264741086484,0.7728579032885964,5.58141091667355
8.372673506933888,0.868747248482028,2.5854639630987934,248.16968091950048,46.45300120229125,874.4391231057181,43.07004802753196,0.8484016755699496,3.068258841983614
6.142257706944835,0.6844931816487329,4.286750414541222,585.10107581623,63.98423772350834,881.1126108036663,36.64572326176594,0.8357324292294172,3.964851973104594
2.8194426501472463,0.19912517577154937,6.99318354275967,460.8948055291381,87.65766952408292,696.5365512494416,2.415659090720056,0.6929758205039254,0.4126545018097503
1.435244985113584,0.16699451103170135,2.171184470962009,427.57533436993424,84.87336353968925,824.2944038678098,6.92273700153063,0.7247482720593121,3.123017251886468
7.260910790251552,0.22588086656926268,9.936221146993379,235.9868757908429,60.16477964720263,479.8327253664704,16.162554775681564,0.5197808730195304,3.6709110948217636
9.363176059773611,0.19279123375502732,6.490610223318659,253.01119051991355,62.06427248184712,807.3471841615769,26.328729395346148,0.8907975298640195,1.4325429528968736
2.257250352784042,0.6622651458921976,0.1678286934988056,59.518918100753105,74.86256380486181,969.2618390138746,22.060421938567547,0.9166988142788771,2.233073623240197
0.0686910850691133,0.5288212721152028,0.39865880541920473,143.02343082959612,80.0203639440928,878.677798477129,25.987600932266645,0.9059301697106223,2.7866704697064235
1.8020264506583348,0.3240679841258318,9.112494403349455,111.91525595292175,77.01065901286893,584.4693725031401,25.580637400504536,0.6221542360567818,1.4783980979490376
10.591852177940632,0.6858075877164719,5.363679393736184,256.60755631349025,38.427634408590336,660.6976870470547,47.225005491020326,0.7327278484770264,4.628941597863882
7.191176643950958,0.2385854717350359,1.8604740360072385,206.4835327941919,70.7501091890745,986.5236061079147,19.560934187930673,0.919120964127379,0.9666942942998455
6.569198902859837,0.4698530826182114,0.17333608598431666,87.18552137702554,64.32735260921754,923.2589635946816,28.45715487081978,0.929482828244908,1.5876215453319615
8.63888486873187,0.21172084624030763,8.073325455628778,529.515752655162,67.35516845705101,661.1504292178223,27.82759707493143,0.7169543040094922,3.7795783014191673
5.155403323705487,0.7901100596770675,2.0254451658986055,160.98633998464496,64.7557747540708,783.3921787027796,18.9298782592938,0.779397806610641,1.3417369868529418
8.833138986928414,0.46963214803063363,1.4988696669692825,308.6555589129326,64.39253981212475,801.5218985685832,35.124640460126415,0.8034624609455463,2.9095241919916695
4.090163177319324,0.7661981344395238,0.4397523518365682,104.83904144878728,73.35132716258684,829.4889737098197,13.864873652795719,0.7281658113324169,2.598414336917392
4.678150675211995,0.06733861926927831,4.616265974668784,244.15788588526448,79.36220571903493,789.5848863168537,20.170296092798935,0.7711768442966198,2.9112456796557553
0.3269737321102942,0.447308552176135,5.729571691401655,560.1826592030544,78.29541592244912,670.2450389384811,5.9516806261829025,0.6883922340356022,1.8700284962200437
15.680026642159502,0.2708249324126997,2.7281265854847243,207.96787199106652,45.376586530525984,849.7290145447306,38.94033883448344,0.9109626053080475,4.640251615677439
0.23674718430010677,0.34963525218498137,3.440295249022304,572.1371595364136,87.61912953402171,729.0635223538291,7.894057370906247,0.7172432430144867,0.7783026064785505
1.4506685056053261,0.528090401295103,3.185189326534973,135.50246348440075,81.31305341190783,853.1089276814636,15.515827134911659,0.8762972784053482,2.7871270864111968
3.2853740287809465,0.4162953605797529,0.7903300171793881,355.2366649459849,71.5277705853129,822.7383963011773,26.41416933307005,0.8810243062688063,2.5210462610724913
2.2607607511980214,0.23816825314910944,0.7809175449961829,144.51186899182554,82.52997917811638,933.6866062706245,7.423216421782282,0.8438434434049645,1.3913041562722037
3.8242774088669726,0.9451113280803988,0.6696391997299547,103.04565738709086,59.93944935718954,859.4983073116894,28.682800102683256,0.7666927061985924,2.765969122825717
2.5350045415557823,0.8063100436043669,1.564171039333063,252.28879168318045,66.72052280593758,899.7495533381749,29.195502381513098,0.7905965406622635,2.9385205147563287
3.1702643930086425,0.3979633782539163,3.6149932246503838,78.72343325395663,77.8424306618247,675.6763342594005,13.009251311150091,0.729428229451074,3.8008138783030523
0.11914281128654805,0.6765633952197637,1.6291618393126073,389.03651870381884,76.69491191106464,797.655870944515,20.103059851582373,0.7467376632747781,4.173229290250227
2.521192901683891,0.7356619866498486,2.1564427173956777,247.93409866890167,64.17532731340332,918.2671564317219,26.222757020425977,0.8504528736646931,0.952510493650156
18.763426602877864,0.6921572263763208,4.004676708843947,164.18590867281318,13.7616016919944,771.5172733785807,74.71396942487402,0.781576913812031,7.380037115081883
7.753874650046589,0.3050156726528076,2.329362444080089,267.4474023149321,66.58821386491559,855.2283669642743,29.078426059544153,0.8173500309884445,3.3909484184741046
0.9708437828025336,0.9002567201480828,6.1362824370001485,385.7840803587385,57.782511502008575,575.8396758623205,37.16796858455412,0.5675644974599418,4.937720670357704
13.455334394504842,0.4089128736257014,0.5886765281033445,156.30622037191966,60.592947680684915,957.7683064273486,18.97109173682817,0.7820847204621711,1.3191135251213175
0.3201685232778988,0.6937284234373945,6.818247996608018,595.4065206541976,80.22985195312863,722.1534950678254,16.923748356040644,0.7232463640310534,2.671254327025718
6.060643471576443,0.4355144159048195,1.6496055759318837,520.3688359697093,63.09771600771824,864.3360004110019,30.898708643577947,0.8139389491473704,2.4835887908445455
4.071004424136475,0.10004861896717114,5.547783138650519,432.0130373938484,77.75385593122593,714.992979113562,23.726670698965414,0.696437850626156,4.363145618111346
3.1520426467236704,0.5936694438677913,7.07148303655001,553.6270669162798,76.72210895157556,616.9405246854861,26.134643648261303,0.7322225706101056,2.474180434087008
0.8324848517200245,0.4261943362262042,3.167164547040346,368.9792363657427,77.6232912342896,686.6175281163141,10.32236164373549,0.7626657122088422,2.658819454275438
3.1688044422228634,0.6593924998929792,0.9251687552220189,518.9598175445631,66.76565269741322,806.7435030869949,22.62290141705205,0.7859751958314966,3.83125869369731
4.079697445008875,0.7552156676265146,2.6710955836438086,211.68116098733344,58.0536642250088,762.8474780947879,23.073837107078536,0.7464347255392177,1.5878156488214006
1.8425658570292387,0.49701968090887955,3.269417888541315,487.5628071139936,80.71678890393251,775.8929750375938,12.489760101767725,0.8008026012433967,2.924086777056561
7.2894128096120845,0.2999568477243668,2.084179758903095,193.64896084394698,70.31307110202856,910.9238099757464,25.412464012156125,0.8506525547558659,3.8096333034841052
3.221202039977677,0.9012443650206623,1.318968054105986,295.372859715914,64.91396757026463,849.1642774106203,22.34659656158058,0.7548687574547362,2.80290887740611
2.952366262250645,0.9084937754801037,4.7850044512314085,376.20275203954526,62.387038082657874,628.5217403940951,26.628105416429428,0.7322301967126411,2.3171823007787458
6.402577146127149,0.8251676312159753,2.658669979168862,334.93374880775536,52.91424013282688,866.1268322387253,36.19591470796365,0.7980445791529024,3.718490875810141
1.8414058597860619,0.6924531325600909,2.9645188286961734,161.61397793686874,65.76766976911354,770.3405533901247,20.13712427561242,0.7057913089759988,2.887194235769375
3.2422043874453923,0.805854722204423,0.5966247415526174,150.46781557679822,61.21311788670453,810.3444983576125,17.31923703307021,0.7504361855900059,0.7860270289169411
1.8476388177719085,0.31633918516690696,1.1069377571948058,256.1726825972747,71.10649208628853,911.5189925662155,17.662197294499393,0.7758318748069447,1.2602684101474813
1.2007702376990679,0.5525011675383851,0.7467230843614436,174.55430898876156,72.27410229241194,837.0086261351137,24.91105948977099,0.8211946748148061,3.526652051103509
2.608492106500957,0.4134654687625228,5.030029203289345,322.1431434863029,75.36198329371057,639.1048473197042,22.389326140496742,0.7073951576678239,2.5296449956737908
2.8106759963066494,0.6934286385300633,0.9716598997422368,376.3515267090567,75.01695991207961,789.1609537902553,9.66253916415128,0.6833836650015164,2.0309125041055696
0.318838735432468,0.5235834303945215,6.165517022003377,361.5895128306161,89.50220619991856,667.6479923131953,5.90153931962673,0.7882237048597168,0.35897129108245895
3.2811570755346615,0.691716463690308,10.18506260104832,321.04819821284514,78.59462897976401,553.3329619812139,24.370462425129247,0.658878681363888,2.7093486558462807
0.40486442076369833,0.7289030450287366,0.6607577854400866,441.7959891044224,75.06084783496009,740.7254997510769,22.27138829071051,0.7706378333165174,2.3575674289453015
0.6201071366044667,0.5647924505765466,0.5465030179154591,307.3136205151125,76.52977572227447,855.8570605575646,12.751419324112838,0.6780622505027872,2.727799006491105
5.2672272560469,0.4356213647981824,1.607197525949842,265.24533910596216,65.85390934985614,910.3835762283425,32.21588911290972,0.9524057175918593,2.8421677964936527
1.5395696360256532,0.38549743892275723,1.9188039041387082,109.43344345343078,88.74340723358027,823.2734922254264,9.652039083465336,0.9164633437567169,0.23916990901183355
3.69338811186661,0.6829067473470299,4.5144421159804855,283.4467764425963,76.54387167013682,714.5567333311241,15.268137559280639,0.7697944347311311,2.963956768770092
0.20091763180077093,0.15851446347923695,0.9468461672528207,423.8406929099973,89.51945814883777,946.4933500397017,6.226142243008437,0.8693351451281457,2.038548307844854
6.588824962533451,0.14839657358365382,4.375287249213311,350.9265482746942,71.00879846471854,862.8715963583006,19.675915848654007,0.7775808714905166,5.7160772447951445
5.29169957083171,0.14992494736490244,2.6311875060675742,592.6999110765154,80.13308234057692,878.9499906018955,21.61502472438321,0.7831088033327355,3.4726808135518743
4.746175229665816,0.9781219601049151,1.7565197300357756,330.9510762824495,51.59397666678579,772.4604112835739,32.22726264533302,0.6861221366546825,3.7011481292957518
4.261919352963315,0.11675876944315856,1.534887058048565,384.6025517970447,68.43697630977232,1055.6035856858416,17.283675804451544,0.8915255283181153,1.0660684580123463
1.5643455678552207,0.24838581650445488,3.364627206395159,133.76268327890986,78.06771764795033,790.3492893815109,16.260557576609145,0.8114418903923618,3.4775389188550623
3.9162925822893797,0.2163759794014031,3.5959616566987096,193.89063165187636,77.78641037964815,839.9222775888103,16.493706538751958,0.8345103578372204,0.7777264260615573
2.9334984468908147,0.7324570714659129,1.709916741119891,625.7950526280592,63.96747451551321,619.8175745948934,33.87758488007714,0.7064734358469411,4.503617754862897
2.355360380158452,0.8922792535707629,2.963539853405237,361.40039620061833,60.49392785772615,747.7731623017319,32.53731654879962,0.8586378897890727,4.292149320929781
11.213842794163616,0.5326210004502967,1.529597716185817,179.94584422307446,48.50595193766558,715.675460009443,34.30311621978483,0.7446343723393739,3.403539249867374
0.5854182360682665,0.26592761073727444,4.292373477026738,148.5344504570082,80.23192957086384,759.7080961395724,5.456093262236681,0.7084589838732281,2.3414324191150824
1.6321628486048043,0.7961518836705198,2.539855740212617,234.94548667077729,77.48434879052532,602.1209704192332,24.487300528550815,0.7146585722887784,3.2942827185936947
6.249931553011,0.10373188896347216,0.18090633936013392,274.20296180849175,68.77301823015476,968.1828625962243,24.21668876973375,0.9138439004340729,3.848441374182534
6.84733467662429,0.2581629490611186,9.788152842265829,95.81192334055923,66.76155189225,630.9017701188696,26.599011839497432,0.6992024396672214,3.2734747879090356
7.539186738053444,0.3982549614132296,3.1091529486523846,742.3290299481704,55.56086366700882,791.6258783526079,32.5807336075173,0.7619878076949284,6.112086521455394
3.022499249853884,0.8770383537559397,1.6070673111239548,273.59019739010853,69.40622618235356,794.0321426732736,20.648726039939152,0.8364825916616071,2.7493359892519793
11.388659735757635,0.5574751551257189,2.049459671385547,346.36701274858194,55.165856677212545,909.588541449818,31.238227160957845,0.8650508297627431,3.853809744823792
1.697590016879121,0.880467071320441,3.756270586423776,146.49320498447668,64.71447606110546,684.0056703769488,39.55409119371687,0.78607736292435,5.128789299071608
5.437056844601999,0.5390144592778864,4.233872566880614,368.82313664273545,63.78244204721711,769.5832122249925,36.208132467355725,0.7825932230351409,5.568501058821862
3.8584949192303157,0.86051132324759,8.504793742043452,161.10911223951595,67.9961033225915,444.36907181769834,22.89397912411229,0.5139685332245361,2.9544484601317813
6.494895488013887,0.5748187497768856,1.022225710156131,519.2761859348082,68.13164355479617,816.8818556323764,23.885394880346766,0.7713372362343487,2.0556427078982455
4.486758010127176,0.22468472180679308,2.736703688377691,322.25895284224754,80.47657115001381,715.3895931548415,7.207217992237078,0.7987962192392983,2.3006344041218134
5.020029985375875,0.4639970932857476,2.0799026125876923,188.90150124037817,63.635364236025346,871.6907845282882,33.318687014577065,0.80164606858696,4.95832260283245
8.322963109478906,0.7236004564173274,0.1721887966358536,285.90908149341476,47.99680251107222,822.0633440501229,44.57528679287272,0.7709667078759769,5.321949512549478
4.402243997957409,0.6866699139141508,12.198033026578551,93.58186238796765,59.70551407385171,415.60700090815016,27.86235378249723,0.6163928236971921,3.529361422731742
18.304121987767555,0.4472134500512101,3.165790894457859,199.99422110108688,31.62056801573272,831.5871342104779,35.22827645771845,0.7985352561353012,2.4129061947017707
9.555345663568872,0.3785198487096736,2.422912863293792,561.633226662463,56.92665821650062,872.4216340790081,44.01067177655606,0.7668575965464483,5.579787442052941
6.264096290187188,0.6969929849212099,2.160078751009267,243.89337874961595,53.477950913663946,768.019344379631,31.58628315326752,0.7027429995291969,3.5479406631286494
1.7756431065485367,0.6373542973441185,2.572891025482482,572.7580422539528,79.88328918673187,819.6616312395141,10.475059203235212,0.7935660500925724,2.71150695337396
5.983931262553902,0.496686528142481,1.2742836311794055,114.95928638176775,52.46098165481431,863.5320341995111,28.13395545274721,0.8443856640411662,4.934772260750628
4.927906157149056,0.08074499607367425,0.5353292136810004,136.6254217884179,80.51473603242657,908.540750408579,16.16433550995415,0.8657501830176311,1.4090056014539076
6.253089257814625,0.28233032417908865,2.2698187638854184,377.05144566124966,63.80004777137423,771.41602880824,18.723001043606168,0.7484535775489395,3.42283841544949
13.827363958323021,0.8017628088985054,2.2930882198797136,203.0529262779896,30.851416140729544,786.3097975325576,50.697538118351055,0.6864712628260383,5.016561967322632
1.5010184551038883,0.7319700089538236,2.173016395015843,185.31109147217987,68.86544921647508,789.7322164912407,27.28600960971604,0.8312898007809464,3.1996755849049117
4.056765166333954,0.19862447930571708,2.7956458298860576,872.6700249209541,86.17084081497809,858.9466939559713,16.39254842833682,0.8279314350715115,2.6636603781708454
1.2640312898077053,0.45506194100011316,1.6927725967713974,324.4332447655185,71.42821179081685,863.5854243473416,14.449151218722964,0.8088991175005965,2.2476015364851016
4.717626554254127,0.8201020335415599,2.1088254019836308,314.98257314292147,55.88308621947862,800.0050478693719,32.025743429751294,0.8006188206840273,3.8033864731395894
0.7225496782730905,0.49657972361144803,5.609849729228664,283.3346902219326,86.50382590326313,750.2252539339235,12.659255410417195,0.6774845833263003,4.369408900166497
3.1121760390509765,0.8301827524806202,2.1217934089424775,239.65987491322517,62.79913504093837,879.0564637476127,27.567818574568822,0.7700203375183874,2.73048864054529
8.562134160952471,0.8572494051274372,1.0073326290673406,218.97799326061715,51.21760789285375,806.2440942893626,32.928468147359006,0.7806731576994441,2.7245404035382497
5.552809015975512,0.8540443722878951,2.259383341577599,325.5464684649059,62.83514128190958,741.0437641376747,20.13777790249768,0.713797379873877,2.8741737790320956
6.278095659596733,0.5046275087946198,1.0539138163669166,103.36312541096197,61.87737356635513,917.4227791690425,23.41114575357064,0.8837308112333461,1.5111615606918698
6.2854061748224765,0.6616491567484358,3.2594753510775543,149.35061382195963,60.20301632312069,775.4416177750144,33.761104009460595,0.7535339212737505,3.069822600006597
5.519297437006725,0.35036967032771377,5.348247823226477,405.2828019959172,75.36775086441482,712.3227403427644,22.881677772821433,0.7223012977465405,2.719523867268085
1.1278965354237105,0.21211846020685796,2.358049686740439,415.2716841277229,85.23618982477659,871.5489389859364,4.549937076515114,0.8386364868129356,1.6596880393913798
4.056009983682702,0.4716247743746467,4.3959502100081735,144.878138702242,71.30485206118905,710.2212474708468,19.57392795675141,0.737368916647158,1.8480658522827598
0.8128159112238442,0.2792817185570885,3.5537293912936514,147.77489430029158,82.3649516332453,862.9210029562867,8.950047680735244,0.8206191388361609,1.6371481556937755
9.182656186225106,0.5908870993115833,7.448302734372673,119.94821866086993,55.871558032413574,580.286732202037,39.40600395505269,0.6336141600606015,4.90863411172008
3.4277568879089984,0.5022888052614275,1.6512861616570516,152.76061843264714,77.75587766242583,932.6572118936414,9.796703131579996,0.8453147949640641,1.4300108567922958
3.6726424345717152,0.5239776830464489,3.024108964321157,398.1317397336052,70.92365112383813,742.3516511482434,29.904540717391207,0.7700163473970689,2.549600158857054
1.8024035322339143,0.27737143629423733,4.469821692133062,167.38479237940624,87.22740041061341,767.6103384655073,12.448451074941506,0.7288949176744606,3.702549004646421
2.960062371926819,0.8353295172787022,1.39725226960791,85.71511778511073,60.13420597878141,867.3724782937998,20.52896861850077,0.7638061100448773,2.3747608215414173
2.542136566750736,0.4954393813041926,3.8664517914828522,233.62750633891994,71.23074656386356,819.7729798176075,15.89523722917806,0.7480729139586035,2.872578063308743
1.3833164815043173,0.20425964435858707,1.7113496496662044,472.137222279458,80.0621237398153,906.8889871722511,12.791360147037908,0.8920796415228582,2.225741713921906
9.178845662727467,0.19064034755226267,5.076286873513787,200.41348018298802,66.27978856230895,770.7053985038069,22.93371957389273,0.7411054262027696,3.9733352599922984
4.271043673754256,0.6405171773247198,1.397664449615991,309.0174231943755,73.31612776693198,927.993897046814,30.201916461412562,0.8650064801389343,2.756056055772005
5.430451278145433,0.3081593006252351,4.262789212705146,574.9245085064754,73.34814250331374,727.571119310402,20.39116197668435,0.7435428902113138,3.3260744782109053
8.37747041484215,0.21251942637945026,2.455343975196441,195.2059750444679,65.31107371742516,716.4675764980163,22.719740621767897,0.8195877867578807,1.3430867329327243
1.9514984360466048,0.28955695535761033,0.9319215579833933,155.54340096244948,80.96985307347542,1001.0662098491227,12.981760861681026,0.8609437042423315,1.7598611414700058
0.7264059850300243,0.17214161113605075,1.0870007237650037,330.02109388977135,88.93229723349533,896.3092373547856,1.420400865114428,0.8944455049381141,1.9262368170512607
8.269692932675307,0.5722850086869239,2.0513283202199895,367.49414988036284,51.177206072834956,782.9936445380597,33.231551348521315,0.7261683159077502,3.872085893333378
2.865676321435308,0.5687231832814993,2.040971953935855,175.65829355813068,70.22291718713342,832.1624462668692,26.334188626536545,0.8303978949737059,2.996117412881037
6.411592819104406,0.5179244332441731,5.027810076501952,249.6804089504491,60.24298005104175,769.7709536217498,26.891252106363062,0.8454616952987314,3.922498861483276
1.8971526703330066,0.2559090877377217,3.806825549333463,234.00264035600208,80.2347204608967,811.0594687782647,20.625235573677642,0.8414628682331774,3.343627601080083
1.4467206022591816,0.5341009126314504,2.812738047517856,121.9064675830981,71.80762826289124,801.1341426638303,19.06779605734737,0.7897024052344523,2.4434784620362207
8.878118665766308,0.6455937284145717,0.4200114256975523,430.88849527555135,54.6320939019235,895.6522053956792,29.46149374050775,0.9251330229616215,2.5690416826444875
5.716346211593008,0.4027507624642028,1.4255358031909344,301.27091072965027,71.91705664283,976.9720547516515,6.202654619546678,0.8315833679629616,0.9390979389044712
8.289912833509401,0.32542636017598386,3.544239793055552,183.6047725597013,62.71018020026702,808.9716951984645,16.89707681479495,0.7842223528191108,2.744866233423129
5.399032848070463,0.12618022065706205,0.960290683660011,147.89759641083785,89.00154444951806,992.2795266324248,6.3042115981356615,0.8742480906747453,1.2772526063135163
2.0004324577830506,0.5388892223032166,4.166614840954118,258.76213743305755,80.82108516700629,802.21595066266,5.211016596139755,0.8487611718353238,2.065120236139091
5.587011805212745,0.2978857322772799,5.261001723019447,220.50827976068965,65.71294329688389,787.0518093492252,21.83949108426628,0.773707858890459,3.4086970718011322
1.3695608044654966,0.2621247683841639,1.7086735789612826,189.60074932229443,77.60832758582484,872.9223044335689,17.37959186702013,0.8238164698545133,2.6109225841448622
1.0147421534582355,0.5675018628147225,0.9017707982910993,85.32462975756926,77.49680004524014,826.729013666925,9.255997410104447,0.8332851418525209,0.33062838306525766
15.223714769449078,0.7428588563208284,0.7663397719534897,347.1658340064467,32.82367317730694,958.7102112156917,48.17340601024369,0.8210084531030679,3.3979661308893983
7.460119733122566,0.5209266274669511,2.9104435526639634,516.8770059341712,61.989269203558926,910.8026331117782,26.092061369663302,0.9468049938961045,3.7638536604427384
3.8525280018296324,0.5980290468776542,2.661431339258998,413.34055790443927,57.976857784294694,824.6232264662223,30.380508237563802,0.7504473934926649,2.500349020497148
3.048976399277605,0.6020521975413698,3.1867077988281096,428.3305262665298,74.41660163111737,696.8933086542233,8.732443148799966,0.7102008713678536,2.5890403464417036
16.29014923056976,0.8846149519957871,2.1899614035396064,511.13165068206274,25.885217834989447,811.0451216291175,45.18111119977282,0.784474447678786,5.072814575434203
9.786531307234874,0.3546170128463687,3.5982228162116403,110.4641771188105,57.90759532627706,840.5088378047257,26.011529046869022,0.8368412691695555,3.8994870965140302
6.568145073485245,0.15936211728839952,1.4268377213868377,234.45778473294752,76.9186150472355,924.3590091149541,12.290693957120872,0.8998567239036837,0.11643115721945363
1.7120250712184186,0.1995007334148916,2.1725664000043965,418.0642363510542,87.3998958151178,811.8697338974079,4.338826713569257,0.7730907028929287,1.2992924480462047
1.5818263389563496,0.25129414498263636,0.7559671759068785,202.7297309702611,78.57542525012065,944.2861184556934,0.2634877435954692,0.8292373470972414,0.9406613085278857
1.099585209197948,0.32113578277687077,1.3075833654637705,391.07656597230533,84.64030020143515,843.2567296305824,21.776290663228508,0.8641935047170003,2.278310082627951
4.169327886948642,0.3929361461792879,2.165532507585238,369.0981340319347,64.60158525797837,819.3008787327728,27.302504863872,0.8574418721945452,2.7190195779085053
12.723057239572244,0.8193539106749981,1.3533164175771764,92.75151114024062,38.1737500910569,845.5025535627115,54.881056809298485,0.8117588261132719,5.384803386917377
2.1549642596282257,0.744592586260126,1.8465379224364598,118.92594920875787,69.27855213209557,799.6167594207737,26.348031560803612,0.6448364448162041,3.4928214533800244
6.967168870621233,0.4197905372317147,3.4907655328820066,252.60038563998995,65.24470388822691,825.4964878293387,15.527698864452788,0.8581611116465203,1.3815435338929838
1.4417009698196166,0.5704266402949913,2.109158283368788,90.26374801916145,79.55291931842247,801.8510957424958,14.21780421810734,0.8688698987253403,2.335368577766693
3.438793014998757,0.6347384770408867,2.5957276690606976,351.40997591047,60.69728020522349,813.7533633274852,21.13477129803135,0.7092036851878185,3.8202617502748484
2.9292575963838705,0.32202584053584876,1.5832416160635785,306.55861393756305,81.84905909718823,894.9648695342938,15.37984325387868,0.80651956351955,2.5787611797830596
4.90438367169122,0.7776048940253163,3.876235057218441,233.06635610137798,58.26554646382786,733.4822887068885,21.79523258029161,0.7880748799186782,1.8742500245685187
6.757498905634186,0.8383559648763393,4.581470134176299,486.1215241487178,59.49287971092022,779.9139755075983,24.56399503836193,0.8040687618381741,4.380638232371869
3.0991320362602197,0.687973530204304,2.8791804288130294,331.35095776331303,63.01951797875101,839.0849810524079,30.352986346495836,0.8009550889390623,2.6077813202822497
3.2871964702333596,0.495135887278217,6.221702609961227,318.122718651712,78.42172455701902,694.0765056019764,13.498714622155424,0.6240220151781581,2.7011535326790574
2.488963641064706,0.8200142739793369,8.308434140533507,343.5196401603428,63.53661866194074,600.4065301987648,27.39212639121929,0.6768498127611302,4.5405397833687235
13.11029904719113,0.5339463744233894,1.6964590736750043,665.4602506627264,45.87021435649333,990.1220602250723,45.510653655888994,0.9248589104063651,4.790640975702561
3.690518790667217,0.4223925801243,9.102744652068358,224.58274793482116,73.25657567010478,526.3771639015229,11.641594750144932,0.5700735067799573,3.2463104588278107
6.772167958321915,0.08448229674305527,1.2010762254267218,856.2464979848314,70.97917388177576,1027.6633924585362,22.391778882267772,0.9184592050745235,5.212328557760857
0.6098390775882921,0.7412519153989103,2.2919225084390398,396.7803482664748,67.71700508853999,740.223819638869,23.613327019104894,0.7385569285250253,4.719515928582441
7.340964664121797,0.4639339840125227,5.1319894616449915,243.78230012072723,57.27542217711685,573.4904700665817,33.98556080287914,0.6590601039777407,3.7221892988841843
1.5286583498081874,0.8459149352258143,1.951853733912713,59.141133480463026,65.20251669721817,759.7720075301891,15.568895955546097,0.7204297029461139,0.8573189028200625
4.01192159326208,0.2805425839724935,5.545035876362003,93.09214813250338,72.07602965849145,864.7998856598626,19.396097638730414,0.9152898581178817,3.1842526893055707
5.7016514906584135,0.3761681603814322,1.1244638191552734,277.1782307657571,64.40548342371066,963.8734589916353,23.503847940617845,0.809601538630662,3.1650498498233497
3.420938454483252,0.3958013317624855,4.35103070263607,56.621004964848545,77.39561911668454,828.1070888466428,18.084085106709495,0.7835447957445482,2.396214670688251
2.0988933838362973,0.7981888933154239,2.5533195632732317,274.96444020720816,63.45973260260976,688.119444943967,34.88186616645143,0.7559399917453298,3.0711744112758304
7.766880887246658,0.5335305998326145,0.5617906833947037,273.0259125766051,56.797355709920126,1086.288307380635,26.337529319511447,0.9703206912324579,4.468939583848975
4.598992324170171,0.985862540617356,8.005764478001076,239.6458052518873,47.43479089138519,512.0703198332001,18.787149317238487,0.5804524486834596,3.627679544199349
3.9149504066755823,0.7770624274127628,2.2291940507648027,167.11106031269227,60.82888827374404,777.5062703801515,21.483515741274473,0.7129067534330072,2.949663442482442
2.3163710058000366,0.41594682644682124,1.7645872145742234,393.4048281423331,80.3153497356278,971.250832921666,8.094848972812464,0.8387177232278303,2.8258952650465785
1.2637774691005432,0.48042742202086075,0.25118525875348374,111.82417289702937,80.73748396246638,931.0356372983367,18.181031340961432,0.8867976313833128,1.3444245816364848
9.182204554150273,0.4543433708345912,3.755578845808281,204.9548662641909,47.83310724015419,688.2231544909696,41.01004600978391,0.7197337232122332,4.034682414830155
2.5965242020027355,0.8249351466508545,4.238973241450415,69.57026756957964,62.46373522274405,717.0758566568525,21.530579288469315,0.6834526441040853,1.7587329942355538
2.806943510417928,0.284762708303053,5.183078468442711,341.4661326073766,70.94384723771599,722.9273141865225,21.2904840000862,0.6310218674043561,4.468100460762412
8.953741193879448,0.7660630340510519,0.862733021932337,581.167920645229,43.7340212082098,886.3825871381246,38.38197411400802,0.8556668144362517,5.8884661970433765
11.215126673829152,0.49495189006297374,3.9534213008973573,79.5470272567204,51.17891281073497,778.5577935585392,31.971208827828676,0.7646209400125701,3.7824125705423786
3.2015983729628745,0.21565134128141614,0.7136247642375091,317.6985599959175,86.71446671656322,965.9055686668167,18.5933730633774,0.9228141967270469,2.17105797803082
1.0144305657156023,0.8914466540247163,2.901682988653641,447.28704055704657,63.85018324539751,704.1638571804999,19.41371126006819,0.602816022039063,3.3607301081164844
6.986138309735331,0.45383402207719714,1.8910946003223998,119.56942852936332,67.31112582624509,714.1417094269514,26.691870414693327,0.7593239980941717,2.9458524984226284
8.976316040540345,0.9228474649368497,2.6888238782125424,348.869500561022,41.688959179883504,703.6216880005784,43.19485434237125,0.6869424566544104,4.010687203228273
9.325981728637707,0.58920490825338,5.772790007688061,185.05628875598137,58.73888355895536,586.9897179260448,32.673305133141355,0.6716728940284836,3.898457600762788
6.1415808986669695,0.525244241472231,5.239480255602642,247.18836668227456,57.57825952964371,691.7895774804964,22.915436367630164,0.6825504686474277,3.0962475383351507
3.4785946322658443,0.31631055849532685,3.1653797560696946,447.5810391617535,83.54022783068721,823.245148098436,5.433720654186256,0.7971965364814958,1.9598225397475955
9.004044898679503,0.8774331071412255,0.9274075513894632,389.93602387275655,48.520461717658,722.7603675050046,37.58031252520941,0.6461865613810707,5.554060108452684
9.045297369252205,0.7846530108281163,2.190442422630981,406.68164949319436,49.44978468603136,761.0681853722427,37.17437811110059,0.8027008618903575,2.8185774401227546
2.2785254532016355,0.08115675944510128,5.42240172057547,218.73203827681454,87.66850599268419,870.0743891601037,6.142781945218391,0.8722320574806798,2.215887247760666
0.21795118224530172,0.39758678610834464,0.6303372531403284,181.67930555381224,84.9336242044107,958.7258337535685,4.543872692958306,0.8590291952230771,0.0
0.6150439964226302,0.5332637518611889,2.4340568133981124,422.71972080902367,74.20823169176444,865.6121164144089,12.032580256269314,0.7214486751355009,2.569843826364667
7.474300599771579,0.3005038230710006,1.1097512078635596,633.8615474529399,69.7813572051345,934.8520380122228,15.719771379493066,0.927565594703131,2.8766130297492607
4.467021684915106,0.3740194108523587,5.062602780848547,68.69526792376385,69.40229124481615,688.7429718553295,12.127609710402945,0.769889534802523,2.0744037188005047
2.443688044117924,0.7390901324182985,3.6053614249639585,179.46684144885637,66.75322652817789,871.5863083476049,26.08141817234328,0.8358888258020303,3.5543240470663666
1.7160621330783585,0.5620569813005318,1.252183642165133,575.6160130123316,73.82063034764514,800.0328822661315,19.975986139587487,0.8294405895814062,3.8426536912672566
8.607364776954586,0.22779048852259445,3.7612273370754252,375.58436204135717,58.23037621312708,806.8236644270168,32.67821331187405,0.7356548432596437,3.986265568172905
3.5468584719089487,0.33646029229356317,0.614802963948532,104.92232685809326,64.46082893977805,904.7289450285771,22.43238329122586,0.9378641646750782,2.0261224992611724
5.6446026774032765,0.8190416863405695,2.8643040806823783,390.857796077173,63.247126920333,778.8711230172908,27.921148202125202,0.7678154485508987,4.436535467600586
4.4582245623689705,0.5266711875821531,5.792299836165104,502.15244938326816,69.46518551970583,608.0934641171496,15.59687327354278,0.807945710060842,1.913704730717435
4.3719223798798845,0.3398871588909896,4.912026844291961,551.9604681033929,74.743580801381,663.8498647389789,10.038646598840828,0.6796338550385523,4.588965021094684
4.535420741720701,0.799052349860145,2.0423930465830002,419.99785618219613,66.53107745016068,665.4653832802314,30.780698583647684,0.728970025022751,3.8637013694250806
3.7646805525126315,0.34609208063246205,2.6608682592815946,200.9137137872336,78.84858362365127,801.4069044000382,8.729719243657836,0.7673827790769417,1.482032290302763
4.992416914102865,0.7833219887401769,3.095596607845952,473.20825412029814,58.704039992952644,663.0931436823092,31.89242893758277,0.7082761141985688,5.517917558200513
4.204102315582149,0.8193386669127929,1.4810200529423112,127.08220766524848,57.32657269148524,762.6537638771749,34.727412863073795,0.717507601292639,4.439820202023195
2.042588868154649,0.5410454586082811,1.60072781644025,336.3882551238245,72.68164913242455,894.2430435965673,22.425958179976874,0.831565844443466,2.540178634301328
4.171160969128748,0.9046123001054106,7.880756829758728,394.4802681739317,68.27115694423901,498.1411925115368,20.88349885861122,0.6245779114445953,2.564842722028685
3.1106434774692717,0.4936618222564118,2.4768453607069008,286.80156306729174,80.29055375380878,826.2716806858667,18.175699059576587,0.8158240460815036,2.5809435084840935
6.955340053143316,0.8534894944045072,1.9325316138043385,238.8979270752963,52.986926722157826,808.43166957584,42.06207997680476,0.8315281303832488,3.1277705061148566
5.065340046723238,0.8041909790312953,5.093910751123415,296.58412553133223,59.53186639844829,709.6416584145235,39.03993408472154,0.6692198060499441,5.3978846511753495
1.0306481969450925,0.37102613074902147,2.7267113757292796,261.5708437523149,84.34299125231786,791.7477641132832,12.65882150964522,0.8317072328419397,0.7979243284784996
3.905108872048114,0.38562814678416063,3.9144558656106914,204.9790809047968,75.06138004498276,778.6175059973828,19.099195748510436,0.6616179291296549,4.485374826751352
3.405282411389077,0.04640467784285459,1.2207936013436802,156.65263597163676,82.74259723951543,949.1184280655357,20.2198584374258,0.8514467327495016,2.7799829187567346
3.301240396875899,0.2551608406191179,8.290558968404877,323.59474328280385,78.50292956962872,531.0943931437265,10.634545787842356,0.6285800014293597,2.969448108844003
0.9534223490346456,0.11760202572656499,4.984594487473354,496.3172581318037,83.0755218316495,717.3502440959228,11.102389325534865,0.6700203466680652,2.117746196171619
6.007155917950306,0.8526999098636538,4.4826291903546895,74.41054961246152,56.37291791276018,738.7675943552847,20.77487979129824,0.5973586260100768,2.7618141482602794
1.3121968634622005,0.3387217906764605,2.975808038972706,349.32546340401007,84.310054690544,794.3117565857428,27.44844395069638,0.7687455375515388,5.771336495286494
3.2994188883805253,0.700509274454811,1.0223790685828982,378.9159599841791,64.05672706016335,840.3268378387062,36.85335553902764,0.7808391333880997,3.6616177704070276
4.777142550903006,0.4127928589309495,3.8807377859691776,225.19438527694504,64.33207565529193,774.4164564200881,35.17217541360256,0.7976700631311178,3.1659727433514435
2.9882545212602216,0.5145910454034459,0.8192100394127212,521.1719933804636,72.02725534478589,805.0145478243368,18.542037141661492,0.8154584034307173,2.2394439419847054
1.6548188085287876,0.5098431329587965,2.4359652378403505,458.8939994155009,89.48355757211903,823.0115983154577,9.388678898797341,0.7155440277416849,2.7054136688462953
7.401465981784687,0.7416609552433401,4.164893009381614,699.5761101220883,49.308373305211255,675.6214643819475,29.93717698309075,0.7224995483575708,5.806296465800523
3.6836153485624035,0.1368555018798651,1.4504445783615694,367.0407900239843,79.33335939085461,981.3353077804773,7.323081972663882,0.8742252781273852,1.6361420049640027
7.987838350932473,0.51218854502952,0.6754686630329534,211.66861240528104,48.99478207302865,990.3108081232969,34.50601391019151,0.8621926828383774,4.632642883663745
6.114669555180063,0.897805640844543,2.1611226812927145,46.709729931919824,55.341771084237216,862.2093844505497,39.642253411086756,0.8672126661394309,6.35507766206888
9.213126622525603,0.18046591905564946,1.8141607716423565,363.0165052027034,64.20917506162439,970.0108324251412,34.9077603827631,0.8559944378415848,4.039381225536193
5.281212127725073,0.18537890351754863,3.568259127641848,318.6400539779564,72.7751017216237,876.3567144356364,14.12112676100686,0.8690780819076713,0.9353204925519647
1.3320734932056224,0.7437303360066366,1.6486810524346458,600.682507851049,72.46548045010222,826.6755346881602,21.06559256594391,0.7872600856304225,3.4848770439014927
3.366527855013937,0.40084990482948435,1.3138347377554547,174.2487216219524,92.07907041416303,892.9181793030056,9.765074695512203,0.7531039085467696,2.2734733969929684
4.986883227989391,0.677159820641734,4.982068937628406,116.57291635118794,68.26875334261156,767.7637561324226,23.76755395188011,0.7560530930645404,2.621729182889889
0.6078663341174021,0.8104460225886201,1.7042652714496818,61.054172773876594,65.91836666645499,790.361563147087,23.77347701845837,0.7143431378068437,3.4752646613793776
9.013977199360985,0.669996118897539,5.3320526540525135,204.74254085407136,53.877008506320756,768.9237648813037,33.86662862758861,0.7176535426830685,3.7475656859513435
2.541298163885516,0.9497368009084802,4.284184747321904,216.0594237384603,60.4138358636048,682.2720571361141,20.32282291099012,0.611252518208355,3.8483504785929057
0.3854851740598769,0.5814807839714468,2.327474970715527,582.2201025151111,85.24155240115414,754.5242461056764,8.288816678055888,0.7253200829747384,1.307559297574721
3.7967417752218378,0.19906967094442443,4.336882374877117,238.32861735114275,75.27253178587607,752.6119556202593,9.855578024504592,0.805246896880265,1.5038667849527891
6.75971335689408,0.8990054458798101,0.5934358920669921,436.92459919169966,51.58190689344677,760.4961494258478,43.229191114259216,0.7847980237636253,5.149315346800004
3.63767288094156,0.85058479474957,1.4929838147908128,138.607716237223,67.61865216915209,917.6696805259086,17.10436425793144,0.8597766931132506,2.459986679963059
8.998307404280759,0.6817268988127959,0.759138102149826,272.11424998340874,45.33071239422273,899.7375741335032,41.446857228848046,0.8123476359230358,4.834082024982282
1.5810324785788588,0.9080453459856368,6.847838235184761,229.3458706820207,66.49098003732742,625.3599771039509,23.18752278719504,0.598462987696703,3.565047871023882
3.332813065261991,0.8582388343212353,6.432242767444305,666.0332141159781,62.47407579149879,597.0335332505208,30.133422852031757,0.6458405716610436,4.995966063814106
1.9396113664128964,0.678124525331359,1.7702663243534589,360.1097576427288,77.64943570976766,735.7932765455859,13.940294920607053,0.7551951514585427,1.7919070588373798
2.1906759272933716,0.30991907387998024,0.25204208425687635,564.325655935032,79.30505907806577,881.9202782013593,20.531517250779387,0.8078516285274909,3.6797562468435934
3.6964325996817626,0.3659873166430578,2.786063293516819,308.85177137739595,83.7315877894174,859.9382182001708,4.011436425784617,0.767948388828031,2.06256371095417
9.69894395609866,0.35864611573126104,2.175887347431253,162.91258336165563,51.71890290074725,772.9340164532389,46.953113097511654,0.8080670043271494,5.006000159427957
5.565872327953302,0.6461459326119767,1.956741328023206,582.4176714078204,63.22526013918904,745.7755940051151,21.872436171901523,0.7944688456003435,2.9796569403263873
9.66894725193751,0.6858981792493403,1.1988487461459214,108.08537888299495,44.11586667392202,907.2118243301325,33.516120550029356,0.8859537274984068,1.5083814778030982
1.6698521594301763,0.7150759831021166,0.7984962351161531,148.7774416358922,73.04760520586345,809.3736566577145,30.447634316107063,0.8083399340791053,3.505913568249033
3.6957863655616485,0.3824112849509383,8.008166215991626,488.80190077428705,68.00391171426587,687.4605253974523,24.440708063348396,0.7235077625830749,4.16687699066236
4.6491657536352,0.36710477489389637,2.23489399298148,578.5522410502595,76.61214350836867,800.9442335449094,9.963156112867377,0.8178123627719369,3.58544164573017
3.1985061788645788,0.39392927278504475,5.900532983327319,183.17941378572593,77.55004746744689,660.4629424318263,7.274893699218698,0.5632578227265223,1.8745514867731896
5.70734869655036,0.6283263170962498,1.4747679519944787,440.1925453387848,54.34716783662403,808.9208242542685,37.90987257987226,0.7965608048730369,4.173579667824839
0.8649521032643066,0.4323458180115023,0.7865325260362923,266.9390688554524,86.35126845843905,989.7169921880796,9.943680151159107,0.9353042068656555,1.099891381959153
15.196643066952413,0.43596342382071446,4.451437505426939,51.64469203496766,45.068879453217484,869.2038040637256,41.776047206615786,0.8244387527693569,4.513100491799746
2.7967581300167774,0.5460761222766641,2.07188681415124,686.2919311838458,69.4291254150453,852.5696142638491,20.663247711295725,0.762694741393179,1.983604375556571
4.590722864943824,0.6052352553717041,4.809054045676221,382.03910892467235,67.91087714706347,767.5002916037768,6.7265762505809725,0.7520636996906205,1.263645954508548
4.576451380267717,0.623204535982478,2.8924787974878403,204.23662242335547,64.35321127609396,719.1117329662823,20.960817849997603,0.8803460886878669,0.6453259436015641
20.013857590738205,0.782276652020784,8.4102975165817,244.13565058195778,9.743390242076964,512.6303312558753,82.29877115426186,0.671400471378138,9.19637591031795
1.9352498982778583,0.8309189828234192,1.5220258966051428,247.38434115690038,70.65585827930508,804.0277727404352,26.067318809369,0.7359029616261988,3.774804667031927
0.024073212657673173,0.8164594362185834,3.9264828494595294,206.64741314876483,67.8202822849476,651.1491681952735,22.147308055208313,0.7332471664987295,1.710221651101306
11.416747893294684,0.27552238693663,0.5040954619686796,870.5603496460011,48.55226892302073,926.1316766497447,43.6328266039817,0.9452297764816997,3.989685537978209
3.390963150136712,0.2637103666674791,1.2317718770711066,171.5361249853467,69.75854406306057,979.9431889026885,16.404073102966443,0.8444991477047027,1.4920462193189366
3.9796583974752533,0.7789116121518256,3.3356268931237034,185.31821681687242,67.47475827217204,796.212576989577,29.099758013683896,0.7889518018853426,1.4293744192400264
11.351804040633787,0.30356349603340904,9.33088071051369,268.4034550624859,54.51149365465804,570.6654390238427,31.40004078080455,0.575494821297631,3.3976418526117813
2.234941667708308,0.12316323652236763,1.931780214288961,156.72783442874768,77.68695108130487,834.1945899122592,6.448647649104972,0.793566630175161,2.1056224542996516
3.602681484976191,0.6670157561730056,3.950695919943506,155.1375274380397,57.23495436525591,755.7588131850395,38.44430515378505,0.7719954463207878,4.1298800908211595
12.184503366922796,0.33712117590305923,3.4992250931128943,196.59163938926278,52.86494399004401,848.9717672174966,41.06504052573666,0.8575388222952357,4.733457458427251
7.6339741833502845,0.4321719030536404,4.8139324182673455,157.1062506634378,55.22059711574552,822.0906800845374,36.23241691709573,0.7319181192601318,3.786386240101712
0.33747766206245244,0.4110385048292583,1.1095392974294467,175.3094229913085,86.4072692663262,893.3700116739241,11.287410756885722,0.8026542145165924,1.9507846251698138
3.889545172122081,0.5066467175094916,1.904526723914033,269.0347209093503,71.71990031060618,826.656204967353,19.65270993244296,0.8257365330884141,1.1786645502833757
10.68251297094673,0.2545361442188441,0.4944472031507481,784.5847843760943,59.855435447613445,962.0732205572555,20.663510460478783,0.9492664394414194,4.953898494446403
4.92473047269821,0.880297706534025,6.140340201273651,227.93341000081918,57.38628314849804,720.0851110235208,28.945677129093124,0.77217677578092,2.827991235126373
4.531734552395406,0.3998125206113258,2.595580883415509,235.2246945547525,76.0248880442487,763.8254209768579,15.215254319918294,0.8243434696012559,1.0736334465908923
6.811721707932065,0.5527808676228031,2.611845043811929,299.1113289664764,48.75538624740485,816.8812477854659,30.976333486854603,0.7803411600735876,2.0055411310725777
2.1051182444133967,0.36360929641822576,0.9163309917947535,415.7563993491391,78.76817849228499,1014.2648664338778,11.452802992183141,1.0,0.11490239458538354
6.9903640138243395,0.275627455471866,0.709158963471616,262.69780266463357,64.99164056343417,980.5241185896369,21.27081133941929,0.8355710386038305,4.134969036728611
6.5831794288013885,0.7086528005996883,4.2315984969434,116.98480197370675,57.63655043298029,623.5382546407818,37.607179184189604,0.668181142155788,4.881494068479379
4.587560678570312,0.3343809334502406,2.140399721201141,272.3735297587884,77.08833216194995,717.6490635057118,11.084941359895955,0.748897701493994,2.7081417196039217
0.2158766114583537,0.19015077486384352,1.241766006442592,76.40320647992269,93.81668580732617,981.3490541135743,16.942984389148585,0.7913535474530853,2.3472605785902623
4.926309196787994,0.39609224225643147,3.1986633126506883,180.6166106858042,74.4267387941481,804.2828557289569,13.55011479999433,0.6837251234767687,2.149623519345495
