geopolitical_disruption,supplier_financial_health,supplier_distance,supplier_risk_score,po_cycle_time,lead_time_variability,safety_stock_held,raw_material_delay,production_schedule_instability,inventory_holding_cost
0.35386895339270946,0.7185577963976102,330.9947718538735,29.391152944069084,17.394655848030148,9.163996453708561,178.92736518754856,1.7021453087610534,12.932686717346442,12.965352495210158
0.24845396242495055,0.8608800581884822,449.8591632292724,19.277987390394628,16.9111727850689,9.66557185033301,200.9787930796572,1.6838295177802547,17.52294339007778,10.355287733117091
0.3584346515782165,0.8485615746098607,1461.8577287752023,14.388926555302568,20.799922672505907,14.333896683836684,261.52782718645113,2.7977711560357292,7.165130630148216,18.75583916196068
0.2699210546338953,0.8653358571444852,774.1976552109469,10.181616364282982,18.028639857487647,10.526443236449108,192.91287743496716,0.14552930809577536,2.2408835355592944,11.891602602668883
0.18159607733520508,0.6014239945889388,1851.3550467795378,45.12596313754931,14.770117325266874,14.23916250674325,272.5381935389915,0.5051045713640343,0.8651553822674245,10.492031547825414
0.2756203810389062,0.5910756657387223,587.1901265099547,38.12740534671321,13.405746344791748,8.025114683511692,191.94207899485068,0.3432727537390104,8.972532092328501,16.35196694325447
0.05412814583368021,0.6506048617364188,1325.77366597369,36.969001405625015,12.861458893358074,11.53364358289582,210.57526156270663,0.9836542199344396,9.546423929339738,11.93554493619806
0.3621116099897058,0.8411328704075518,1284.7499795130825,25.491029893260187,16.629749328546293,15.783596694857462,284.88620644132624,1.0826951990366884,3.19485294173759,9.443488383405018
0.0998236283091566,0.8861460482894324,2205.6051155335026,13.837554246238266,12.402589684755341,12.446234064155048,238.12308057542666,0.2551942275666421,8.488745220074899,9.758293064962949
0.4177316971191185,0.9632307227229604,427.9093459882272,4.27201032496244,23.374263123718173,11.713661467095253,231.39057430390608,0.021075883961520825,4.436131671821646,10.520857505876712
0.3867973854036041,0.7778684065299878,594.450457027108,23.654928487626442,20.583610449952733,12.800595100205669,237.4944544248159,1.1705078775644835,3.095990190940185,12.213756769756001
0.6772964083329297,0.3930912324176356,2697.4725267633744,54.517839836532744,26.500776896155028,24.830032684370515,421.46275235915556,3.8776983978695267,16.365586133324452,22.52151308665589
0.46738299658789556,0.5800026819372447,1013.9129845787307,43.91728658455468,17.916330308195114,11.636294849437528,219.1280264277227,3.2160126428428812,23.97382922912739,19.63843022559135
0.15006404058899395,0.6448341908990108,298.4365316599632,39.127668140816624,13.732404852356131,7.536411693977252,170.7382470275704,1.5764588454416604,6.856152519710744,9.150293415138847
0.17483531437677785,0.6268841408843988,1714.2755295867817,36.370674008963235,11.240658318667194,10.404844601686264,197.02402757533048,1.2244078743864835,4.8325810243768,13.729265704893146
0.25981448727145684,0.542576813072214,497.62374942498496,42.31250226372564,20.31310393145656,6.991760769275719,148.49673370144274,0.0,12.461855340617065,3.9934368202279114
0.24418106789216304,0.6828785212343146,3199.2774603404064,31.83243934873138,19.204713484831032,17.266739943169537,319.04408026076027,1.2770092263327606,7.460213716017279,13.751206806370032
0.15013883585439786,0.9617072502221788,479.32892454877305,8.236231951610923,13.034095361621423,5.820744876914359,116.55121310698084,1.0114787582691684,13.353505303164543,9.10708337604221
0.21077239547204596,0.8472593721139362,1222.7691711269465,18.197466704145906,18.459801784461728,13.223866396111578,259.07803559939146,0.7170522268796946,5.6210002947396855,10.960686023338365
0.3598718207235431,0.7100229142688051,446.9697771973429,35.52499860362829,18.75928462890505,10.03191363361207,202.53551128218,1.7611871617563677,6.067953812253464,15.06601404451233
0.28224251960217456,0.7025473342817161,1217.4414079149535,29.297419874132242,19.784002285423767,13.873876273941832,250.4407248905068,3.490832795516973,11.967441498449775,18.8598877982806
0.4181456964933283,0.7556726766808545,438.1689845046987,27.58181895073351,20.406525275514632,9.306729861941232,182.91736643962764,2.0230832179550777,19.029899566909783,13.076108713644329
0.09287122455467683,0.7752483927507636,930.0815642662835,28.51191838998219,13.010912973173708,10.760546574890459,210.13581402997204,0.9204368863313781,2.134246274674105,9.435400581572818
0.18719142069372954,0.5638124433911442,365.15118466713506,49.93109379384161,18.341793308835754,9.891987484509563,205.4585567510762,1.788794370868438,11.15094482330345,15.157090808578564
0.10416547124815387,0.6021966813195485,1036.9217119423654,38.01346645227204,10.931445444044057,9.08105135279934,188.8763692245678,0.7062950038416487,7.460111256874098,8.388979134406103
0.3213906307431043,0.5409988055285525,837.3739158218401,43.78062646400452,18.876259060750254,12.116829726175055,233.9806506353888,1.255974612524433,10.741917286539758,15.605254837571758
0.32866444821607355,0.7198642330899467,1551.9592775439737,22.469882249824106,15.766455216674341,13.43896604716302,261.7083210774346,1.3183527518596876,2.758397134284703,12.725550083760231
0.1930360899554694,0.8203002722771088,126.64325981829779,14.241684071801002,15.863088277322996,7.4455961761710885,188.9077472329452,0.0,11.68573973283495,6.8843098642099365
0.3976226134306731,0.49568720501921865,1055.1345337390144,56.94668060595108,17.6848782582234,14.191952344994567,258.37364168861916,0.4021059792763588,15.491377928293604,13.993622165783863
0.6024502860878866,0.6229673757588543,80.39983511603754,34.48334850066543,25.21916201575219,11.48111691865401,224.04580190273745,1.0551617640960536,13.584228507190527,10.828460578768913
0.3686631523545649,0.8085432512626126,1683.2352955907036,18.64549569605788,20.168695997580894,15.209121734986397,274.6303666022123,1.4064173888954943,17.73543539145031,16.678373238872897
0.2804200618183943,0.6858320272699943,593.9199113686051,32.67784891410837,17.151517440059614,7.993920498456813,168.87403619088687,0.0,3.66500429231424,10.815939181744232
0.2865710143570341,0.8890829403928716,909.6520777290889,14.931117543568767,17.99172520738759,10.454424809703221,212.68971705797267,0.0,1.4707954945857988,7.844103297713055
0.598890294215292,0.844824651607792,1849.0581175757682,17.444543172775052,21.298892393438546,16.43387898023089,291.45767855824386,4.241070249707314,26.56144724695433,23.04442373020572
0.4737290197308706,0.6484085871690907,906.5651728382512,40.54721860076961,23.43929275498687,13.351866521910292,247.73454371536505,1.797726768660295,15.034731758558417,10.515780097989914
0.6180542256673045,0.7708493175308302,1897.504820113332,29.94918763131266,29.338647629913318,19.108128793413375,336.74686481335857,2.8741582568056736,16.871834868216133,20.93866448567663
0.19013018817960042,0.8915577440823201,622.3813929206057,3.814166221460834,12.354708364917311,8.886972516318568,186.62219546216835,0.7077099127125437,5.387460803146263,7.180524462326068
0.4201536528832732,0.5462540916186083,551.0574026381361,41.930623214161486,18.030226896449008,12.061746044482824,223.36840915635463,0.0,9.807733019572332,6.5626908106206105
0.2827370227299761,0.7924594706924766,751.2225276402736,31.13678716767523,16.593584456091445,11.625441445194912,230.70561914106543,1.7363598607079065,14.753482704917955,15.744211766507114
0.46882350833108666,0.773617478742614,122.58291834273425,19.91916288371332,22.436583888457605,10.107377283949882,194.48272219746016,1.6990324442372406,10.955253998632655,15.787956892376132
0.22528279125981301,0.5918412448615666,1911.0034656780688,46.534258270775254,14.83747700978591,14.466266810309241,272.6055926590908,1.8482961939859672,15.655727419988779,15.866871911077084
0.08779442207279038,0.7458387665027282,434.1752662984646,32.22854207918098,10.23451132513933,8.229536631695343,175.0261719147514,0.0,4.317758694497126,11.112047087491149
0.02955244397776133,0.587383793402164,1083.7829107117966,37.30759841315335,13.424351448121838,11.859126646186093,236.13583546161624,2.969819412046893,21.520936574681528,19.504239228815408
0.5366878500233916,0.6431342052007875,53.230102250519586,38.51374166356922,23.044711993010214,9.820481854705042,195.04643548487462,1.6336445021728738,1.7029080845986897,17.211176651077412
0.3777688035936673,0.7740446935859313,249.62570553324622,30.39839645988872,17.705311336650286,9.68705653656788,180.57246199946138,1.0656097341913853,6.196319715308933,9.545826055872034
0.11442846178758759,0.7145444038528009,725.6516226002252,29.663603972736066,14.759642300580634,10.343946431703113,204.40846283659062,0.0,2.8255695068502935,9.017889920737016
0.15800014491669737,0.8995419800153555,276.03260869467005,17.34521668334723,13.211852770804798,5.2405765517150735,142.67653619705536,0.27750925009268274,6.289568835997447,15.955866225344412
0.21860389947942285,0.7183341774337847,577.0882818624805,31.822148054996266,18.181456126011874,8.008023255708068,160.17913877397874,0.5965064947990588,6.955677558001993,7.3007375239441545
0.38842482938360917,0.6758928494589043,43.77053237131295,27.942334028698383,18.632220879938767,6.122480434003968,135.03955916149548,0.7576130821497272,2.526913472375192,15.051410867348238
0.07036670128048468,0.7328713543983385,533.5867280037669,30.537963525205452,10.287227950730317,6.9124073204577945,142.2813006195384,0.0,2.90098942661478,11.886115105227637
0.11578435468986083,0.6071906536217377,621.0562309110617,44.951141433962604,15.74652682980276,10.16197707522721,221.780451144307,0.6581057624420603,6.836969336986473,10.64577790098388
0.12207835461758938,0.6244841317828175,326.6265238408393,39.87892411598739,12.94191452035896,5.743565540071708,119.35349512108209,0.0,5.322708683130244,8.325292392878437
0.24405357316586093,0.8724426031928854,638.4170927274916,32.60211594044904,15.586570341145876,11.746175484161471,224.39105783813892,0.9447416402907884,13.652598455980915,6.947644752080961
0.14189355207232998,0.8946708972345487,635.2327809396573,12.30490672432812,15.653167536507052,7.817986510014398,156.306810297386,0.8523936551911043,0.04581143530352705,10.166658324921038
0.4257501761624706,0.7756538164095452,302.366804195252,18.17565193427285,22.639020531465615,9.241791260771825,191.81361892726585,1.6644439069498311,10.264970829701932,10.443852972767704
0.3867390117447043,0.8183447625009989,284.0775007647757,28.239581296924207,21.63559426970861,9.779186137400039,196.07046798421538,0.8868378754655437,22.653541448360087,14.19133343098206
0.36384907511776976,0.6587360291194991,1507.1369078405182,36.47553704641674,20.372388559676576,14.610401570794615,267.0832653966133,2.0400466300097007,5.398240615049392,20.120195735150844
0.4454835476223292,0.614412322160178,1469.6010336972377,33.094423439525,19.223584218407627,13.635405133233135,251.81107906758606,1.3201008024333976,10.896285155925892,13.585349708147154
0.3118599297106482,0.6033221960560824,670.3736358013354,42.2880624994149,17.867564632211742,11.723847709787046,234.82883221709392,0.2468837842502094,3.6663868434154785,6.76197456083614
0.15097261628637618,0.7853218590537241,1989.4654060242572,29.333883971031373,13.243663981413327,14.443969679453431,254.4032273035986,0.2647818834203497,4.848576506237763,12.862505826468439
0.17758752101876152,0.8544524539516473,1737.9418994256798,17.53962982935604,13.6043860307531,11.480948937504342,207.79467514638995,0.5491373582349495,5.405633149917811,9.660870968745431
0.21993969832491478,0.4899937596788426,766.8862335608416,53.320896466022276,18.40882958402608,10.36184621689575,225.4652146756399,0.6693588155600769,0.0,6.939173580413981
0.4630757785960947,0.7373735322016538,335.62892647951645,28.45195956526979,19.726991447346087,8.789278780390259,173.50383634611023,1.7544628890094345,10.973774848702485,12.663592016460857
0.2051058733410054,0.7332805315016064,1022.9908820217224,23.692903693273447,13.659291096231781,11.37689598748714,215.55470000967625,1.695229117272445,16.119638748715847,15.62673076364483
0.1605620347937393,0.5020557331717084,376.3776313021439,56.278432381292376,12.976338503771366,8.304298155051743,176.16802294980295,0.8013265174142097,6.19619780395495,10.69072805088841
0.03162278022144703,0.7554891236136227,509.8687477157579,19.177626831276214,9.199629020408317,4.431244326849571,111.5490664569298,1.1452723298129648,13.118945314773287,13.872323308720556
0.2391330634477248,0.8828963818387697,920.6934019613816,19.418664993096858,17.261000743798697,13.679594189119992,265.7726004631073,0.523858992329841,13.617574691014365,13.245679260093757
0.5095369331771034,0.5159896038931298,147.32313213208928,47.83447657201223,24.728143483379384,11.76925980791443,226.59358651214419,1.1369356433513873,4.157159728886137,12.407819055200413
0.1048099677867624,0.6674786815864311,659.6557931676582,30.105094805748998,12.300668928685704,6.706829863191249,148.40607671175485,2.3798805554827176,11.138725241849482,21.257090005474947
0.49861508209850824,0.9555244080327633,1183.4185813309118,6.333039796313117,22.990575214696086,11.098665335560629,218.4399500184462,0.0,2.2946186553945975,9.960648633282164
0.10311098676612783,0.7245696961354535,885.9862758090713,26.57248521647584,15.232513223147798,8.172272324195555,196.48665039848296,0.6871319390122878,8.565554138488404,7.240372511119581
0.06793984078741064,0.6552815036477649,842.687322909329,43.78702642342816,11.987868319818746,8.601385019022555,189.41120686426913,0.0,5.347145941018685,9.212429520112513
0.07975841897180604,0.6131999424716431,846.0189256834915,49.33635404803101,12.575165545077144,11.760570310020933,237.5223516106503,0.2381179067937902,0.0,8.925924449107711
0.31900459450084157,0.7345640883997302,743.3744929526714,25.66789898234413,14.28345218972531,13.688801550088836,255.93609545163577,1.6649411852720513,6.6748518212856585,13.352620896747323
0.0631650586581817,0.7857223818263387,275.31342593830044,27.835507668739293,12.458375105455463,3.8978681583411112,107.63867709115645,0.21506346027961054,8.971182335184798,6.319139731804834
0.26838674554322034,0.4984913361113675,1574.361275001996,55.640131960271695,15.487054893309965,12.26936813686233,222.20740175743916,1.6542984828986425,11.862461042024707,14.11718418654926
0.42884389216731283,0.8434018242672812,983.0647279317184,23.301089510101807,21.39195931402685,13.303203062604453,253.0972368300103,1.8296017446962742,17.63059212517056,12.422331937536567
0.018241720134994203,0.719848014307677,1428.0656291700748,32.75349082700931,10.877241833930881,12.277875297923885,228.20106174178525,0.56819150849061,3.3728864088191512,10.990420973353588
0.296617348709121,0.29429800627810504,657.6880792927939,64.43731893334399,16.26506493034163,11.83252731201689,245.11156658556544,0.0,0.0,8.31612835197771
0.3720283165229602,0.9327147007979257,1608.3911996957197,9.797054942839765,19.02120937299425,10.369863507175275,208.55042479345883,1.6008139502874572,5.437467683033631,15.66515677046348
0.3169193008478746,0.8087035633458313,1659.189472520488,22.401150868749294,18.353339172812124,17.149901237764904,312.7715088197067,2.9141285700516044,15.676926664242464,10.944167210613266
0.32643537292636127,0.6778043955096773,1150.2328243735517,32.8158422418135,18.85512745449173,11.393335245234866,229.30216042391268,0.6072383936351131,7.257896802236677,9.254646882252032
0.6048834263821815,0.8871127865043723,2282.7307284937287,22.804110260603924,27.61966735056019,22.499474757055204,392.73600890004855,2.663832272418714,14.016525718691351,18.76598630706947
0.022724275371518464,0.5358560230993247,320.52954746645565,42.30070931304923,10.739616993629202,4.819574806582254,117.85958548757928,0.0,0.8662484045708512,0.7807482172072788
0.13427868915459562,0.9050679629158194,1287.7111220287754,15.71683494426767,12.836256144963766,9.769279786941047,193.75375732276513,0.0,2.549679895145458,10.989076022961179
0.33256999775824864,0.4377282462138571,695.842964916978,44.648410773360766,17.52874730712485,12.166084772123149,240.4880734872192,1.9438967775518885,13.420494771909404,14.644760399242566
0.11064888556102903,0.7435675138502851,525.5443210599022,26.93021632566927,11.841165412821471,9.209559543195567,188.4689947039817,0.534015566017148,5.994973768513444,4.507494979099178
0.22232760531051066,0.8469398178597459,1003.6605533002634,17.862176968125425,12.325422486406746,9.43010360490457,194.94427978787328,0.0,0.4469878411028798,11.040304547452378
0.32556434249067173,0.8398734481054831,1940.4428278899209,23.255554425946013,18.73310612933402,16.341135499967113,297.90765465936926,0.1636901587442665,5.45286599848159,10.31957092369858
0.5463948713095154,0.7870538729461974,1137.8315705684504,22.242197028631452,23.71856664724794,13.400965116945136,255.93904295284037,2.052854927774192,9.024259355562814,16.59992066390268
0.21004265343174267,0.6308458327423138,994.1263260115273,39.25583991853062,16.751179016705706,10.981560498540343,209.3685387305608,0.44224156395592373,9.720684388082347,13.615084017154187
0.13387105501044566,0.2556283533357471,1204.1021025186708,75.94856481867116,14.66670992954128,14.730814808720947,258.62709828930554,3.1031141421269774,19.473121996197197,21.698747000646595
0.072078796296121,0.32304351028163075,1984.0828346375795,62.75419836818501,13.494925424293006,15.15549324319632,268.39121009851,2.113668332601654,16.018898648347488,17.35058136381526
0.11132901806421608,0.8812850546299397,1738.1961292756746,14.933222535963807,14.746020419372394,12.166561229390508,239.1219421675745,2.005141885757616,17.869753244793404,10.095120968751038
0.6114789366628082,0.6056139031481432,3066.721786001695,43.17354109151501,22.604661215830028,24.94442608208529,434.12033969663685,4.202609291973833,17.143327409194896,21.862862846101137
0.5086106761744114,0.6746000385160937,448.80719528299124,34.97275327153414,21.709599228351262,10.784943210652184,218.4102495993901,0.9633785068285481,15.900153900563406,11.682057170505303
0.4533551864751495,0.841134066245012,272.2019681541732,20.532159784252162,25.176067199117288,12.566991324122096,237.62701680629996,2.053097635908679,9.328428727972337,14.208525515991475
0.31563654250543416,0.7769968583862007,1559.2196918074671,32.908287520625876,19.239725026246262,14.416757040572904,248.09812508442923,3.5137175862038625,23.231061453499024,22.396547197648534
0.2691136757435324,0.9917578540113523,2091.651776934323,0.0,11.772503501855699,14.37511626144681,282.04077671692875,0.7389606177320818,5.586268563445361,11.704347659519192
0.12271741564190859,0.7518796815751837,650.2194425916459,22.562368199105133,11.882672593368,7.53863254833536,168.11986948637292,0.7279677390987882,9.98526324078741,14.835106480390143
0.02671516311248587,0.6463209718401537,239.56901449842445,34.37753647491924,12.983729935334887,6.290981956459794,139.32881554965513,0.1398169743781748,8.649160579409926,11.099038119062573
0.3605838239961113,0.7136451598497966,896.5030436264295,32.59183543420269,24.18815803297899,13.12450527133311,234.7554260257867,1.478112764541658,9.78355703765731,17.345438030457448
0.1891190082739683,0.9183676492383052,156.3448029071656,10.658253521556812,16.94126543846603,4.914808373013841,127.24026085283856,0.0,0.0,4.7399735288261144
0.8021141691161102,0.5153675189728482,747.9233659004193,43.22627950829702,26.991103053657852,15.935542348684796,277.8641577140528,1.4141175740923426,13.980572837447163,12.984442629701702
0.42340106857460036,0.64038804873853,391.6956094788731,42.016445068210146,18.32470695676955,12.066506413751085,236.93630479275777,1.4652032931382446,11.298135878731255,17.699718295734506
0.23160831583659822,0.5615114046480714,1001.0285526105862,40.824715540883005,17.84151824872668,12.467768747228957,224.6523656723932,2.840190060296668,14.149279869893984,17.12126688731447
0.3764661443209081,0.9383280941530109,2193.391272997616,6.098758165406082,19.289254331804297,15.73840119954503,295.3455291673037,2.5848412151728213,14.903493376615954,16.7626983524689
0.18672742912262905,0.8834815414587774,158.7241388735598,8.363162682949921,15.30752436943554,4.484762867291966,118.21827281680564,0.0,0.0,9.908992599464788
0.33560167592450013,0.8011282844806297,542.2421039554489,10.739339111092246,18.036148133551215,6.811832921134309,143.26985789125888,1.3614604295547483,10.951652290796895,16.170277438417664
0.4951040140751117,0.5850101798890205,2618.0702117263013,48.878436627999776,23.52614429594098,21.26718561860388,367.1153081415772,3.1974144791220582,19.344704357936845,15.44693976782159
0.3562075621552579,0.6837262555713581,238.20276746926376,35.72714899179414,19.209196512408322,6.7199007685547105,159.44957499918297,0.22848154285376504,14.587326825141464,10.785393110507723
0.13869850778248996,0.44097391992468804,2249.875843679954,50.974047338074655,11.380217259481586,15.998206631075469,281.9925745576555,1.6673889151890193,10.170529652465891,15.860605062844838
0.3991190741545785,0.6805262013366402,1121.957348221709,35.687290122572044,22.112344010095857,15.612921987191214,284.2919950955283,1.7871412784658045,4.893745051612788,16.33287916833435
0.30993311662597695,0.5865153921786062,135.79135757340273,39.049922134206426,14.420540527274529,9.350131948422618,181.21597212922495,1.9366928043949052,3.3114608723577224,18.485845070193452
0.4661898561994872,0.5738981279320859,1513.122840876666,50.02255095769756,24.866513537532988,20.483024335258932,358.6631186849637,2.0496794431259264,16.163351701130686,13.503828547141168
0.4926740625584973,0.9952292347413821,587.2235062143618,6.899022212323157,22.70867781116097,11.135905650493363,209.48792956811434,1.1104351959121066,2.450440857255203,19.63692734820284
0.364734092608763,0.6531640061781164,2262.729091922999,35.33084992368967,18.351973942366953,16.636938534305823,304.5981816228296,2.1227646369707096,7.720927558364443,14.827672498018664
0.03227084126185985,0.7318964092782496,120.59952423945302,37.059440963027946,7.593606456785627,3.5089183615405215,99.81076252506529,0.49903379696151434,7.003401781136385,14.3546343254771
0.15450998801339064,0.6345107954392359,653.4671369742377,32.464673687324186,17.828405076620914,9.551352344360259,188.89290619100808,0.0896032385480009,5.063982303575712,5.995557016539575
0.34326342726478726,0.9212326016172843,372.26577585161397,16.832281981971235,20.915516963419176,7.1541229037248,151.93491243711452,0.0,0.0,9.679709186302256
0.1675662121755843,0.5427994059309421,1338.2199258434998,47.25086655468716,9.646037687174937,12.570678334983112,238.33524674417487,0.63665013296528,3.239849273583159,3.161293186929667
0.07224381053470597,0.9192787340209447,910.8135872894263,9.9648138209551,12.140399120938138,8.975323286159158,186.80231590068198,1.0255652905910753,12.093070681148301,11.93638139413927
0.41840902734348084,0.9020304114993011,992.2048513894299,16.99325341026715,17.926120237793246,12.295583100362014,250.44308232609245,1.102215002402409,6.4417797509642,14.177572909241206
0.21314477147822064,0.8921106837258284,512.0281756653925,13.74924200471137,11.439281160900707,5.177131572797375,121.89424550565454,0.0,2.8343947246629115,12.768658034995266
0.3905928282299898,0.42773408852446354,345.23948533412687,53.93127034310244,22.56104176866248,10.644905874606925,193.00740299781742,2.2783357007431135,16.580788029631368,17.380872030935414
0.8047068050495191,0.7042081947448438,673.1522353794127,34.195282190782436,31.40407204371163,18.12172339827631,317.4670359158043,1.6774901372119455,12.871054139817018,15.348024272899453
0.2951343186595942,0.5072715344336041,452.5840997964893,53.01851853403112,18.883711510763042,10.126754621989768,196.34438324830558,0.1079725710887236,7.616773820108759,13.055789698280915
0.3150161095167038,0.5956677320506324,1413.6768383936608,40.72953649951793,18.83668406014196,14.573815551769155,268.298651787632,2.328727801012519,13.049230950086553,15.577938018036821
0.20346412639365574,0.8363712514332385,723.6943005755774,16.046306518755763,13.803048124661238,10.706948963926386,211.0500165359481,1.1697317744421676,5.293667179502044,10.409347664042585
0.325376765083205,0.7011937810858146,491.5753854907009,26.87139063795561,21.13082059745298,6.407409674195461,141.90625784218113,0.18396655708732174,12.96232311370603,15.4198568867809
0.09031731046235085,0.7829335278582801,1089.3663610025326,25.94783785390333,16.16903422945974,8.491375580644927,185.77043445241566,0.0,10.944545050518943,10.972841744708807
0.4859027934944663,0.4860700750702875,1033.0497325191573,47.85279984188259,20.516560003511714,13.492218268319924,250.89877975786845,1.07320390298114,10.163774309335848,10.642706691961616
0.1975368332504984,0.6077794247104842,374.26170855201855,40.76049984027183,15.297965946601092,8.903892486536428,168.8716523991843,1.5538844777610281,5.835474099544567,17.18745538166997
0.11033526644686774,0.6801393560554579,2445.298489995603,28.12973086769579,13.136515770358766,15.399521287237976,277.98605596284824,0.7404084984029999,3.1978528812571003,12.48891557006303
0.1780644989585923,0.8170342619937182,386.7987255784596,24.903282282297035,14.61031208410182,9.851197518361076,207.02325931374122,0.9236397803959858,3.797462986201209,13.836708450521677
0.032698338950547155,0.7889392048335783,2026.9800150864996,31.35700064885512,12.98643824090227,14.591794432001027,253.21674895695884,1.8933335191651874,13.256832964127055,8.760476226336603
0.31770008697311125,0.38936059199555695,454.9559578516291,56.67942962617439,13.54976252624759,9.080499888881722,194.26489815921693,0.0,16.135191739207755,10.378045804395496
0.08807516254645459,0.5128853176789029,1599.0056864080766,46.04961195341873,10.041785645736658,12.747034562460989,233.4476647044389,2.7565414711442537,13.847083524842418,15.074760239213989
0.3452954958735968,0.6909331664102285,794.3759308655342,29.684513120458032,17.86278952623573,11.459967688142983,224.99146974436263,1.0895938487947068,7.14382049118297,14.044724432547207
0.5333474077674272,0.8736962072029533,1276.3602021621675,18.36643418337417,23.24251602720108,15.80618021780815,281.3637430339867,2.3509802308750163,22.241190503751614,15.942162238118415
0.2391612148927116,0.6495650370066501,836.5710519280178,36.49514562731251,14.25999945416439,9.770548855984291,203.88433319543793,0.0,12.701960962969405,11.388163685410547
0.409257681557615,0.6776356446091891,657.5953873369517,33.61294346634015,21.36894496354998,12.331121531024811,243.92418694843735,0.21400210451719037,3.4808747014956802,10.276846043700418
0.23374271547478412,0.8435484720931424,157.36056266031474,17.748205793003514,18.72158885920993,7.767792312744316,153.49245429930963,1.2975335576528608,5.575054574043688,17.254293767661046
0.6329029236228705,0.7956378612407531,1399.141027795551,30.339127442772217,25.431038413665252,17.59555709099278,319.6821720834396,3.1303943862612167,15.890324380877303,15.195766403861981
0.513970939859959,0.7413416639689989,155.3456731953554,25.94103447705625,24.779678468996984,10.247689401484665,192.9156642253714,0.8496122779127562,8.58767591597409,15.432875091674081
0.41304849610212513,0.6561315203712537,305.74806323528543,31.82650767398397,22.644574675247387,8.193283338430632,184.04668776565873,0.15339666633919274,12.782989078333333,8.430891844801188
0.6163225312539963,0.8319395984207342,1939.9627434341464,16.27063174134994,21.567085220697987,20.574116493143922,379.2248302993204,0.0,7.986080209423086,8.239802739419378
0.42929656805318106,0.42873339351114,867.5952850697525,62.09560026517063,18.606387401148083,14.54499193176495,265.5460399818074,0.0,10.06108624185785,12.669794103488444
0.32609335060107436,0.40016180665729456,2030.9673210653195,62.77218905910636,17.799915348042248,14.07216706174539,267.73158985314325,1.4256564244407588,22.970313118386294,12.35238750484912
0.13095464214701014,0.769435641747669,392.47002167002125,25.928751732429696,12.816755291805844,6.703963202699928,146.4552764515747,0.7971597332365681,3.9874646286186923,7.686248636836839
0.0781007034661438,0.629940349707145,1538.4231934607371,37.81765896666744,12.635680741149633,9.858899565168748,195.98579499852835,1.4240491389846919,2.803262899814638,16.093066951061104
0.4191569166807181,0.5398030170711997,1065.1252949546706,45.53805502440576,20.216245808050864,13.43813335292482,237.77311969366167,0.0,5.668193817880422,13.498593503984374
0.12501152264763285,0.7872669393386158,865.9598256340142,25.5081106759624,15.375913370610725,9.264836192262958,205.81419222055783,0.0,13.160311801828527,8.833147262796356
0.13708682699064742,0.8578700252954427,1084.535309050357,20.943292385086377,13.151193030081117,11.050843337242632,228.83978540736936,0.31155559843624436,0.0,10.098394424258851
0.44457593081622193,0.6556645635758088,1261.1629854225375,38.69071834096218,20.437105301022378,14.893058303587337,269.5314630978244,2.7034610790612357,11.871607087377178,15.104538623796786
0.48455597499142183,0.8877222533245027,777.4353688172499,23.923255163128072,20.296150298751357,13.08629745259614,260.28254677241324,1.936234620586375,9.476493689522082,15.515522879394592
0.30413280940545884,0.8802895236120853,320.92210674260224,15.004676776456662,13.947737472734016,6.907472857202335,166.14635228412484,0.0,9.58067954200435,17.233187826175627
0.2667190630710808,0.8551586938112277,904.4852047532517,10.535590312380666,16.75934240063568,7.867090458522373,155.83616247797946,1.6881877931620006,10.264245159183476,11.896021788980537
0.12929931091979724,0.7061239255771641,154.3443056241825,30.040582969216484,13.307003299008281,4.0987099519897585,103.99070652151654,0.39830102017723357,2.0471503569216294,15.78628571484992
0.024057875452250504,0.8552078827618477,1099.2233029250651,17.371917888550794,11.7819080598922,6.455707522325147,147.5827855456561,0.0820062561713325,3.2472260628736347,7.990111126142844
0.3426781032982882,0.5880871712877234,490.0623494990233,41.76537447328793,14.274710339475813,7.967510552239261,170.73439918010817,1.4584771893274295,11.428452068568966,12.68090334003921
0.5366298426908473,0.7104418515091121,1278.7612030939422,25.622636205832226,21.353917762692983,14.304201970509979,253.45555456843772,3.2553234268874736,24.797592480802475,19.112835744857456
0.7292810419834523,0.7094591322867269,224.7631502985938,39.9915846850847,28.614410839336717,16.177483158994686,299.8178469160855,0.0,5.780872378231097,10.502669494792856
0.22616656831315277,0.24252866348677893,589.8641548238769,69.6758329030224,14.562420848976458,12.05073162438294,228.5628351648482,1.356759895254598,6.5895939380941435,17.02290089863813
0.07122547965526352,0.503548710106465,2390.4806681048976,57.28074336636952,8.883769989679895,15.16076035851279,277.0159352589441,1.6949999264295066,17.779231253571638,16.06366351562042
0.2590136262804826,0.7975583016224763,579.7870965669705,22.063643945014263,15.963772390220786,10.567839700985912,189.2665122236183,5.019388798206556,31.33693736931495,20.26448441269772
0.11280787916074812,0.8846591768857919,2340.3685322564734,24.979700538747338,12.974542232104383,15.11057890811534,274.89652573270695,2.3918909948023788,13.614788690379573,15.86839433189026
0.07840253445246566,0.6410009765021314,971.9673693299545,39.573665007441704,13.45700442496949,11.747886916318308,224.5941079585481,3.8520430908410073,31.231342425891295,21.576327514885357
0.2705304788716579,0.7327825047695022,1687.6902805597092,23.114487658134454,15.743026813171843,14.448578035745701,265.29493929875656,2.325865290936811,19.699424920721828,10.370238481027405
0.32956439466038856,0.7274283976540026,608.1803148088375,34.25807319437602,20.39336368941393,12.008155705357774,227.8673904531882,1.2105342171330826,13.4332806102793,11.819475801421381
0.3875195801451083,0.8567040395653148,740.4897254107074,14.778566680088453,21.780132914193217,10.993977654272252,223.52499817313762,2.081226312306173,9.663837963150781,11.1488775866164
0.13838374994454833,0.7683816696485131,426.9595477887265,28.607945977939146,13.717262396129229,9.743711955971486,194.9161374692854,0.0,0.4996298319466188,7.743664759342648
0.16545130148475956,0.7150545393634669,751.3450875575255,26.256683152695068,14.111890213731018,5.374440799777913,139.25690325646508,0.06199758651558331,10.763465784786208,14.965969112042451
0.36354641298751816,0.7481714522643287,639.4563230122839,23.87229296955612,17.32461690940503,10.482342070926823,205.82849368458037,0.0,6.866043244244124,9.282498918368011
0.3623859424417932,0.9151693187416406,3315.938754182736,17.972652603897693,22.612112362362026,20.795201373465435,375.44210875031246,3.1170080040699637,21.55693081045444,14.704379217626197
0.5910826461250136,0.5975970545666773,715.4954420940402,43.34148044855186,26.285536598895348,14.53053475485321,269.259009397699,1.9485059909726705,12.849759285296381,12.015666095591572
0.341125624229174,0.8884759521562687,1805.8847136062238,18.939499056486717,19.11123332529802,16.02841588147912,289.808420477634,3.855301506757775,17.020173345112585,24.539929986040473
0.44594683860744017,0.5072024580028183,848.4173349174641,43.62918610753637,18.605245651510053,11.259571893540947,200.36910547823092,1.7152584532974868,9.330117846402445,11.166263530329195
0.37059318783461015,0.6597531896368565,1338.5782611082418,33.78322941963692,17.36579956633616,11.092376635350305,206.7806176853382,1.262981838051378,1.9096115324451333,15.44019408298039
0.33614008590125743,0.39619423203544707,1077.5006845889404,62.09360553551961,15.637646594258582,15.346326605468057,288.7199185152867,1.9016256394149806,14.03742327570148,15.10100674702585
0.5045609679084051,0.6977570905910108,1326.0280686464998,34.02242222298413,22.13556305935249,15.847533510490855,277.64210091288084,3.2148248078698707,16.249528074384063,14.99262168905361
0.07590867045887076,0.5963751589254424,553.4100193096183,37.1876988975834,11.985376577580718,6.465693205659193,155.72130130130714,0.0,9.928689849033447,9.385640897287018
0.15080589577666734,0.8521177934239058,645.1422089655673,23.33240277945509,12.783092325155211,10.590501948490726,188.57326008199703,0.664538247072392,10.15145774866781,10.378825145582985
0.12787254087664046,0.9743358177620425,1734.0536240401643,0.22960835369635113,11.60658531662648,10.552183646413999,197.32789997392086,0.7491900213910422,5.646852302487069,10.903069418061296
0.22230135028879217,0.9154979692499071,234.91994952293302,10.758253573612201,17.99964928764509,8.033470816866803,184.4147045391681,0.8027628431092058,4.85559482185707,10.759866258795702
0.13594709923929202,0.3366871195025354,247.8820625618668,69.91399575543741,12.784166831210474,7.270345145356103,155.34782943967818,0.0,3.8303299029341553,10.078951589656855
0.39187808855753736,0.7519560692173027,877.430244046496,32.03980283717752,20.501621519908753,10.757551808154421,226.04937873731524,0.6598695132332114,5.9565113545951185,11.721991177613127
0.14498110565991995,0.8291050809697736,361.0141464432577,32.05560222462013,11.540294232447923,8.643990895711244,192.68223458547095,1.061153249497049,8.524618856737801,9.846534503246279
0.14231990213996332,0.8119256144308277,290.6919639756249,21.7271880782698,13.74441808950894,7.127967646459838,147.68525673117952,1.229028369672598,12.65757208707485,17.552132564378493
0.326598812427125,0.7545020046676989,1390.7590375352809,34.18413200689818,15.988958179045312,13.302108817946532,225.41008450489213,3.0979892873905706,17.21844321866914,17.476552561466043
0.3507314485828452,0.8008330719282387,303.9126398730597,29.011503563504725,18.705615865170866,8.219242612379205,163.37350832306544,2.782849807053916,10.516976865961531,14.583046320684875
0.2789938329426959,0.8291038491449633,439.78104506623094,13.24626308601258,13.29217869418369,9.478285911501457,174.10978947648982,1.7009414737210213,5.687153099415391,13.148369472306126
0.12267814247841173,0.7947420645659219,813.7941841379857,25.921928688517074,13.79640405249477,7.848158767490405,146.7171047369884,0.0,9.13920569096291,10.682459038872283
0.3406416126157048,0.43187750529841257,424.11907495564145,53.265229435007086,18.632446780629344,13.002147489478807,252.276306140693,1.3495393034825167,11.764821164768211,14.441688688886522
0.16174418702623816,0.3913434285145129,376.54764633801045,53.86770344975444,15.569271640097556,8.62588347063539,184.41008087120278,2.1615703713216363,22.726366693998102,18.73090084567267
0.5766650799113363,0.6899560729497751,512.204368521088,32.096748671968484,22.768147593703283,14.522533396343082,259.70682505628463,2.4082150854671234,7.601530248047151,11.207535445593265
0.09730946615034654,0.8375551001866198,683.8341589924428,22.45163338630008,14.304066632437756,6.365418311394688,169.507013652348,0.0,11.204488268209591,12.656777086611255
0.4229798052648295,0.5978256226199085,478.85567173352047,49.30565749380883,19.041076878066956,10.61203523367575,211.40631903450125,1.9042028977954852,12.778241866292412,10.138398330688014
0.4982313306500418,0.8442657470958864,1109.9020885994546,28.388344707735556,24.71250690429688,15.195457407398939,272.0000010760775,1.1601406737692426,7.7961559308860195,9.791947172634194
0.16752540303813376,0.6633359056282833,918.4180030235144,32.867675156167046,15.705588035373141,9.411575849891259,193.5476562308751,2.270382476636217,9.046509410832257,13.663082124464717
0.1775661875066111,0.6247328521729231,1190.7084616673444,42.826502865738206,13.517821136496227,10.6424069389073,217.37841715170455,0.31664843558123046,7.724219249329395,3.820319600466803
0.15627943429315763,0.678851222316004,939.8952425094809,36.642750790855644,17.845518882575693,10.006885254876654,215.74039073684625,0.3698342490679176,0.618701892726242,7.703928422230172
0.27115631931778056,0.5646416061983538,1672.944306423274,41.43416785443484,18.717795888815896,14.526661374385272,270.3767761866766,1.699695174260571,7.292263569098566,5.025412508107232
0.06768823887384326,0.6042715394029261,485.91110455480117,37.54015112097819,9.047480380056566,5.266310900945296,139.54611746040408,0.2555099089924981,10.212583467190257,15.08211255712553
0.3298725151721535,0.8687689131064084,3880.930650260983,18.160117465020537,22.097233692305977,21.905481677011537,379.20417022799194,2.726113440366444,17.74336497690108,14.666044469457438
0.5334236861831272,0.7613189668230587,1707.192183350637,27.68868647714751,21.32947003964493,15.157149696830716,283.34088135678576,2.958959883222215,16.558176597239292,20.542036147849686
0.3588922032002075,0.595798779868318,302.32281816964337,34.554368815969994,20.691231365195698,8.423410081933152,190.96610079455863,0.0,9.583900665451912,9.456821409451543
0.26952759835528645,0.7572005227687921,1401.1246436955398,29.034013578370267,11.500364725479042,13.540112847955081,269.0927317870886,1.3966125597971693,14.529346942603214,15.645365969225555
0.2214692823874716,0.6343793856147771,199.28419187188487,41.22001423206951,15.389429112453747,9.072562621489443,192.06476936250624,0.9465822288918805,7.30512217931145,6.721112171546131
0.38497321037365495,0.7282915357938913,1027.4948367832385,35.35565617575473,19.436924191971272,10.89099574074928,227.50284769619753,1.0208714919908257,14.1824042811561,7.810587837134143
0.09287987150124698,0.8425293458024207,1210.020792654912,12.872584574612626,13.389823809357832,9.011152168955775,205.22919457418698,0.0,0.0,9.89632821818464
0.31583780591533445,0.5129390187467554,381.8076207476339,50.252120924358884,15.624718030815618,7.842091319776016,166.99134126072468,0.0,16.531432277390934,10.054046322531972
0.06811816115338432,0.8282345650690908,2460.0476412658886,17.691255622110152,14.422114495199633,13.854551924560953,253.41226635733395,0.7786809483559232,2.4106392881844663,13.844343315917483
0.31597364492667723,0.9302850781902806,1210.7720365520488,15.420582837184744,18.748214205176332,15.738115483735942,298.7691685617908,1.7020131352810965,3.6706403659277935,15.541265793677358
0.2769846188811952,0.6572747741845417,358.2755132102751,39.2080449764434,12.500917626052491,9.599578066150237,182.19846444816145,0.34962349512710356,10.567835519280244,16.264621877892676
0.29842035320658444,0.9228255121647306,656.8790326932495,12.181988086270703,19.430217729000084,10.15446539749344,211.1648743191837,0.4020038665938661,5.726372071044567,8.476547203523603
0.16668759950516623,0.454831992629212,778.8711505902018,51.03522367697545,13.093740349200006,8.093845323045704,174.71058275612336,0.9325129700108028,4.121115529122179,14.214985786759486
0.37696378654666823,0.2759313971039697,1314.945827426467,69.52879004588551,15.231978309559143,12.472353563370048,235.54069551614722,0.0,9.214156350723634,7.902947508607728
0.7469367285053237,0.30091685017222985,408.0602355992647,70.37958017458685,28.22911155177273,16.045700080596436,284.3517126735776,1.2226044532481695,12.610629624522078,9.178029896982618
0.1666169384883236,0.9636086978212509,320.62580158993654,14.035481589322206,13.62491536049801,5.384864589556443,137.01403417822908,1.0905591639297012,6.46510502478478,8.296640716119946
0.5311752522394368,0.9341609811197628,416.47458886252036,11.663955062648705,22.8629026345378,9.722930197883155,203.77284164244153,0.6323307015750649,1.900697031962589,12.143037085591542
0.1097815358014634,0.9232623637314727,350.1558814654824,9.73559353816374,11.091202504167144,5.8804488818351395,142.02091710047142,1.2040106350876143,8.311049282123403,16.01610718008888
0.5300660503899491,0.8742741949374376,1033.1037836152318,13.070990086537895,23.571085194751813,12.576698997089924,255.1700045415766,0.5812938048823595,0.0,12.070088995225841
0.04572926808365135,0.4461170037752211,213.38667108939748,53.29822944090614,12.268290493531616,7.164769421187632,158.43575446264384,1.0587678013448953,1.1369234734255116,10.605988123923375
0.09193718265150856,0.9516708568129876,269.1219409420231,4.515321250487108,14.717514272443092,3.6050971168054513,106.0098801522487,0.7539779449455443,5.960711143967235,10.516844508475836
0.10130631631003188,0.45310121766613876,1811.265738397618,53.32282176592416,10.292300788451918,13.30936218078222,232.97004613994716,2.2470255942064092,7.466471426877009,18.02392254293552
0.25969662194217685,0.8828644620850902,554.6919527605944,11.358019339637249,14.142973355404054,5.3369650990974655,123.87434735812991,0.26611018560736865,12.694318073697701,12.384656775389136
0.23253606349289044,0.5010827488609901,74.21735256585221,53.308949360809024,14.712032971080186,7.745335059806086,168.06510291238777,0.0,12.937457330441806,13.59089490212067
0.5671418944483464,0.7673679306495098,228.94346382782206,23.187833815665762,25.655758889281916,11.508757286852713,199.9703435723862,1.0078691485144793,10.868957128822647,14.736178447990957
0.17491811575263919,0.6813340550059097,562.3991659909921,32.305678361257776,13.733555217835853,10.111004724472032,198.47856503765874,0.64020859054482,19.286832756553274,10.405662476765592
0.3754366567146804,0.7757548064284766,835.698703353953,24.995517398702845,18.146594281558944,10.316523435711648,189.4928025197292,0.0,7.7818492375750195,12.126721068006548
0.5941951383199343,0.7473693637867624,735.9872594684047,30.421888665426124,24.020452773897823,14.650788899610417,269.2454721983985,0.0,16.160065590924248,9.190226212613089
0.2814254143815161,0.6758901834781497,260.6686381316688,31.546261423393332,13.480386829125393,10.617020921708065,219.85774992500427,0.0,0.0,7.638755077238672
0.32567298458149496,0.8049047711459507,671.1500401968755,20.103265109388737,17.982285127691537,8.111611878021304,185.64147136409588,0.583546220710506,0.0,15.841733348212978
0.295078065532328,0.6283326605093795,153.42440040078634,38.317982294510735,18.202770756688174,8.750361199912746,182.73969574812415,1.9948201753377865,10.910734969838177,10.430143306635646
0.46770383044160996,0.8840159478094641,969.8182848593566,10.034664124634272,19.734285317151194,11.541182617855114,221.30190592520444,1.6544900444614061,15.844642787395218,17.751655497433767
0.23311700459028328,0.6463528875334457,111.07319736098076,42.219201946801945,15.337816986205269,10.262331015936713,194.42949397929425,3.46145562449326,12.055973411088944,21.683872084834615
0.36110530964617293,0.8283465023770824,1578.527459517943,16.056137660674466,16.32581119045804,14.941135926560271,290.700609907689,1.6762667694110442,10.207656819326385,13.156805084766455
0.29743815643067634,0.3909300634829355,1203.9176014913692,53.326039034735814,15.952376497729183,14.378240655532727,268.5925170818959,0.9116763295592802,14.803171753398129,12.190719264525782
0.1795744795561747,0.6252191500118542,699.0717827247586,35.696888034732055,15.399289008245397,8.47999863743815,167.5363630334546,0.0,7.00989739384746,14.533784176301891
0.562411516482855,0.816449382489834,1078.2319261872462,25.404164034837727,22.161353270154702,14.123380435596365,257.13846393383596,1.5589043566170515,8.938502621759998,13.777657806875359
0.2609918444420124,0.9311392496902456,2851.3068583528684,6.347875307553279,18.350466848370267,17.399152272503592,308.43306897082766,2.6729159246600815,17.89201290843069,17.07712138072326
0.5479985618003307,0.5149639584480301,673.3426285458559,54.26551624427702,21.640728085575667,12.53027407231541,236.07365166028333,2.2073252302708597,23.5231781865918,9.555754956974113
0.1877660527915297,0.49209824181422457,1187.5617521629608,47.30353787153121,13.704221048695189,11.22513883981411,207.13899728918807,1.4939729813032014,17.140702515736564,10.845042210195476
0.2068716924004926,0.658134244710033,823.7505293314447,29.17685283491981,16.698891424594688,8.492523193740691,157.79074654048594,1.310228227830354,16.860925332424635,14.04950245337852
0.23839343570266364,0.6285444510946245,175.9702242316227,33.32817453239652,17.99221468717252,11.992795178115864,222.8415392108057,1.198964868441813,18.28933997079652,13.787502331174744
0.18101941154667628,0.6315351422685658,625.9072325874009,43.67712404735589,17.51018179126509,8.756816772602686,185.8913309006237,0.9267054237133013,10.429767640349382,13.909170283902746
0.22515288297048144,0.5979325303730594,1354.698502927337,42.37283560842546,17.383199854942294,14.682050401484107,254.69463739281437,1.844902857477659,11.348527354569251,16.06666901970189
0.018570198656091504,0.6521379907314713,121.3210793748267,39.76967227719661,9.1394276512283,6.013034418970513,153.38554562568635,1.8923488317699486,10.820836394429756,12.703856941922949
0.25319372395335094,0.7725612130076464,1121.7655960019238,22.19055377815913,15.368776267029306,8.640303115603633,181.50196835209846,0.5043632102380335,4.077184550448661,14.013170675030338
0.42398429718915875,0.43895546763420695,269.167544035039,53.378461939496724,17.513815366496676,10.38967741325009,203.06064751914673,0.48195823865273957,11.276990348690019,17.20646615393077
0.41497691982071383,0.8404219250015474,1051.1949733002195,20.922984167081,20.293438704621483,11.937432215533624,211.11230475439797,1.500611331229364,9.570152614457413,15.852585678358372
0.42759347843623186,0.6819510355329594,1415.457689201637,33.708870485834474,22.1282667653546,15.383135704796796,273.99672070997553,2.9811889009422825,22.561159060681067,22.96375708885507
0.017346339869970664,0.8452855837898349,236.55129995370322,25.32072646198034,12.158467304364205,6.259975061305901,153.42683345895412,0.11179654195068064,9.770045734754927,14.596415690275995
0.7414694175801703,0.5805189313820146,371.57986310529975,36.61096943852862,28.96954704863077,15.478101234671593,292.690365166322,0.4432702828439328,5.303757950225393,13.597052605252639
0.3160261677815333,0.3955777071796221,1305.6155625762065,63.69729993299619,17.080953131841476,16.106749019208614,290.8236963667119,2.059741613138734,11.533945283857543,14.171125760516032
0.4365351398217103,0.8874294741797728,606.656142400811,22.944266491280132,21.433510658917772,12.369017736198142,249.03083694116512,1.5466479333034862,13.208023219563893,6.1478504277186445
0.5511149367086552,0.8115533588010785,834.2141497108707,23.35565535081176,25.87129286358677,13.052100199872866,268.7379908196143,1.025488087435606,12.218510366221807,11.871849769246236
0.00706806542044433,0.8782159770869216,617.026194248141,18.700845972380876,11.933771758783331,8.121342089634398,146.2918868375603,0.5992420755640228,9.22837697759416,12.761342821395424
0.1959735804459588,0.7916732706653774,536.0549565912248,29.174109065653607,11.566403590016844,9.547123977862201,173.04665092009967,1.4846078227837443,3.6103998579785825,11.3754559954303
0.08780869411372605,0.9336783951359967,2448.055665262718,6.009091923820381,12.398514445786947,11.689967932016442,223.84633788545094,0.43547859718311877,4.340667219904022,13.808955878840383
0.11887916411888612,0.8605850692116186,879.3730748344196,23.640047741806566,13.203326957116067,10.010196977754319,202.8554842562021,0.9507639038532076,7.342861562333186,13.488881133144774
0.130192707378459,0.8865027752378923,413.02161496760937,19.324459964298654,13.491156723896271,6.6713194879408,158.36148765801852,0.6596077727180968,14.546148910024268,15.32878951073591
0.501927373218739,0.761950982189432,909.3377392006323,25.376426066547392,24.79481869249386,14.886725418309153,280.4393662002455,1.888938335132097,13.982640382987523,16.91864119980468
0.5657659718740301,0.8863838046086807,540.2528439601653,21.06325317750656,23.08428364249919,12.578839589905938,229.30835067316403,1.8871076457045133,21.356842699515475,16.62496140365966
0.19634828773898114,0.821471817375211,1013.1551787338551,30.212285359560205,12.03245286576036,10.9240067368095,216.55412500142532,1.7762668916318516,13.541779192468214,13.069936535079234
0.3412516460984355,0.6084217660809754,1380.569380538274,46.59326444958842,17.728050844369015,12.967698234864713,233.85261268458117,1.5178392765231072,6.576163647270058,10.630891413515585
0.09134955560234867,0.8407547429579362,455.5690405185539,16.377106592250172,13.893112082156435,3.9820275190944256,118.83241195291511,0.0,15.676145130658766,14.823128699560352
0.09175078071149359,0.6591732052471443,3776.7653139846243,33.22907068545297,11.273813757221678,19.813704438803985,336.34183586810997,2.626526746973342,16.244333578801932,18.47441232022151
0.19143179790113796,0.8571537029024098,442.11941022901465,12.025984429226623,14.094916669774976,5.77217868469835,121.10947178185825,0.0,3.992916371606158,13.252431198836433
0.43312445880335093,0.907440527748892,740.4659742006113,12.901929263225552,20.28624412399152,10.488224033658724,209.92954906903756,0.3489215732690244,5.658422425838144,12.973998172181089
0.4061218756502533,0.7750999836288076,383.66487907236564,22.427036918842052,20.05023132199267,11.41270942635253,242.6015227119663,0.0,6.946242222957934,7.430239226236405
0.43559357888937933,0.7245679975578245,1731.556741802882,27.547041859485603,16.500314156475902,17.987713426752226,334.3791044466801,1.068984745238084,8.214546218192496,10.694768059868984
0.04264157313273872,0.8167861920753421,1005.6390952379251,18.19879006625511,9.579696613239825,8.0073879188618,182.08531991104653,1.3088082214033254,11.419056027887933,7.457468294414276
0.24411944440672703,0.5153491557623968,377.62952743973284,52.00305424086542,13.977771713024655,8.624413900575052,174.6971926085279,0.999660758081389,8.22170400752728,5.784446374966199
0.09187912722509094,0.7133601033497369,2738.3827475402263,36.68141718610163,9.57718388741306,14.012317338629565,267.98975685044843,2.7493516028914415,16.889490824694192,16.89017301263897
0.28954476647394456,0.7016362990415587,3260.9284430610637,27.289208536854147,16.428203995601233,18.983299096096527,335.95392993120015,0.6168537721713638,7.4513957938810265,10.023511918320592
0.28632080992166825,0.9212994782953541,690.6715047607445,7.992580380726487,16.223406333207283,8.566705339222425,177.28654720822064,0.4652590810947816,0.0,12.543916690458586
0.7055131061671408,0.6284571022543674,2160.834485223449,32.676858578962864,24.67611566042722,18.20789062956977,329.0131643896199,1.6223169486116293,20.83995730601346,19.878351131613165
0.19575179828572892,0.8118239261854463,1052.3014812892866,22.404389817699006,17.831510620905306,8.733625920894431,184.7580059083067,0.5539334290016507,6.128128577801636,8.179669973335747
0.1837235430874808,0.8451650577869264,504.49529934992734,9.876650825901285,17.16375688223259,6.627479223043762,140.061042601339,0.0,9.648469111482822,10.569364667082686
0.21004586342738651,0.9763531610502006,96.82378021399985,8.909736693490723,14.361669463864112,6.173485769719931,143.88136387373868,0.0,0.49050656223081557,5.926040664798331
0.20185782069821365,0.784709042300777,176.99892300303588,30.722100573720997,14.698966239080688,7.637132993056493,153.02360267588023,1.8980786502282148,25.13089584014694,12.518666125870585
0.4174871718355288,0.4200277973159579,507.32388209273336,51.550084394167044,19.734602481018545,8.225824197468032,187.6130385519007,1.8851330712674725,17.701697231664117,10.793195666945492
0.10177883509079289,0.8998736976857994,561.2830264164174,15.15507218054557,12.326211687600379,5.941811333293505,139.5471479763679,0.0,3.2114136090616885,10.982110325235723
0.3712206389879873,0.45090393374032656,499.30946202492163,60.82108793144313,19.6540634953224,13.991703224102924,274.1824751859442,0.7180785755839971,14.658597783235933,16.906325358845415
0.4109334912191235,0.8935396831908665,948.3216445341966,11.380403295530137,18.723884988835625,9.31350271710578,194.89863528334564,1.7241710806404147,12.542415642332793,15.84029374313115
0.3928612821715957,0.8306235035254275,673.2100200995404,17.92590623868862,16.518946493411995,8.780589587060152,182.5653674340742,0.0,0.0,8.873289096418132
0.2819037095720824,0.5152346377016328,301.0571933929821,46.212629184862934,15.912215459983345,10.182178398465414,192.26441429687316,1.5552545746664095,12.827018198296871,16.143026016133508
0.24736556348867156,0.6085543186037469,580.5296832833938,39.208813637617055,12.77029002907338,7.822655973779637,165.5022507509148,0.8887029094127055,11.073272325857772,8.981117840038241
0.37732911280613013,0.8916982159437418,241.93445363701073,4.7494583198930425,18.479413076531056,9.104841532428567,186.33893379654623,0.7698038629740056,7.972149441221671,12.719613932183872
0.06083912954020908,0.7969377186228702,20.316269008405154,29.815630577323038,11.526496710346835,5.36803356064086,129.08341549863562,0.6504639215626913,0.7863504882906049,8.865801686114457
0.7235674443908046,0.5273103312617892,513.6670920589447,44.71768815707405,23.361590115736696,15.001024621366726,276.7025565987315,1.2312623383532415,8.009541673234478,18.114989153830347
0.2193931162772195,0.7657111022145917,721.5218893587381,27.45078383868114,14.784638125566602,7.492766559540762,176.7970715365163,0.19834514556982588,3.3763836635683413,14.012759682948815
0.12773802652696073,0.5618285503684847,3256.3253138454706,46.195570761933425,13.26254885576395,17.847977181762424,305.7560135502151,4.023546722668209,17.982694410440615,22.37159058689665
0.153289051782209,0.9832741500499257,723.8425782579878,7.060790215541735,15.534771997802343,7.5419213015504445,143.02753793133186,2.5400077181836,13.646173761788413,21.841007934781153
0.07866826901688422,0.4913350681591955,533.0375041274654,48.47350680641947,9.7289062984273,6.449385068872907,151.32690416230898,0.0,0.0,7.293474271498769
0.393368805751353,0.7808499968118994,875.2639634206615,15.875438094604146,22.42686607067822,11.787465258418019,237.84031837232794,1.5293046596785254,17.35546619726673,15.278071686707722
0.5282318503635399,0.6230578864469397,1305.2421231429003,37.35510442625781,23.876012023776628,13.00436839178183,225.8648343605747,0.6000767060369978,11.361694863405514,15.740436997705043
0.05539405913623937,0.6546362633426496,675.0389945195124,38.14102212856865,10.707781942689342,4.151157055744299,99.58244510235798,2.3733029895697904,6.194530636584965,16.674635119833685
0.15758222014356674,0.8914576428579571,774.0943204723254,14.318035488924151,15.751521819190748,9.344282895672356,189.69344917382853,0.2369250558181163,14.609083015281588,14.967027236045585
0.3205919168275683,0.7191051504780248,140.88185654493284,27.320496483410196,20.222213116652394,5.108773244191112,108.45500762649894,0.0,10.677125616248926,7.0084051873602
0.20510144185396254,0.7478331271982874,420.40171866255804,29.596692536542882,12.862260738793836,9.235790132438357,183.52168437370366,1.38378208617442,5.748218649378037,9.900035476340161
0.31282346405648204,0.6520429251899039,859.6447064936879,38.87777598881481,18.267404531162914,13.377598017497112,247.5877071136374,1.1329316644701257,10.456280928882137,12.980249035880863
0.17313881035262857,0.5587225200531062,477.2320423862523,45.82328557372301,12.847586426516743,9.280336824968877,200.5098354826672,1.9090234755483289,7.897858755041683,12.812492681109246
0.18482611998313836,0.541062615071138,1359.157130797907,54.43748256860337,14.0233340549094,11.479716026439304,216.35495254769228,0.0,3.95807274362872,11.845589948624824
0.20597211933221363,0.6695416727439094,1133.9693965513015,32.30625301289791,16.252107068915105,14.829830261985784,258.23468346290736,3.0781568329971702,21.94879047030982,22.146350785684582
0.3699742001634865,0.9278260850418213,1099.2635086002201,4.84620634283343,20.816799355537917,12.305128683923492,242.04624198750636,0.0,3.6098011501106853,8.137644578499224
0.3315529770901298,0.8456754365405349,298.646860457114,21.324782082121573,17.67913007750482,7.498549266502496,162.77189255937841,1.9644223065884243,21.297481955454938,13.259396115569647
0.38077553839499534,0.5878434576548301,311.4880322582794,43.04998971853686,16.102585368487006,8.849150695982319,177.85971869836257,1.101902890011272,9.323412811898361,11.691413455188165
0.6181211175757614,0.9874358975985171,1051.8226841587727,6.44057713234127,25.442955459715044,12.318672984273336,245.97406004058539,1.4134319750148616,6.392697987077147,12.755023068645354
0.2730010932753572,0.6069771903246388,180.11886016810615,34.45849093281171,15.051353223442202,7.274425640759992,161.24296420432543,0.9367038894039917,6.171605712709248,9.614907718439015
0.6405889108762164,0.5542332931525549,788.3954076854875,47.1275761994591,26.765443701921495,16.56911881176543,291.43050295566763,1.3280312901927451,9.061791624690942,13.974202478443072
0.23279654691386067,0.8023095101690121,263.04246463208443,25.85315674088474,18.76403256183635,9.772506383668183,188.07783742666567,1.8440920896199948,8.583078539091366,18.021931833506244
0.26529391807058406,0.9105123978472265,865.7085591537852,14.895687864826888,17.38197746367116,8.790056530336063,185.25685057061145,0.0,0.8771793464213351,13.334773757767131
0.37759063307072693,0.9627532733896446,1546.3931759026807,0.0,19.665100083676506,13.574867932486773,258.5808162207719,0.9545316350630688,10.519641391819619,12.895531939777348
0.07114558793556891,0.9061230219278276,208.12383795953568,12.63348101487275,11.686941935048006,4.600086438346964,113.19494319514054,1.3466599903596879,9.863396307148362,10.166992861059354
0.08539066037629643,0.8912740378189917,1041.3437380207663,14.26672953221155,13.508197531345271,6.53374720371354,148.48309712718319,1.9257722736620122,15.826925211272615,10.476969306403774
0.6969002768622914,0.6321225856929706,1072.1094761803806,40.12043364713935,27.130584230238174,16.238761900459327,300.8699029915986,3.1729121825467015,7.665795262293834,15.663270384047397
0.24292705032865383,0.715841216317027,2689.4405933379503,29.52238005783852,17.829336203919347,20.989588582199453,374.0201193719055,2.847308326737401,22.306974296101078,15.173289550465917
0.4142094766052051,0.3702995918099929,1574.1735216820998,61.82690599830048,19.457641862526255,15.979322923786201,281.61846516479073,2.6219175917214836,15.171260541099175,16.20092602652473
0.42054704237580054,0.8063138301587885,356.3451536431571,19.941798318979675,21.660567985310525,10.274185737876266,205.59869355235418,0.6201938535143406,2.98689399686634,12.034605041290284
0.2293089623735327,0.3152945379046708,1153.5124628943097,61.159398580005664,12.883744700511201,10.595446716535466,211.0705998284509,0.0,6.1447828328335925,5.212613861531438
0.38449290713165046,0.8636019345120804,1743.7116299635536,19.56032706015174,21.24502814426016,14.548580904843682,267.4164269526244,2.4509848058794836,9.443135304870406,20.254366258941864
0.47878122469284207,0.5688177422895936,344.5763349277284,43.837816401100696,19.02107787475394,8.634985273744869,173.4228960397746,1.9334865594013908,21.44970857644796,14.500889315125773
0.17161715721841694,0.994561940099862,147.37051143563824,2.262790103593704,15.476585444423716,5.829019779429868,137.73360553592426,0.0,0.0,12.660406737543225
0.01800468109334017,0.8861555770619676,1537.5172943195878,16.17299291849837,9.942260030695977,10.713341368131152,197.34902328301138,2.3667177578582304,13.314706871497611,20.94906268969367
0.039903925973786405,0.686168356415286,2058.767927137962,36.4989759029427,9.024405484022912,14.94197932820057,283.16367392422984,1.63197880178988,2.7440204231500402,12.348617170033034
0.46499382701137304,0.6535560290755171,2321.4614114148553,32.764266823838966,20.027870756239658,15.788632563416321,269.86359183800795,1.284333456285276,14.242796118697147,14.30410135759389
0.3517245732735661,0.7173351166034626,916.4251316429209,26.19046476727579,20.817222794702214,12.67764836303723,239.45600020368823,0.237880920357755,0.0,9.553865032990768
0.19271345483004376,0.8782967665641431,799.0843345418408,18.903783034067107,14.618933230421604,10.13680714884815,197.50087902672936,1.3552297082252165,5.428127445670098,13.196018430124155
0.04277953222985332,0.9638952998183701,437.2769581150919,16.172502193688,12.210244210196391,5.844269760631523,127.50873124800229,0.12916330173532486,12.764335105130566,13.172355237309677
0.23740279451651017,0.8768789136001216,349.45469610547633,10.984646495972296,14.357451056118752,7.681977147107722,179.0067872480987,0.35622749177220125,5.783662240097251,9.88311097619034
0.23595692192880818,0.9166627242259865,222.0964141343984,3.0513653573071995,13.78270304529139,5.060216032487631,116.94020871243183,0.0,0.0,10.216215727097769
0.29153009693980625,0.8959601703425077,848.8209980299015,13.424193230004397,17.017154299783737,13.133470630932255,249.7170349641182,0.0,5.506964868764035,9.943646191918162
0.3714411392678274,0.8808582074450679,454.536586696343,18.185109058173236,19.012790704748284,10.035184723963006,217.59911571375773,0.0,0.0,12.538325070209961
0.23444695697361317,0.16835328229794072,57.27163240801214,89.97799966938153,16.89687100319333,10.2218013260865,194.5907179417792,1.8185536442206123,12.821693336637985,14.22562110800822
0.29081062199336544,0.8195151126593724,1367.9651929061788,17.495480242191057,17.038265589196154,10.440186270955657,194.39245315137018,0.5239585255847491,4.869020111642884,9.356836777732363
0.016212173650411225,0.7234673089881225,463.38243557529904,25.34464341900533,5.827279070058815,1.983860458806301,96.98268808441262,0.0,12.792308674607293,11.663219845678919
0.5980130442405828,0.4860906165250946,546.8830521892708,49.712511047001264,24.24394493747486,14.703906509207123,284.0786286082613,1.5812743577591961,6.0297196019342,10.937584252294592
0.07786047970899942,0.6772939879826383,1257.3474787546932,38.720074388501985,15.445683546596428,12.091862003086923,246.29316043727545,1.0923064164988083,17.184491781190182,17.0854353255238
0.3734340856848599,0.6061810042040312,915.9995311426402,35.10960016770245,19.799606303500777,12.573492477416865,246.22110463553275,1.1117683930637843,7.6510008189415215,16.39670318423977
0.1630232667935693,0.5296128060229851,2027.337415098343,45.30224154159241,16.073727708869647,14.280214255573071,260.42559170233847,2.0956542935933755,16.922898928261905,17.317503218860654
0.20184767453753952,0.8730667083563793,1234.522365698843,14.404234664525546,18.17256018779177,11.217678644403053,217.75226467392946,0.8184911144100189,3.7465139113939605,14.771905338575749
0.3593457307346535,0.7326278621121721,1203.3861041204295,30.16410554334027,19.76101194513656,11.905755881947394,239.18013148445615,1.3677158310171171,4.770391734060008,13.651871337758964
0.5957021397253539,0.4683130146916665,235.315544433911,44.19661087802673,25.40494028878299,13.94776531366323,249.28527459139474,2.578881632876214,21.32139567565122,15.863510162951526
0.18088213915022477,0.7631622111401606,270.6208464248663,20.40230493268614,18.425990594829223,6.918813712307081,158.02089052762,0.0,5.242034023351595,11.661247096455787
0.22248832092781926,0.33051635464287205,270.6011205973257,71.369300592953,15.600705477684128,10.797443748698775,232.3140165268797,1.2591075397623963,7.779731271937536,16.12628400265401
0.09114092984849959,0.885475251452242,1130.135503033846,17.10668966182049,14.028539901721494,10.775480436274808,208.23513089878998,2.5330747995150213,3.0482542620959006,18.818813979347084
0.5333148996279151,0.4945029009110471,2748.7681773344643,52.83784176044203,21.642055901059255,22.84377136106915,400.78463192969537,2.2218153219724934,16.333626639586946,18.911526018974595
0.09808237073249025,0.7845045208366392,407.4115586486506,26.41415576038888,13.829901351313618,5.241357453491096,139.53569763320576,1.272930645999237,0.0,16.317756987795832
0.1464798029760231,0.6465700151992759,2108.0253216044603,34.75850221965206,14.645285474773267,16.434134809157214,281.99485772645903,1.833815923767835,10.088954155292411,13.873365075523159
0.43440556051411644,0.7937828384132742,1187.8052397501601,20.278141440727694,15.308424266455017,11.288006614436775,209.56613634486988,1.0316015951661073,8.946488732694318,12.916156390771047
0.1370720454480392,0.8147936162571047,448.20767756138275,21.86066024214502,12.729074385216363,7.418303582930013,152.21864867121667,1.334944702483197,12.375138209182147,12.372575183910225
0.2300476192886009,0.9246261162461532,332.38697658241625,12.749488056230973,13.687870766124856,6.049126045357519,139.87123590572855,0.2730876854676401,5.009565188760063,12.632792362489162
0.34200130416948504,0.8819776630089339,1189.9657632738722,14.708018345319891,17.19851793944772,13.687796658321044,249.98861187866942,2.3125179053658687,9.674973641620152,18.324783340081773
0.6622061618098255,0.7899943805069191,977.7159815975527,30.725130352334943,28.397455356242272,17.9088226194175,328.05693536300913,2.3733325085963743,12.745296904937387,19.257109582062647
0.2729862074596694,0.7782169934301797,1201.9714495985274,27.789948666020354,13.70701746182117,11.459420258756492,216.8868854155807,1.4646406973003232,3.6642172601544036,13.124860593441404
0.4784837733354971,0.8802569831031458,936.5905389513539,11.319384104647268,23.72718712882754,10.322408881547148,199.1134746682122,1.8967552233322795,17.84829345380557,17.157799045985758
0.24604645619947296,0.7474833338657908,296.84628289072003,32.1562353686474,16.816700130378823,10.02623063517066,216.43120410881292,1.3510438370402462,2.9925244805458284,15.421068718532169
0.3886522002679459,0.7796102419601364,606.0726579911073,25.573187187799274,18.57055527072906,11.535536609320358,214.1539097570238,1.3724187287672496,7.528740135652233,17.27774007926919
0.34051359584867574,0.6973731911997271,1318.354411771646,32.193866774051806,15.537885455889016,13.793062309864082,254.8596457857629,0.7508048765262635,9.88484809258715,9.955902680535054
0.24777714466405276,0.878647127538729,618.8379231566757,14.47935308492319,14.93981808900251,9.247921908447301,173.60548011449453,1.7604197300728681,20.91018663451139,14.051227856147172
0.15703228523847398,0.7392979092682398,2703.05849317972,23.82650498890538,14.61500826186163,16.478859803617848,319.77076529266213,2.9333429316016497,9.312979025331833,18.27472849297892
0.1457144216221482,0.5913313274719141,781.1462671833667,45.597705543919346,11.691816459711145,8.81023242743171,181.8082111534731,1.6790691353882592,10.588425894146809,15.768986847710055
0.3033021708467466,0.7917028594229655,1423.3318709096172,19.532323092894483,12.411061875011633,12.123261572719562,236.43225805786602,1.2175481330429998,14.605525351390611,9.012390808959973
0.23822869577077949,0.9451698180509611,2805.7107940021297,10.940448271003188,14.87122049414231,17.334927205301142,310.8116775546251,1.016708361822493,16.10392482054491,10.53345208429089
0.1822995881457696,0.9266201838179787,958.3852791706067,12.549340737110962,15.595584967359203,7.989201354134465,180.8654233370456,1.5206887203370816,2.551112637945666,9.152506861454869
0.38334034932883404,0.6801584171013358,1762.297424299868,36.77676866332209,20.24644021805682,13.878114408852749,272.7962421042217,1.73174683654061,18.121341247936172,17.9922533557032
0.3274167713059011,0.6916503685755244,883.1479441738161,32.508188837231266,18.75232424782909,12.031542851622332,234.58891351794108,0.8421219059406018,7.35491318089731,13.910087241605835
0.2678768821210302,0.701741129625638,473.7490773871476,23.585562433033157,19.333430347547285,6.954204977293446,168.89472086263908,0.0,11.419560587655095,11.478146616501114
0.31418752025020036,0.7535390830155766,2001.1525079301387,27.195722909549016,18.016789060325415,12.780566622630825,227.8225157144765,0.20509872672006124,10.047144915736725,11.54372152524168
0.20141784013978647,0.7750536132638818,1506.09229908325,29.44179846776882,16.25561348468293,13.076232559688211,254.62111310411763,2.4441258179532896,17.12514631319062,18.9826791817799
0.4058022772744612,0.6086679823729899,1038.5104484765734,43.29758984685494,20.347093375102016,13.026724511901161,238.7208587104601,2.214039810921482,7.088114109372691,17.46755443883625
0.39517473423582095,0.6652716527667781,1383.4868575939083,36.07406165732844,21.256114960393045,11.993331656537265,234.66998265946677,1.2119441285853552,1.7201499065049646,14.013685096020794
0.24742026006616807,0.7815531178086126,268.84503128428315,21.890797042408533,15.267937576421819,8.350841142877114,192.9264844390305,0.0,7.579619183754363,10.483151808239597
0.241948473380434,0.752737261345846,235.26529881815733,23.54649239730588,16.378715296157345,8.627229383549416,209.03756937468327,0.8256260353767823,5.347953301546166,9.239902984180478
0.3399056688115113,0.41685168938592027,179.25833011452505,51.89851091770544,19.20410022874631,11.748090035635489,230.5508743658879,0.7352722321159102,17.358334041480006,13.762260629991701
0.23291333942708686,0.7285574771955391,667.7340013362519,27.243029351167042,14.595898215672065,12.888306602341114,236.32179991195483,2.182028892675708,6.544376432504661,14.729151715247447
0.03184662047205083,0.6964202030762084,231.55011097928664,33.37389556318603,10.099357290998476,5.470791222321275,138.3648860942769,0.8081724489291009,13.526797115820726,11.187008409209772
0.27481992962222346,0.8176861212950881,273.6436434596422,28.692219676795055,16.1779453308169,6.487594711201354,160.96629631870744,1.2594026750720881,9.843272036796153,11.734135847329338
0.16577935640400032,0.9061689785938557,273.1553761249083,15.798367442684452,15.235719254604353,3.689994575509187,108.76330597907777,0.7871669447065341,6.330550162731038,19.077006182444194
0.26081137947632255,0.7761454728974106,3576.35568604955,19.9860799835624,13.581253534905741,17.126011776766973,327.40792925194506,0.9844936436269467,0.0,11.457149819695811
0.13762904522131061,0.5966591178440697,1175.5404086841027,48.41386445254568,10.83657707031915,9.002992669289137,173.59769581619383,1.0518117008938663,5.0146477780935514,6.276868889942998
0.3547662647955295,0.8149605893771734,426.1574804887916,32.26738995676659,18.047709944785048,10.107810684677522,212.99645385280053,0.5818681324583826,8.06688811617969,11.962453613626979
0.1924955594001723,0.5802245818024714,484.168894935572,49.030333193662244,12.972861609194174,7.603590794708947,178.28607002133273,0.0,8.178355546865907,6.527279787055151
0.16399171520559172,0.5211078034582867,760.4838962576513,51.12270485834722,15.110969033760108,12.797602372317936,258.4405954837715,0.8309665245987315,9.015562399719048,9.724316808297049
0.2845075414727272,0.6943336132106895,1226.40753675984,26.73249736975766,17.62447358703918,12.89161036816743,238.65156745648022,0.8543415744063187,20.439763172581273,8.572405903794063
0.19392224676746053,0.7576548865074586,1020.9714093886295,32.271754427245185,15.136318907556216,11.851642577667231,229.110333962138,0.28938779694001815,15.774448843969594,10.98006948774313
0.19977227414170126,0.9202150469127762,1460.1699937753312,16.402927707232887,18.247802217498894,10.946324889912443,216.8174783474853,0.5876843519793782,5.419964884771909,11.444921020221424
0.252739003769272,0.7359217011887363,2723.027939606922,28.401221281489033,15.160801839707354,18.212662556261055,325.8353154273617,1.7055064825709358,1.2961173949374771,12.568728548377143
0.17391346651550282,0.691451919116111,679.3338697781708,27.75005954666764,13.002966781474699,7.849519238675441,169.7921653380067,0.6894355065827064,5.765960044756644,10.149795401365214
0.2276459899806471,0.7167194876832286,4779.33126134483,26.628100181037578,17.1334366441871,28.525943604366716,483.8848281434514,3.860196824516477,19.01698096583653,17.581159289954414
0.08113918249149038,0.5795546137118761,699.6205749846494,45.27592408625351,11.912102621518283,10.255944969592464,203.0728471007811,1.3525249038349543,9.222370235294246,11.629025591150995
0.27401317088015337,0.9191770954642324,358.5009036526857,15.45263634393396,15.065290660254663,9.455975518073982,196.44287503655463,0.0,2.4185692364338456,14.591961971825846
0.5615473009180569,0.9176932523417612,1064.8869932416449,9.83788394453532,19.009896647220877,14.684574537799339,281.9680857837464,1.1777208122006702,8.845520562417757,13.06358831254169
0.436462443692076,0.6859186618802715,182.56098031973946,40.37579683450849,21.055305258823125,12.864032068812133,237.78157636030522,1.2459044788099212,6.406104223228185,12.707039612616104
0.02896950119651449,0.8830494836650639,721.4892812071697,17.508269346573464,11.573961640799858,12.193870061014788,234.29896674237366,0.0951482615123127,7.939505649674761,15.945821434885003
0.2647917644782403,0.9269465583665946,472.04494171972647,17.636531207253377,14.55213093238143,12.369957143744593,230.35950113332578,2.409669537752406,7.993399740180989,17.97372297550311
0.1975706298045127,0.8109409504816162,477.57573553435816,18.312471744890473,13.216856453277453,5.861260606400014,147.49025953281762,0.0,6.833726604244167,11.435746435703978
0.47566880936045836,0.5226272058014119,536.910252426558,54.47015435000657,18.95654250076615,13.871758845799512,247.9060366520075,1.2373270116983188,18.78424622338034,13.00997744286074
0.1673577647856255,0.7510906385939587,797.7374907763017,30.68662216655647,12.54695766694211,8.125631223054121,175.39654257803818,0.0,0.0,6.5850387641883765
0.33221103345755865,0.692721164823246,163.79684140455817,37.10405362084166,17.363584949628457,7.771318126198607,174.6662531860471,0.0,4.190190032841634,6.493721087910654
0.3365025469286517,0.8560786425669662,1681.7770511440933,15.811480149118667,19.997585724408,14.953931106147307,283.81427414440793,1.6468228261500792,6.371653959316295,10.896939263421853
0.07901915414202827,0.7684481560556762,1785.7945132385255,16.392644450709582,13.462108491802878,12.406409863778434,235.04682955060795,2.1511009302245636,13.097520385714612,14.084887408469449
0.3344825549805087,0.8277657532278787,2212.2100597676963,14.459477229249323,17.25853429707767,17.495109150099655,315.9801798151419,0.8373478627759814,0.0,12.32734346680573
0.2080028101598422,0.9535684180885824,994.4663298214427,2.057133153893907,12.843932882781846,7.949811954549716,176.90665843432626,1.350519487439553,14.726119885772615,17.238357835049467
0.48049583908882887,0.787086535964482,678.4124432324049,38.875287299582126,21.823562270799812,11.963549668484584,242.46191808115267,2.7092090539054157,16.5461967880641,16.271220695251145
0.35250594453349565,0.5012680387784689,1195.170205147895,51.717296026209134,22.360434951184292,15.032268500847753,272.04806117154436,2.8129874824715246,24.52718485274564,19.380320922425888
0.20098781000966898,0.6453142767534551,413.1744608478238,28.364057728115505,17.21369010150926,9.464071859694242,194.88523455585826,0.9568731546604726,16.841680712277736,12.267988470398702
0.34954415377041675,0.7123796061871348,113.0810881917597,31.080487146038674,22.616458830494512,11.019249966886116,206.81344277954156,0.0,16.047096427801677,7.966001680903458
0.22005455666354973,0.7539614160209216,939.4450240856515,31.070633804140602,15.88493746233853,10.84159919601571,207.84459487109322,1.3968122205566977,11.30135078596618,10.47702807111283
0.2983879913137413,0.8832982411490394,2474.4168804377296,6.554088212814044,19.014238603768643,18.48206329112768,326.63646042541757,1.0480652260681043,3.6263576415578163,11.393399476227328
0.3900006609268962,0.39790766875990463,1463.952974626459,53.47016955784605,20.428469382760454,13.144030751027012,256.11818588962115,0.0,7.334619056890719,9.04038250876395
0.16307331858238452,0.8301914260112755,956.2246375240802,15.981917670266473,12.834863204948498,12.182011693994141,229.9267159731328,1.7971381793741859,20.411779954048278,15.576438138306646
0.44536290743006784,0.8407152099317228,567.2356720631542,18.138676426059085,20.153948768989835,12.568460835840906,231.36484293621078,2.7411711503260956,9.962842211393454,16.929175899301306
0.0646899810244399,0.41368112832103343,1027.5956683903555,53.11299886557167,14.719665109791883,9.43531994242355,186.37688010567894,1.9457231302231968,10.040085145493695,11.942510584440022
0.4855276280736173,0.7916539334613486,1135.8895171094432,14.393652558133434,20.38605972441836,14.01563392468815,259.5000708623258,1.4380907558392149,10.394502355733488,14.716741561697784
0.11103301448208988,0.7915781239533273,431.810626327105,30.908489123417457,11.034048757228094,7.974515008698863,174.2124452537923,0.6990462488316298,7.956305472114108,14.342046329622441
0.4681355804276283,0.8493367415035461,637.6797629799383,13.268504829357102,26.63769203356653,13.725061684180682,244.96671091521853,2.4563648190341034,19.09412476911634,17.600128351255485
0.45041983510330946,0.8420715449725465,313.7999021941942,21.926960534840873,20.253017531506803,10.264768377944606,198.78714703607878,1.2295188211608767,6.708485147524776,15.157241257273402
0.09926781731765988,0.7135105930356008,353.5645673199316,32.24112662405091,10.500460054990075,3.984794668341026,109.0144168926933,2.095614339646698,15.063302645090273,19.169031282737787
0.40488709629609987,0.7048516100736829,910.4057035724383,22.91076682532404,19.879813650687584,12.193264688048355,242.37197770233246,0.0,5.271190633048903,6.503327122973385
0.31255159629561974,0.7804862302294696,337.3916079602347,32.02038049663009,17.548427783940852,9.717153909569838,219.43953480051468,1.3433249590901981,9.007287974901612,16.683634048778245
0.13677592908641506,0.902415501208486,460.47427550955865,0.0,15.009820474186316,9.221081599449692,205.9057244872226,0.0,5.84427547954139,9.287866185536847
0.11220381396977155,0.651638413062831,1867.857406056766,33.741308932572345,9.782782367650865,13.547495630414227,237.51180033973085,2.65592683770124,15.595320175982106,15.288660136571528
0.028974639327458526,0.804544424275211,980.958219454504,21.80448240022494,6.280961390779162,5.8632270534107365,129.86201779423482,3.030172105325482,13.909665287638322,14.27214527016091
0.08920110969005346,0.6714839772247452,775.9169383752844,36.76302525186567,10.696498999645135,6.786297946721037,170.53262245430773,0.0,0.0,15.774152483441881
0.023967375127414495,0.5418863054890941,533.081008799051,44.9774552653388,12.992540169329232,5.254203900341615,130.9906969087365,0.0,4.129238381890634,19.40881644223353
0.39433751560064684,0.956897782201533,901.6921761901283,3.6346620599444703,19.655200379054996,13.163795359735607,264.25007213844117,0.6088615932051227,11.492843091315438,12.73396576640401
0.03835665725694212,0.6553129744131996,116.46567278041576,34.628721719587986,6.820453286055473,3.736529804471556,106.64395262404956,0.9087621062647602,3.3090519128562352,10.491874111464801
0.3122958971457096,0.6928722066622331,1154.165418165862,32.09064244617132,15.431253128540495,12.842607641690535,248.81914538480058,0.0,1.1524383846191544,10.882693677000997
0.2182722448408428,0.8891904366281178,853.7959796898278,11.606433160411111,14.682219656846696,10.251363587972072,203.53240076402733,0.0,3.4403115007886163,8.256073294167717
0.4011385973252094,0.7845039570711361,830.750430244624,25.712130237389374,20.911727120269862,7.1875886634423045,149.2949221938352,2.2718348259669776,17.300627766114154,19.986683394053593
0.3963322350529248,0.8135551459791025,1416.0331970495097,19.15271575053063,19.73448783186231,12.757814403403287,240.88573694050848,3.046727286510589,7.475541233425421,17.222465264698894
0.5264545481702224,0.6218210215940392,764.2813761483168,28.594805043688595,23.897916103637183,13.866059263345951,256.82353816857346,2.716245056355005,17.571235770279635,16.170696507197974
0.1402539584054755,0.7543150945845125,2665.326302333087,31.31617497221243,14.070713927281421,18.32384954054877,329.5359144888621,1.1594583650589572,4.970637251302701,16.55234488491503
0.37034000807396994,0.5417624746271857,1115.5164827671638,41.0054385162421,24.205970522250354,12.550999112672802,228.50507858231532,1.211513897119228,9.843843377794318,9.300391324396557
0.6160107872829398,0.6894214232054636,1408.6942907811167,36.75305252995127,23.232510689676282,18.968439788889768,311.88998836177734,2.4240671059843413,10.677430881090862,9.84679089516335
0.07685149248676415,0.5967037562025238,638.2354542577409,38.23444584455677,10.800772635597049,6.566990864257056,163.88660015657376,0.6667807263605637,9.538678367331457,9.830017569713366
0.1230384976250637,0.5695731825956921,1405.3616752521232,43.91997712162165,11.385025738197639,11.432859238125552,213.05720601182742,0.6969208071562693,15.283527697864011,13.609864657958758
0.04927508105409033,0.8101354694718185,1399.5463780241653,15.601838115556,12.425339793051736,9.824141924643301,201.02281022349888,2.454402106062054,11.281977531296338,16.58951822212517
0.3702332526269298,0.7595124422242847,1174.5441378747632,22.020796010536813,19.922189264114902,12.986585662606108,242.2730857880596,2.8967778476985453,15.36570858190169,21.634270095757536
0.29792181388178407,0.7436547105000986,1188.747486746082,30.36906961411598,18.78390543286454,11.198659750302554,210.75794662191274,1.9378715723067024,23.83164446494923,13.946309880890748
0.3935126078392251,0.6133964161190035,319.3410450556966,35.44824009257425,22.850729253799866,13.742885742947696,250.92066032035888,0.591678352250762,13.345814769071577,12.593105807679581
0.3892979100242678,0.698468541924962,764.0950992397782,31.763019332922664,20.504192464841275,10.417286831088015,208.62181329623004,1.4386849269815938,11.61524070244731,16.914225047396016
0.355693537009771,0.8182431689848824,1187.9941038964964,22.03222140783705,20.038464498977408,13.418933620241871,242.5888322416115,1.551452251608156,1.1423564568698996,17.605932881541428
0.16422000025880312,0.7037037546290643,2005.1068786090514,30.250409065737152,14.427980720142745,14.48656723163147,284.75056581894233,0.41540809641192256,8.326238773351587,9.221168563636432
0.14895142530748626,0.7426375164932512,1833.1464685281494,35.41967456795468,12.732356397692506,12.305899782590455,239.82816121465373,0.15079042311530988,0.0,2.2248904444379427
0.2485853314226349,0.8634829252555879,1320.65779174481,12.311078644893858,14.731352127305135,10.391230241678297,206.36013355855937,0.3791287861244548,11.688614530947849,8.287765234029035
0.5121849478790484,0.38523331552057094,1664.5266941025734,54.63224183598279,21.275014082911245,16.957511608128765,298.25089645759294,1.0637341722863363,16.105744630795535,15.194929837227264
0.17438513652029802,0.7679858601445887,1500.571068951066,20.118858435758316,11.676016842620083,12.45069507679676,249.03382477162668,1.1990625211479182,10.600030855437623,13.910885029040259
0.23792271591611094,0.6613903393724877,715.2571399683499,31.846152575103595,14.858919476987483,6.812723891028229,150.11205088423364,0.0,2.6503137674090747,12.45858439837529
0.21143626283718606,0.6418140846134697,881.1034316439042,34.43929434599282,16.964541616912964,13.731509321964742,243.7847719447318,3.79596152336496,20.74668748881902,20.154321187037404
0.03917439226765558,0.5835589856627391,1419.2822690333578,48.813425093570665,11.92580909917759,12.087274921972545,230.17566316877787,2.9291877672004865,9.831365537363915,18.371248275905238
0.3170242362560914,0.6135506596031794,897.8176331962383,30.626588687546075,15.330511682960683,11.367299774646485,207.89436627415,1.750722068150583,8.933375196394667,10.90159471621903
0.17917811256540409,0.7837770188586898,1093.9568088168057,27.80404202633237,17.333984860031986,9.503419287585599,197.81908527376666,0.3440138235735631,10.886752119273044,4.5313101020451505
0.04413008125780569,0.7309774350977098,1540.7324181389956,32.38153761658712,10.374008694857213,11.245581523639308,205.7108540573792,0.673578807960573,5.1691645810853,8.736221416452484
0.2952856574581439,0.707584474050483,615.6407700463939,21.20936420846634,18.18724259732353,9.643526831671554,215.97880914721225,0.0,8.006398846494971,11.591232948717193
0.6398292364039951,0.7535504044384639,1234.7721192578783,23.27526505495709,23.30988529975575,13.328294014397311,243.79123565576427,2.7296132258912555,16.806552463951398,17.717631439879565
0.1577738219972091,0.8926145479630305,759.9129557999424,14.531125111046999,13.06685526541353,9.828953872353544,186.14338760182295,2.9606431842519907,22.62942508636224,18.266618556471414
0.5419930562198604,0.48691231938093077,923.5411194951774,51.74500296329586,19.085090946230032,16.390630760903033,294.5703949727675,3.123264424893145,15.947239184501674,17.58246899337011
0.7578772141653106,0.8359023436349164,447.18160858817794,18.37345273272862,31.11948811081954,17.46903231638178,331.37087789402017,1.9281855181831231,8.142625722202432,14.854833341347636
0.27405787734510345,0.39317558000244673,366.8362604522747,66.29342773054987,18.073734856001032,10.423294475738036,208.22176180358122,0.6179754569995615,0.0,13.137056193612292
0.05667256636084769,0.8406488345860699,651.683373337541,23.101226390876022,11.475355790471944,9.224033953816111,198.93351228791445,0.4752389809539138,8.668566125290948,8.489386968765531
0.47632002676590124,0.8359801719488508,404.5649512230022,14.897787966676596,20.128837357023485,10.612481858840555,204.98294148453562,0.0,7.568486696549167,11.85984330297639
0.4518135161749448,0.8640467356093808,1734.6974412346317,15.872209316966932,19.197811564146974,18.116511332862096,315.3925061741532,3.275890221051996,14.49632024409167,21.34083485915008
0.3998924224369865,0.6719225775106231,1267.5468054122884,34.190676344614616,19.95025959283015,12.077889285431532,225.25126769115073,2.1873166045813743,12.122250050840549,14.041859945569037
0.14070456564179493,0.8310733032412256,640.2653372075495,25.07044171322256,14.205896937083843,7.31671577076559,148.1831700662818,1.1407396028160952,7.403877667311467,14.563714835776562
0.16563659910903816,0.8958911236071406,475.39777398133526,11.958850898341037,13.925315383187437,6.076790166807975,136.24824735643588,0.2841324993551251,11.28377073407784,13.832211338074638
0.34275044144938954,0.7600008640453972,490.8170285552847,28.055039142600563,16.125380354137175,7.759654306055092,167.79569276043688,0.4381258986019101,3.5102998409239876,8.51203452644781
0.06730467393987344,0.4109113699080344,986.7210317204549,60.0135407516948,12.295528467080958,12.244163602684882,242.5717937827803,2.350570102784727,19.83716652103177,18.079446413151683
0.275638157855183,0.7636400304846149,1738.238631208701,20.29729616498574,19.144670090969594,14.782604534667804,257.3983190369664,1.2571122815623341,10.930720909498845,16.80854925604859
0.35310412814958286,0.634878584012431,394.63655030739335,38.30187995647598,17.078245655148965,11.253801735159936,223.3492731697426,0.0,9.010151103129093,8.013399756343746
0.3721357565412742,0.6696235228885983,527.4055093697954,22.440159298129316,24.244918827351405,9.325575747301285,176.07067849072567,0.0,14.07983022044472,8.146261446219501
0.33191123123484784,0.8905342268477118,805.6887322795494,9.319541883505156,16.319632450496965,8.685800784718877,190.75843731389503,0.0,3.388410886123137,15.841351494831798
0.1245682140879617,0.6986461733323353,1458.3928920303974,31.824645957561728,14.525190795878611,11.775219203731274,229.07891959266902,0.9648358503335224,9.568222430526944,12.993070864875337
0.33787491846909506,0.8287766793549736,600.6818283488099,18.647097162750676,15.516959219009465,11.407771432838008,219.14621328484952,1.9178773615651261,3.5547155741488723,14.555960237969105
0.327987956243404,0.8425190995565153,86.74679814790797,21.468279632567082,18.617507449291217,6.871025176607056,155.49101863187573,0.9354986988117162,8.48670474581629,14.583271571354388
0.2873719118094724,0.5430766147414168,1401.0741950636411,43.807222374628616,17.573554036691103,10.558121224077397,216.76204426314231,0.0,5.267553108603252,8.91696818167678
0.4920312923511203,0.8057712949804101,2614.621979342167,24.901413317872702,23.50112253131625,20.172503596742967,341.9559469101776,2.1848487590157015,23.85843179593964,18.43752146977564
0.3882844488780294,0.9850298674407605,1037.4516769836787,7.643225441074278,22.605273965500672,13.445411926246098,236.58653479221815,4.1879467883221775,17.24247715057403,19.866694534707772
0.09805620044956893,0.9063302847488147,855.6124698376005,17.157583048224318,10.992177841547747,8.30854492958221,175.3483614125255,1.0162850868356683,4.688069774568707,10.206770211051666
0.08511077460330167,0.5694197359319532,1168.3098453646032,51.80663461620277,11.778845886383607,11.90893624625239,232.6983165025282,1.9834060306620565,11.683782111522003,18.957177425375345
0.4740993998242163,0.8457787575771583,1212.8000797983289,22.592469612261688,23.852613441942434,13.07928175768988,244.92598666359433,1.9211590165744648,18.945002229107217,15.764942807220137
0.3182318047057154,0.8168549223314694,374.3151829308158,21.324336572606942,15.227744737418869,9.010897476947338,193.565913815924,0.0,0.0,10.052839681573772
0.11384711761754487,0.9528871083354464,985.9775893000404,15.69292465188176,13.055815017314158,8.990170542753841,190.79187066660944,1.7547701042948378,13.208275810066036,16.147488130656022
0.11307608698755092,0.9370852044867037,810.2963850249932,11.874665949442155,10.124598368810464,4.828253536204045,106.26648866082583,0.689465966299752,13.143302405897703,12.326643121510262
0.11488783024459015,0.2934735547524095,1406.6780608314732,66.15949285786438,13.207308564522842,13.928662308366231,263.8545906521286,1.4726492027595766,8.679261723111246,11.491397721241515
0.3730304818164602,0.4443648536919377,1491.8458950917063,59.05665541361065,19.297495480557558,15.650338885157385,285.5280533633677,1.1537984780049002,15.829310371817364,13.524371703939801
0.2801342348564896,0.5678108733876008,549.8098842758269,39.686207182457686,17.340228839412816,11.801757597920073,218.2720629382663,3.9411560502758807,24.524677910321632,16.640117999210826
0.17979130788939235,0.8653877671533108,761.4881065592344,15.265329585959885,17.961751553035967,11.091005901204213,215.95870761033137,0.18092262415455895,5.97924566037198,14.220474155813314
0.19691140206883187,0.6267067434075877,2001.3245296292403,33.903257822938414,15.3563913352688,12.749944733350807,235.27145650806992,1.8376502333214317,17.807880582578942,11.006210599301632
0.44100088777172,0.6354773396233462,2464.0271044512074,44.64921049865643,22.812201617054384,18.433909960416937,322.26259552106285,4.827230101428754,30.026263041605862,23.189732776222208
0.23936117142242566,0.8074713147529442,699.8209516124131,24.094524843128873,18.340691045927258,11.83977427783247,233.71867999904416,1.528855571198751,4.479626256489224,7.910025093234302
0.24170466821920347,0.7462550416996196,1486.9834930884397,22.838291417617974,16.079454137863504,13.975021589474313,254.27628463949196,1.0999132354683647,15.071481216657318,11.950466853331882
0.3237822314026581,0.9058586736059553,1281.454999664651,15.526566945256027,20.980791622403956,12.81362745288489,241.41074618022267,0.9708818585718457,0.3764524092197945,14.723189523609099
0.19466425780336627,0.6376204282021285,670.6371643282143,33.45820365124376,15.800226948874961,9.636816426366979,201.2527109177894,0.3328359016889938,12.02733061690332,10.873540518778487
0.283419482273872,0.6491743021881208,1872.5372414479532,29.447847274998153,18.302184808639105,13.707470447454723,249.27320738880474,1.9887319870186488,5.954000013470816,12.319916400539238
0.4712465659057466,0.7776051959118059,1007.9959086491664,34.27642306072647,21.269277339544924,9.93655885537333,200.08866703333769,1.0394135095380999,13.09472788992981,14.834950584692082
0.12793248983159644,0.6873492888434263,1157.673667423646,30.675013561958878,14.592179891541488,11.679210925565197,241.67888170916305,1.089330907799599,7.071743541168036,11.713102644221625
0.5806682632653071,0.932169127332212,1027.734954649476,11.57630247602492,20.200795076779265,11.670951124914009,235.26762077881426,2.215763798550241,13.250288374378526,20.78610692229347
0.019395473928899863,0.7339626687550428,522.033385131786,32.95901413136933,12.68264218258349,4.159282244549102,128.50612054318225,0.0,7.585165449445734,18.067436517085127
0.3061423038118996,0.5306157597757705,1631.3153927680564,39.73924003471165,18.165164073409873,15.330969182604049,277.0165475962324,0.39855635980208737,7.295986462580943,8.997565260846345
0.35086245180570946,0.8889675962839564,1210.8981852455527,19.772958716414543,16.926876623210156,11.952855620497074,238.74168110892816,3.2183374897087393,20.26361845978114,17.486147679027702
0.2273188618179218,0.8610776428298209,978.8413068876341,18.659806882511116,14.800052281422392,7.943182921732225,163.13597780635473,1.6082316675151087,20.234475143612944,11.83062148331005
0.018710449421237816,0.8043536199670888,1286.3827843711626,23.25884215592717,10.956843658688637,8.152995369064092,178.81410976288515,0.0,5.663808499007704,9.081479527084475
0.4585326356275034,0.8090515123578647,792.047515642353,21.237164720376573,25.68461532959524,13.219328340569005,242.69139825901718,2.868558215473484,25.452197618438646,19.545548070842695
0.3668544048631364,0.7828464212176041,1025.1516106459235,17.556455782046797,18.527022320783583,10.50010349388451,213.87053685603627,1.9277992767648875,13.610558490387808,21.04153468266263
0.01179147736246074,0.7519478531231539,2084.441580358737,26.394819125460746,7.7612546127434285,12.574038105334106,244.3137569149858,1.6148882132345836,11.36205390473778,16.233627702119094
0.444270861121579,0.6806863163077418,944.2878368410006,33.6523937100567,23.47009502944908,13.587595506022296,247.60228040446893,2.6444967430930273,8.773237999253507,14.801078529166121
0.2147658881166313,0.585272612731785,1172.0517470950426,48.00464316914717,15.847370714040053,10.206795687776816,202.3172491932103,0.3579106997043776,3.590274969956135,9.258887070068857
0.39187864470062755,0.7593673993738362,415.77618681244235,23.44300326009309,18.496465268591724,6.984857000180217,154.11399903973626,0.0,5.0497991631503645,7.70466722161339
0.15297424212755795,0.6208098038772981,1822.8999789721543,39.864829487231454,12.667775420670006,14.434278634788937,251.99939978592732,2.582096210611641,20.84747904325315,11.480487066677895
0.1070724585746597,0.5337500271151482,63.8359762612689,41.850272541954766,15.932067678092979,5.408748088447711,132.8649123325954,0.8342147544213716,10.803793182118199,14.173954765535807
0.16374538038887373,0.8555723740818335,618.4075712768597,14.374417131085105,12.420789210607255,7.357537119255224,167.37049611841772,1.1886463036711625,4.333789501283548,14.92755863461925
0.167235052562268,0.9401768966497869,737.3021316545824,8.666595196520262,14.891099800058415,6.1943641307321515,150.92406640036626,0.3706082740727249,8.442817684630882,11.538856280079646
0.24057451130663401,0.39744048942517834,945.746674290272,68.27564981726725,22.16369456428292,12.765139118642125,247.36387543697361,0.0,9.980704003672896,10.481296031465405
0.4039888832396316,0.7411223864173555,242.70925484468964,32.293916872788074,20.197040833075494,9.544876198489057,213.6306849008832,1.2188824885426235,4.1017406693783025,12.93390658547637
0.20833598371880224,0.5158730024674115,1670.4039292174477,55.01012095697693,16.20876506316841,14.290691388092986,264.51122944242167,1.7993612437296536,17.8653838512005,11.309066101861484
0.5479358995124398,0.9494806738240908,239.00408441983294,10.009273879883052,19.377464602033,9.027258950365894,185.78459297466478,0.3444604965572926,2.508866188545024,8.821880387820219
0.34985003623009553,0.6665254599963211,1882.6181620402265,34.60255687034638,15.77157253584588,15.094922433360948,280.69249585155103,2.813756632917424,15.948214422812034,20.865208584482595
0.2306848700453669,0.951771619956389,792.6037222629044,20.98702750263091,16.436571625652018,8.878591394450842,181.4713507428426,1.6973603125135397,7.901654580352449,12.36665643886054
0.4829815766478702,0.7568123834762822,921.9022289104503,34.02076104353638,20.5480637152354,13.533306415668177,246.89653300451505,1.0957420904386872,11.336803302608274,12.124551079631205
0.2713362657851355,0.8667811980078515,474.09261083869194,13.900197702163434,14.81031786749197,8.8977997345302,185.07295430440064,0.0,3.6515740264185244,9.5281059669729
0.4368451636175243,0.7021283983427895,583.4817985814418,31.965719872123863,19.97894932195052,10.856258345418073,216.67446863231447,0.6447745654492287,4.8301464459666565,12.170629761521214
0.09229494536041649,0.8782964030506564,157.4254816944642,15.262598924612005,9.600683263870252,6.672872039486292,155.1090264586252,0.0,3.5715963364697156,14.025706642664268
0.6486312363417565,0.4544712632792344,480.176240254289,52.79880271420966,24.89946527365008,13.770859533343973,259.695107861799,1.6867465758203477,8.097298607243474,21.531411808416223
0.30427021656894,0.7499681427537082,782.5826937016489,34.28753149744067,18.287626392412438,11.139761655400065,223.30137773384334,4.317692414701668,25.09899178930744,19.70616456992924
0.07243528716713421,0.7471612992641571,586.2504823794341,22.6509857101931,11.385757092559501,8.468413255114116,174.96434258402257,2.197221134109678,11.414255712164698,18.857959422011447
0.1231226319553707,0.6806472763611152,985.6000443896406,36.430021663174685,9.908096826873438,10.567549918395303,209.74785684817937,1.5227267198292447,5.57196162646915,13.991997626447127
0.34294685077518566,0.7512676456019937,496.85855748950775,19.24537792286491,20.32192676696399,9.534365444476348,192.63634191313875,0.1989198892329399,6.460763113771097,17.353267576639027
0.25383390401309813,0.791727266182175,1143.7280758039371,28.821099187297243,16.252466426007544,12.453950849613435,232.52332753754223,2.1885994890254903,5.022406159849631,15.157243968416545
0.5749337334496003,0.5129147308411526,1958.58359904165,37.844280603888755,18.83040775608174,18.40757685839914,311.02717014996745,4.06050334289919,26.67017207957532,19.968343888751583
0.1764044985653331,0.8825666234108289,1085.2509867537428,11.397850443947888,15.553624259416118,10.619912369118984,219.9590674846648,0.0,3.0338768731358705,11.115803135363237
0.09482304015191349,0.8315426615314775,959.3011541366503,28.867658777904722,13.358808175065748,8.875249721436454,162.4379316991687,2.6219725503029854,7.839798885943664,20.69196923379884
0.5054235413925119,0.9387428653499651,2359.380127100392,12.74584619878564,23.155550184972338,18.74453426504902,337.6424428663915,2.399689167745687,25.106800949509317,15.288640693161183
0.13820315474306594,0.5160358437248036,1879.401409940219,44.90687343409119,10.842706013161775,13.47449392903582,241.25208865949062,1.1826586327611277,9.538639514780598,12.347181696134735
0.3245520649129874,0.7365907763173781,603.3346959330213,35.138704479987304,15.776040111531964,7.413729396288112,159.8908673201222,0.0,0.0,7.708218726512042
0.44503690553735153,0.938880135581744,262.69791487793856,14.667532017766572,20.14422549102971,9.382708148867554,172.18102257164819,1.3574338088808509,9.984763781601668,12.050313342892819
0.11043357812753175,0.8025670971599079,482.0229470073642,28.622781026925747,11.2757847919248,5.784347636998819,118.51406717405023,0.0,1.5903006905183585,5.523260107834404
0.29159276523463373,0.646788119245189,1748.656273030215,31.36213121768937,12.16205300759863,13.614226434981484,249.49215916611035,1.2172637701674265,12.08185120713231,8.090291767169425
0.05183821861902737,0.7729580756428586,2501.598245522782,23.2801690113724,10.002618072444587,14.432154215928215,256.2064323137993,1.895547330152779,11.859882516283967,15.101845953378179
0.22158341754223396,0.8173588357448132,1144.7707686164651,19.258853514342125,19.74149511500903,10.81268636468705,203.00639091823976,2.1385762573210654,6.624477055548613,14.38288522249432
0.16040473078631695,0.8477906812889432,1083.0814457107806,16.807793915017026,12.63089190076867,8.873903383156035,201.39095234434342,0.2966101639358502,6.07361966717833,6.453739781578902
0.34135983189926267,0.9526043061460662,633.9117982052887,5.269392827161775,19.34285064048944,9.496163408146803,206.72924444038836,0.5107827790374405,0.0,12.532657296320096
0.26891641779043934,0.48335843259383526,992.1897211364239,53.018567756930466,15.746697390639099,9.655558122711057,210.73139544437277,0.0,9.617762709042783,10.891574675200701
0.24516229214927548,0.9628912759094808,254.1067422256637,1.7713822289110661,12.902176045732613,8.087384089212552,163.16328335992117,1.2271259726904884,10.289614396031617,14.37519707679739
0.3023864796087082,0.9250046728500689,1467.5185591676393,5.634109905101007,15.11199419915413,16.08255194493846,280.876364001431,1.5898266695093952,9.288480055398205,14.01309314018531
0.2869208680964517,0.7896545031481805,351.54304217870265,29.29044621586145,14.52407203464793,10.410075537343161,212.6298095533002,1.7295868759072448,17.683376059958825,15.007780580139885
0.17771672402997463,0.7902898540053741,250.10544846960292,24.304573074115254,12.528833953805007,9.42531691350252,196.91641945842312,0.28863480366858363,0.0,13.028349166409523
0.20324709514561548,0.8169650514583889,787.1245908384279,19.344255209853134,18.113458235999353,9.031504933533464,187.0539366090657,1.166837404950224,14.945251598496961,10.29732656679377
0.5302256780152381,0.14180842941146646,1635.5314925940975,86.27192545140981,21.381738387360517,19.689629906598523,345.3817533505222,1.9124678709426697,11.640684036749901,13.002077371181302
0.07182809907578432,0.7948416288142781,740.7504712083214,20.963479316772716,10.149908203835842,6.971839921244801,144.4485492093267,0.1403373365297803,2.4735355791895515,8.285561440273613
0.3395472986101424,0.7452268901496797,3388.1453502202125,31.57785152848227,19.90219890853241,22.966629795026396,390.84153659172773,4.167620220996179,23.511207751369536,18.550570029760305
0.27653400699120856,0.6265642013574821,339.16938472570456,31.670964820005747,18.43169411507242,12.428147300986197,230.0382226876492,1.3413686671576597,9.944539090583783,18.556110547329816
0.5469729275872647,0.516054786946163,1226.918384645543,51.276390599225536,24.64995670527664,17.706720071056903,323.1653498505273,1.0251600579598044,13.191648911811043,8.437214119942167
0.12294938879098914,0.5340243357144653,1197.5199364738114,52.74270280196784,9.751391750303743,10.01431570492865,191.22707095068884,1.9370410106107188,8.739712413855926,16.008216313740835
0.15639701966030076,0.7274443266150186,440.36488988241194,32.38158995997146,13.8591159548513,8.35022518296985,184.72857429344444,1.0438992030485579,0.3980760613761465,14.762008004443759
0.17028472495472277,0.697334314929425,1908.0343485679946,35.23215894663066,15.244009989316325,13.74950798574177,262.7338064143292,1.3015017249499483,8.676860102568575,14.920955292568216
0.3882874652595671,0.9075176328931839,3855.8008531214073,15.970147753762856,20.82097368487122,22.74387371076843,385.90718861270574,3.4503401356762113,15.030797881231644,15.8632485771855
0.14837075435388647,0.4209672672117593,1459.9348598824013,49.9551666540043,13.368131301523205,11.986524532431142,237.22698696686277,3.049504443328736,18.577643998908762,16.875347700920127
0.36294614087756727,0.724209335286169,225.08087086587287,36.63381781402416,21.561213009527876,13.629832787246581,263.5637438716152,0.9976644058011832,11.982109105722966,20.69510514630914
0.1653476255659329,0.5243943340827046,592.8703360894463,44.87333065505706,13.368768597872416,11.809826378566255,224.03465657391286,2.803727645567535,19.86613678865279,11.389899906801912
0.46849694179819606,0.7989214642585326,133.10537803498772,17.11949175355717,22.298054623188747,8.009552357657395,166.6253916529592,0.0,0.0,5.452090388860676
0.3646365581240595,0.3962286263304988,1807.4337032242108,62.689164633035375,15.623218937301955,16.068555597323098,282.90255536580446,1.8655381431255653,17.30009843598987,12.652873828545857
0.15702260242961794,0.6841172380735613,250.61487619700296,42.04027825547418,13.17405441026078,6.992364671100958,165.1670216905503,0.0,0.0,11.61694113687015
0.3436284719288883,0.7863957949664062,528.2022544641288,24.115111461775758,18.370988301339686,12.033833113839519,231.46811320644238,2.319107211622705,10.660963571283279,16.39550407079165
0.11850220939906977,0.7323293305148051,640.476404891712,35.65875354483817,9.96818470229814,10.773511695682135,210.92354046761503,0.8014228540038826,4.033572892442527,17.523533345275137
0.2263649198743996,0.8776155790194653,1949.382852713748,20.675028079459782,10.184727764112704,9.4719381844085,187.93966006616324,0.47985160806164595,0.9473394835297215,9.186904500756485
0.2203190117525982,0.4733015062293568,1101.8176167037054,48.21468200721813,16.005318633145,12.54688141754323,229.24492818831467,2.5529403320128976,13.029945625314603,15.99093547411027
0.2684654130453736,0.7170967763945741,753.482331871653,22.352793651053545,15.736475983670275,8.68157335070646,181.53883113221485,2.1225002365259944,8.074116540838169,16.501430184790706
0.2984475313926265,0.700613313158221,443.3909878679855,26.921063957353837,16.031332576492083,12.68393443747922,232.99133854870627,3.2964642257604484,18.158949958056724,17.350420191123685
0.25885940783273315,0.6645192928529149,834.3636081028827,37.47019332585986,16.655580639361272,9.075448043602997,187.38239128809113,0.24966609140651774,6.075369020350244,10.791097140748752
0.09037305000091939,0.7862949207566468,89.06928784940187,20.550692524061606,13.883766199326825,9.016456944602394,195.9469057682228,2.8553018422481165,17.916001583859792,23.024373255040572
0.06394813546149984,0.8248508029143756,831.3262851846082,10.237890972247188,11.986250727612061,6.885082578478126,158.19113344745546,0.0,3.521943842620205,9.964099830092632
0.48211633249396396,0.8769934537083859,213.3145012925393,17.2976371410798,22.45108535976569,8.289427067876227,175.7169956545015,2.228352378023656,10.913463084620352,19.327161892233168
0.061178961672022754,0.9393264049201138,565.236971161037,0.0,14.04012739527757,6.954718017121941,149.170626012825,0.0,6.929374123241875,7.861374510179573
0.010317742742626104,0.8410801096505871,228.16815017871482,12.310236992216634,10.306020682911983,2.7780439783656927,81.37051813214885,0.0,7.29466926163242,15.41191400060053
0.1282049877971875,0.9523585737939252,344.2272903185399,6.4936229638816325,12.980723043720696,4.961572370147167,128.11080795104067,0.0,10.935789241690829,5.638103601829899
0.5163355588613626,0.9228976328211956,188.9237074064978,13.664694254924827,23.017968697336013,10.127899290339352,188.4449603011465,0.9175352640363723,7.004160937310417,4.044195000275835
0.3681750171545728,0.641860416062813,905.2547209523257,42.41816341234083,23.906521780314165,13.625861766941275,253.19165912888826,1.1962047589528109,3.207285900532044,11.4213144735403
0.3417524359140546,0.5718665193689283,285.32084495003375,43.22444542798485,16.14816986923141,10.281427897074417,206.7460449021177,0.0,4.540277207567054,11.821684768193546
0.15395830904974422,0.4089819481378813,1422.332138592476,57.61743450427073,11.84643806736162,12.274683540759982,230.11957238589304,1.668545231398299,17.22442098260252,12.474631958617074
0.45993918471299367,0.8300546198149898,1721.72056264538,19.143826374960394,21.80938186522409,17.600315563568763,330.8986408066776,1.3039768233038596,14.181528077478456,19.782387473341974
0.0654698346979455,0.6493775479676316,753.1580589618923,28.908965238351254,9.888255176841733,5.352136329994779,121.83221904592205,0.707203933299582,11.693628091630037,10.858941144112618
0.14706507132396937,0.5677171513582543,1239.0966808674643,50.26729500552433,16.371817439207373,15.010272540168838,286.96984872146976,1.0851245948796366,2.5680657951707557,11.560398435553408
0.2533236937887368,0.7519456918277941,876.6336767705021,25.6799892807744,15.086742114100392,8.462857109002885,174.52903475861962,1.648110838877499,11.422357154156092,13.327120275521082
0.28633468187242234,0.7528661673367916,1621.7726581138752,22.219382276458838,15.312441152894408,11.857538347510253,223.5942368082088,1.6397538815974975,7.826491823085018,15.270269847890345
0.007625481682959342,0.6010709016803308,1014.2191946343651,41.50892300528261,10.645223041194372,10.098404623101167,202.00937257324878,1.6406046284037994,14.101503462895215,14.351398240528171
0.1194308190515709,0.7348039106529944,597.975566245398,29.384054767809832,11.932730701881885,6.5381138150623785,160.7012306415311,0.0,7.73966386504274,8.097580858786028
0.2585874202870971,0.9678709330116126,1720.9441111537476,16.73345126799481,20.653901350191425,10.930841061512062,206.62624099205814,0.07656562127301059,0.0,16.025567853887875
0.3126883948455048,0.7894047164173225,2884.5178258081305,22.977523192480383,15.146991982858534,17.307149808853087,308.1976940727337,0.6956007300447518,3.5380405016196024,11.855168607855882
0.25181334097139996,0.8819763857312661,1191.1333195136738,14.171513502101448,19.83793899736056,13.233863151002735,257.93227588929557,1.627895259474399,12.743332185743547,14.278014154963547
0.34608322322795276,0.932904226828926,1965.0540589494447,7.213740206979219,17.31901019194172,11.82852137691037,232.22399801735145,3.0244171443348726,10.120020954188524,16.05143237195437
0.28713895982276794,0.6049052155162649,920.9089703717976,41.87962811012024,18.881777632556364,11.617115524846298,224.66675594230597,1.0352097279134467,6.775879035112833,12.990408121322782
0.09378255577573107,0.5100002411082977,44.12638412513484,55.222943888967464,13.58120837827359,8.005064818125442,154.49516981122875,0.8256135567550642,3.9081592091956985,11.657497319017649
0.4910618489245252,0.78871529754689,901.9094640360303,24.235255825033075,20.010311873481555,10.170502254274023,188.67704772890647,2.8274485584898135,13.350993555651003,18.405087537785096
0.19546010249342635,0.605337484902615,1090.735794410973,36.55592891804617,14.059066420116057,8.201734462213121,174.1818814180176,0.21977008031350098,0.0,10.288064651620948
0.3929111060516186,0.6171228169014517,1099.0642682420719,39.31345971024178,18.74645289716679,14.422806754827022,263.3895023454657,2.3415332750452826,19.278415435875157,12.855492372622848
0.18732402780897958,0.5187157596305393,102.35749090863537,48.085003038436994,10.39036737200268,5.797793454212567,128.7590654483249,0.817668252841857,8.157470620462087,13.061872118614993
0.17281790008334333,0.5384224164755614,2184.527048136365,50.242223312581295,13.113046779612676,16.654740089331824,306.18924462445347,2.2486182762835805,9.169605773534933,10.085764009775165
0.3276137800876314,0.5915597428874811,713.6952516137483,37.38163331115389,15.823894704979303,11.263358386732753,238.8287153472647,0.1422865184533263,7.37985382397423,14.894550202036246
0.2110272780386141,0.8353039341997109,845.0433089480152,13.320292063935671,15.819350464865659,9.770230600396095,199.95000157710118,0.37062617498876677,6.443186745230694,15.698652029474086
0.2572457863837881,0.33763300819906417,594.1369894649383,58.04607676756432,16.522824257518874,10.987241565105863,209.9404822487411,2.6691932745454947,26.027740290157308,16.268938833131994
0.37126181406904707,0.8175592558707978,936.1251885673814,29.736153153705196,15.383255416664456,11.606489275027785,227.19454877253887,1.7937614110432687,16.602092941607154,13.317277525667702
0.07413348846775243,0.7963580858684896,1442.0570875440958,11.679735259110583,14.860037503416198,10.05588746574533,192.59758910386387,0.9299196843403656,9.648279808370486,14.218150885895142
0.31110466950839977,0.6106848653717706,422.1116806520321,37.46626445829347,16.89509378793125,9.22132219146486,204.021702858667,0.676990416225047,6.435252540773382,8.263664034316385
0.09187129965241538,0.7745870168592568,930.6460397408703,25.704095084615414,16.742472764760187,9.935883165565532,201.333126278605,0.9538781931165435,11.206857840671965,15.997144567256573
0.3046056217710093,0.7624097824356787,393.0603897002285,28.38258579300367,16.21703741728571,11.344734549314124,209.77319275747027,1.3272025020160017,5.598615231055102,10.02446481692063
0.5718367892240438,0.616591672589502,759.6682484952628,33.10673452600243,23.932253069553965,14.256524269994383,270.0152522937792,2.706000740147384,18.099481869367132,14.711437178964468
0.33381141581258844,0.5779397101489493,237.68159354569437,44.95374710445719,19.95610115999046,5.416645856614467,120.65872369747942,0.0,6.752364464365921,4.75387920609363
0.4107640864345527,0.3872428655927313,854.6901067478757,59.74604042955748,17.315211799552795,14.41381044194583,251.57985565590954,1.1241914032929752,4.938830322410619,12.492755933106638
0.38574471931463855,0.3476177215293498,943.0169590199815,67.84787344044607,18.811410487578716,15.45499449467103,274.2067276115117,0.6233636588864742,12.0138879457148,11.373425681347609
0.23931788712631402,0.5929832487189285,1232.56644646585,44.455769526753905,12.204451586256827,11.012594397603152,207.1348165865914,0.8827085201502112,7.821235124555287,11.228278890972673
0.3064550112544931,0.7527436927817918,1395.2940179024306,26.36852730171919,14.775016686481841,13.082878218433901,226.38104052816547,1.7160421485490376,19.435808174429795,11.189181247490016
0.5962506185970403,0.6415528524746671,742.5884189254955,37.58945865531732,26.667634132822883,14.492924437840657,282.92415139574365,0.028431304108380795,4.429597463106463,11.0662534128328
0.26105965321498137,0.768983361773669,789.7645172303907,22.7068524256776,17.08021931903092,6.86387309749392,152.1020234934158,0.5704929987805253,12.17969781526659,13.347324206639387
0.3601648959901632,0.5974584367870474,85.80774764627553,32.82471798305951,19.337456669066956,9.857420839761634,198.52308112599076,0.016443554726954912,6.052087226979954,7.944728744096156
0.2349040012423846,0.7865320972153182,332.3824046675381,23.989634825296786,15.795506499273491,9.266867622578193,194.46932693766644,0.0,10.974346782571882,12.364580630907472
0.12569521150707644,0.8726142099968826,65.47544381787438,9.437387548831758,9.757088493326517,4.932527182553269,116.12423089725517,0.9445350569173319,14.537391344838728,14.408855264113797
0.24976941276336756,0.689349174087221,268.9832306138667,31.357608376692582,14.051384838617768,6.506742202869531,147.36648288358637,1.0952272013541793,17.603705729182362,13.648491751172358
0.6086589910164508,0.8025419332922697,1440.4038109845435,14.426584048452206,27.749205674122145,15.037037874770176,276.3896466278554,2.631938324958368,16.27439847749024,16.208791811963753
0.48625391566301257,0.7142121333704233,1337.8493097574703,33.21497033384186,23.185807610483145,18.191930880903755,315.2767274599723,1.7174046917577808,12.552117086976695,12.771695181659368
0.25578934753321586,0.48648607651660253,424.54980679027375,41.02956218469625,13.492436106095866,10.804187797713103,203.27796584846757,0.9505144825023433,11.36992492776827,9.959513898123587
0.7142755627675486,0.5004108792823888,841.373644850506,49.075499339242725,27.934861775440627,17.316818580696484,313.9517441923877,2.8743517471099365,10.600058571679906,17.760464860909764
0.16350200354964406,0.77619528928272,1106.879926106007,26.93762111473699,15.889787770800371,9.365411822589362,184.08070088899905,2.7525084242705296,15.54564759115782,21.202202801643338
0.08180971040763588,0.6197244295422828,1981.4856895158678,48.04221110725088,16.239313157113777,11.550909069197532,240.79757114113528,1.015235286277333,0.5556810074099641,12.147963112497626
0.07374742824264609,0.7480743032232866,868.1919395684484,25.08323987056739,9.789640248852693,6.616085276710491,147.86022488301336,1.4061143730138448,20.36578862940231,11.530267593577268
0.14966887436959378,0.45740490558353664,2730.5129139168434,50.03428139334491,12.527163856369206,17.2514399224196,320.9679115928249,3.493041309797454,14.595395555514855,18.18909910861843
0.5643290205276793,0.9804784218642236,774.8747107493582,1.5275518652211453,27.705150553769183,13.582962030178148,244.98502306613614,2.2478313218281922,18.696242349890827,18.957671477317238
0.5529356809859811,0.8341236860345518,1268.5414993489553,25.090237375388522,23.16137536246291,15.026283726065188,276.78513828310497,0.6420299837815371,9.017832688289312,11.019476667881573
0.0364299741411335,0.6540760929294541,3177.4719339339204,42.716787482186916,13.0287416159037,19.632310093484023,329.87914651218654,4.128159862585312,17.542373555490407,18.29808661008959
0.5778827394677215,0.6344988305278775,1425.7306733758226,37.22843402945022,23.971435675325985,16.470435338530024,294.5935522706452,3.574873832481285,11.165660855184154,19.41961041049658
0.031339751338118366,0.6372296976557178,745.1689638350125,44.43250629992402,11.409316406282196,7.920357555106107,179.3242281158459,0.05687644457514329,11.244015786051595,13.680999325454241
0.0496927824054468,0.5288360448555662,805.1120075268818,51.9204721284883,10.477002231676822,5.785828724046912,145.1131299984981,0.0,8.133510850619508,12.83459823691513
0.3043414476588426,0.5176750576953882,1459.4418114261287,45.425747652786946,18.85829886934951,16.530494502086366,302.88255131363076,2.972309659119435,20.969547994993885,8.181420707494857
0.3216596180900543,0.8323928323051727,37.74981777456067,20.594534892191323,15.619417696561843,4.207028626283181,104.55256655098032,0.0,10.80957771276217,12.170151102384388
0.3003788512798411,0.30292160592667794,603.9046840920871,70.73521611518801,17.645142162610483,11.453829372535289,226.38078614627685,2.4370749650146495,8.827887187237625,17.183856344391714
0.22058156260491796,0.929133161513646,1135.761261634602,9.807323571977097,16.39359090599555,8.517224775013595,177.71263179070655,1.325837348890846,13.548669919366294,16.814045958202247
0.3987858783897194,0.796008110343257,248.5530639373145,22.939293119848223,21.27399957901122,8.166795405213675,183.31553017040554,1.6335104293785525,12.587860317713734,8.496341456177085
0.46082112768786115,0.8858512220355701,856.071035546808,17.36735470408996,20.52924400288696,10.748764776669974,208.78073278129972,0.493014904895686,9.244831281325965,8.804250475759515
0.13006234398746172,0.5172862626784048,1261.807137836596,50.702781630016695,13.857682350891134,9.310030921430196,187.2898020028774,1.8820569680775325,19.015796163078008,12.481516320307227
0.2779060537242319,0.7308359874346444,2067.1599469858675,24.240543650342786,19.45030058813104,18.290859618335077,314.96193439321394,3.0032709688476897,20.46302646570902,18.22215150269215
0.1178315812743924,0.7967147397457265,1356.8012271408377,25.688995352791814,14.1485863410674,7.044478837581862,152.54826905058718,1.2777758527732952,8.939493312214525,15.680938782055511
0.22317966191860503,0.7576854499586926,448.66120835114526,22.72972041848253,15.099127982625186,8.422825443251538,184.85987583136588,0.0,6.092209799940877,11.148424084616275
0.1843169942681045,0.8303181207708564,1871.0617072062207,28.502331889522843,18.098506285702996,16.579661038873358,292.76534711698514,1.9529394365261314,5.932305379928074,11.858197354662824
0.8153333755613521,0.4344230629319839,911.4053482366689,48.17516818965803,29.617135105191327,20.50937074470114,359.4440692423712,3.562127604487009,22.467557927653267,18.75824706770508
0.34247326052705607,0.7826853258194078,1558.0934907727421,27.876326332893697,17.411511111145217,15.36523514217223,286.156689523413,0.0,5.160712562190116,8.00039489538127
0.33390394239010174,0.7651871299064515,503.07594592388193,35.885745597502336,18.203084074947164,9.98419185660203,206.45216230252768,0.4806367862973245,7.9481126410229965,4.383381235388166
0.2841573667697852,0.7652997921754926,736.5215070716661,17.13075670565878,19.3539115720012,10.280688658929042,216.13893584584636,0.0,3.3246443558224574,8.842072650237684
0.45199037174890305,0.3308640672375988,730.3310170010533,68.75381504053252,21.197183921210698,16.298653686331928,314.2016720614313,0.9606287548712601,10.525985361651191,17.39277374491506
0.32121461829574516,0.9075190583261992,466.84469867031805,10.785367594865168,16.974244019847358,6.552689675228773,136.7912853518282,0.008997846337866822,10.630030399788897,7.99531384451278
0.41622913843111475,0.8000715693091408,1575.2706853994305,24.664565313905218,19.426248303775736,15.551548362329559,289.78941053163936,3.0426328378157947,15.85857964625923,18.07949807920352
0.21362597065423924,0.880268072747423,224.07783584042912,16.613358185718663,17.320212478142533,7.8221516316330355,172.6774214053458,0.7768048350915525,1.81740872410683,11.683492395446143
0.33335982519950574,0.7691525451084612,1407.799739710319,34.96338434967019,19.478075642878153,14.103570164491849,254.12018858317873,2.7505093085251593,8.151921803399944,12.024794120752585
0.37509891293973774,0.8158273703791079,692.9127000496002,23.905347095699003,19.33780590356261,13.005810340110658,256.06046805555894,1.6917472785604706,5.293692245575927,14.313612298917684
0.004687532891918523,0.8065123323974361,1610.272754356018,18.280337609390372,13.994018842004186,9.252397493564864,182.29348322565738,1.8478048303253172,27.527066753717392,16.06496792796105
0.04571621037930383,0.647801114490305,1438.0448582581023,36.77703934144687,13.524929163642586,9.400225347387568,185.43992345090854,1.0204620998141491,10.385938515635567,14.281549887407326
0.3780150118950705,0.8034854111268692,1251.3063541058539,23.466435661416316,18.92296012728968,14.084526389267904,271.9567337526874,0.6274553380016876,12.178597205256263,13.872533739393507
0.13893995382540236,0.7880010156772056,2606.8533147985145,26.09009454314629,13.751952741109996,16.198740670169084,295.5196136486176,2.4255062084257606,15.705313564174553,15.63281951453998
0.14498344140320926,0.7312579137770724,939.0868490546541,24.687636444594858,10.924079660353618,11.545099475719669,213.45826136138558,3.024711662301579,14.5643641722268,16.88022155720999
0.0756052845623526,0.994316674087591,65.72085569673517,10.474652275478594,12.283316374958561,3.694658394514873,98.27981533826323,0.0,9.717895266957354,11.519401160481884
0.3648098553265524,0.9585322423069879,268.551916757738,5.746916464784146,23.028377939156172,10.758830292146381,199.71244243096538,0.5558300859434512,7.776089530414061,7.366964009472058
0.3550923230609573,0.5372057709998731,138.1193406503884,52.08987327129941,21.518946213539692,10.739428251509489,208.27384259889845,0.682795213637748,5.776274226654227,5.578252155493706
0.32366188501863197,0.6365763149759218,194.42774285602786,37.26861282357811,19.502474394477304,12.761121633265507,228.6496885797287,1.2979567105549619,12.849418808770796,11.38686994448205
0.40404504266634544,0.8905187553844105,2177.5036396751293,12.377851261264892,19.98369741999054,15.753150800061984,298.59545372917205,0.9463703736416705,5.08811225315433,16.90022967321839
0.5612113104426913,0.8198488749858331,213.13217962185374,23.402161526355346,23.586840657595605,8.320279537296585,163.22745196474216,2.239955046073262,12.41691101685011,17.22552193494598
0.3342847350443546,0.7050451395310292,1009.4894235274816,35.470188281473526,12.887490832054521,13.688963475779287,244.88321565856103,1.6500749700957655,22.183895025095836,11.862056789145129
0.2416023441754065,0.6079827704966093,2137.8582189613126,30.973563887234263,10.66365648402101,16.17284780491254,278.841960449736,3.2248336618846527,12.815514886415622,15.544969723780884
0.10325480010221101,0.7522948684393205,2304.195083180294,22.721876546368716,12.871901782151694,13.118428241923718,245.63050659744772,3.3294610308516543,25.84369855183752,19.269508822719246
0.5134249696713786,0.7469509931742219,838.3234097154782,22.68029478522513,23.432484039626125,10.594667438779972,216.29386629040562,1.7190183057310715,13.558426930767208,13.288928759672192
0.24225286584175645,0.5519525576795519,1810.4731506713301,39.92255698930429,17.84359936531382,17.90789746832503,322.68493713265326,3.177655286702188,14.075181653225476,14.709644705742704
0.3621494057735258,0.7351586825828873,1337.877907013693,21.900466558137477,18.592271705839618,14.297073288615902,284.23866600494586,1.5025737487659059,10.632048383599445,13.640144043335397
0.10029769456607539,0.5950061823048562,1105.6534973227892,49.43431933336102,13.674282981076587,7.977940645426731,161.15776162541079,2.222350880517654,0.0,14.794544234016836
0.22702136985619178,0.6623785380040441,1651.4052443817714,40.04761504843991,12.343632795558609,11.022513317764453,207.85356726815286,0.7958331846302219,12.005616300501543,16.115587558932518
0.08289882531711393,0.8911293804700953,594.6523883770915,18.04397069113686,10.473255835732136,7.457990083332683,151.7518101525714,0.5909756245010056,8.010447412558058,14.867368085680283
0.19710603297287124,0.6132062144391695,476.32646021218426,44.93504755298221,14.232766188345327,10.706218432408516,232.63542533532595,0.8012842660283912,10.210533898182511,14.996164391207246
0.2058128148372071,0.8734919012348374,2335.115538916928,14.249620366586107,13.437423334087399,13.523934762448459,254.71339837402547,1.8197178499511917,12.708193976676595,14.399993060081
0.12549638382798722,0.7936443550270467,2326.973343811635,18.549755900418653,10.394943104570514,12.858569272152952,231.94120412890246,2.5373966787392286,5.646246349165594,18.744075155074547
0.38189199411116537,0.8946170845883827,1656.7573896486836,11.093506278048055,20.35852771833059,15.639652191727532,267.26670617477737,2.385545116215149,17.297603057390994,18.19309435069233
0.3198179807484352,0.7927627039345359,710.0249409071017,31.741409555735054,20.903635480804297,12.33614803635137,243.80162742945885,2.6250357220461886,16.21253810218929,20.1012651770607
0.34832246425914015,0.6478885850525536,787.1186697125495,33.799501446732776,18.496088474575423,9.790542623529785,192.41440994777057,0.0,2.2872010711633353,7.13917768588419
0.2953335454577745,0.8134410960700186,961.6091970804086,21.9954296014863,20.099313776726255,12.208112863959558,251.60552687419218,0.8281185341689843,13.642223695486098,11.419896319350528
0.32286558556847517,0.6466819216349216,113.10089480865008,34.93883247186002,17.285320961993442,9.072113202427342,184.97223950075536,0.11560029205512223,2.4232042609601696,10.474644222789385
0.43837487992943436,0.5695602425484793,2137.5412597112527,49.77494824680626,20.675630597335385,17.969848553519004,318.70128592408605,1.328413560995731,18.467668175573436,8.152690489909746
0.16634261941747708,0.5236241673064931,3490.968773790571,49.97164178139224,14.259761487031184,22.95100540050477,401.9155079036196,3.4336445080931752,14.87195398054553,19.882321969925975
0.15248431848558605,0.8726954467469396,809.2429931688725,18.927441456858936,15.174937532109823,6.6758568620684136,167.07141596505647,0.3216472050106689,4.584499341697287,1.7201095315333994
0.3192495904467407,0.4785216106248739,1877.211882381192,53.47741801485675,19.403136914502788,14.771737063424705,269.2911617878508,2.229091107492773,15.292849726530807,16.116692461180026
0.29362294005294715,0.8053688052713007,293.15301252471636,18.919151654406456,16.242754050826274,9.342381199448411,189.94441423927495,1.8617423592019051,8.236567796473704,12.363916196785027
0.2933456246894811,0.550587463761426,651.139130548694,43.12179149605977,18.322583830313828,11.540914438334433,232.52154928414325,0.6544444215910967,19.682348968464716,12.843977588560783
0.21959323229985012,0.852309291573047,530.4457786877527,12.927273920153135,14.032980800126877,8.216765683692522,169.1596256484912,0.9988581508730515,13.41932971902595,10.185530623426942
0.7034121769336366,0.69361538359535,1268.6974472317067,31.28530695609505,27.140300540669156,16.765786112351485,290.9732453490094,0.9274192143154423,14.468045945259645,16.76214806596473
0.2794014458489353,0.9124310531763977,598.1803641467011,15.111635164139408,16.95680200435956,10.678375029035124,204.78958197356746,0.5082168339077849,0.0,13.752116179119142
0.1373559324498441,0.7948888577512581,133.78138370356834,17.488341390879732,10.218775566832736,2.7212308361798994,114.15482153707109,0.0,6.6529368986155974,13.295189029215393
0.18146077065935412,0.762377102464088,1843.1619086563978,27.994079381196915,12.354105811062439,12.872922086578477,227.97622338859657,2.185425211560476,10.423451672329794,13.216825702648839
0.10142365564105062,0.8464136491990877,1673.0551012523108,22.22618437387517,14.705225241046335,10.736522069571446,187.65497234087144,3.21230617156378,27.250877928587485,18.417766732020812
0.4321579110035436,0.6695101151593194,260.3434784338598,38.57945095507914,23.313580561005107,10.512398587791562,215.27737328723447,1.5904025553469987,10.314088513317078,14.717906760341194
0.0983737557516266,0.6156696052002042,2219.437263232206,39.607281761953516,11.483685378995398,12.343548640749848,232.03827343145528,0.9823488097345465,6.013216510523357,14.90625195434493
0.4849464730352786,0.7667560251096855,776.494962842074,23.894655715353295,24.675406572579064,11.979489588686787,216.73247021934037,1.7017121434267157,18.471383129176978,15.715426119462261
0.7114061204571636,0.8141912595605939,1226.5667141578149,23.812522493755075,29.095676513473023,17.456413750987423,323.4905474810272,2.5915589166807003,11.619857727469181,13.469721132236065
0.39417357471797015,0.5835566864052157,259.593689150924,42.91273074296953,21.561552286052258,11.851730232740426,224.321007553746,0.0,7.3971384494276275,9.460939054289096
0.45887264178423826,0.815668614223175,1819.2682384681273,21.143530223532508,21.791238610721496,15.46848297145571,258.356609907846,3.255838990780589,17.64543511802368,14.976207758300653
0.22974834965898544,0.8887421292484617,333.79911668272456,8.725826933972767,15.362065131833669,4.562658181956646,149.15099234722098,0.0,14.691210071883647,11.884846739074108
0.42053677897364405,0.5261016196310158,2458.4214466174803,50.25496464399983,19.875415153521786,20.73565148312475,359.5484074810774,2.385545251315246,13.231776813770319,13.840127759790073
0.2622697031048961,0.8144514536770383,1095.8740161257908,18.753854923227017,16.16562094472092,12.397784534338683,245.14281843891223,0.0,4.023693385576163,14.607863520411886
0.4067666084755874,0.6779097854549846,2021.3470705229759,42.41599995852687,19.709674584651182,18.77257027575575,337.8226151401576,1.828567612259988,6.640371149185073,17.644299698268533
0.4396243530900047,0.7605995749283426,685.8656303557341,25.83735501878628,22.838497966821812,9.841688568854318,188.60442616172583,1.3669379042410184,15.716551124577217,17.043947576373565
0.5203138380400159,0.6873496484071322,1319.1574855095382,30.502415292799792,22.506665783276837,14.007114841752763,254.69284849873105,1.821741265012581,19.154890303346026,18.705281180748177
0.08061285938284098,0.7492300024369232,467.7528657236374,31.510573943926524,7.725486962209243,8.517391245301235,182.39181930740384,0.29291858167339463,8.891706799438992,10.047992058773385
0.5567397355289685,0.6008215049079516,1402.997446590947,37.60789403392867,24.31594023558086,17.779596992386384,340.37460933844267,2.6338889635602754,17.69879262507866,15.880045628826919
0.24303336942108472,0.7506844810375882,1397.8983846382246,27.550754419364083,16.180690094214228,14.067578964488996,266.6888571699126,1.4585425568705084,2.380316859293039,14.846272591491262
0.10551203197129227,0.7212723858728787,877.3462426857126,25.839001420184868,16.831179411313137,13.56388465101414,254.2143846335525,2.4037201444131417,20.56280248240069,18.214786840607708
0.09509600987410535,0.6111721154527142,927.1413655611663,37.150708420939836,13.07763938943257,11.777666177050362,216.19893653717054,0.8643594569456049,9.775302993634043,8.578069360409309
0.27707821901279334,0.7759043892695162,204.09889825948443,27.950851083019135,16.952149549543844,5.587536437884063,130.294493849831,2.041639841984031,6.727438923339811,11.382172767070816
0.2341269974504983,0.5959161507966687,256.5166482276526,39.894197218686024,13.944415109750585,8.03146024774511,173.11855537876013,0.44518449459252396,11.513027684102887,6.347460227153752
0.4627122633056583,0.6382468774699137,354.8063145670571,41.732262392876095,24.100614924254714,9.000355946725723,193.14571157627387,0.4808958719584212,0.6280823426670201,7.167393200565421
0.3517678621635346,0.7375753071334611,284.9372594421928,27.26427560391609,19.433040644009594,11.249800185596204,218.5887989797064,1.984611909363916,3.3578241999318976,16.101148383930948
0.2433380944533598,0.669602106275506,1230.2874196139355,32.19997609408433,16.158733011351625,11.275029206347915,229.69722987421972,0.20893653427952186,4.000939475774381,11.48339526000143
0.17388482158004265,0.5857854609908987,3587.2801006561704,42.92818159783573,15.45789527120169,20.899806815157064,351.01271739684506,3.122300932737673,14.993818433677752,17.17491221219774
0.08733995694578632,0.5209302805741205,1132.3969952643367,40.68087204426062,12.324304718478347,8.94987653733148,187.72783789115277,0.8437948039509199,2.343831347358422,12.377804496833877
0.4348469088518744,0.398775788205416,791.2366874199926,57.686406243944596,20.269626524088167,10.875904666253843,220.15175860018144,0.0,1.2440852306611028,12.056822871224636
0.018582051676376877,0.6106738470402971,322.9498743845893,47.04415683181091,7.666432343985511,2.7066504956970836,87.1942196363003,1.4059858537901302,15.179418942100543,10.11233350266846
0.38929558369651257,0.8481281478097744,991.1307683873898,26.4945789111636,17.421313864654806,13.262628620631954,243.9993850943403,2.1520294214513775,0.3546010472851524,14.488330879931674
0.23179330678389887,0.8545252997092612,462.9292871564182,16.10297083996978,13.181381843424399,8.994835569500463,177.62187251996306,0.5844997715544096,9.613904321417193,8.532134696258574
0.444333937180258,0.5364023210102866,532.3099777965504,46.398829922912604,22.896623104101693,11.886662431259227,231.35215006492274,1.2954709315135289,9.66928912862078,17.68031668028932
0.31735389838478273,0.4386124592239404,1306.5867242713193,59.030128841274646,18.716605878224936,12.411340034983525,244.40250491351924,1.7188051550433405,7.933096242388952,11.509493199338465
0.1806818402927185,0.739879715048309,62.443583767304155,20.58558528222985,15.395425991517023,6.870636706215582,159.87804916573097,1.9997670435137114,13.352310277600353,14.399326695688808
0.3182141171340228,0.8417733971218094,1501.1624544316232,19.547280527845295,18.597960535931296,13.410102926136082,248.38424120382197,1.3958660075978924,10.994264151339662,6.750654582636384
0.030662064843182412,0.7794058385290042,1503.2509569622416,21.00094691499619,11.431164472477152,8.393837754277584,157.5123655417694,2.8242285682782713,2.800976165174493,19.79290689666758
0.3799969175836749,0.7633537331298146,2499.9327375582857,21.800372468211492,17.90399649521047,17.78339933726256,298.21642737612046,3.2410319678187776,20.540467385049915,18.27715063337591
0.49478227529834634,0.988431629374555,381.61723470053835,2.456460154115911,22.90647985893595,10.772567261519303,179.6842075435801,1.5004230088704649,11.444507880588434,10.671452114051249
0.22455671058947532,0.862897023874437,1078.0746408518603,19.530639307010226,20.0979174118187,8.179513021579625,193.43546016254786,0.0,0.0,9.157236950185986
0.03526411423199715,0.45817540425422276,304.1425625181223,60.05986095916621,8.20608691940711,5.572646092666214,128.87159783776417,0.34516020851664464,3.8705545621806525,10.49485590467179
0.4065111494082546,0.6265135358424845,1149.4593274377305,37.28725434194099,17.21681432594221,12.711217634141072,233.03014296179484,1.0614265373847327,5.996951717214104,13.54075308519684
0.04520923932037917,0.7205922531348666,3328.224863933085,29.323564012994492,15.757653736411068,16.273224127425838,296.76331136907186,2.362559909974303,21.32662999297832,12.583890824948352
0.11479895353305712,0.4680578378119964,1097.285217923504,48.30321264648343,15.709695921508994,10.765669365818002,209.52936818032768,0.9575969900445909,2.788894510924858,12.008728770365103
0.21974582619657948,0.5546850778185314,1045.2297965913542,44.78076479026474,13.929737087658163,10.38636789025293,202.79468940571908,0.0,11.222448720303811,9.238430890292083
0.2801924948297435,0.5671208537321988,1592.855301475974,44.51366897728992,16.47855212272668,14.388435808979699,259.51022744068007,1.074547140259014,10.929522162236962,15.699425538834353
0.5678534070547554,0.7663584939088194,1308.244002822714,24.567592465224966,21.6375008087304,16.01735781183434,286.9688124469165,1.5622474991028064,13.535938257438367,14.38300045775123
0.30570202406612446,0.8494015554009685,1120.5506537685433,14.919613889200113,19.424694261294704,11.245538845715153,208.79211896746224,1.0796895144131609,2.3359061804798724,13.530007568566234
0.4556450758152828,0.8623093272219704,2576.8105687547773,10.531192043273464,19.83622183513372,17.935928530374422,324.7411095544568,1.8800172903180938,17.980332800522646,13.038837355576385
0.5185775600035457,0.7217433501822464,1266.1429888848807,21.665785116639945,24.809768570083868,13.780495127874824,229.51150784213925,2.877776521713162,15.239213689345812,13.557928894330598
0.16012327851881145,0.8487645752385292,3205.1547860096957,13.128182316568227,16.834599763934747,17.974665867126287,332.76044649428115,0.9579314363422013,10.018795967755533,11.445131996414856
0.051031274223254,0.5900231013204645,969.9814858529804,44.94110703119231,16.23916077091478,8.460499104800785,185.20647047831443,0.0072872900618575764,15.315030805931704,16.609046719867752
0.19233631385390357,0.49058632832515325,2016.8527999319222,53.79253950384205,13.653584245611807,14.15192115330298,254.56522273871667,2.782424940647913,16.5156375976103,19.34473079712542
0.6132353137421652,0.9166734306656567,1685.175174222162,9.22755786504147,24.321598995322685,11.132340288676797,213.4664791764584,0.0,9.728081322331738,9.396424779145924
0.42510508759317717,0.9807428782019493,1114.2171990292784,0.0,19.30326742151982,11.025342429254133,221.64251775883113,0.0,1.4506976646844634,5.339705198044691
0.10972087038236666,0.9067175580280427,501.888883938834,20.727378391716456,11.266025323792205,6.21441120605598,140.3495746798908,0.38661492438425815,11.995550571073366,12.308620133939655
0.22679668534056827,0.8310235114931178,1025.712200249939,26.842633365280733,15.45533201720058,10.436938719940983,210.51569427346072,0.0,11.170143385321685,14.978019944979874
0.44273403917890763,0.6699333205725944,114.83974885527535,37.880649233834525,22.531593829597945,10.643595167120788,215.6456498150894,1.4591485309158703,1.450731386767707,8.649902454059916
0.1953738047727783,0.8489364534426471,362.1304632718254,11.117042460502045,8.726869286426021,5.87359799293743,147.98195531721046,0.0,0.0,12.4781845786131
0.3375960578285621,0.699343791073756,729.4085239520385,34.63756741260946,22.679632354757082,10.679840344934828,208.31707268566655,1.9799649522556246,14.080123584185541,17.21280016269976
0.3275178314633411,0.7389618550893483,794.8172570044147,35.91053097805647,19.285151707109733,9.617608618634373,187.59560331012165,1.523536406467625,11.890970714028647,8.701182622650059
0.08523873802550751,0.6901901502594056,1670.1338556623896,32.658453615870904,12.12430210626271,11.739137593598516,194.24337586202245,2.4973988612428286,15.503699402361272,14.148882914093527
0.40615974694961693,0.5677252747800549,1489.2406461329808,46.76816762818699,23.584884586746853,17.090339450571193,319.95730156852375,1.9573520583215789,12.595611942439298,11.45066406909651
0.03337866655327555,0.5224044016068499,997.3610271224243,40.72221285690342,9.466711046067841,11.003868107114636,209.811172716938,1.4522424598816612,18.813362347328013,10.159109877961924
0.30580021686503905,0.8851340683525545,902.8700317033235,24.301704026232443,18.4861725629632,10.481531896193225,205.74314249380598,0.31714133116107124,6.265871951860337,14.902608570513896
0.24452723377763325,0.9690557057698472,604.7349343000565,15.500279095165633,19.991852153515225,9.578702711452365,192.58301573511883,0.0,0.0,15.122444299479756
0.2347206971602724,0.5418534489847255,407.1565974721021,44.947364908323664,14.693793971439838,7.465088284189809,169.57430715735472,0.41230071553794617,7.536664901360805,14.011978944838228
0.31425961869616925,0.8703392755492542,3025.3895552434924,21.151743145191336,17.234411077000278,20.893587689437435,372.7353827697606,3.532323494443061,20.024244432029104,14.364410327899458
0.27282318093430347,0.8473935844825515,2238.1648455070194,21.092949315310506,15.618884515820241,15.644106313942391,283.8892433616027,1.2006091365825482,15.527508408498377,12.22789101479685
0.31772779086683395,0.6767064320312571,879.2051731823732,32.969559307488296,20.745067375866217,7.049901305282923,156.03851927000463,0.9861360350546948,12.149553050347205,15.201140548113681
0.2653756453404443,0.6619797334215574,1155.0864845136791,37.05885360224115,15.814558004765612,12.99697975149612,244.3420829009721,0.2554316336711402,11.408836835174842,11.137971894561359
0.4529910805181889,0.6966887590880875,2929.817812090886,27.040111856957182,20.169819532250056,17.9564794242982,314.3324383607302,1.4303512514612113,10.350158673448298,17.652748930748533
0.35952112260294894,0.8407726172081972,425.7474942735646,18.92246699828858,22.090418210384804,9.72990525320307,186.86739027964003,1.814156795876053,11.578311543788892,13.112546583665058
0.2456784303945317,0.8741640624497685,893.3714449063884,13.974268006088431,13.593096890647278,9.617371702642554,206.88371815862382,0.2040459180619782,5.596611190354064,13.54422560856928
0.12978825436498567,0.714712222982074,822.8990224913015,20.061241711290933,10.961774206224245,7.876312652471791,167.38954388564335,0.015760622261937862,2.548155487391073,14.179346194106763
0.13557741153720723,0.8126692750441848,641.6460371169992,21.584540101923853,10.208264027749582,5.9152713023173575,132.4145953488374,0.8024463119641202,10.029758134399724,10.765809385131554
0.10034162683940463,0.8056695797868838,1377.3972550493731,20.553031781225584,10.417495824213887,10.716742701801838,203.63163384159628,2.400223312272968,11.48477373090691,20.292994418591828
0.17730348662118067,0.7460534405199842,1501.9293925649247,28.98662979448129,13.966346427036736,12.263586731585436,228.22846991956482,1.9656041536191575,15.35464767426663,19.65860523544959
0.14721407149565027,0.7267063945335737,1287.9933343873176,27.278231480908985,13.23516690358108,10.816343341856008,198.3936252726795,1.2857813031889676,9.621388476460499,15.610503989418865
0.5069085914593343,0.5427257985671838,1856.0816106299526,49.36234584310439,24.01379113189904,17.258659846755414,307.093989535118,0.9791996017206188,6.285143323377136,10.527486481409685
0.3820135001890343,0.22270217878393522,1115.93087501299,66.53046593139115,20.601129197869444,14.077126737923267,262.8393550960795,2.510767637261101,17.992431224482512,16.0987892665097
0.1407123198392854,0.6432955860161521,299.65554122028306,36.87067476750872,14.879835532923098,9.607337698590385,180.60698894088438,1.1265790720968605,0.0,14.74822267847425
0.2658027264999947,0.7908782677286695,880.5294787662684,22.46587824791424,15.75211516221109,11.422644927257323,200.58179964611966,1.6222213416454725,9.416226240561945,14.891511824297561
0.1732110153309827,0.8693501617868318,132.9277743780542,6.867457942365549,16.954420525102673,6.146439948775468,151.22025461010386,0.0,0.0,9.83836370905629
0.17775983346013488,0.6778660683132702,994.1266052118407,26.400398470669426,16.3925549477443,8.65065728415527,180.62198427649128,0.9337894111860812,12.965038031024076,16.22379311881199
0.12963702121338935,0.6916941756404927,1013.7170840211783,39.493050418024055,10.979951673941958,9.094916559895017,174.21798372212766,0.6057707830542158,5.990755164769844,15.954945562130067
0.43778506736581113,0.751721062035655,492.34479511976804,22.090586939365995,17.726708517180853,12.184322209095148,247.23771685255693,0.32037033508083157,7.305771075887917,12.608115291429115
0.16023812940377988,0.8073509654973665,521.4627617323301,22.700422144529966,14.316567300161655,6.596733671998099,147.34850577379282,0.2418621991225437,3.771778770574227,6.3642180539559305
0.21967190224006683,0.6422670670741649,1825.529101747736,36.66081851348866,14.059301492464728,14.136670221316365,262.466191532252,1.0053925239297505,10.530279104240048,17.775582525772982
0.3054962144352488,0.6728271127645669,1388.5188217564237,30.20269865459035,14.60530337079543,13.970858515176683,260.7768572202333,2.2662906387488837,16.266429042784093,18.036860691269137
0.22214150086389778,0.8329030642117451,360.6578813972374,22.6406455610747,15.640176382985356,9.58775552790553,201.21180232777272,0.20236274008220811,0.0,12.104890545296117
0.19987704270086537,0.528354315053114,594.7542802233588,48.76996951541808,12.042903150108248,10.510260556113717,209.6298186182167,1.0990904209312513,12.613288732315175,9.432529288454429
0.37095832565842535,0.7953251840401319,313.92299217114436,27.93277728465046,19.26750306471726,8.756766595789314,178.50124206062375,0.5906598687139923,6.2611439441653545,9.457070766531745
0.21300388876088572,0.7206149000912766,1648.3011536392762,44.13645491417178,17.21915015962592,11.537126569737985,221.38039841054652,0.771852309513348,8.340560738238652,15.978681659156825
0.09487020348278612,0.7308175089708583,500.6919135153256,23.848181175329117,13.163929894586559,3.2813892206276556,100.11649819014468,0.8714146660620234,6.188040863507382,22.878439511267153
0.3777511182992989,0.7668906745865213,616.0621680184951,19.90945334542186,23.505740382797722,12.241389898369418,241.3320257691258,0.0,8.89669714395763,13.042519773672002
0.3351509572958044,0.6777933331320126,1223.04671907001,29.645910877942374,18.983530638077333,12.097851498508637,230.90200982376342,1.944743162368602,13.13582315452739,16.14959978128102
0.08105292962986844,0.5694233796801449,2135.64421208503,43.44385406630908,12.33086646696645,17.872988677542516,327.5929804461546,3.0128035507375213,20.719566075784947,21.253764779841372
0.19285181428651677,0.738351370258735,1933.4612816023327,25.122962960445477,13.387670126128395,9.554529665731339,194.43433235094838,0.3337306773812678,1.8301811692434544,11.849726433433053
0.39191932801728785,0.5972047801722248,1830.8771216873358,38.767383723018284,19.212789421657554,16.16204100958256,288.7723289429049,2.4262710825141465,13.919667711384497,14.67524871715396
0.619638079556783,0.7207485461000651,1147.6708744530624,29.01259730668972,26.550061814872237,17.463201104799374,292.56325401027607,3.3051418832207684,20.653912145938186,15.418897093251143
0.603986087620388,0.8896861032304665,2801.177306172101,25.259762005711963,24.53782389046856,21.591683598105202,364.9640160388987,2.5917219401964426,18.326438172879662,11.59684144610658
0.06341516385767137,0.6145240946345275,1111.6130374622676,43.38803622385139,13.042865061108182,10.17357567868518,190.88036489603425,0.5862255300164603,12.030533280359808,9.911467718633112
0.014781990407095076,0.9585655735670011,806.9140660495946,15.650426538134798,7.993165741431897,7.055102735041766,143.43346329804504,0.0,5.130667520025974,8.52570235323251
0.37271691969562676,0.31910892184164935,435.31745176044603,62.656522374525366,20.87170470069138,13.10408475600769,244.0710603180925,1.4280961271446584,7.56377901144372,17.96290108246502
0.3178107601967484,0.7822400109613886,1367.109134679969,30.435375874021265,19.56714226492339,14.667575853596468,293.71481051619935,0.7617474717432444,3.634130968645165,10.328206039415214
0.4151316777624911,0.8609778686251415,1108.4091036630466,14.837139456553075,19.62563357301159,13.482749630271162,260.10085042177707,0.24306530983585972,0.0,12.69520891882654
0.09766743616644172,0.6063207959880487,408.1377727589362,47.9416096451281,16.166470218608545,5.968220390353893,131.88244573532182,1.6967325180970008,8.056946350181484,17.748090381361013
0.12125079722614414,0.6812219470943409,714.7097632013647,35.63856125772202,14.430350076849624,7.252522957629122,164.81349328904943,0.0,6.136220757038602,5.504913896422152
0.18354783901136232,0.8227400726255829,264.71352338108153,18.303550200457398,11.895820133640688,5.485554913152745,150.67441829485992,0.0,6.505213899417873,13.434561623741795
0.3571569246516249,0.6989181545263209,304.33135512168593,29.682011864292406,20.78445693510034,10.365721418860684,187.8076781208301,0.4578931750526829,17.2169894802758,15.245942014047746
0.20873411006432455,0.8263877870980307,796.3305677506493,21.717167423290782,15.095919372745957,9.300417827962123,195.42073074746156,0.5280943317409674,5.229344039615805,9.468690382520824
0.1217844079474525,0.7435736880582654,643.7779379280112,23.80209128761313,10.867714475211983,8.79665584246177,170.13998172034732,3.0376153103151404,16.453951927748633,14.301410836097041
0.10567525240710256,0.6172306146713106,266.3146139056563,46.36995056433632,9.685324194514095,5.840663416321663,134.1208513555854,0.7472273140848702,16.730148433429413,13.209431847441945
0.47896703049539013,0.7705856767398066,537.3303765549263,31.322464296768253,23.520710427584913,14.88058483390519,280.6112530266527,0.0,2.370243023919534,8.358916765860823
0.33435248328730893,0.8638955296683842,595.318174445493,13.765184229673892,19.04117281237772,7.07952907344858,169.64614544042638,0.0,4.362708327502335,8.609367939995861
0.18748302804506567,0.6054071633586159,472.531955321866,41.652448796592495,16.220606152558055,8.33355007212505,188.20055767034455,0.0,10.300877587691652,11.61271524518023
0.14051486177422684,0.751378178736073,1724.4677696242043,34.71301340245249,13.070493032663398,13.96688623758839,245.7159613527466,1.687691138757685,4.470781421180737,13.990427767839519
0.4306020077888008,0.9071407160289903,443.21498641732313,14.561336454619845,21.492312778324926,8.750293225493875,172.47819436028706,1.15395144614976,12.306644791184674,14.29605357075538
0.14134019413885018,0.6480531411901915,2455.2405860549693,26.247060841356003,10.575442699921496,16.33161303075547,315.69049139377563,1.7871496782258776,7.216050741745508,15.002125390340627
0.5261852551061448,0.6174849316145751,768.801384207519,43.08868974224065,22.54024969746843,12.270646730886876,225.77237274023307,1.9474734633268396,16.833671421060245,11.290696457543955
0.4360899174392445,0.729514584467601,745.655231653021,28.00535543702684,20.535191004693655,10.700364087583866,221.91455222546512,0.20298221470899858,1.4808467193953678,10.233247221403662
0.386706206748505,0.7225855121865902,482.6984140939858,28.151165871164178,18.78616838075529,9.122167859204417,193.6756274094817,0.0386432889487186,2.9803106768256065,13.263975821611197
0.1491423072693118,0.9568082369137494,1331.683029015236,17.952153696745142,8.72660850575433,10.488422063095562,210.0753593390855,1.8024675546513795,11.072865008971476,10.758854187119026
0.23249417464376712,0.6545884370977796,2687.5005237536266,37.78022461003617,10.953133944901708,20.591138588481037,365.93626250219296,3.140140168708241,25.144071422599115,23.065814332718112
0.29538653166566997,0.6558963455944031,1024.2928789152625,39.36680285946265,18.61509392790881,11.910738279175732,232.27950914558514,1.0646594299663499,1.9086203887790507,14.53370490911102
0.17012754806940678,0.6880212368138608,1825.9000638848445,28.70475743701342,16.683112496064112,13.629647515428486,262.45492324621637,2.669094718040154,7.7588077776483715,14.71267173351154
0.07950891371727585,0.8158987078677007,340.2184058251621,13.922201714908491,9.878695627076748,6.875514875084763,166.31166385178736,0.864551720753447,0.0,10.874189802140648
0.07875835770558828,0.6688449292475294,2164.6268556382224,34.089028434502396,15.250047218628938,13.122793754762535,244.55400803027769,0.0,0.0,10.67056963010739
0.24141580766547263,0.6271670457124295,493.91449505801074,41.54270538944466,15.946682262890949,10.190912434384758,215.66944628578534,1.3749459560160278,9.359528658691675,15.077887456825636
0.48586892865427833,0.7144931285027766,2883.576315733753,28.383494888280495,25.146494949435358,21.480491103565523,370.2157668288396,4.0638401492728615,20.283828839599963,20.213271468972803
0.6519746831305571,0.7762634279777616,265.0858384284704,32.79073083123354,27.609189589006437,11.27148546604003,221.33044926621338,1.566634174076805,9.910331745925031,16.488832933337445
0.07831856548824821,0.5368954003632359,973.7633235356614,53.052636091275176,12.843998790436434,9.502012093731723,194.5584696102721,0.9569772285323166,7.526191584698392,9.823815363401806
0.5969302442772881,0.8849171693335746,789.5666871290421,22.839261066830034,23.588983364617373,13.697994467224737,259.2428550807831,1.2675078202086378,14.394678587171036,15.352599596824763
0.17918391372229628,0.30966404458708724,2077.1213948596796,59.174351117915926,13.021836049680468,19.379028991362063,341.3165895896485,2.0175693996689406,7.8182092575982365,15.308052711416305
0.646373113422293,0.7457810759666912,324.81440667059064,33.57082893660876,28.436164002692962,14.477369702609588,270.8268728046496,0.2673363397535049,0.5197326384196392,14.035457146216634
0.16173595033036825,0.8090765033206417,1867.656305047854,22.252320895469538,17.057127378606385,11.530196303207271,224.14015572673514,2.100029973212268,20.257814171799666,14.700744364855542
0.3121728160845829,0.6295025417114263,560.3496680168945,46.14345244668353,14.500154561360077,9.49137981476671,208.55173767623992,0.33220747838125364,13.2520730805598,7.906556164605226
0.4043388201630081,0.8485682588775539,2330.670352790189,21.574165087699882,21.197878362609732,17.168082007820587,301.51903395054546,1.0068065762415355,3.9418315991511435,16.118512745835147
0.13463517945233242,0.5238434218939766,242.34325131331582,53.976758701140696,14.723407715256997,7.212268406944899,146.9031110382138,0.0,7.17310329437546,9.769495852378794
0.43473642310305133,0.8950186755603187,1012.3847930944692,22.219211805209746,17.513928857570416,13.197327512231777,238.59326656875552,0.7708784858029576,14.771406135062001,12.747112665324108
0.3948063489521377,0.7909292985009829,1206.4693508198252,19.604169672363557,18.83518661257314,12.088188042582713,240.97812517458763,0.0,9.388619583886745,11.135619381294212
0.037273953464568826,0.8955159427219056,885.8745332095324,11.091335661961477,8.538572030319429,8.20641346356586,185.88988069585196,1.4631258980905841,17.593869807187282,13.578707884190663
0.062440128991330994,0.774330085468531,586.0563667444321,28.163135809156007,11.639718150425901,6.233482772913622,155.29776617529174,0.5233753720562566,8.140345662450736,7.903078285067661
0.5963508383636024,0.5524357232953108,587.1551300136708,43.5159682594719,24.001128291260628,14.71998182257722,291.75308395663933,1.5178639802664735,4.085810375270841,10.772381006845993
0.18504173996200157,0.9136762266364346,293.5293605907462,16.807723778798085,15.225481987941707,8.005591265961373,157.9313643265036,0.06698361189339597,11.590603589350941,13.286703385199147
0.041362800279809084,0.6369002057353185,1599.0470557118924,33.87977582900882,8.773528386454654,10.471907979578663,190.731189087624,0.0,1.9703026946361768,8.98354447028752
0.24381685316670884,0.8580751616725807,434.625499022524,19.229059936612366,15.8467976652355,9.66013077908753,190.2292942551055,1.7809614052056797,0.6694227408516404,18.62253303187673
0.06315359832992033,0.6240662725084805,654.3740198764674,40.32441280420274,12.062640197957466,7.129914661691428,171.1109962584315,0.0,7.04575678203088,6.696382060888786
0.09883989015294967,0.81826788991429,1332.758665441682,25.414376245548773,12.957120064367864,11.4274188883209,209.67401397566266,1.30126699447611,16.88040864349277,11.269659031870141
0.26162356755518,0.6049307401710013,883.211543900352,43.05542496044136,13.594623626442191,10.333665413995721,208.65944048321725,0.10276294102058725,4.340640891645032,11.897154476204108
0.3215205489781182,0.8426401282949585,1233.065239456975,21.03763330263055,21.6730635848168,13.143697118843145,243.0061274964107,2.7645401181147093,23.981049204765355,16.216871104972206
0.455874481752402,0.939472042811024,558.0139906769958,12.313293321637202,20.739002328438495,11.974325247548588,246.796340248602,0.18435045181940568,4.075652552229626,11.822143071309506
0.23598042480722362,0.4978919040994018,920.6569187077063,39.734009484993614,12.35173972570629,9.983301459507754,203.93001393354993,0.0,9.381971411677085,7.714278590405343
0.2896149049485551,0.8754640272550257,433.2647959159179,20.227324577919582,17.735605896855137,9.444238624883567,185.5724068075521,0.18350710368262801,5.120635889785692,11.879503596244758
0.22237412032525514,0.5266960530253885,362.7785973286131,45.88952153571977,12.324317238212963,7.125187071372228,154.17163678588798,0.4852082524622183,9.836939023937292,11.229541392014504
0.3417967243659012,0.647001266856892,942.5521800246031,40.120177860194886,18.17501940505544,10.61758085671512,207.6362719895895,0.20036588427911817,4.84776484694888,11.372862002207121
0.24328839713908132,0.5492644680966303,153.6803773284465,44.12078012027777,14.428314531604412,8.036891932981884,166.87158975982365,1.2855449456609391,10.852246284909667,11.813208818881813
0.4386337619841638,0.6301459480033276,798.9976896012796,38.06156128559245,23.438863739138352,15.825988018133565,287.5186860795703,1.8747386998192614,12.259346864853358,15.833607794049236
0.43793738885418054,0.5506433156470559,1780.8367777034425,48.489297746260554,22.871725523075987,19.66695000282463,352.0781708151237,1.9906614665681543,15.194977258489535,13.144980542401179
0.3262508602956217,0.9878108510282256,1867.6504033085178,6.076861887963932,16.674476542637894,14.331004090737917,266.54879413024224,1.4506075833878946,6.32224381767041,13.24846941823026
0.36734248426771293,0.6439952597785898,691.4170259580347,38.189342027601185,20.85311927056023,14.016666827774891,261.735654665143,1.343845873712938,11.232725681709137,13.949442125366225
0.6062794201874011,0.8230710399357845,662.3177867057938,23.23010702715873,26.36731125252633,14.442036042305347,273.9562916134656,2.09084911639766,12.88619372410582,16.632274265424144
0.15050200182718307,0.7345449912029698,374.2280291339451,36.88442043131566,16.440288261280138,9.346994722258106,196.7180126815308,0.23397876044267912,2.398598616274667,9.003068682686228
0.23380826320746506,0.6205223644659683,158.61964333536832,36.553701140192516,14.99066133153629,6.724288946949259,148.8789990559499,0.924619776696449,14.957724457694598,9.593440298319853
0.21117092239483298,0.6932469822099344,1071.9640002817146,38.05428271239692,15.290069478679849,12.695596269082905,232.0636429287922,2.259266158928009,12.090808735473356,16.472454747478714
0.18032399100973082,0.43759406838218395,1463.3644249460986,53.07659136667944,11.831725530888214,12.069689688737173,224.71300927651424,2.0692537947320373,6.439950305413443,13.277414577992959
0.12935478754017196,0.9274611710576621,1629.3685574714887,11.707511255508932,12.138187717024584,11.64944955097541,222.8856527319566,1.1863333702682417,21.22358623332923,10.414063865951075
0.35433008574121605,0.5195319129410566,482.36136678230827,39.781531039622,17.75033750905559,10.227541451652538,205.51286901172264,1.3980929043072854,11.82037918754098,15.949123895580229
0.25409842670612004,0.6570595987577451,917.3615581543817,33.68159054817774,16.49125487724722,11.590268267205207,238.05076491894306,0.0,12.773748845854346,7.477559998697553
0.4565005559927491,0.8274506011088297,173.7337073917639,13.562527509412021,20.043496218746114,8.08278457908606,182.13295039299587,0.0,9.53892792956565,8.398060381409202
0.23548827813220977,0.6385700601143194,669.4689801654031,31.880144853335945,16.376448658251338,9.253817404142739,197.47605585798516,1.1678594138292362,7.414019500214864,16.89825095990136
0.09448960648997935,0.6993445779202448,716.7114001862362,35.92531625373406,15.18460916541094,4.39396297410055,127.75038202180062,0.0,1.258678716269812,14.35537979082849
0.21322401819617284,0.9687732715958302,1148.2311363445133,2.285095628785826,14.166584533036438,6.671632912280105,142.36606385725395,0.0,1.813817737851608,6.113870085375371
0.3567151264210103,0.8064178475432432,194.0680004956989,17.75167199468786,21.91926605136842,11.450673217834698,230.320161816824,0.3652969065887055,15.283558918356935,11.904934496152867
0.2354075868775695,0.7788948598508559,2006.1969604562466,22.503223627069175,17.94264865556727,15.544273014287498,298.54258321610195,0.28891912313221324,7.837546943378673,8.393140388985007
0.48557204044170893,0.7386033217027479,654.163301893927,27.280397660050618,23.322754537382657,12.217148052873124,258.11739737161895,2.282627577161853,13.47056625765712,20.82947306234149
0.34281730946033034,0.7976671388200033,652.555489445123,26.041237698287375,17.066047269785816,9.29349063452597,190.85156196835703,0.54933796387281,7.885899493896538,13.110075837358277
0.5057645924635783,0.37078165343828934,946.4465934715989,63.838211296759084,23.769156880802367,15.513291147952152,285.7155017357837,0.0,13.046297418267017,15.363584806664617
0.1021463687987095,0.6273413029064601,1244.5865277723972,35.22332362816323,12.423867051840196,10.252820317562062,190.83136453055985,2.1404261879513773,16.10545347173622,11.53963177565754
0.42238640997883203,0.6711085494629284,163.1962091709512,35.76390180199209,25.015391446796862,11.491353506400646,209.7983757322777,2.7776998684215775,17.075721717799066,16.87991848230789
0.47831103265994035,0.6498152130156172,1086.7282799315751,43.48515311966382,21.838667190059716,13.402812884504304,251.80203255587875,1.5117918883274242,14.27083178852788,6.628429937207301
0.2169083435673188,0.9629800927517522,52.916181675548906,17.696959840535882,19.849846967186412,7.316878917867782,164.63551532258887,0.5041745242655231,9.362294874084121,9.768253862381345
0.08611125231420273,0.5611537251474144,695.0718613604579,48.44176861134813,13.37389055651843,8.687324124776964,171.8290722654421,0.2131789500116269,4.184890428295613,12.286426456021957
0.6157771965667863,0.6135646569827935,1395.4826975958733,37.36549483397582,25.815758274276458,18.65862675202529,330.77175962233565,3.185550999820377,12.37116711479186,16.967674410569977
0.1870665542617842,0.37266902371738825,352.30677435097294,57.59191946934977,16.985430865521206,10.687996013336601,218.72095834165438,1.167240596600536,2.5580798799969866,17.4098597871769
0.19175109482465844,0.8674115517519809,249.1249314998089,16.87718987466303,11.953044351242516,6.050615069568096,148.23275496673472,0.19105738716390527,1.6245953572522538,12.662865587080645
0.2702166311777994,0.6992569683848555,347.09740862220843,28.00619974686204,17.58270981094282,8.305907489306726,171.27342703206432,0.3646446331214592,0.0,4.77095497520815
0.4579565949211988,0.8816529546254731,257.48814194787576,20.38539497703508,22.345304139194077,10.769033246714203,204.21110793235755,0.6468764531225089,7.079483358730253,14.125005607848585
0.22866235865089535,0.6213128818489018,276.5566572206006,50.54308814766955,18.499333035489116,8.192837668787586,194.85622726153562,1.020244018126646,2.063306029808932,14.764374007496542
0.4277860773707791,0.47295955354942776,2109.529091000461,59.272204585433336,20.888113441940913,19.48026983938402,338.09309580836424,2.4008918897806044,15.898861478397452,15.177720120369012
0.587353872092176,0.6856216225710853,768.181133685926,28.70554561397554,26.787492489703922,14.22786697691549,273.71865530749733,0.6173960315138309,9.08124330550043,12.61137672293462
0.08087961811118546,0.7299822545920442,1333.0106225298614,24.696612515837227,12.00119038601293,11.963832935466918,211.6517603008918,1.082876881928629,7.651999954513737,14.338981900633359
0.450116004623027,0.7568301552918303,1194.1852027688494,26.33383612511542,21.487973436087014,15.957666301074553,282.59174877042705,0.9401117683997762,14.778838751282068,7.883983098603437
0.3052873563555099,0.5441566143938456,172.61786813847672,56.29833799135656,17.784883925667135,11.325557360660243,219.57562375129896,1.2417036278637301,14.797076101525857,8.145565712323371
0.2939995967443659,0.8867958439474728,1802.9524413919494,24.06447505413845,19.950479565560975,17.028891060551853,311.8213657708666,0.5950451448824279,4.86064962736878,11.17083573561273
0.310176151291158,0.6824017672245757,1077.3666395611358,37.37557140529195,17.108793791442395,12.521287507235314,239.28547629355123,1.0103781647582308,8.979010605836482,10.841518049011544
0.2415683582645463,0.7901772205414691,908.333707715662,16.135945155837092,12.688436318791751,9.574556950095003,195.55176638564606,1.7171329492326741,19.08516179512348,15.919461787585236
0.21465063960387062,0.5389917568595123,223.69693271364216,49.12392268519767,14.922913405811883,11.23264121764288,237.40341443632244,0.6512558487757719,5.871975721132608,9.458864784481158
0.38901242564476324,0.4224910965733982,287.22081086310646,66.63261459109115,19.289857124153265,12.247696140396638,238.52148569310262,1.3121235141159513,8.205438640103793,7.877460446768285
0.08509906062003267,0.6258236576625054,1678.3383919784517,38.04912533470202,10.241637011366452,9.928182461986559,199.66112359245577,1.190778047743508,9.061503649348404,8.505086120998747
0.29532835159279913,0.7742127295096269,323.3172568814103,23.01984340535388,18.057991944990597,7.822932799017837,168.93148048185517,1.1143907386386143,8.869768769252484,13.879994758261235
0.26117470283950717,0.8647740266077961,1071.470995044256,19.165703728986244,16.123787370335958,15.119494147284607,269.98880541589136,3.244889076375798,20.82315359250181,21.04567731933176
0.34331561106308145,0.4637900302627079,1055.5090521368381,55.32387240322815,19.894689799375605,14.276379185173758,248.79511731182012,0.8054709606818982,0.0,16.08048490261384
0.5912466714282727,0.5336859095881484,612.9823317999421,56.33939643832516,24.143535581777645,13.047421836339518,253.96450972631948,0.6097012373761806,0.0,14.036447547980973
0.183225023360826,0.9744296997765234,811.5487678614913,3.4764228837091773,15.75385091795989,7.894693520008994,157.80060318230372,0.8418127672816793,9.397938612719237,6.381162373499821
0.44607650601901433,0.6003692487864175,614.5694421924164,37.64764695743287,22.377682532168937,11.114303844341602,227.2224296213368,0.12753126621118738,0.0,10.14154926904657
0.6628034515324214,0.6010678363587928,381.1767346404716,42.663884618957695,25.913437447916223,13.204225505574568,245.09254958299437,2.858793372146159,12.879581605082102,20.576851747729233
0.2834370345845692,0.892706800649135,938.8877138257777,16.759387044336982,16.79018175027363,11.517989280396081,238.5920093760829,1.118287328120734,5.294880132107007,16.328152730613912
0.6519591573727456,0.8363496988313929,1100.8847316883225,14.887836445946647,26.748507206348798,13.048556190981115,241.7166457539028,1.6301518263822539,4.720616857266105,14.960686780797692
0.3116625789693293,0.6732287667964635,1259.5866958750037,33.353239512735676,19.908128267435618,14.857638964281259,277.35826168327463,0.0,3.1189240223762305,7.806063751915731
0.1436515947755164,0.958043275068789,1531.9115324156824,9.126107101633144,13.62798495221836,10.754682474098685,205.20901675133135,1.458066143845083,9.788985534634632,13.921320344235733
0.33105254167671067,0.4977813740879768,205.8067695530531,47.73444080442484,17.085481231884923,10.881228510631498,215.03631358800928,0.5330538323620903,6.49029247625812,7.879625420025621
0.3058275186932734,0.5378117622752758,396.09099611945476,38.548208097805585,18.850080542021416,7.2967600871279,165.21364464821858,1.0583204416761252,11.269091785484461,11.288605875120801
0.21118921457978004,0.8938092039245089,804.5711890247237,13.610736464002155,14.858106658756622,8.387462243237733,181.8005378038575,0.3944803517478187,4.467372005165409,8.273910463672703
0.2967846994812849,0.5011682438531079,1699.872698182596,61.14412762601827,16.064602205156557,16.416996506903274,297.3803033194269,0.5933508026143339,11.463308613543294,12.4476849060046
0.3663644396036246,0.7467451348782769,1146.212849269089,23.604981331122268,19.086893260972783,11.70288541930153,214.9206339444106,2.2398494156695885,18.08788070888759,14.641936797970626
0.47956288150996207,0.5840699103964749,782.4472411802259,45.450762368272294,21.079456743692024,10.718619090491432,192.88473061157111,1.4900860034147299,10.671084936629928,8.124218008473441
0.43997753624947544,0.6180198707630694,542.703127684156,44.552747834733054,20.029313472244233,11.995574948005816,222.12301316808308,0.9855775910608406,9.869325145619321,8.859638599453046
0.03909968382131449,0.6828354842782035,162.58135744110027,33.210929752336995,13.153515857910854,5.928456784800384,163.86423179654327,0.7251837350530437,9.873388567433086,16.08730322962053
0.04149188383537685,0.8823646741020221,825.6119626562261,19.38028220448139,10.710212047229794,7.3973689780943275,149.2288038593773,1.047072238016591,16.32636652269619,16.238474967193117
0.07642582404616073,0.3344899836257781,983.4097133929214,77.14618833124871,13.736202581853513,12.735671366704793,246.5463573156419,0.7640811508908887,8.444029193113169,12.827829884522215
0.42473485947078726,0.9464964732506894,320.4065172619649,1.4591382992526967,21.623081519091613,9.557185478891299,191.43364267653075,3.0402548979549704,16.082716281832045,22.30895985878876
0.37962750904097325,0.8386794777805922,526.4776686539101,22.786801296230124,19.735866220207996,13.630387394789626,254.15453770845807,2.945670075716724,22.967146373505674,16.98986260473509
0.23431514843075532,0.8383379870600671,1774.0546316661698,23.473556062480178,15.054056646187572,14.402760994335077,263.5253907753896,2.0316289423529765,11.877800430564566,17.957910238876963
0.2674176501916619,0.9338414177551393,1262.5794486291215,12.940172587576852,15.099792635322578,12.491050393774758,245.48085739076697,0.0,7.466629797243879,17.29174362652541
0.4314157725206881,0.5514408048301607,1034.9990895600783,44.59969129206185,23.167839121103633,12.513810870558135,244.64203229576984,0.8898092825214112,6.174390986998457,14.265170844032886
0.19024739327664564,0.8465436378453518,640.8672813562415,13.868625076696052,14.062768729037286,8.26805853195098,182.98113628620166,1.0830560175351391,3.8375692243168578,11.837176423839823
0.16338842023123668,0.788693181246048,638.6206420425043,23.84366680947096,13.95742628718022,7.94124622576749,180.1174953295574,0.0,0.0,6.8116029321461715
0.08229433489607642,0.4800022808048434,946.2090903125769,53.43644714817326,13.726151828090149,11.74450947482029,219.68055623797073,2.5822458749116945,13.349416775930216,15.35186203249528
0.15066695903194957,0.8550564826453706,253.89509317087877,20.069216804333085,13.490067095792881,4.605474849229385,118.86029502491247,0.12105037061142893,5.1850289333741095,7.844177165560964
0.4076841924532479,0.9162681754373581,1880.8591108052924,15.893904763015923,18.871530112956155,13.22807928085356,250.6180644771382,1.7261963380820278,6.6105156794388185,14.82012387858609
0.11467084995410931,0.6739523633379642,1910.8024594014125,37.84562182451673,14.932756196099373,14.784458539675681,266.52478634512767,0.6911535113429428,5.719156427556512,12.510337579263261
0.19195202367325875,0.5424722612634453,457.3305905019053,46.99983718130319,14.051615723121392,9.026358182139925,182.87760724237742,0.9743489141480383,23.464931361887324,7.668770784362266
0.2043728474777769,0.7614684167541451,1430.8367340197105,24.88535763906141,14.935809169664148,7.979633352417544,174.01628366580587,1.07131955325018,10.389943244198452,6.773389292138844
0.19906962479357476,0.332441244855129,419.6568398726585,64.1385409234912,16.931222740326774,7.641563574638092,174.57195305316475,0.18790883906020245,2.588348149056785,7.013428471907777
0.256437651342238,0.6500172745362605,728.4855759833863,32.57357291067545,16.2486048281966,12.732391147472464,229.32302913260477,3.1746655230315985,11.567305437879673,19.484276662535425
0.05694037534800239,0.6533347032506014,1764.8523275555995,44.132338834265255,11.525329592186347,12.585107873234675,243.25341653005384,1.49260290671887,0.0,16.731794817767813
0.1879484706099472,0.735888134847491,564.3170906703873,28.469578638338334,12.933234916860357,8.62814950374325,156.14794164746547,0.9811481749108972,17.96322519268084,16.14678896017789
0.15061426763796465,0.594291383299325,1483.9624947963878,46.97203583390307,10.180129056524152,10.627950386102224,216.94923262279815,2.1144353194763426,12.257234735086575,15.273956791402076
0.4065470901272839,0.9024402757267239,2026.8155387372015,10.633327524118268,21.106825425152834,17.377425545960325,329.80614721711436,1.9612086828506206,18.487820495359564,13.487323600433346
0.4895757917308219,0.5146839708083623,1273.0024907600953,48.655897256742705,21.75540184540058,14.37724375684553,285.1227313996316,1.4456472737959098,11.959486534013134,10.992368091011475
0.22567646677571798,0.8395733992564206,390.7413800601342,22.21599964544904,19.78854106298835,9.89194926411931,205.41716801230166,0.0,14.253758957953712,14.420813164556982
0.7331433862196342,0.5466561885029201,69.37374426922449,45.61126727883068,29.218795773767653,11.718943722121699,216.89964447080956,0.0,1.6864031315023862,10.719582562554358
0.2206404497924071,0.8557004154607131,2923.3941502472585,12.116038730857017,18.43769663532059,17.573138141009334,292.77254034376494,1.350660118385275,14.3857915404575,15.645843363198948
0.6170244543842264,0.7595962463744268,453.63587033718204,24.286751575752863,23.291482154779622,12.84658098181104,226.20510572798335,2.2679525802834593,12.045929203601197,18.571854158448584
0.40262535164071683,0.7952392865480239,467.56016753618854,24.752959539561456,21.92269203951743,11.676377719414457,222.15891430630168,1.3801878857501728,7.616991656925703,13.628279952996378
0.08329917586423925,0.4729181166940296,1035.6110274664452,44.11333038233676,14.981168148557531,8.107732828896289,150.9127931797346,1.9920841224659018,17.146101474058597,13.08480759051272
0.29046394533171155,0.749026905245836,639.4304862828354,32.46845837280782,14.609457928990782,10.712596900395528,197.71211395936845,2.826273283436577,20.23162490127977,20.291482574199676
0.33225890939097896,0.5811623948586985,1654.3911042959032,33.97119996838627,19.374488317377455,13.632962129894299,242.73339217666367,2.2745061338414527,10.127445532790947,14.998964116096364
0.27506701632153224,0.8639103206884978,315.1800643875033,14.998358739958881,19.93767644143221,10.037196547850119,203.81464169071205,2.0326124288640366,16.19175104240637,14.332995840374767
0.08848540812607542,0.8309993769196764,618.7436207029536,13.3048825295593,8.465255941223996,10.348972344597538,219.71312926617432,1.9810169430433584,8.62253563406141,16.306283037120302
0.27740247277510144,0.8263237897140506,402.8340470705863,11.526493135524687,17.662697299718275,5.705640544555864,121.53584115944203,1.4693016474792615,20.73348095358773,17.55038043389067
0.6307445394870599,0.6217124374300802,392.0476286359117,28.613512877900277,24.31857103019012,11.293609998300687,228.0503247894492,0.2902198796153056,1.3424990125247822,11.91839310612861
0.18445196620877163,0.8459028943226551,1020.994269704317,18.771280459150656,13.199596473974847,7.911306814201307,172.02122564316272,0.0,1.706780594629234,15.633221005888625
0.3438464697018166,0.9103972635957821,872.5405740621421,16.381905294088597,16.31240646236791,11.035154578937199,215.8347818742797,0.0,0.0,10.794820565879014
0.27333474813521624,0.5870943329725592,94.49551977790709,44.348365497934765,16.983870069983137,7.1384682298436495,179.76289604401126,1.6429587487562012,13.56424095106317,12.224754323195121
0.23789921702392836,0.9152785485204972,776.3835967901255,11.067755661621613,13.562293816717752,9.01695014017545,190.01194671758864,1.0161983662291665,10.500349002621867,15.023190301610835
0.21889843347403298,0.7133612649811616,605.8842375854117,33.725982278589804,12.433382850197292,8.977867996105106,192.127996166949,0.2736841627758037,8.806264475232856,4.677229724045816
0.15021079434152623,0.7586985811101022,132.15764769724,13.279228298010413,11.718610841124192,5.289544157997237,143.82150496540095,0.13655628228737,0.0,14.176334626799871
0.15858866284882547,0.42828066648201485,1068.9305089860195,57.418095669681946,14.820076974624532,10.483148380419909,198.06954806785527,1.1829353964847535,13.206628376375576,15.910956956636886
0.2624277237736375,0.8536568581966094,1170.1659062802566,14.970017206681948,16.050906870187365,12.94569491331691,224.23512720662245,2.083737270012651,4.435356797572934,16.672687112175023
0.08667352026647343,0.653719677377215,449.99763562610997,35.822835057855286,13.424663237551188,7.6196970973292935,168.171515152517,1.1133085674141472,4.515717540294719,14.626022662323484
0.572319743951459,0.9747620539924605,723.5523311808704,2.7543058801636313,18.928012643989742,11.849961096861598,222.17018091647128,0.6988852393324849,20.431765953095116,10.59402494888547
0.1251246114588138,0.7322310911159661,1781.9960116661953,25.221695290435747,13.236194052688209,12.171045325012514,235.84694107177472,2.6373965335196567,22.593355853809356,18.27460265982246
0.12622055088427728,0.5136273701143982,366.80977658078075,46.76880810068344,15.50815135478696,10.636939949813788,209.08111535484448,0.6694059998582872,9.376135937073236,13.83924115661014
0.1283034752677086,0.8539231245117989,1207.4233425480616,18.301004464071646,13.846921426043373,8.608123586278204,185.55279946715825,0.4371244454975763,3.923171640735544,13.177921449602977
0.5608549237362231,0.4996397574611256,766.3687234673063,51.62703528822322,25.563498837573764,15.683693912121345,288.8498985906445,4.339024824710879,19.235064590791843,22.458121107601592
0.15194972796229564,0.7763792587742523,505.3125367309349,24.18530442904664,16.068749132693302,5.715541560292588,121.46950208818122,0.4627991934791651,7.959304561810436,7.743066825588879
0.16018218332836523,0.7938851804210221,515.7719771058155,25.510055207990085,9.94882723588364,5.739221763517021,138.5364864688473,0.0,3.9587871813010627,10.470084389683215
0.25746950275163927,0.3607943119663821,796.4427582561351,60.9907917841567,14.508391025577534,12.405308086859872,235.23376611113406,1.1838087524562215,11.208296680932776,14.740230727284498
0.39421941608713873,0.5435957838813666,291.9685798424779,40.85406575752529,16.394690656050205,11.822010299955332,225.6856972426238,3.3590813546031515,22.078001058207793,17.347858688417347
0.38913488676450964,0.6924118467882835,1922.0488057658947,41.937555086713914,21.147642360387252,14.880209540148204,281.2994489371148,2.4790608307612665,13.061240484245099,17.236920295575832
0.31384325541595665,0.8057694381272393,525.9383808698509,25.733444884927497,14.536921468383108,8.622824488118937,173.1428824143716,2.8755724866133954,17.921924042039567,19.58442578923175
0.542847651648386,0.8153855598718436,1301.5198337993636,17.153593619969755,24.191211703001546,16.18069610526074,302.2392094583023,0.71679397432917,4.344759257729974,9.686327288030636
0.15776239511805737,0.8482102749617317,728.7923875368944,17.93877912065394,11.178639429402484,8.785604320439496,173.24670973809242,0.5650007659127994,1.605474067895587,15.08745286229529
0.4394676427741631,0.7659058219151458,542.5891511259777,27.640084990960588,23.411530225213134,12.251154794761748,233.36980663566092,2.3046281902279695,11.479714213717159,15.91046953257937
0.2343608774209908,0.5339786113427533,609.6081957237318,46.612638484083476,13.312423985749062,9.460812394001929,170.9613980654327,2.841642386409679,13.106452813978963,15.14589520565935
0.3037894325685707,0.6854752015634998,920.8898707323558,27.299650688059952,14.218333957707364,7.514261973094685,164.07039379675794,0.0,5.24452905862084,8.822638685447945
0.4917472526872206,0.9760901861338092,899.8120013486388,11.11006075917071,21.02802035891025,12.825972289390677,237.54995897479864,1.6416870858819024,1.9805484839994403,16.52497385726345
0.2411175014889422,0.7301481491819977,1719.0478415548187,32.907152497258835,15.184599471913286,14.655394115743324,271.03966528734185,1.441804425426387,1.8472900942074801,18.793256568054403
0.2600593465543662,0.6815665825593142,605.6942086775911,34.66962119983605,20.76383234435006,11.342639275601302,221.54044954740777,0.9216156957117849,15.308773478413556,16.162647322251527
0.19414704958398307,0.8644410485376683,1436.1838521891577,24.032438881586742,17.017480792921024,10.567572525610652,202.10535178935507,3.539811618354755,13.260310316074582,20.18744862246639
0.14041351097166332,0.5949249683672194,1037.2298587190398,36.291742256668385,14.252541219436628,12.082559760587273,226.4327015507699,1.796068099945693,21.820739251454413,10.506922642119441
0.3378170214563473,0.6648791637563388,2508.9335221896686,38.14501532377845,18.00670591286727,16.469952133817767,306.69218003025185,1.9606113485379686,2.418505786127689,9.90424919864147
0.3506906207368338,0.9146974989269037,1240.0641351777338,23.170039170994855,14.524748290437458,9.384883015386837,199.5103631236139,0.0,0.8901572994156801,10.65192230503863
0.3954213784125173,0.09633704481422034,1583.0106669891773,82.50973481826647,21.352353854649625,15.578215733374213,288.8172356001769,2.429375863360425,16.161595917515875,23.66428357436004
0.6110058231154419,0.558121302724734,667.2661803214514,44.564118743353575,25.518400525566904,13.847724820102963,261.32343393062666,0.0,5.146702204241967,16.430675746554574
0.3273646861073336,0.9463266200700684,1008.2121881005642,6.083738946602141,17.633690272292487,10.254595795192126,191.93883140776518,0.569620938904565,2.8087956362125466,14.5345764943074
0.34758147926107463,0.786665355656955,381.3515481105982,28.787023242099426,17.161067478395257,9.712500427528841,203.1708474354051,1.1905903561763558,7.146182537260458,8.740041593967238
0.3356154111946737,0.6609640516655864,2310.760357960148,33.881988158822416,22.24951748385973,19.590148956681922,331.59824359281515,3.20997945132459,15.431734871236864,11.723227529040738
0.22799098678282162,0.9725395895713909,723.2057366147968,2.5686831435523185,16.73358396399316,9.309695110614939,183.40411668868674,0.0,5.65015975802867,11.633028507961782
0.4187387848326764,0.5958819780284883,915.7239614035919,32.99910614933501,20.060114779905692,10.822486830038123,206.67909271827642,1.0690546977377386,5.448935244238884,9.474002693064016
0.3255583143819584,0.5989461830907937,916.6425310534347,42.84118277584031,16.1579414517091,8.826915985671747,185.2522864755015,0.10798348921379664,8.444882938780832,16.119018243588506
0.496180637423485,0.9596548191585601,340.7215373003881,12.103757533308993,27.156161120283084,10.781686201951372,210.38300219909456,2.2230698571591834,14.227990600828127,12.209796243047027
0.34543697269834306,0.8076663790900147,1427.973809094738,21.61954955784241,18.206233726235624,14.352561993586196,284.0845832510058,1.4648285570891417,15.878880723863865,11.26824181430857
0.29277299855793093,0.5597086908212047,276.40779681489613,37.45183203588545,20.629579163065678,9.247225711430342,180.5027302786107,0.0,7.095114372775911,14.600853286149457
0.11195817340447169,0.7975383045207006,2831.0451699793166,32.9766861590514,15.358552779937128,17.917731078408487,302.7059585481925,3.035387663954386,20.23232672417505,16.004969150536073
0.08818164651170893,0.7189100405085307,352.7698791567131,30.896041329959058,11.872463105644337,9.10899639219672,204.2449917578709,0.7412010305333055,17.743582573401895,7.961338442354438
0.3609843321844587,0.6698844706380593,1130.11217542048,38.88433847772991,19.044198722916473,12.184411351567391,228.41836513707293,1.6915487399544342,1.820179118265978,13.556534069864789
0.08993185411267399,0.6417139639823831,1046.0198085267582,41.5127628920782,9.51041464356084,9.936170644061539,206.6670310129866,0.38072313033313127,14.436621537032746,12.81036084575001
0.35786477681294687,0.7849525020093928,296.3628122008291,28.05157839530035,19.83834524677972,6.2863080629293275,161.00497461141433,0.0,8.306045889834385,9.92139631623378
0.2332238287939554,0.930616289415522,1007.849302156818,10.798410763813107,15.407252606939785,10.112989733644289,199.65382127038498,1.272607578585032,12.23037760720592,8.636149868646566
0.19186423607922748,0.7294473087588543,818.3206394937893,29.24215606712689,10.987190180852926,8.13334036971544,177.9789047774917,0.0,13.21400518847793,9.32958726785443
0.3535234818442778,0.7416412526693188,1490.3055704594929,31.014662422613682,17.793863021272973,14.201313346861951,258.44943726579453,2.944338667747126,24.46826348588612,20.101778285243114
0.2805468088909623,0.6007266177229182,796.5922977774125,44.16227612655038,14.989453629152694,10.86683716055728,221.26555797934435,0.8648253916431117,9.003521182291827,10.285458156077976
0.2177842457985339,0.5374800413770802,1395.0837304874904,43.88910366451516,14.532414263223702,14.1822123804157,268.95118237332633,0.7252443691640594,15.96639903285934,11.222878404865904
0.4486047156085396,0.5571930819270391,2203.906739634535,41.23437963594354,23.318100919362656,16.376359439028825,290.75291825127107,2.210519528282932,11.855839613271735,13.532784056061876
0.21223809279105918,0.7687247322982514,1039.2675359161906,25.163725482451916,16.250630028485745,7.9812628411312545,155.32802076448027,0.5538302081060117,13.598925668313136,8.047611544939912
0.19503925949475323,0.3005995650940112,897.4120220219727,58.75377747201849,15.821935935892453,10.067486161387457,190.68439116560018,1.9282228383426145,7.9502816798164115,7.900100143859014
0.2682736099918636,0.6571078739534357,2336.574679937062,37.82673248171195,17.740675719156908,16.354927297602075,294.2511387263262,1.6887950597933024,23.306831017852026,18.77592680597727
0.0681424282745518,0.631293805970981,142.53314523251737,38.0861530124862,12.704640428138898,4.632641279498938,114.31043264578015,0.0,5.924006129874551,15.24971755657301
0.752036571066038,0.521311672717077,139.36274088589278,51.691112953844666,31.028616699444097,17.46035396179631,309.44113201386654,0.3882706630143189,5.504274603968861,14.49463665671922
0.40644717756521503,0.5390326238027532,1593.6181462220595,46.6285319497482,17.955719158933075,15.441628107266943,266.4335248937475,1.408478360491944,11.183404845755703,12.415953752236423
0.10528492308076955,0.3978350694611513,468.1869852537365,54.4360155808594,13.536241835628442,6.482055559658089,148.67543514752683,0.04990367341268209,3.152262701424095,10.9092283114623
0.4844915672056498,0.6554208961697345,1245.9791053147128,38.43965251297989,19.736863302392496,14.654331029679303,274.3249247513982,2.457324320439309,19.939268700028855,11.99457503428701
0.2596391727630295,0.6852360044915158,135.8351054106721,30.33729692607842,12.740873765078206,3.40192181380466,118.58169376021024,0.0,10.518143836638076,12.122132980896787
0.16593718744920527,0.7716158855287935,811.1988203390446,22.91424140752281,20.3996177002906,10.891810133798648,194.16999598340092,2.2048750971254587,11.265370901789845,16.453691434121602
0.2249207331500563,0.5474877602441375,349.44126276431643,42.636337625483705,16.13754177624758,8.960756734811294,191.49356094344012,1.5699816120274603,17.150779011190885,13.160612301461246
0.6405319375701245,0.8291819452834355,113.79027593301407,17.456819354748397,26.67366810161656,10.926635252465779,200.00527745450563,1.5141505813213831,15.40269654142701,15.731345785048171
0.24955594942868115,0.8753919728627717,624.4821499402417,13.437564063182275,16.842336117384995,9.875621848571097,206.75774983802296,0.0,0.0,8.636397657738009
0.28086831756800684,0.6199074929486996,1616.1582219338304,42.39454224128219,18.899708498390634,15.37782573303341,260.6341614887589,1.2856680258248752,6.436747602608196,13.788892009612598
0.47478483154242274,0.5355343350571345,617.9005711276141,41.11933194164626,20.031661714566958,17.092858332168596,314.55221367935883,0.8851082953214264,11.194605543529397,8.698587827739015
0.5207479334618443,0.8659938139999726,1916.6440166230484,16.56811212013667,25.22249566502735,17.408173693784,313.58507979744513,1.9468581529025373,14.147021984692635,15.632417414034354
0.013945105492239956,0.7831743972180059,217.81178904712192,15.587020213550467,10.461813315239974,3.7477126758386294,109.84932345477812,0.31182706497560386,12.872161464296639,7.040215397009597
0.19979064403472643,0.22930142202550519,1248.7933664992845,70.57765097076415,15.714673058118212,12.920379399345366,238.04290177199664,1.4138961252193571,13.30375666133674,11.605578671254868
0.44654040910971526,0.9259780394418041,585.320952593168,11.539970079731441,22.512451887420365,10.371154377606018,197.64155687167283,0.0,0.0,10.834583565913505
0.19012736689076765,0.5880443073732351,2125.8016363601855,34.83384615840867,13.912110213079773,12.821638212473053,246.90726014661507,3.2182852177764056,22.519176506679166,18.151621337630097
0.054577543664746396,0.8347099293177654,1320.4386372709016,21.94228459830508,11.588185001877626,12.531673034971115,246.19308655214036,1.9292023087536814,15.803551282241678,13.779506216736209
0.33040612674189773,0.8841254872752249,1384.2750727881137,25.46464959210546,19.75991449441595,12.807439251768042,241.19222722848636,2.99052249982463,11.182933497703871,10.116556719920329
0.1951369041755088,0.48148909861162853,784.1322820219203,49.478638313172056,16.208828807924647,11.402016376730845,243.23639073217024,0.11584469874141778,4.123008107093628,8.388279512678157
0.16677859424631197,0.5205064096123896,265.34904529966843,44.689090173771376,16.340698437655448,4.7453353320880876,124.83106267417536,0.12468613328963563,9.000541226340673,8.635378046777443
0.3692033530271865,0.9105374469962314,1008.8962547630787,10.698560185485242,19.476956052873977,10.99518274866439,199.32294848871527,0.8721079852907515,11.133315073412609,16.36717782037219
0.2326324172227495,0.9172342979978066,1235.9960642858346,9.370559007953728,17.464172670112905,9.537291350141711,211.65617137745633,1.154900684094931,10.287586174723646,11.625169596834024
0.07547248381946345,0.4584166485617794,551.3276408726374,54.74488859724747,15.324350258957322,10.74630455344026,205.4208994072318,0.43949503876345564,4.229848388382889,11.780101411508339
0.14155652287768694,0.5417136074075409,127.2315592808989,55.28042369237831,11.808113348959294,7.399517395229238,142.46694167357364,0.7894116706094432,11.391006767369031,7.825250902598282
0.12463276083482401,0.6942315670337473,551.6361974164845,22.0836190291474,14.35441765231057,8.06728072305785,171.7845972222386,0.006040833671354662,0.5506465446749083,10.697146103187771
0.26659570073921013,0.8566438147312996,504.45881903207123,18.907029501922988,14.442111968946381,8.12606216649269,157.11832776416756,0.014571087836630081,5.380907936822383,7.704333320315769
0.3779497036814209,0.9489729360076884,631.0883029885554,14.793961931679908,18.57653449132995,8.87244079680614,185.99628533206766,0.0,0.7474450827136145,2.8360476859110895
0.41694925727952276,0.9401807587081294,252.59770978106073,11.463597643811914,18.123427710330525,11.167816657560154,198.52264728577248,0.994306262588436,12.586342000766273,13.36774473739905
0.14007305359968955,0.6968733852873318,542.0190354103336,33.45777448819711,9.448910961072967,5.138634286217401,139.98221367374717,0.0,4.680057314122575,6.350139715319043
0.1315968484510777,0.6406051978357836,294.1122004012088,37.80914251874204,11.738681307748468,6.542743913656943,162.37258200403443,0.0,5.736803565316648,13.118016892419936
0.16432144467390947,0.5208338862763834,539.0478540678376,53.91615132586541,12.979855465325702,9.87822945842578,206.91638186291615,2.2529589205247706,10.665203235280586,18.387575066212445
0.5512375278878566,0.7555709661038015,930.9342072095188,24.60176746993252,26.563988134563328,13.165302694703758,252.28303884576218,2.0832804505775346,19.653305106295242,12.630140595052556
0.27307243449901336,0.7508990250459768,1334.17024421626,26.044824143793285,21.784242293445267,13.263048761847827,244.81148249417276,1.6008993998960517,16.575532571239233,13.068989264958763
0.27014363793208657,0.5814446087612911,2072.8050843711185,40.45811193077942,18.51849887262765,16.93215308006517,312.4534813132515,2.7588053665806926,12.682493353203501,20.259488283032688
0.3694263546854682,0.4725840930006278,1045.9469483454,58.36581030789621,20.203731750899326,12.122057156455547,259.4008638346471,1.3285095536226588,12.321738707715603,6.5246104066400985
0.18531390615512347,0.8572729376648043,646.0554196082044,17.317418028874084,10.17292381926389,7.816064768671524,166.8819808003605,0.4297520950660172,0.0,13.19171328526447
0.3057602104465108,0.9204567214646607,1319.5656147971035,13.809071945164812,18.264972293216942,12.03995075746959,245.04616959056054,2.6773421599859253,23.183863937812315,20.73643866402221
0.1958789161251339,0.5254321954443323,642.6649317064689,50.66187469640304,10.194020898139463,9.463053201952452,192.73163622419764,0.40086147516926607,0.0,13.466024607664734
0.22579661948184843,0.7335190852931226,1395.7247802837667,30.982244051968785,14.705099693363865,10.54442182550443,204.71492817135027,1.8220569444352503,23.195985183432946,10.73312346776154
0.24202111919374417,0.7870491353503275,979.7552962826024,21.291947545850086,19.526300178250494,11.877151997071357,237.73085266272787,0.04775401061308715,0.9550249219477038,8.972412919216193
0.3165018285388154,0.6044470322846168,346.5397791370738,39.528344179579086,21.910481105444532,8.92458749590389,200.51949091184213,0.6595546325433517,9.709517168660778,12.382203784628134
0.3660713555002106,0.7870661538625603,877.5275171491872,21.498557101709192,20.2104434338132,10.650239965285133,215.9713734369634,1.1814537927149207,8.271133946348485,9.779354698914524
0.6321990153694063,0.8806961346169017,454.73467681392054,23.204355091634287,23.83720166491492,14.429558207404815,269.78757065038064,1.3861267767321752,3.672615660781121,14.173877013032323
0.2685346936178179,0.607276245941371,3798.72882591839,42.69093221951161,20.620189668834456,26.365227229620047,442.5810285168987,3.469333816838814,17.52720600417892,18.16652864778591
0.33055965448655505,0.8857026268814618,1305.53001397932,11.552597106912224,18.936786826749355,8.809022015954248,166.8493356673512,1.0382376413327739,7.294982022697298,13.812357241625639
0.305724968136863,0.642362337364009,1169.0020795415621,35.06505992266713,19.82120995584697,12.729652891309254,237.70266653534765,0.8987073846133261,9.602206719242345,11.9047435539154
0.43468115481456254,0.7473489361301155,1008.0744022712973,20.007597631505114,21.153414225623777,10.273251012321046,194.95657497547603,0.38775218609324846,8.144976296110206,10.823784414403539
0.036990059214751195,0.8676249889535078,243.39460726011978,14.07537637370927,8.947744014944474,4.575376667836434,134.9748000161788,0.0,6.813262731050266,7.674474643914984
0.3099263087748973,0.5502737199505464,271.182981603974,42.769217178480076,23.112499349187168,12.003182425897633,218.39704548783013,1.537919833667532,11.929624803959735,9.77873695738532
0.18327915324349217,0.916265405082527,589.6978402601644,11.349856843654123,13.10245061942902,6.432430800219516,141.9184415757269,0.0,0.0,8.088715849297264
0.18265273446292388,0.6632277875965183,453.3859523528738,32.825406812301495,15.50593523842416,7.653415177197977,166.73092481672782,0.0,7.278037146227753,6.698339120207347
0.3625481962397313,0.5789724080733164,1353.6189083862512,39.20680772489178,15.85014432449618,13.742789730008734,245.35903352378304,1.0947676322115327,19.100930370154927,10.867036660990884
0.22146035546099777,0.9271877799770312,1712.1201395423368,16.159796209105735,18.7670813465451,12.10725312668634,233.44725515207733,0.1372849418295401,15.9611901860757,10.848909038447815
0.30628287570050544,0.8354130297363059,100.68310462969238,21.66618738465157,16.343131082001015,9.194602532851329,171.2590082820337,2.120529070469894,11.337489599836292,11.856791178385999
0.16228798771113678,0.5350956957202815,752.4339426473921,45.771864294467946,15.144640259898836,10.188262317900465,195.0084327994757,0.7006184196235004,7.27568751243249,11.889099633790433
0.05149958080377361,0.7789694024601383,2557.8854984940544,28.154676941057748,12.663314331459882,12.934177809920257,243.95109063097294,3.7679210895501574,19.287964473837526,22.106078271424693
0.6046538417110383,0.6759676947159412,659.4631552263274,43.37726278602722,23.818797288505287,14.052472377605506,263.03473167100793,0.6073110752192078,8.537220447804945,12.297590046058785
0.36474142848991664,0.8800668226637687,399.69212082680116,18.742066584515744,19.724145353744017,8.478098697338474,187.50812881638325,2.369112462132734,13.533837309958848,19.20078809147063
0.26396267824526143,0.4810983734264579,704.8516426503885,38.86793296376566,14.84498439610906,11.608504171664315,224.54622604728223,1.6915740201601601,6.5879672101220415,14.702684253650224
0.5988619499271587,0.7228228095487309,1465.712759626916,28.081524630152288,22.155439828632073,16.292824270600853,303.1136705624974,2.480919915196486,20.426236068273326,10.493934655579004
0.1973555958908843,0.8187613867291093,355.58362098895145,20.01823322826433,17.99056815882461,6.626496327263497,151.12631274731024,0.5043603745056875,1.119141490710816,12.47562064615437
0.4404121558452965,0.8083490600641559,689.2294986602097,20.18407654322402,20.01933325116014,14.07714956966597,260.1852718722942,1.7987075190192536,14.588560801724974,16.530507886540658
0.3560723454171171,0.6761903202142395,1888.6828400531895,35.77985876306518,18.08698053986561,19.447031178265547,364.5419953310294,1.2718721713421512,16.204198514901623,15.564203074094596
0.23150446377255432,0.841238561995068,1453.7704587903615,19.272849090146767,17.015634210320883,10.702936583908143,212.51216966664305,1.374247041901456,13.765843219268348,15.058730417302169
0.5109689399960532,0.9250119025188982,1276.86554827431,12.353756552638314,23.54481704583058,13.160367795926971,242.2163916287596,1.9556089606501754,6.874995592595703,11.56745504947713
0.1778886641807208,0.7617788594077234,2398.428709897815,24.09446739228655,15.421749024919201,14.254119268534371,265.576614727886,2.600558972598799,15.765811555472878,17.696804314340632
0.18430440363807682,0.5829318625511573,2036.678627106092,47.49155922285015,11.71289216511235,12.398518759817149,229.41649381312865,0.0,2.7711082368076,8.83951254874913
0.34495788085623463,0.5884847177683885,437.1970543049442,45.7467209506541,20.345875008583743,11.382852211715122,248.84752489840713,0.7370739657583074,13.771938582940585,11.610552000100046
0.4672442396277844,0.8286184284438025,817.2545758201745,18.298703268025445,22.96893666279289,14.776031327637527,256.396084274455,1.6897028190077812,5.219863989745389,12.99681049579025
0.10224759121029735,0.8167464309945754,452.3394710787556,22.980926565178148,14.87807033984265,5.736656217967125,139.32181856487867,0.0,2.513435125252099,10.054288289127609
0.18746231608868874,0.9283334803004174,736.7290957909852,7.693819644564863,14.856023995978997,6.162835565796846,138.39534217263193,0.1379570092737466,0.0,11.685029339414301
0.16453231296333276,0.7499409200427322,1722.8418053457644,32.84087167744245,14.813851773424638,11.773131309033285,207.7610906176278,1.1380342809266821,3.145117994002363,4.204596753674416
0.04178632363064283,0.6585898613174705,978.335127276475,36.015358642845484,8.484176615735935,8.224988222421135,155.6353486114924,2.23470888751154,1.8434807715255168,17.189123328147424
0.3508670069232939,0.83277432438825,3581.1870883961383,16.97061171723272,20.278464142044186,24.83090075129636,437.0701156771761,2.025268417029826,19.11597104642631,13.724303273505575
0.35324428220346443,0.5545765929443325,286.40906526144823,30.69340345432513,15.989845948076521,9.973108946479053,206.25930030497602,0.0,10.792570827100393,8.31263676195521
0.3120551877577461,0.5498355917152333,1609.46826007289,41.43120250843085,18.236150762826597,15.989363802928954,296.5944961039434,1.4389608240484102,16.06940262909632,13.846567363121325
0.4809052925090457,0.7068420247495673,231.14229046909603,31.5257408096,20.816475462833285,12.849181681951121,265.94174949778534,0.0,7.167099543823898,3.474478027066585
0.2016660699642615,0.8862979445315958,1792.430917058907,12.272557935168633,13.678053213573593,11.208376484645733,221.14398377948837,1.431407696053912,13.823940725947407,11.376688464382836
0.48192283117745927,0.2904197690645902,777.8397540032751,72.4865355622439,24.369829184833545,16.144039577451903,283.79856802714977,1.9515334348473696,19.41696083140701,16.625093359355247
0.37542404525603584,0.43526530561684507,195.14211386559722,53.01502418019976,22.302249061338813,7.708461344003455,171.1419887595414,1.399342372515453,6.5811853087657175,14.771590595747234
0.4240462743550128,0.4944302368080516,453.9650347569905,45.96453162861032,19.462998673025556,11.61123363537043,214.41013848720198,0.16340714421502955,4.951261069945108,10.702372091357818
0.6610571202273269,0.9481258932766777,368.52225263397384,1.7012516003872262,28.395515099017494,12.825182733570744,231.34806068188664,0.07236660369927717,3.126649290150233,4.9147823189289515
0.21628511959861288,0.8374471438324042,484.3019211096341,18.9685096962909,16.32333809755074,10.05869041343446,199.85209626956615,0.0,6.910145080343428,8.851844296180607
0.264877808093648,0.6315083911450942,565.361698946113,39.97878769357318,15.288326434072832,11.238427502209948,246.41150726717746,0.8514618947474775,6.634605851040503,14.94558821600977
0.24540135356019882,0.6471872487381866,90.05514641343906,36.30807847403617,17.496951908725613,6.877875643011749,164.88656906588292,0.14194777113700446,15.2996704312868,14.613679265044851
0.2504491342715576,0.719126903648219,993.6330691148834,27.37777066053894,19.17319445110862,11.732264345379736,230.1401912513496,1.2804417239953108,1.5938909897577318,11.762734527230128
0.5256135718075066,0.6925424096489928,1532.3638677136576,34.70212209055994,22.387840822617687,16.971322079850076,316.40512411313995,2.496004418261116,20.81101625828368,14.779741923377808
0.3176749718612798,0.8286414971874189,1069.685224428116,8.641895768289658,14.643865859549978,11.653129153212802,231.18540962845515,1.1603626189664489,12.929031461225177,10.675271021977437
0.13958514603965402,0.614973763902523,1122.0960768051084,39.095909175529655,9.189008700362063,8.059126773645318,143.63459504728905,1.3920927401497762,10.323883552867562,15.395883954952795
0.3768737500490297,0.8504228570174694,603.1113200258563,15.565367175792439,18.356691018416626,7.188848031436118,148.00049559353695,2.571020607135912,14.505669595256924,19.191527921137446
0.33194143715522795,0.8151576168981726,483.9546249802771,27.089653154478626,16.91428919023583,9.206883208970304,184.46369551467814,2.208645589075105,13.456070813409905,17.0431789121421
0.36061000834408957,0.6582550035082184,624.9742828225443,31.18864775699548,15.916404335362166,10.473048825480141,205.06996431418426,2.056496842567588,6.4529123841539,14.124101325222462
0.3586995243229992,0.9426260813994944,294.1605111316089,1.3270396164876708,19.31757423428172,6.262008013569094,143.55217868124637,0.8850554594707669,1.2672068920649409,13.563263079353744
0.03469921157167303,0.7740876802716021,2572.7835878866063,22.99182374524084,10.438793851458646,15.648035819091726,295.96644317385466,0.9936814274909481,9.563605163629079,8.543926723940817
0.05246665884750574,0.747311147808676,961.1229050783747,23.5081770779432,13.373335290698579,6.874097882540509,168.3802325080414,0.0,9.584546367871248,11.433207006945342
0.17299620588438924,0.8315338279713423,185.98080055328623,20.490256904261898,14.156259338835703,4.241695798716086,134.60455333990984,0.9814395823197379,7.302708611717933,7.524800050796447
0.04567126034925741,0.800639532675883,831.848651189438,23.23802258578216,10.158084044995576,9.213977182507342,191.74485759855992,1.0789602974873653,20.456188671827228,14.586439365276155
0.28196682947704677,0.8414268683818276,576.5903619556311,20.01560414729829,20.44143656900823,10.888034872157002,217.09944751506686,0.1249137882130219,0.0,13.1193005173796
0.23966432844184055,0.6189100582742091,92.01331136291851,37.446854964985874,16.166935379660508,8.632598647017264,175.6237726567772,2.0265293184433615,8.921895433909068,16.967816524624464
0.060731260420878716,0.6288396443451554,259.3996773269985,30.536073278456545,14.066999221741897,5.912249296311963,140.49222391887128,0.0,3.5995644453986437,15.682996632589767
0.08884084404466495,0.9156135503135527,2036.7146317968281,6.776050157073847,15.195399055033958,13.685389958880725,253.49769679117665,1.0063571476470914,4.572568098999554,8.201234433040408
0.46160625186779974,0.6307100541141184,978.6284902062658,37.46443967802411,24.202423323016966,13.933395075222347,262.7609530310583,2.440592222002917,5.856507210087921,12.0888953766369
0.0803436038013318,0.7710298878563278,366.06047865263747,23.18047390643461,11.121079027851167,6.359387501342094,144.48203624234137,0.23567343415391104,1.3078876135307231,9.069749788967961
0.29303050765562555,0.8136407351095247,890.3229078809564,25.166250249557535,18.250423779325573,10.847781669935012,218.85817511824553,1.6105344012592187,11.690671012544147,13.174207808585328
0.31110801389672005,0.40832675258026796,1178.7826623258256,53.90436581355291,20.483576462277334,14.175425268798666,263.3786467262161,1.1034773620611067,6.770985736798609,16.477963722730767
0.29203941889454255,0.7156295908542312,1073.7119852422913,29.060444007238562,16.867807619408556,9.87641836683963,203.01575733447666,0.19890699036008497,7.149052112287839,14.436923494481633
0.6632318405851748,0.743048327845931,2241.5056382423836,36.98149730933922,24.502250638612722,22.804215802603622,373.28021526744425,3.474069615212626,14.209067607769084,14.51565106132339
0.3509748693544173,0.538425674543597,426.64041247650886,40.05952650172264,15.421833779222698,10.7182333058282,221.02348539309736,1.4041068725020889,11.581740686105393,15.445388866186287
0.14986073402358258,0.517659494979042,1663.7667886404893,59.17901600760884,12.906683890991669,12.90799731555936,245.95484170906653,2.2464764636180883,12.675748952333892,19.068293803062225
0.6296859736662129,0.8656023785565746,2488.2075308062695,22.745054446316374,24.59637362640206,21.35899633915515,372.1750721341344,3.790127112027079,32.408198047252945,18.425942487321787
0.105138463385725,0.5496776940643704,1014.0221342008149,47.99101267277646,9.517373122453622,11.169064338988056,211.33462717477312,1.5242657325676559,14.976592038015719,13.527214774206328
0.11443093104970402,0.27269450092200753,396.3291528281076,65.38021267283865,13.020308174836716,7.662771566654879,170.4278626959276,0.0,2.7740916234211026,8.00368018698989
0.3070082901384578,0.6806500051779663,610.993477241179,29.671152707007046,17.025000673047007,9.959958397283593,208.19339568716606,2.3506746493281527,13.265480281759976,17.66313075469222
0.299960140485681,0.7001542698771902,889.755085625808,35.4763476955516,18.45807877480142,11.101571428091631,201.30007543442903,1.9365909324900152,14.693952569896755,14.626609334232091
0.09365911542598146,0.6219205472847356,138.87564786896957,40.65862480361828,12.794050503241172,3.9203875838597724,95.17397132075108,0.5350392805883147,1.7910984852316085,14.43341859124893
0.3052511478280605,0.7599983152800875,475.5932403682208,21.882865021661758,19.486247901381898,9.445714073999481,198.8970293495224,1.6820848121156389,12.27045796968953,16.28149458169959
0.3701158482904368,0.7036577710861299,464.8061516410417,32.29556792658093,18.683524137419383,9.306804583292703,195.1544111748394,1.4287259781503878,8.52857633479102,15.809892140435615
0.08602375107910351,0.5210016455229372,241.56679999197314,52.61721519765773,13.436964068869436,5.412019927135315,119.4453290167825,1.5218959549076323,10.50487408830347,16.187195853315075
0.5307601013446371,0.7751013073356842,657.007574438575,20.957397320531584,26.37833463713861,15.078993545598403,291.8258900610256,1.6338381573650642,10.465379599258563,10.077163512509495
0.3862002987008668,0.6599829833327727,204.1082616190327,34.09789758466576,18.54103707161584,7.680940316264117,176.36178130485678,0.0,12.775006636026246,7.021630832498815
0.3124531397848277,0.6651699966884234,229.11565644159137,39.08797506196073,20.888452561707535,8.361609367169164,184.53190168253073,1.0006652292514406,11.439305442208948,6.901939652172346
0.5769688324239653,0.6098682454558567,3431.2485507024744,40.13409915931803,26.261061964279534,27.02198276229611,456.78964214064706,3.653809618452198,26.798623669541165,15.889167085232206
0.4506849211535661,0.6030092265420348,1286.0668104726706,46.66579308005984,18.981706106282772,15.991008939044494,300.7212088038065,1.9076775511826431,10.927360753873836,12.392779594856304
0.027120203810952485,0.6085269949072455,1222.5318186018928,34.909765266542855,9.735129755538226,9.687685615483218,194.2801334441201,0.90314473742522,7.241462343996189,14.241023728850202
0.3321409224177716,0.7593944784619063,869.9313680479878,26.983057169504526,19.2383687562288,9.816176992593942,201.77511101002577,0.0,0.0,11.443697432367141
0.0386706779611004,0.9691271417141959,344.2408983823461,5.760872667211001,7.798944159723765,3.4891666766030136,101.11387159248021,0.7354090099964032,12.443002578311013,8.799875807184854
0.41358209917634137,0.9630673835908354,418.550902928672,8.891954710620581,19.552605964167267,10.233466779553714,193.5629717186342,1.5034579250831832,10.88733181715867,11.26025377163746
0.4243660983044371,0.6248584100660051,1215.9858776360086,28.956782793414483,21.59778075030872,12.3557113948032,225.20531618331555,1.7122247072715244,6.310927988364634,17.074222249441508
0.423828969988467,0.7045045212220085,2440.725424345052,30.657346865905286,23.4208625214695,21.340191212606218,371.73074305628256,3.0909484773793405,20.04978531866929,20.539211353826616
0.43084755946368,0.5247149287441006,1179.249858231803,48.583726640554616,19.940050725158894,14.580872026193996,267.8366811430654,0.6299336258465396,2.082445135723093,14.043824803370873
0.5243296774831654,0.8547075291994862,1073.5198276889898,18.786248774499153,22.842683364537688,10.586715227535464,213.9427277377924,0.18309876613693155,5.382813514514717,14.043872041267871
0.39925611921408183,0.5832436044974049,599.9327575488992,47.11570376164084,22.467324185784637,10.241535841704383,194.3409170228627,1.4576806896948868,13.560068240982726,11.118590666912532
0.17188813740177894,0.7651353429315182,1385.900910924742,28.012187175159045,14.660148427998367,10.38799856188826,178.13554512190757,1.1147647440054393,9.795963812060252,15.447194873518331
0.16242490506692253,0.7929682656360798,442.9737973992237,19.28887703719778,14.931279395977896,5.2878015041825455,132.49831947674193,0.09164168609352119,5.140833130859499,10.395682256953707
0.4752316009305785,0.8792048965841661,972.1907126268885,11.294480760154718,24.570039114616247,14.047770291519615,272.59004336381054,1.8765288000462532,9.39146723167667,16.14933659270828
0.4081857105659039,0.3716192196847331,999.0407556391307,60.00251501389199,20.946274659650417,17.322951049907964,321.1541156853961,0.4313121617768736,14.111183935503767,9.856870915130285
0.3921712574432938,0.824762066113614,327.03618143122696,14.785269141869708,18.421250227425823,8.853843111760993,197.7734123790352,0.0,0.018833647167928902,10.748663574189203
0.23535269750666105,0.5532869601751437,271.76305329356757,44.078933983078805,15.674442442388745,6.985109091441451,154.9192570162435,1.1030268478379415,9.848225703764038,16.15613054323163
0.1949501178219513,0.5231679470421232,118.31144721890008,49.37288549916209,14.738181091888183,6.786148964139511,154.10290310094823,1.0993544758926634,18.877804640629506,13.20802566858441
0.40543888032155617,0.89635132114544,2237.0091660044372,12.537860102313573,19.27135842869673,15.040190381611469,274.62796852116395,2.2029595871523915,21.439279691495912,19.08605908273286
0.18882413096079617,0.5172724175081078,704.5847634733383,53.23632488888588,17.626041553794145,10.60588927606191,200.2236374264663,2.4100752696844463,16.198230659078522,17.230073953088677
0.22850210467798107,0.8825444393376474,849.9626336713567,10.861386117827557,16.9564378316783,11.206492750353817,213.03650077483542,0.7151119985366015,8.081891642877464,11.989584321262013
0.633965074881708,0.9027441195381536,275.8542466206634,14.03066950719324,24.734647371342987,12.088530936075484,228.58803460885184,2.366145477470009,13.83671800144527,15.82809232550058
0.22324543003299666,0.7945311335097928,784.4646720992419,19.519016252024866,10.21679971185134,7.917766612457575,147.75361233789442,0.7590129820585922,8.459675021095391,9.94460985362799
0.2821424595249711,0.7635072140425385,662.5853337943449,27.364946204980527,17.705417499362827,9.854781337872648,203.36421105291092,0.0,0.0,9.888681405231877
0.23730459176989405,0.628488691403716,1064.6664629632219,34.812013734289074,13.373570433314605,7.561017648855364,183.46459601925827,0.0,15.652916196753857,6.176385314547829
0.33523544473845013,0.8917137153838531,605.9107671463747,18.181713842087337,19.212722569302198,11.458727479325548,217.3998450440229,1.3467592844694902,9.005987002249393,14.139879238241218
0.21031639431720078,0.6852979052710796,319.0584708580403,36.16919827191862,13.237597084773608,5.9722465169043515,143.42989765466012,0.0,9.368089189648675,11.710745199054614
0.19679736688567934,0.6143468226592304,2763.803405553019,47.08212770755036,14.169458088292256,18.43145410430844,334.5910857989561,2.3206512002718225,8.058901215911645,16.37216486424876
0.38387744672082263,0.5518928995079504,2723.4768391529155,49.98216955336248,20.561924481125327,22.142339907407347,358.8575792404042,1.7019224412064256,14.12983525843822,15.527413006763743
0.4732808358621094,0.3598923858949696,246.37202057254476,64.1403973264126,22.18114049724184,8.881785942871971,173.0669713658723,0.8385091405605758,14.229502649757364,14.825660353253568
0.23609354354510056,0.6835899467161858,417.96338151034007,34.16024075086377,11.810130880201207,7.9788185575933985,150.4107983964637,2.3915073960594766,21.156981372212783,11.757843300752693
0.2572224256342556,0.8287244445963803,1231.9312189017437,24.8260173130659,17.159023365072443,11.735739102593756,231.06893583934473,0.0,7.6092035496101715,4.5274130039264175
0.12507123208272652,0.7291978319269431,373.1626215489867,23.80192729115003,12.869378128540255,7.971171996026432,177.76908822854057,2.886511136293273,20.458295501772568,14.628023826237568
0.42298530708761195,0.5554330667226859,163.21207962027583,41.086630689853756,18.038620718135036,12.337961211860192,230.71892347600917,0.18751365218294191,4.646285478558075,16.029013333507983
0.2730273485788928,0.8641590293099811,1701.7432290917982,13.831743159999878,17.71591446320288,15.653304249572457,276.4289151050066,1.4780937963939984,16.378828779668186,8.187423504345311
0.2800797185151155,0.5039134639308468,1253.9810302363921,48.40413180501928,17.994472806509826,12.921344441274766,257.6323765309899,2.5439863471735116,13.225599928040042,17.47239576248784
0.2085214276183344,0.7031504101190043,355.38437815124024,33.99509059771085,16.803465898674705,9.705032511878557,195.4868221050018,1.7983843784628033,16.15006806716483,13.342001719594075
0.3343131144693999,0.8334563464044382,458.8421619373875,28.02923755458734,15.664064649951857,8.756181081627956,178.89746672504043,2.4692291462810343,10.4944984943952,11.938491819568386
0.061857651179989405,0.7544027909884533,850.7301698165014,23.105765584610403,13.542575136907232,6.4132008198899735,134.92344835014165,0.5880515445903278,8.178143200495146,12.798596934567684
0.492292706564354,0.5103533284111126,1108.9997208434042,45.539471678783585,22.60653700361097,14.762522486335692,256.7537667765089,0.7008677700497097,15.393341139716636,8.47349803594324
0.2607788663926916,0.510133646261189,273.7218490914851,45.02235910624396,15.501422305812516,7.70062128038021,169.62598654237664,0.6891118312999722,0.0,12.973771691025808
0.21960333342132174,0.6718330345519548,414.0852972719449,36.01897966360356,15.348055634968953,7.566595326009179,191.07895336585486,0.0,2.07366050241494,12.485494127028195
0.15484866559672647,0.6464632109319074,952.2413172085269,39.60920830237029,10.867125501751405,8.793670780794033,171.49614233262193,0.7471842600166657,10.035055366053033,12.362356158289487
0.49339548356560115,0.714757188908225,656.9292080792915,31.95394194312014,23.842038658850704,10.49694936730381,195.9390391051109,0.3350739607768942,12.179699353738688,14.084992782221605
0.31167579955200425,0.7004476401732912,1742.9584974376744,34.74102198548613,18.89442170503711,14.172118200661526,266.31962992530725,1.5586760226676193,2.5387689390784978,15.340426543336962
0.15580657036766354,0.5252457993865709,1770.6769794765974,48.04292871953064,17.053917036590796,10.958732257763435,205.58522781420447,0.7748142874324927,9.462984007938715,11.907349129283535
0.24443033864923655,0.5415999123357275,2120.2316255334017,42.67381232312971,17.149809602442186,14.893142408766543,280.9587787309125,0.2852956048033961,7.381666376013649,14.842345187121188
0.4117284417035101,0.7850095621212488,293.7001904569009,27.105153942313514,19.895760237841497,9.185176310121099,186.00153448282927,1.0782939448556574,5.024515781568267,20.22103230876637
0.5276830047455493,0.7421519785158679,763.1603093750032,28.043599521023594,20.209911217258856,16.070534648946,288.15653162588995,2.055070398709059,7.639399175197582,17.2063630203521
0.5040753189796752,0.8502514951548302,2636.2046136442696,29.664785262854778,22.526885837201572,22.46111010122185,376.0385951381398,3.4137887567333367,12.323490706601936,17.439262321354846
0.1164272057347128,0.7537713294323714,629.7487445491325,24.372651714556973,15.915429363823748,6.800141031395981,158.9317600654589,0.5488232183290838,2.6781677818105596,5.646082697560214
0.2561825161344747,0.7223334134113669,634.8395254715059,33.733316247411814,15.779668058903429,9.307646915915727,177.49092211911318,2.4839444641449915,15.83030482862473,19.5283595695725
0.08518463432654189,0.6673625484210378,187.63007362311066,41.42585366240178,8.466105866010441,4.909642052304887,120.96595453735834,0.0,6.361785411079502,12.05873507118211
0.37228661869824187,0.7577236529060041,1268.4021417427787,34.21797983470705,22.36888100675796,12.203084661758725,223.47321031759284,2.4259550061289383,15.030867396038227,19.201033933951628
0.08183814621248815,0.7320304802756435,747.1349042628531,26.08444528185169,9.756327800933592,4.449800028499462,85.82726792338141,1.6179132122716033,7.151008232737206,11.839389534248028
0.15007470864999195,0.8393945185015358,488.8941030150931,22.35080707276607,17.84997771116199,9.955522833285922,192.02856982606497,1.9270046250469535,1.6057301821397747,16.64447217508182
0.4126866682282635,0.6157693387620454,316.6476550363051,40.65914328242193,20.854673650975343,9.590077614977783,190.02174535136828,1.487329694623535,4.61457522889902,15.376371125815556
0.3910069492421533,0.8789394391960055,734.3262564888042,13.652428649309059,20.73065792237569,10.115729146013472,203.19284341568394,1.3631263947340673,9.44195989346335,17.689151927729796
0.2699182473693604,0.7514279084130764,964.711628546436,27.746467160555135,16.396778967079108,9.776557228097017,195.39667166536938,2.210733066779822,9.562849917719568,20.283680813352067
0.3080404532618279,0.3467278375048015,399.96887554332676,62.19857424590242,18.78412934536979,10.218092557173932,194.57396092597205,0.5439070364942075,11.093013485884573,9.588867328409462
0.22974468447821994,0.5057681960678869,799.6171828315677,49.21852509322888,21.297880999022382,11.276477155943784,229.0671303613156,0.5653786917796496,16.206380467186953,7.572080308323545
0.0982473855783334,0.7368829489610689,1302.1251573453983,34.642375098484706,12.267668777214096,9.109878167934793,187.89339775917756,0.3066193451067549,5.879611681486585,8.350631960709656
0.31501846328489763,0.7817231916849176,469.7336322087734,26.312388477137713,18.183535198158964,12.127140759012482,210.44228512002726,2.4189270239977385,12.551438102964209,13.374728998325576
0.4230411071039892,0.5324238619156748,2151.641439580158,40.49930386057198,18.058034978384836,17.681121833827522,313.53595115662284,3.0288134004372522,11.338102313310753,19.311992896779188
0.21660970295691212,0.842358518136548,575.8720424168238,20.158749795702278,16.69045528667003,8.18864248673468,181.43639401469835,0.0,7.8820139015606605,5.1284577834293135
0.38455139486996065,0.7899207177373339,258.9882420536108,22.84492348711532,18.335939125068023,10.54762647648645,208.50224779455047,2.3907487340358267,14.359806950011954,14.23956579100678
0.17225327938116658,0.766093627177864,388.65816992764246,26.43926081952475,14.839396298624212,8.572618185841879,175.5677949429044,0.0,8.901716587346463,11.314376761856394
0.021863440121695915,0.8761184019125532,2287.3476938072617,8.311956510471752,6.474898086606518,12.573264941441552,242.9173018918151,1.7983231829468298,9.165723842155876,14.34003616588019
0.3594591150982468,0.8829533238720025,1348.6735575013201,13.276581489722519,16.872306408198586,12.849816792084194,257.18260571715564,0.9485817784307278,12.47806656437783,13.734042750958077
0.32542284362409096,0.7769352678826743,998.1451714911287,27.18338102811256,17.4283379268833,9.209052296698676,188.1749648553262,0.6173847957569798,5.972679835404995,10.200352367214407
0.4499173853468983,0.961185620040382,958.1192753584555,6.4113713708628834,25.057106133579822,13.69006426268086,260.11654526025706,2.51034287417131,12.5933941370309,15.96778598879201
0.37122885250400545,0.9096276378490146,977.2707045843299,12.948579646598994,17.8308445258087,10.771796187779044,218.9092948530517,1.6572528981538417,14.31389136877368,14.13716153045924
0.11026993341403164,0.6300095836625736,754.3106684838287,39.731206904571074,12.579398995095683,9.028621694151576,184.8428731962873,1.2223197580861012,2.1700159324230537,7.9564732288680595
0.40226604594493154,0.704127522378342,834.7805348065561,31.630781615443734,20.533255813701057,11.588159744419118,210.73988490860063,0.9237888627587477,15.187296414058459,11.96826346866034
0.39182764851439766,0.8759981922905946,1028.0718020134666,16.317468323695557,19.062723360482394,10.13390579892157,207.33081230405116,0.6651001916064384,4.435470504694725,15.532700111618487
0.07798340967170247,0.8576399301794517,337.17787479336306,14.680361732436133,12.768117211802533,6.952481805663962,155.40978774046405,0.0,0.11056174787614736,8.200274444117802
0.23037296902903925,0.8994287246646345,470.61980706108227,14.13264429598236,13.945136904140242,7.337649367080553,161.11423478330306,2.3360636642755086,16.43590221766555,24.999505502833674
0.21672465766905535,0.846542235761956,1015.8487328779504,20.35056304850734,13.282899440223364,10.51868327969036,191.86700322939905,0.6257964327311285,8.616150994173317,7.324829292624422
0.15118062623667383,0.8576835427088013,767.971250357416,16.88132876421143,8.681899694152312,6.375538849308892,145.08634808177334,0.4716562059445646,6.2152195353667,11.696713632243654
0.20333993964550756,0.5313299438119347,277.46707090530407,40.97344072843889,10.79157060785311,5.460876578555452,119.37141378634814,0.0,0.040877592082485315,7.647568660950107
0.18126661293494153,0.7019345288400718,698.3989679015394,33.912420654118264,10.991070024085564,11.14759634939099,224.68615019256004,2.4352973842018093,17.35675404372404,15.676647225746885
0.3223635415446546,0.4747332724730068,691.2470602814857,57.74844384908201,16.4215049721917,11.36932311787037,208.626760105194,2.0458420014815237,16.049001871988168,15.635004097608746
0.27693106789424643,0.4691922012276049,1576.4645263599193,49.347696828970676,13.93372896641761,16.853727687767105,309.78055954334235,2.034479754836896,16.52593459072252,14.191982864071
0.3123522275594397,0.5419090838433234,1791.7731020367808,47.53753609538372,13.343570927207132,14.970928141895754,288.60048213091136,1.0513923470040285,4.579307091858538,15.092143513929344
0.0907055899387804,0.8039317851082337,407.14850568106397,26.348787418891582,10.872487428968581,5.842487741279594,133.02441681498436,0.13821960869209365,10.137244200081081,8.33556794368343
0.24905839919827955,0.5982221632369522,2012.5500003762497,35.08322612065093,19.298523634103518,20.617774884980744,356.53350325155526,2.21564830591268,18.81802028002912,16.750432658432576
0.11844748105217169,0.7799922211242286,939.4819620772871,29.326409705063377,9.084126789935771,8.55293390735041,160.8744779196144,1.389469697446178,13.45029790826556,14.769475524052053
0.655619635271043,0.7175890813486833,736.470702690794,31.475023705350825,28.367036077320513,15.778555380820741,259.7025626510315,2.706421316836837,17.783732661117458,11.987415309005987
0.1651913034153083,0.28134178169640967,208.56040159568786,66.24162925198252,13.763821716176611,12.104503721140878,224.44955493522417,0.0,0.0,11.283227104311024
0.2464425064795887,0.8246844851326386,940.7393739747935,26.213684108097546,14.048819615671684,9.538209146879854,203.4945849573699,0.6000833640841232,2.4185701507849426,10.580591076408998
0.22581105985523647,0.38686543771699733,167.9412068436802,64.76720454489818,13.229657974515115,10.828033908996682,227.62721118395558,0.6749960011116926,8.283016799560599,10.324155439728298
0.3956321114314575,0.49981313986638215,852.6407596824934,40.68899902895654,23.68855828877193,12.546025369340091,228.01150800369297,1.8385487162733662,10.84089496895336,8.917906673709513
0.521790538021371,0.878822637400055,3973.9834106090975,14.301072171647583,22.959641083701968,24.258170636546044,409.86158792594915,2.8168065859401596,14.399886497663717,13.287179489367317
0.3702711885000691,0.9324504589903031,1047.7154751535534,9.88293861475701,20.296695050194252,11.920150877256258,228.92752482291266,0.0,2.0982379881108133,8.589821533794387
0.2727842283185737,0.6008496839670157,976.0280321604245,45.15340081364854,15.514198836032648,12.438313470115055,256.0144638902469,1.4751251897136157,15.607959216081266,11.48029163425963
0.38147161673859026,0.8264489269310318,1037.553244872353,22.689263629838006,20.22068351654844,13.23260867986679,233.07106549492886,2.298897028048916,12.791982867647732,14.586065585123348
0.11754384764059747,0.8601285859577394,1467.0820995313295,16.968879339718818,14.751918856930297,11.565907152810775,218.84135271963035,1.91481557653391,12.342024540091993,10.287267262729996
0.2247658575883936,0.9187051152029272,317.1167210701625,9.11681442822207,13.015244568012063,6.8675392865134715,148.2372149750855,1.0045281930460093,17.574018482675704,10.07644815123824
0.38812002998177014,0.41218437404719394,2443.7157397547057,54.2389311154978,23.765015493322522,20.918693929906258,361.7125556405337,1.8903958084785635,6.581884350697758,17.92189064672627
0.36469129360323616,0.8530968757991043,605.9036506486635,19.208951168091776,15.184542217148234,9.957920056839864,195.4532858116228,0.0,0.0,9.782677090730992
0.24344263857501475,0.5711174558005332,490.87185466295057,38.47130261562347,16.044726792046625,10.47490397033603,222.89466641122735,0.18493956721873517,17.279340986965583,11.905560853500674
0.29351292186237704,0.6275999142417507,3257.7283404253917,40.7055109072295,15.613297281508604,19.481284732802642,336.2105907051549,2.7261740572352746,12.393680587059889,16.886425930754992
0.3787842311749705,0.6011782993453019,1188.9778918418272,45.48710950527325,16.313786495529687,13.929830444460329,258.89458439209847,1.2972902660185466,8.62938320365012,12.157536276124361
0.41471822002766556,0.5820886908561188,702.9386779708968,45.20026333127732,18.52498376037324,11.706681834351564,218.87380789165528,0.029562561709543633,0.34867347800797166,12.353236506592062
0.6277681051719985,0.398889696697139,1185.6490511272175,67.443118647201,24.50188179760018,18.727516674500052,330.8325190103015,1.6881751530899325,9.007907819547498,14.861679472980116
0.21807873062560712,0.6879152506879687,3154.077570879277,32.650161064790865,15.918827232240883,18.65535107236155,343.2310836406228,3.111528978234175,7.989837090327946,13.554738235691778
0.461201556536641,0.8611626121696372,588.6931479447502,5.1825662661818725,22.801735912835333,7.568783531783602,170.0668190921667,0.31225031691630145,5.5026599214821905,12.361575314797125
0.35461910256264884,0.47624023623934225,180.85371149183504,52.38286073762166,18.318531574983673,10.144529485913639,195.13145568479285,0.954372392019607,16.776075853244627,12.580684654986875
0.1712002624759578,0.6560492893946046,261.0730183734722,42.081702641870834,15.229962823157116,7.4493665463752645,161.66224258526148,0.8529758175143642,2.3661839693063627,10.51922627923998
0.5573116082183518,0.9554299567797949,336.8374048395077,8.226780609683974,20.41018160912143,11.931505018691205,219.7073333641145,0.8524315992330442,7.824053372334954,12.365311314204636
0.1780536475877166,0.4061868069176238,322.320209546731,68.74878038959389,15.941712058448385,11.42309428901944,236.4338145392048,0.33569293814857426,7.937228926314784,8.35431420016833
0.5648904667312346,0.837824414249432,1109.8632339717838,16.47022166500875,24.127949940625545,16.486266505494772,302.38974373971746,0.02285605578554062,10.026246258717485,12.574010158968207
0.48357992106952163,0.6162986026225463,462.8582847943298,34.37511821840125,21.27076223131468,13.08354599117117,238.95826432127225,0.49023335914923516,12.373193718055962,11.508474399032586
0.10615657908801619,0.4720464535226477,891.5903939296094,57.24563360955133,14.29654762708156,10.497496627087255,204.78246934525825,2.1529913254331214,12.176395726815736,13.411435015603395
0.13332481137028923,0.41175117222091007,1196.8544788125225,64.82074266363402,10.22091642880439,12.970163548722805,243.588109953224,0.5332908080453462,14.786426271810534,8.229628789130743
0.047337827341982226,0.8923885717134197,449.921790812223,27.72244480690599,9.056624087782568,4.507105971125573,123.01581108472156,0.4484220594303006,0.0,11.403598687065088
0.18436814348789915,0.6583257225703224,140.11747450105827,25.122231543919455,14.519342199458535,8.258794446775363,167.0986733049206,0.13798559325797932,6.144662863568286,10.832789055784614
0.15277206374931904,0.9292371417119957,2786.9011225619674,14.256799011137222,13.370180969332285,15.20444794355392,280.45379145080994,2.868402656009185,20.683051168953202,15.733092843092539
0.34098110231670026,0.9243270127326321,306.9635297337946,6.104803416486466,19.112746833919246,10.474902578751255,193.25284901340365,1.3646607052334987,16.061838122378198,11.172180668886156
0.10821098660402033,0.8610412218637273,398.00115611628314,22.373355924396584,13.906210608573916,6.9589028525831775,147.95139924291868,2.7835484944796476,14.543475502972303,24.860632854944228
0.1470971472377059,0.6430914483380689,167.4391072753538,39.61023778419272,17.119768484668267,6.557143012100134,144.57223303283436,1.9703851264558305,9.559946195802764,14.980645788424077
0.18745944016691526,0.5259451321284264,560.1144292013826,51.881986873575954,12.100923311078088,9.774595697428893,196.77563789760129,0.0,8.197226064716414,6.152955735632412
0.1529423497319387,0.8774788824969287,979.2461439776223,9.927408760990218,15.443223491398946,8.250205279953335,169.05036013582873,0.4810558854666142,4.341161297713871,10.039189950852363
0.4835048616840204,0.5572512564397396,175.97135005897354,42.88570455445887,20.696422588005927,11.626990990523804,216.12852074161788,3.985839857922389,11.915324815550388,20.651627809161436
0.05875087258653716,0.9631270907649621,1499.2017972853428,9.678044853110684,12.113372898846919,10.791789849998253,203.78395020568445,3.3039823810979225,8.814873103525647,19.17228613056544
0.46739287569603855,0.6169968732709259,2501.5196624555915,27.06381908581512,21.173642026036134,19.76591666657121,346.4849936846714,1.2911571149187357,2.3941677734623026,4.855076699758284
0.2970335862089719,0.5044274667896766,35.318526384705905,58.14070181415043,17.602157340584135,11.156281612144445,217.16875443647564,1.6062447472643004,2.390680404633919,14.134077949607041
0.6559180093791871,0.9456282034174018,573.4092052564679,8.723390731032383,27.669205450523663,15.173644818671331,291.39239722629736,2.7711252513624176,20.93251876090279,17.98728398228094
0.09186652041477274,0.33871526011331166,2059.305359666212,70.00828773056921,13.552583052585762,16.70881034112433,304.72130420894524,1.9897232806250773,7.490871957897821,13.481250259505352
0.3512374648120457,0.8473368133522456,829.9551439130108,13.152693757474072,20.95735461569792,10.163673325469357,201.64963045468807,2.0132705895588154,4.041405322383433,14.250688210222405
0.30582177424241935,0.7016365038106609,429.9100849313561,35.17086613041555,17.99933428609484,8.461573813913368,181.0081851031627,0.9390620264999098,10.816110324200729,8.916487402877774
0.21263541892685758,0.45066387862767326,512.3039664150352,51.788269153708995,13.812864391981908,9.16792466493776,184.4781337360342,0.4768422451044577,12.777163646439895,7.573688704882509
0.41087758845445527,0.5212538366758351,1402.452463183274,43.95671688360191,21.57372691116401,13.9780822433677,250.19309467439462,0.0,7.780575717496026,6.847028108919223
0.1679702610049023,0.6196970159364515,440.84411779933924,34.47209811529071,14.148284530274722,7.690159884806962,173.06908434689242,1.3907925541022355,6.95936811194196,13.575075711835243
0.3842832877759701,0.7596390305028541,262.80877603959846,20.75046618464816,15.819203336531244,9.293345440212166,178.02836519649577,1.0129610026473426,11.057926449728907,17.08196320632421
0.17577737463620643,0.757723329785757,2202.5368832390277,27.252631252742447,14.09226716369157,13.90843253971973,267.3938999413939,1.0346554647931354,6.586304750724531,17.244855845815593
0.46723523520090215,0.9260377740227922,2547.7670994625782,8.123441263365835,24.31811315428964,21.264627518519166,375.5604453046207,1.992933366950707,11.447344107439594,10.853037530388363
0.15271677551136956,0.816146723760735,1345.5943986855305,23.204933927721786,11.55648372878738,10.39358400178981,202.66277495395343,1.456154854106689,7.7461751185129994,14.221944652132462
0.4261422241121325,0.5121602190738472,783.5340973777999,40.225755347972395,18.38083083512211,12.740302875048993,231.51088127827853,0.44406111191133246,7.622920551964326,12.188299852630799
0.3274509819406251,0.8902141971813378,819.4029696559727,8.115701009191707,20.521976106035197,7.996749102247765,169.45162699409747,0.3513179181186179,5.3470154364087445,10.124032034196649
0.31388765435350957,0.813238520206885,1312.2574138272812,17.910552006622055,21.86679781741998,11.140273793533469,221.12096743100662,1.1241584525698436,3.4018462321110494,18.0651853198724
0.47540108353661714,0.8260944993996053,393.18694079680773,24.47063680131983,19.313444218214368,11.706246860498286,227.0017681842004,0.9223779910447798,7.379363706490702,11.403908642321708
0.6029723390124079,0.8346505979396953,287.3451969386098,23.047701311224234,23.93195221352903,11.576004987848506,222.4548356372379,2.678278873336377,15.100325462193315,14.755643339547417
0.35678528901999174,0.6037977445179291,90.89917328668378,39.34292967969103,16.23419815145789,5.3274275503444635,116.69025148651676,1.8874773212300349,6.681804369336393,18.62972816912435
0.0984098911505965,0.615945866654922,2191.0868335420137,35.087171975490655,12.419686307471716,15.530141287540468,275.36750287215636,1.1248615773298813,13.089815284453508,12.80487837335968
0.3302595374465226,0.800883184775159,247.37067604545192,9.308256480106131,21.246663362197662,9.113533120689516,186.28253150227604,0.0,8.889139050111197,11.655463507012396
0.38910282585351386,0.6662345986536002,471.8497440899896,31.05390786610821,17.606809799593,9.737719593117122,209.3881261961894,0.49667411959458924,7.005429161256288,13.744461443433948
0.18124591754148325,0.6662699043264462,1135.265721901936,37.4163621717399,12.672344564623932,12.099041795029581,228.43379413959704,0.928468611870467,14.079591578962482,10.48782575411487
0.3333365036009228,0.9237054390415566,419.614143772829,17.21674790060289,19.634912960660657,9.733049947823135,194.93810837226442,0.4867314586084701,7.737956721852267,12.611415624595573
0.1594569509738273,0.3249804530711187,168.26866736676453,67.00491547611516,11.221434527963792,9.148780666986553,177.19339809284793,0.0189944752462623,1.324733052423734,12.05027707257265
0.21291732910272598,0.9425756844911728,750.2952247467065,11.506300704136393,15.449754732879953,6.8144324482800425,165.7276397689532,1.113074312694681,11.821471121370276,12.742450007956963
0.39432256598945997,0.8395812945072583,755.4367853399232,29.774580163792514,20.971632287409204,9.174236946803838,171.50531829984928,1.3012702824178612,3.829103402083735,13.810280630736647
0.30138591658090813,0.7170942007646656,362.09537000196127,36.68500275471154,15.406997173654865,7.873780386747335,172.14187904747916,0.0,0.858062479451184,13.470070839294817
0.3030038596336353,0.4467791836295454,1865.6655906256758,55.52945948277443,16.753751471321312,13.612970697498232,268.4104940431144,2.437293964194656,20.483271725883025,16.357813296356053
0.6709769549856095,0.4628795260102802,708.0762353891356,47.96274749921255,23.724890610238777,15.277190198323684,291.2287853946187,1.4795299098973251,12.195982805276753,10.361077958584607
0.14008046807027824,0.6286432581880557,2294.5029701874378,34.26409944527516,12.09659377534615,15.086258421520254,282.302577756048,1.000214345871794,0.0,8.81551377709415
0.3615393206367202,0.6352478802003793,725.1673937754382,41.81630689466887,22.401372057124615,12.98183581678798,253.64647533392787,0.9775903121056929,7.3204134410379975,14.720196485822376
0.016666556563098497,0.8048396581582189,2943.757810843817,30.26908046398455,12.11327354424661,16.686585144882343,308.1598347050067,0.11991447683404677,0.0,12.130305975236674
0.15672473199582704,0.7216485433034703,447.9503792648714,34.99267839199814,14.254593621680192,9.57938588641876,186.71552037187246,0.0,0.0,8.378354152993928
0.53083564340977,0.6840725271442674,162.53736914932588,21.935759553623562,23.542961023147868,11.542023192384846,207.15245604558723,2.571207495260181,14.270501214269533,14.45703308473098
0.18580734713822147,0.9745846287873032,628.8161386326838,8.236341960553437,12.332151801617453,3.6978434502896955,105.63764709813817,0.025798882285192167,4.465177477597415,5.647254094756471
0.10248588479175161,0.7102755809728083,201.58427388610576,35.11385938038322,15.075487100026255,6.961911570045868,163.29471936855492,0.6757452207891952,6.50897561406601,15.115521284545752
0.346786345409515,0.6872460759530405,1636.6605333934133,44.156449310984,16.207480643244814,12.72355332288152,249.25947620055854,1.5906432254264187,16.24878087013287,17.15477668397406
0.17800929675096389,0.9120352522601813,357.9118614882807,19.237297399594333,13.558846135528196,6.248967671317985,147.5941266370088,0.0,10.018512773089443,12.520368885505608
0.29504404962314407,0.8498586848789835,566.7145876685901,21.521843277207992,18.87216067148315,7.5097438686576075,161.07974793615477,0.6255810232490576,7.278097571315571,15.566527180511242
0.4116552872503978,0.8269156173030187,184.78808084673244,16.040657079561004,22.7649588724335,9.584271213126401,199.24695320946802,0.07712490301106045,5.403609324957252,7.920337366200821
0.3456862855510826,0.8557090014757717,422.38803448546304,22.507631740978475,15.090707620779245,8.828152972906622,181.0098635310015,0.13558600925559272,11.510963974177525,14.859409442979917
0.2741383397410209,0.8113962479146463,752.6971517429553,22.55043743825384,17.991946586915024,12.24003707584846,230.710076270622,2.8075053232190728,7.479446264265688,14.481979426572778
0.06526230860085634,0.4741810886211925,1389.123361252108,58.666477844086074,13.900050367142935,13.408739706349806,236.9001450397111,1.7673864752546762,20.460171690343664,11.699127203626453
0.2134711257730532,0.4927852993484948,248.75607725001183,45.44888594796136,17.05145409688749,9.459370231850592,199.10029730042703,0.0,0.49312085011808815,13.136779723322547
0.3193633628397986,0.7110305727798675,355.13332763269034,37.42997890193523,16.473131508859087,9.57315210716819,199.94613131141838,0.8381522396580009,9.494010677570849,15.158606809410042
0.19209752781144365,0.8474733687019472,376.1709392678465,17.327350528494605,10.744528745933435,7.185536571502009,162.41922467158963,0.7874444078825545,11.76016269769937,9.17713163590961
0.113456946947475,0.8013514148504615,1452.8667762796606,21.079489476782502,13.865625817074633,10.303470110134944,203.2480704456857,0.6850480159140867,17.96544062708334,13.237300193877303
0.26537394606665926,0.8632876621624834,653.354484668545,9.766873922652167,16.33473267460107,7.238897540130754,161.6232079329315,2.209233303134429,15.03638002790617,14.121591574650292
0.075622874715002,0.8274128185223233,1587.2307790354814,19.135824955547257,9.488506270894842,10.100506486005104,218.62215043068863,1.22245588949041,11.051132284650286,14.833252659496475
0.008889782483875354,0.831794539281672,546.811783061803,21.804134051934547,11.925054878329671,6.245953720412418,136.91876460439568,0.0,1.3642802294772411,7.2859675596736855
0.21265072746765495,0.7389007165067546,655.3330359822535,20.07088820605277,18.86754021916683,7.461037076821716,165.0317016018769,0.769345785541011,6.108950452605114,8.324744051850935
0.06705521825635151,0.5453720713481861,733.006643854986,39.67012789128532,9.89521161246289,9.954413883200376,220.0119682503905,0.0,6.108187264365085,11.011748345885636
0.11706942439408456,0.6887968184555762,748.8398429240752,35.23696973715974,13.542766225606877,9.274553244103247,188.42232220272575,2.071052925240685,11.32220293107673,14.130350418598644
0.2032443508579344,0.6123052074715638,308.09851389790873,45.36545474783252,13.588604526302907,10.703578639257625,211.81025006821187,1.1822505506283014,16.75446749394277,8.881516674617052
0.4429587864791514,0.8237076883408669,356.4462610280208,19.071905996548754,21.059232300083526,9.633992967337385,195.96048434807645,2.572324720737618,4.575392089176448,10.718990831395049
0.1674300974196761,0.207920232897999,750.193020200403,80.08189837713316,14.106957753477815,12.10085465412302,239.62486159861822,1.3158925618559976,3.561952100286823,10.765881791238481
0.3118296887833084,0.44066205616580584,466.2060829221004,55.08856589707429,17.6874990495406,9.692927380860922,197.14274529067515,0.6086425996164648,6.451044773152586,15.282547947054548
0.342699655687308,0.8414019748574411,358.46771479424,16.901162477567343,19.077078753537364,9.325531051122015,191.12020535971635,3.0910079005470865,17.866986972914315,17.918417614694285
0.23264936569955091,0.40055379119001366,1343.4688605199328,64.63918855508173,14.145270764395276,12.948015530129332,252.9671803059966,0.3587228176193443,2.3451647890804788,10.308774370015904
0.3607258638125585,0.7267052999183641,387.79490166016666,25.4489210490669,17.276770936294533,8.937672613496888,194.89807405958155,2.4723344055109564,5.48729073530586,10.51759233026034
0.422725096037641,0.8441747857639195,143.97374580953806,14.480552229599017,23.87645215182554,9.746099179412665,210.9877600847838,0.2356327899706046,5.545667171421795,13.646730715441828
0.38236558260661846,0.7712499292323779,165.531608391878,31.190339286322743,21.869927517797706,11.711945658798372,226.75119712304098,2.4527284639552507,16.478727406489988,18.635118395390993
0.19245914820627144,0.923575046330303,183.04736244770487,15.857300308023135,20.513559919013257,4.444986615905222,133.56003428244216,0.3395311809931034,6.0369276666657745,8.36549341416493
0.4696839129051919,0.7109240996569373,2403.276349320534,29.403432541174798,21.808542659345527,18.77844823397462,318.46785010984314,1.5140100693457148,5.894667649840228,16.698006726862175
0.23055394225844633,0.6616440229542891,2233.8742467786324,43.41102734370179,17.46502212503447,18.313566473932283,330.75791398339095,2.680533699656078,24.214095830894735,18.73760463881235
0.16919318610138398,0.6556849765983754,1893.5354950575643,40.341815790578465,12.805092564532043,11.082211773414432,227.4978888789326,1.2452070870817242,16.7651151625263,15.314532459803491
0.15077865012330466,0.7340594767193267,1513.2668537152867,26.576562842564332,10.068838477305647,10.269941688590144,200.86134166260476,0.0,5.97123711191725,11.051718450847261
0.24527706820092707,0.8520978512138807,540.7201955546566,21.593107195167136,18.468905547611598,10.122968024699677,190.99706439168506,1.0696152756241062,11.172513440634468,7.077888231589542
0.22011590755713706,0.7616672147141644,2786.056896529519,32.94866853838549,16.12038732919661,18.342680181642287,323.6720862930763,1.6342696506653223,19.159432256446166,9.33408885717217
0.6998546013968607,0.7654608987827672,213.25208645867633,29.890848922147914,26.8331453275168,13.019366567258198,247.73078873431234,1.0470485651322161,8.575567010319553,15.003627742705167
0.494549144666923,0.6018142196196173,1047.731619194445,48.361882499533955,21.669714105696755,18.664089215463704,342.68428567400184,3.18435597496057,16.0310666562295,17.217533982539194
0.37559855270785997,0.6107275844601149,1303.9328613032033,41.82948765994861,20.688000682283846,15.806364354110348,289.4338629082415,1.656098577588844,0.0,17.537463460436527
0.209612650496506,0.6772095980721997,898.1061891238309,31.819668299700172,13.291808481192882,7.641113665795732,162.0712717393627,0.774944121736113,7.859473826921936,15.48639564290394
0.31122299468778397,0.93163518847345,1496.537604121782,10.913744989782918,21.01891121337134,13.874642399829519,272.8299898070296,2.0382239106110487,16.05218808067136,12.18124095306256
0.11787454967060353,0.8252353402081896,1921.870511506356,13.278160693263676,14.01494363079502,10.542555576882076,196.99375870623513,2.6200787336652622,12.04623679088957,16.553645122216636
0.11059645263392766,0.8666237353025606,105.41477815211114,10.660767829437079,13.441070913405424,5.968335893208985,128.8551360213061,2.232630336777624,13.543212312576399,18.59423462087929
0.40479791603521625,0.749679371143764,232.77995371155663,26.705931133078387,21.14026904706082,7.85851596976749,181.88192820956417,0.47394335743785987,10.426032277796136,13.240590258681326
0.33952514542351375,0.39262646327301726,1417.599201350217,56.93131655769835,15.903387152693572,14.966516403385285,265.1094010046084,2.658147340726429,5.815616379833365,15.139463941285765
0.1561898689631711,0.8806548389387424,1231.6600567132546,21.484844717558104,12.775148122395972,10.268587773505821,206.1800086906643,0.0,0.0,2.849655479555836
0.39632374210197185,0.7637663823383722,899.8851288843784,22.26310039244399,21.596115669547363,15.209886934734897,282.9767989758881,2.937287864070089,26.574167082453222,19.117040813150417
0.02312747202729557,0.734802777756663,257.224092567429,26.568900383408085,13.04463101962072,6.366896746909445,155.29394910254703,0.0,4.967092922584371,11.867811320259884
0.1980536635752622,0.6924244498699682,452.07451433391054,31.150852277120283,16.63886536850961,8.65510852298263,199.1253877536909,0.7582138738390114,17.80945598630146,10.06777747407192
0.3767180435081321,0.7705517810910198,219.8856175554687,22.866724068300638,16.854642267316876,4.67960240960594,135.46730402140267,0.0,0.0,9.953530247382345
0.4090412035189234,0.7176906716418605,724.9834548749012,29.775842159184677,18.35163679060617,9.866868488693132,213.68016585442183,0.0,0.0,10.64846237022802
0.08957857222545909,0.5341364798629042,490.4739843911737,43.47001652637574,8.592530225295054,8.447082774449994,182.9528474783623,0.0,7.9004329443609,7.374007727981155
0.6868168470238574,0.450178209009556,1047.6629649278677,49.586858600456885,28.06045665297913,18.79404383633332,347.6561845568576,0.36717305859436644,6.274138292522164,12.980785044803024
0.079181014942071,0.5918063837411387,547.0165840961615,37.748550460194814,11.73668528982318,8.73461209201498,182.81455082585842,0.3426073360758802,0.8274319559035108,10.024409602294424
0.12852816649670507,0.6288191181843733,1183.7930917876974,30.43173141439914,16.014283438220016,10.426479008285295,216.54770870792538,1.0379227943225304,6.5889088389343575,2.4012234255187828
0.5533317841394616,0.799276246625816,1232.1867829319006,31.733554309830737,25.629876072182007,14.028849003023648,248.6045078566248,2.436811644284938,19.365615644337957,16.12939841584388
0.17663605782361147,0.8899550937909949,417.8947656407719,13.140370673358998,12.524631995097389,6.571459773350767,134.47420898919034,0.0,7.960590093634735,17.936665726020077
0.33992921142239635,0.8153052592766541,1028.4956484741508,21.629931049352546,18.359664640167026,12.273415615992182,221.92085865962034,1.8621372273880432,6.651966699886492,13.738408530211835
0.4070413818894401,0.43767186243469514,622.3254355648917,46.87062181843447,19.769962997889497,8.2229961820929,190.85869625653658,0.301405701765479,3.3440978944189164,6.321807124419886
0.13162163653525175,0.8586715845183506,1292.3884297004938,16.28122573052175,13.49877803049589,9.696945674718336,206.949977537877,0.0,4.923072873695961,8.037165798371806
0.1417762084740417,0.7812174190522283,113.38130807074366,26.05594142715129,12.62411328991967,6.106856269041578,139.92296691102007,0.9046483015749316,9.84198004887776,7.2629590292205775
0.03790748665391669,0.7544589149938417,1145.5862180660251,22.727450941061566,8.140439891138392,8.065295153243472,163.7201418868676,0.0,10.019014580943214,12.812900522946535
0.1967213753819542,0.6115123153384242,377.6794360463351,51.467092929654264,14.674568486433527,9.013784090697918,188.19334096912473,3.2097563290914484,18.28607986646344,13.659276196731502
0.3010641702527759,0.5111808868011808,1011.3721382129083,55.63078357494541,19.432519101209476,14.258104676596838,261.4175473591083,1.4136132712674903,9.79446946099042,16.362317420718632
0.44596876253256357,0.6812415326112421,1256.0466190795835,31.33728471905465,20.479623499499695,14.026276117511184,252.9837900307056,3.7735220846757036,24.223568373612515,20.164462144934443
0.1702676859367093,0.6685115986418664,117.45539939698803,39.29618664600306,14.473819230991959,10.369044517211059,195.2095546493268,2.3241258946651144,16.36079905096396,18.786102649194696
0.16172571681315262,0.8025278846955154,800.6966741153059,25.555703316248955,14.85664447495606,9.415266655086105,204.50864446423415,1.2347753265262815,15.225230020701677,12.156032180501402
0.12933186137788943,0.45993851625142823,133.78779470865481,56.31058479497168,11.261394066055686,8.361027170389631,158.0600815978948,0.28265855345875046,5.419740443852797,8.375892683712076
0.13073999578977893,0.37018748238408544,528.5711757199045,68.57452382290326,9.732406270978059,10.569477563541025,208.08915825950245,2.6412923767504535,20.085674876059763,18.288238706751283
0.379857518666846,0.937010926187539,943.1667772138937,9.726604623142894,17.105756573857366,7.832563083796385,163.6913165455741,1.2766928716332153,10.706499940230861,10.938052014289147
0.17566524541884196,0.32658160527207303,1587.5083264845396,68.09421353016441,12.61080469285807,14.893240419055438,280.17532665185877,2.6383287940738027,10.816195105526916,14.234464032865525
0.383569938737851,0.8892324158286598,1498.3052730642746,13.364245316320906,19.79301029776074,15.827045021265512,298.10429096030657,2.3456013953034933,8.559756761723243,17.915226445400062
0.5579475799918658,0.6044440790672923,939.2223458131923,38.92292291819859,25.812561636485288,15.23699925090613,276.9305397568763,2.604024740795276,10.965061099490473,15.678298705050278
0.5377790687406167,0.5515182150553016,343.6015289880421,43.941130561389635,23.798785180336544,12.655610482987314,243.70978372250298,1.5324275689206004,6.447266196903635,9.49354967575049
0.2206776238131776,0.8814600072785795,707.2742713842641,25.624871841251313,14.701533951086784,13.753796798151868,264.23887569493974,1.194004195507012,10.365990101524831,9.400731076392539
0.21685151021400756,0.7822615982281054,1346.8860685449852,15.713008087901073,12.785242682377215,12.007570233633608,215.6334785706316,2.0556807120116507,13.363785714996128,16.20947911052347
0.2904016178268189,0.945073940478003,479.9747025812996,12.400681156054373,18.93051213381083,6.500831196572291,131.5188468836605,0.708499170245009,11.282717543699201,7.168561733583387
0.3004827868479713,0.6533222903686103,2472.6528932583496,39.20393778701467,17.373650631011124,20.506115346423037,355.4028387778274,3.032175175388992,20.026080483771135,20.99104845991068
0.41586271700100735,0.5275810091666541,1569.2943387976413,50.81637289577641,19.393028532853382,18.401721691655716,332.300235144088,3.6343189271643777,9.227261146760315,17.464070874652954
0.4794835011208849,0.5835712812133932,1079.8589410164877,40.01152752994966,22.81812180375083,15.234128158362028,276.27929024347685,3.262868858397159,21.352973073341502,21.034974743042103
0.23588571650052254,0.21644608488844683,427.654070379725,79.05272348694427,17.144321343712274,9.783373586305553,193.70526630268373,1.912750947321249,9.313596970305273,19.111903541731625
0.39286533035709015,0.9602442389814149,668.4321170817797,3.6857198359162373,20.666051346538314,10.195606532881595,190.68005149545962,0.0,12.169854599684683,13.73593455512997
0.706374641517088,0.8505824298968634,1069.0697681100735,33.68230114793104,30.880189654363026,15.230522894143455,291.105468900439,1.9619748353615436,4.073699625588347,19.233947785268793
0.22545824939553413,0.8138656101502897,699.0330893500031,23.114890033201277,15.48574350578497,10.885466851812025,194.25243448006756,2.0404858038052796,8.31616857327111,11.891083166815568
0.02390499726636653,0.9187630292609429,607.4800215098162,7.820935319373906,14.008444368667082,4.221328610867259,122.10637706282024,0.5562986209558306,13.315083014078063,14.450237725016477
0.13453038096366707,0.742899821222673,303.92527151752523,26.33297919533024,14.84177583653234,7.264086645248415,164.51556257866653,0.8027161779622571,10.521609761165207,12.307438337611718
0.3443454465277878,0.573001433858792,539.7641501773716,41.977726397641305,19.440131291119034,9.765438136159858,198.92221262124204,2.0976005740994057,15.831028125968588,15.442097328178326
0.2442913898751548,0.9358869912352846,462.059315539309,7.7297602405742065,13.738790133583056,8.49013699365611,173.9744185342443,1.335607113888951,6.777389638003886,10.8775904390586
0.42830851101403283,0.6001819977360975,1266.264849475928,28.966304735253672,21.773430970763734,14.54800080220664,264.5491679232246,2.2268632730568116,8.449425871755992,17.608525242695524
0.25179575905305374,0.6571919224332575,610.5572217899738,34.439753169724064,16.791493118124688,10.912377811429689,216.25899080192417,2.33041155982398,15.331619431751532,20.056573103896742
0.11624919286954137,0.7626949589425657,606.7740851204613,27.50667786823454,16.038422211960114,10.064278240250108,177.81119354561486,3.2875014948055687,17.00272951776319,11.295037339329287
0.6912848726006365,0.6249144299542079,670.4579412017231,40.66077324247164,26.895876252978486,14.868910701912863,266.54040491425917,2.898008665222867,14.360174741955472,18.367440189819593
0.38141499289582226,0.8695708758597998,634.2509189245711,9.324420929454558,19.349227966921262,10.045536971196041,209.32902433846152,0.3117045894544025,13.338849695457657,11.168827007738784
0.30547533937956706,0.6442882345576132,1181.8250166649618,33.85729321050771,19.35161898490474,12.67408907879138,233.86514883418081,1.5633587537604094,19.121475625854472,16.852656846081796
0.5579110577141208,0.9077751588154924,728.0386162225735,6.337982763419486,23.904325532695598,11.748261678186466,230.39364894606334,1.492424574289628,16.749450276439646,11.5474261896613
0.3317641574955484,0.7549761469172218,2719.395308880032,23.267829937392055,19.44336030453169,20.137360908443362,349.5182085907109,3.26441852968728,22.836242432509575,19.536975197839993
0.1083537897128892,0.7040350129228581,548.2593175516566,28.01041508962381,12.26377392512317,6.608234229876811,155.24691594013967,0.46166554972828655,0.0,14.5071481291039
0.39838542564860946,0.4480007077804419,269.22052569052363,55.26285656218749,18.585239546727383,10.70654672312044,211.34883309770947,0.9542676860118949,7.4345974591776205,15.197973084995496
0.12789904690901574,0.4932724441750154,628.5074378189349,54.533349535567,12.205231539879627,9.431980198579332,181.66682402050935,1.5123611724296202,12.026385744474574,12.116565218398229
0.42309432425708404,0.639864020927963,2333.714676006861,41.088011196899245,22.530515025816033,18.50015838154147,319.9331903324724,2.1020246073862467,12.871751912835892,11.877223938706999
0.09300273355232354,0.7380578398919037,2358.283568728677,29.134721252199565,11.37774363778235,12.821012253562941,224.4457098329592,0.7323170426957817,10.433233297071403,11.354305114399024
0.3121679195489734,0.8704953040208704,1671.7354130938243,16.79373463545899,18.42740390460067,12.70212031979271,247.41022591803653,1.235892326618561,0.0,5.3765594088413
0.7002101813331963,0.5884556701300567,1343.850310728268,42.38616685914746,26.430128343184958,17.77730981482175,304.51337736891855,2.127283031119975,13.921302016912763,12.512277071360852
0.31153474188170144,0.7521579894562552,358.1986807565645,21.792203064516915,13.017734116217042,7.95333941397416,164.65744655781165,0.6919786949364113,0.0,10.54231076094358
0.21872232533886576,0.3610743142049241,86.78770036591666,63.53903722620761,16.711496824857146,9.820505007810567,205.07774037204916,0.0,1.5057899173341327,10.267806245201722
0.5144234515361092,0.5276244671867849,412.5069850387733,45.44286744099832,22.788741219672268,12.302500878400604,244.15989728287013,2.384713444458851,20.010016894918344,15.678413352316603
0.13174373483759427,0.6744261620917881,441.0501372179565,32.94418023190371,18.25184326162698,10.286530153629176,210.83385243408264,0.6277991407097384,0.0,18.232460860266876
0.5409459610152808,0.5495443047299722,751.3536131418234,46.038645240993276,20.853137507956248,12.270238825533042,239.17373504022416,0.6439190666275489,0.0,11.909406081027816
0.2228494747961304,0.7609740110099217,1061.4187653631489,19.038235046577647,12.699283178891461,10.479432024162843,194.28490295895634,3.073534861166097,25.258550676410728,22.497496907148374
0.17138366853331446,0.6150931665765648,1283.3878949284147,38.319094247740395,14.348573264748326,10.614325755084636,203.47260644483836,1.0959774248444585,11.736745812317785,14.456562546059095
0.4506345764881354,0.7292348215122733,1356.2152749916288,23.962756708236757,22.77440380277522,15.199084003939548,276.52310717104837,0.8974734255865107,16.243858907280345,15.02841170607593
0.3898190576995981,0.6385431260563047,156.76916255287753,32.969273349647686,21.72455893546221,9.973943055838863,202.2283795275414,0.23739258990168965,4.124632932920916,10.069315360550464
0.17817630293303255,0.4849622894498881,1771.7533743415347,55.48959921873007,14.497717920918083,12.110082294217047,235.23059357486906,3.1682788859116036,11.344769515995843,20.789546171729825
0.08552636634795159,0.8525315588325014,1152.2159406843334,10.507334713530511,10.570626169693382,5.692874854367845,138.75239940266567,0.0,0.0,11.730521442325555
0.7094407576654744,0.7592776496874345,1054.8820103233602,20.608978462500318,30.03438898416958,17.759622160432997,313.60120333136894,1.7638757245021384,16.656343173558295,9.486217275048109
0.6709220404788305,0.8341738386328916,2264.1818794268643,27.448978740784,27.645312063968866,20.34656624000699,348.93714873668864,1.16554547695414,11.738736440649808,16.18930948253865
0.42252374757263583,0.3261877415090931,345.49105097270285,65.77712712503838,19.903736698208633,11.159334749519678,229.33016573070734,0.5747870690986755,11.622241387117725,11.165995597473989
0.17946122696285774,0.8073302513493039,1363.516715106401,17.202643488902687,14.128714170206992,11.884796669077463,226.591588180236,2.330389479188259,16.934639785753625,14.873540253053703
0.03122442403832328,0.5086527455177844,65.20047625703454,54.95261519293027,13.106871787404353,5.815826333833162,125.44899673098554,0.9780764326746001,11.541499400834864,11.777974674379955
0.2603151793270189,0.7848566653992602,881.0691495082224,22.671197491198832,16.547706475923427,9.5423991480163,208.35487881069972,1.0614020842253526,7.537034944305914,13.48911544375141
0.3910670908107489,0.47886240935795915,887.9685227594158,55.55787383640915,19.769075764266862,15.068531614356875,279.9792204875072,1.6689982534615766,9.718686439470932,15.710848167605533
0.40556548309604074,0.7034011813428311,298.7806494558052,28.41830971067797,20.614562728666982,10.408012410204588,202.5553118634054,0.6547416596723432,6.803615682513815,18.646020163363414
0.7491116880027294,0.9227654770662236,241.3398342555724,18.853516879461267,28.83962361666782,10.382397691508746,206.71272246770607,2.3538514623504074,14.638624480387234,12.110751350181292
0.20878354719069933,0.6920526682138093,406.328721647883,43.28855489896768,16.986987596698043,8.918539049030928,184.37047165776917,2.3859931708314948,27.688050995313873,19.535185845238832
0.4413660353000055,0.8577621451109623,854.1854820586702,12.168687686179815,19.31739283502889,10.13665341755246,189.28253080142633,1.5254755901304597,10.09094969032468,13.600764015077864
0.04621078265545447,0.49288226148794134,1478.1567341156972,46.02425603248507,12.435929650163384,14.585965241031001,239.0530338683782,2.197736747808666,10.603901022001988,12.90831741140983
0.10761919158465974,0.9405899883330326,646.9693332282121,7.446384167512232,11.113767405321664,6.2378105492171265,146.93311929351754,0.0,1.8265829528962585,10.257584152343405
0.1821937352365104,0.5917672717422742,780.968716898889,40.53782768426243,15.653825847113486,11.549742236922805,223.42421503315822,0.0,2.672469646319557,13.331739841778326
0.3182572615229145,0.8414779750762426,1205.454575527369,13.322663621787443,20.283653669815774,13.128498664360608,270.6992759703864,0.3522779193498492,0.0,9.370526582275945
0.31319690991340327,0.7368672600212992,493.185551664546,30.430503493479666,18.369672057141166,11.852782655413282,229.04578638540198,1.3243329714130752,5.451625453797588,10.45412655085121
0.275720631523548,0.8271657208491155,2589.2457931905637,18.90725390269748,18.83046919211967,18.35024349143527,330.6615599295831,1.0368890071599555,10.832829279729902,10.824945617818205
0.34297976888925497,0.7353180672191864,40.59909107056291,30.803313843144828,16.961604039185804,7.426239810819436,175.82761392542199,1.7812645163804013,10.870017890656376,15.947535785166288
0.25082881724121814,0.4576386628452185,1467.5950239114452,46.77556288743958,14.359506267645516,13.756020400514378,258.6635201501461,0.0,8.235602967702743,8.12034785321056
0.16934646178810456,0.5426468409602699,1314.651444250414,42.24426236563824,14.098908970208347,14.110926304930384,248.32710251034007,3.9012859867847647,18.339622784559353,22.968753279356434
0.07754746449888049,0.8866913857415771,660.983367830226,16.937965761622873,11.595975807509767,6.6315371838557535,137.68167367562074,1.1253382543175796,10.535353040142345,15.0469753164708
0.15648483055599144,0.8764159832747415,1424.3534951521867,14.316654073175421,16.087781161016366,11.701024223193262,243.32414415855982,1.3845555722734426,8.503166425635289,13.37714548972512
0.17140184382124,0.6822289694922715,1395.8421473253434,32.643069194901656,14.551510976264137,9.832710138098344,185.6958588161018,0.20497837589166323,9.996910425799683,11.173805201185694
0.18575054644596475,0.607872167883918,146.87668644781303,41.929700238501276,15.899331081373962,6.094246531869141,145.0086641769974,0.0,7.274362191502123,10.448138340322155
0.08503221858716056,0.9115511767671518,537.8199837605157,8.086644860543643,12.993554615640116,5.294173804163964,128.21380833200166,0.051352735541688066,6.523879616487738,18.234855026746864
0.29602022909138626,0.8580839465285287,802.1295698344697,13.666497879759579,17.944146808206316,10.977588572313435,215.26450215606246,0.45216903901955874,5.19824670848618,7.5956159361155855
0.3669282332075717,0.7458516246774524,461.8350601851513,23.403598300154535,16.490254601709424,11.102409865105185,219.7331311372816,1.7134330591360591,19.129615468870966,16.105686051763346
0.34480962854602176,0.7340579628634433,819.6954214257036,36.865614846185125,21.409905925034746,14.454144985159633,268.4733230395774,1.62408269402282,11.43813284842982,13.760140030652213
0.16373780705361912,0.456672706798152,642.462605321341,47.05776733871939,20.492268925451963,10.277344635267664,193.17456701095594,0.5743167690768335,14.167072413552052,6.555078923644375
0.3829067504274272,0.735038202319113,857.9164438074929,18.143054914564317,21.25285074410012,12.899575800357404,232.71749977840008,0.677752732458752,2.3638614984223,8.66394165736284
0.16560504384614763,0.8650918403265239,428.22492609142154,23.875345136230294,14.549535199640962,8.477453072022975,182.52354392781479,0.3868083387708156,0.0,9.261241933512679
0.08753945726196077,0.9694784174410457,2643.3120858732227,3.6691114419087896,11.854035850292416,15.415897678900906,285.61420341699164,1.7141796210498357,13.017967238069762,15.493168417563059
0.1413169514464043,0.718080884340119,682.4151895788026,31.14303252080179,13.899193687757995,7.780209654808138,170.99451276532764,0.0,0.0,9.566893147043116
0.3517213757556555,0.6706321326909364,1321.323086519716,32.218369325976745,19.55416009834273,13.9066285958239,255.8067340317253,1.694940048303185,10.372574467120478,14.91702977516498
0.3893418778357917,0.8444982064055117,560.1882645532196,16.859255571739276,21.81613197172058,12.060636667448426,223.6914959875873,1.6133074239209018,14.132294409974653,10.915992721458892
0.40951565631845965,0.5685301281445077,329.10223781514605,42.933102554619936,20.92155160971006,11.961827553769913,229.34425430099833,1.4952280893813372,8.385623481457829,10.745636848976176
0.20182873177182747,0.8545230942866353,1125.6930711255727,21.219069160373717,14.874377714787691,11.821917795052642,223.9314792833193,0.9100936548451232,14.41871795764272,9.640136672933842
0.22039762640211003,0.8073278830707645,335.74492430908276,24.004437386899944,11.780756322866669,7.222102364596085,145.9356072628589,2.531036291439135,12.668734780168306,12.581135423950188
0.13720740996645234,0.8577050057575674,341.743717538388,16.131387902322892,13.81772636150855,7.40802947661909,159.8903240969069,2.02488144662939,11.915155889797948,18.613943177825078
0.1983109205934313,0.4256795624314058,2253.5875673781975,64.06635071971957,16.607334705639765,19.793805264405215,345.3757595715358,3.3272368858861787,16.646416974207213,18.82648790848009
0.4635832689856475,0.7332070815728821,2463.1250449998456,24.392182926896332,21.94459208709945,16.91840363496931,307.66028801429866,2.2283356087968134,17.14513286544669,9.846010352675357
0.4271185889142536,0.4536353882702866,856.7911544990862,53.864958755487756,19.35867185613376,12.13224929174224,224.74835021741,1.0692698882201335,7.150142264042733,12.499306014594259
0.16179250210447546,0.514518756338544,1341.7991540491266,51.50898758224084,15.187122853161252,14.677663038902805,253.79206521330426,0.4644008566498057,4.462416281384612,5.059872329882073
0.15051494923203118,0.6826553139760314,1130.5042589083555,44.59385149847098,14.268130841164758,12.516751583934226,234.17058498648058,2.6383309856944956,24.05528510098956,15.035538674674413
0.43850290050192736,0.7013656637160494,688.1136839080693,31.246569936456538,24.581629233190917,13.622958283475496,231.77141969775528,0.7982691540507862,10.105342855008049,14.973580854118985
0.33877174655949205,0.5414917050745189,1312.9372519245483,44.324463179379016,21.12677649048455,12.358713545044775,231.7772684084578,2.033041217674152,13.382938981579807,11.702959170201197
0.26548668478450577,0.47940294065233235,431.69383719553167,55.99975559632412,17.790216182193774,11.682909070283625,225.19991344717795,1.8377078035311742,14.075506713930904,17.678423727640226
0.2186377958876345,0.9135682277651986,1243.5749999596399,7.7588993345974835,18.892415709429653,11.959042330059598,226.6115485335012,1.2093604901601995,21.58495275298553,12.625916000840238
0.020328816126779226,0.7150375908111485,436.6948253542121,29.751451531751357,10.521109542937502,7.027183626245811,144.95888521004417,3.170236525874729,16.410302974357055,17.61852079411056
0.5336716207017645,0.8584451544832923,1718.1349017146756,23.875322211535632,24.10619356641144,17.132827127400247,320.9168030579138,0.558131331452741,5.967929074256187,10.457775525351309
0.42763997385100533,0.7236700722018553,628.1095347176581,31.580366646065848,20.528659964007502,9.544219366487368,199.38950361799294,0.0658407693166283,3.4710489806655587,4.616204147275369
0.15886480788759372,0.8488693354685346,34.833726780228034,12.443183907497009,15.188763729411457,5.552338804781468,129.75434902737595,0.8593111214431446,9.68458922998412,12.620633694932037
0.2399146306748579,0.7437601193150998,3000.26233155032,29.632519117906256,16.607069478491706,17.744367543751633,307.6936497178591,4.153627190996764,15.704958486531003,18.01002711983264
0.24592349771485103,0.5098132219268917,959.8843202373794,45.339702700452776,14.468683273233614,10.83427395265368,218.8307428830336,0.9594865815581184,5.440647019101409,7.958000270016196
0.17174078016293717,0.6092843145386527,1471.9425614636466,38.53617306225112,15.107249100852972,12.282011958856932,255.8604621511208,1.0581056599347103,13.633261392023439,16.93111410736804
0.15474595674089048,0.9507330265706052,773.5118372722881,10.96757597731163,12.488152572246706,6.14020912900261,137.8749528093203,0.0,0.0,9.565565387279115
0.29992990551849313,0.7482895974853895,430.64686879699207,28.860245014538823,21.40139281635059,9.044037251155698,196.89445510760012,0.0,3.7920107212023275,7.862529468370619
0.4029368588112569,0.6401865987406318,517.1096829612385,37.84500198002637,19.687908918382018,9.870222700688998,196.63945943231315,2.340625133160832,17.44424780779728,14.373756512401062
0.017891858954315602,0.45934300668978656,115.39515035378977,51.57405284156311,9.306676300697823,6.438783339264417,152.03466363047463,0.09426787975344808,10.034489281015091,7.849123371883728
0.4930299225427283,0.7572703530838976,1628.8806748241877,22.99724805540484,21.96282215847568,17.42153738294585,326.9061421997637,2.4877936302814634,19.04128607215349,16.361450328900904
0.3482453846048424,0.8534411469002554,2201.7426053065683,9.399193255272055,17.035666746171312,16.965416065547043,312.63965791745386,1.7816085496549054,14.706936080182956,15.653944938446973
0.17030522799303532,0.5067231012095527,1815.167520986109,51.490186419237354,11.119678135115619,12.14198261893998,236.7625468070936,0.4265250870995416,5.937157301191159,10.487532569089902
0.1794651531380974,0.7304217757726963,815.1135248528141,26.55348849103155,13.052768618438275,10.31318627957026,216.45948970999137,1.0566283605239137,2.0478880774400245,16.056447643351436
0.22364652433952575,0.7965985735022884,1004.1502179902102,26.023442138397225,17.00980434416078,11.753475586433229,220.53436431824113,0.23690650494515597,12.844578542714896,7.354290028419312
0.3233125704341752,0.8533668143880193,768.8305060394384,18.873981353020973,16.45730070567939,7.676430177117693,164.82999882159086,0.5384618634498798,9.037007311354742,15.918488393172062
0.1646988734518755,0.5340702712267241,687.0386839112517,41.049908800089156,16.072553286537634,9.434562956345152,193.65659706256506,0.0,0.9169641240238517,11.00240451968526
0.08454698446497524,0.8350928137526037,961.2155270272948,27.36644908134265,11.625503919313086,8.602567355538362,172.96368940597117,0.0,8.811649493025184,12.675517173060816
0.18239100551416404,0.9111751436685731,694.814857692379,12.551609547274742,12.899553097696867,9.49286273515159,197.76315504673957,2.7061030214971344,2.4035171165236946,20.838401983406634
0.15527064727825,0.6881607159617911,1648.7953090229603,27.55241850090796,11.585415712675044,12.80569476580246,241.75258720863462,1.783069532052291,15.77531055949969,17.909875158902885
0.34402499507623513,0.6279356715316431,256.79559698575923,48.16427964778704,19.73277845367701,11.98456792613378,235.75236207029644,1.501472793242398,12.738922753490899,14.000156639948827
0.3554591446702626,0.7904897257924349,575.050795040648,11.761840165870083,14.543837467492839,6.63894538380248,134.2716331864964,1.344212621465131,12.794340645386178,16.142395442188686
0.39185825771436433,0.8061060047787465,2933.2083154536126,28.976985147984784,17.43041580616827,23.354226783761384,400.0783625072209,4.26483152741214,16.61609067985667,22.246529949073274
0.13183562448416358,0.36340798216646825,546.856706238794,67.46604085478906,11.187737794037599,9.718418893963694,205.52976033501156,0.8376948796930666,3.046791136440132,8.689210657312685
0.33389488697086506,0.8108765251539443,1279.811505916174,20.195747377427068,19.08946762800278,12.670470789390281,236.57718045292268,2.269302398734295,11.362568527681187,13.49741899104453
0.5843978539216836,0.8276807977312297,1407.5222269270682,20.213454468575446,23.924232070764436,15.595401500948949,289.84525874829313,2.1081346351314463,11.908384296451269,17.99159611816578
0.14800280205820546,0.8952631707991043,1212.8971335021683,10.379594682079862,12.634409214218906,11.228716560873904,207.7609298634187,2.346869185725893,19.462025213999034,13.07513220897234
0.2920033116360628,0.7260441214205935,747.7337471661573,34.84133166691068,18.048789240093647,9.917166320426073,184.56285719042035,0.8902756489712051,3.836715373465232,11.703947139555247
0.1930632879251535,0.8417448756115169,378.2523708979476,20.52798077808508,12.143844788254537,6.578579838189049,151.29272710794902,0.6477064406446023,17.766875828968413,11.743345804765013
0.30393944280419743,0.7539008574434447,1235.3467267687522,24.614474031467413,15.621592163600639,13.524920548343786,258.01136423112575,1.1314830141595762,14.438234469318495,12.152874851892477
0.18270851823333975,0.8641867606427709,697.9581645887744,26.59236627887312,13.465183792363074,9.471512104631968,189.3044609205732,0.0,4.625956708533771,12.980750531912658
0.3356227214931424,0.615328216802788,443.98231058920214,39.38117276303771,17.89209967339325,9.841348140837274,207.81636214528777,1.1167127954845046,9.870287180487006,11.191156280169585
0.3769991708880181,0.7096888987764356,706.5380489716321,34.979271747238364,17.786727927889224,9.891976687811091,216.7173686313671,0.7543571756058036,2.312837065593481,14.348536256558553
0.3054514744514037,0.6461116168675141,879.9393919236003,23.985391728226794,17.29742890709789,11.749950245031355,231.0385288808428,1.2642488343605192,17.185883981414023,19.801119781218567
0.2648930196131424,0.803033980849291,891.7401756834458,34.45684336832352,16.07756902153442,12.299419002865827,224.16419718576455,0.36845101979883044,1.0215785822354704,10.303441482541158
0.04183371953904651,0.48612714502080234,1518.5676815151003,51.349815836075216,13.405267093819056,12.796064263788772,247.53072213976378,2.4856950525235457,6.996733405864517,20.704394458746226
0.254252439054764,0.9102665621838743,679.427386425726,11.401806225056776,17.78405335409616,9.45770695005696,201.05673676689798,0.09560582129587858,3.2520403612710655,6.968868972555731
0.22495601827337583,0.7827694496102726,947.8560092181526,20.385414124499327,14.053184916927465,10.583568353144894,204.27915731776596,0.31711706988001076,7.470454508344977,8.227194025372519
0.07674745397542886,0.470680544158699,732.5489557792367,52.92877530443269,14.875622306653256,7.92113516241945,184.8975634880367,0.0,5.411787303839371,10.887693323698565
0.022524283777104213,0.6791266259662714,371.7899326672729,27.971285908344075,9.755122568552062,6.653582024207336,160.97127125623672,2.3770149065629536,14.682469906636989,16.075102795258207
0.039371728331887706,0.7556484930365069,1314.9907820984276,36.11924600718128,6.314279413084966,9.605365694290052,177.15667166793958,1.5950197524431382,4.938657672001124,19.53226994435059
0.2902784141835453,0.8576695968784784,1708.1561052538727,16.857530282063497,19.92169143441793,13.088014481759874,226.83021841874216,2.345949360122338,6.871386463194197,14.266667284518137
0.5850957007418353,0.5313117372671782,620.096376560475,40.28543613619255,24.187147179700617,13.026852979880484,240.1468571532566,2.083707402121366,5.383845768803644,18.57685768071861
0.7040357897990446,0.676498319334088,502.9969312522946,34.03884488524811,24.421670569112706,13.979070181874613,258.06054892216645,1.6365269246139313,18.279703959766703,19.851519376710833
0.11359382688563621,0.31609990130301546,284.0535600752872,62.138452153433356,12.762492023011552,8.91614399792186,165.988688681465,0.8006053958906588,8.62865859097843,15.646006496782059
0.30840852745721964,0.9252824870921231,872.2828677657167,16.25999845398755,16.72467935684165,11.396772141567823,222.85478493976325,0.11577220785879283,4.600458826086331,14.847213970496078
0.3800291535469431,0.5094134800176114,908.5827105455106,59.47341977761236,20.402257573129116,13.703025530986649,271.1730963632373,0.4996126379107847,21.949252812792224,15.546865994695
0.16223747226928645,0.9208114201121479,44.405692986193635,13.492756054821257,12.167876760731541,4.080623548131752,116.84741219065441,0.0,10.066054208133949,9.44074188996097
0.3206714259644126,0.8809259773784416,1766.0750281453097,18.045035510481082,18.18838614104151,13.304627082304712,260.0418653672629,0.2624129365558934,0.030895676899011626,14.581090757816707
0.307497951266488,0.5847999901741799,1047.6530308229717,48.02484021077148,20.525929853482616,13.16263036208513,248.81277373987336,1.495655800277661,4.362182132117583,10.351818967264267
0.6988871623016438,0.72739984327415,809.7590044470151,23.619904987285288,26.590169555208966,12.948372087612107,247.6216122875424,1.791610832281592,20.25191583473689,12.682963161700956
0.21742393232806986,0.49868474512434396,687.4277104337082,56.427882232828985,15.719155696180819,12.212162585247286,242.49069081856993,0.6694409481720472,11.79349575401172,12.841270757141377
0.25232199676069605,0.8317012270582306,898.2714519297297,20.992919185111724,15.215590533212824,11.393455308234877,214.2024565768229,1.054778163604207,4.988477266060459,8.32211554545785
0.7207776849137558,0.6047891463295664,482.3104955014093,39.393692927826045,29.10550586118778,16.658470635698333,282.6886441834168,1.2287774928215496,12.474126336884137,18.240912189136846
0.3451639294763233,0.9496634602259887,1796.321251585119,6.13407533143904,18.77254932312112,15.030792406912283,271.52464816164076,3.0378220778801905,17.658442512831225,19.25864573265135
0.6076034277271772,0.6750594467558432,844.771587659237,37.311399624289564,25.33393616854032,15.346968647082267,276.3607010117069,1.9120094103255856,9.089649164363403,20.52833641497105
0.39656292501491863,0.7526907698639533,1283.0937766997915,18.892925762472167,17.362551124458356,15.041333948159405,269.0928699850992,3.1098692883713666,21.138273611371947,20.871660520847307
0.11733907448012872,0.6268316441224292,346.37190354011784,32.53009620365992,15.189185911836368,4.266731675406878,113.79281071776434,0.9579129294803322,2.3048027929075356,10.849067612456016
0.3539708751169652,0.9367758213670517,1069.7819909319137,11.25247479615212,19.306244215190024,13.221957589122423,250.3743751133803,0.0,3.894452081456431,9.739581426455187
0.04431743487048067,0.7413941918585248,215.54979816552452,31.92335525779683,14.38786674104674,4.912266923740904,134.67466092120213,0.0,9.576847379389985,17.26423358222558
0.1428975593263395,0.9482618836969949,339.0394429036733,5.046140221465349,11.57662123418701,6.138516747856227,131.41424465775174,3.5262949157606256,22.98074658036677,23.196671153085717
0.15660159798181392,0.611149163980775,1260.206053592635,32.14131801507498,11.831099343388054,12.503407480217925,246.04871335124471,0.774318270066753,9.59460617682313,8.063655471365024
0.09032205609192241,0.8874555580688356,1146.2344278625687,12.437744522669348,11.625676801538171,7.426701497623152,153.91154683853662,1.6640498358825602,17.56357067419441,11.746072862676526
0.055239396282407614,0.783334445229368,515.23666554294,25.688416877143148,8.913102386228445,6.218882798736793,161.5388713597524,0.8068770085568925,18.092472121854158,13.613681213207096
0.2373781974900783,0.8718179348319517,584.0772624700443,22.43664358422382,18.669160711384354,9.18627779304726,176.5579905210989,0.8831626408033917,11.714072439021518,10.985484418365584
0.21192151847781857,0.6208165028919197,643.6961936823222,41.017784465239544,15.216410876017475,9.050589992072707,177.32513362453608,0.8996909579795623,4.022830128402069,13.583304049870515
0.285247871215061,0.6319299547774799,275.7954160246317,48.31076356456551,16.356881099185365,10.732505524172192,231.16896851924946,0.0,8.614109291678757,5.807610333788268
0.0689326811268116,0.7742185352442629,1027.6705316956063,22.87380087537209,10.19041110895969,8.19589456231784,176.12175832296447,0.7157855336497384,8.021975572464513,9.109212318653825
0.03200336106872878,0.7584662832504552,724.8608907048484,29.199341204776356,12.234407541500524,5.922886640994687,127.99080722590645,0.0,8.182668186403939,13.373277611637363
0.13674637644155105,0.6613667572666564,614.8337847327314,28.715240685417793,15.88011458281009,7.134691583802406,172.70331983476066,0.46936085536840616,14.408059801648832,9.480559911172643
0.2806721145117314,0.5992102829817093,813.2880294840844,41.00768676515923,17.96944699820941,12.206202977142702,239.58166169288563,0.0,1.651154367582372,6.436779382139644
0.20001031377352596,0.8427540496490429,795.6753722545493,16.486290888450725,14.087119855702648,6.113596052309908,127.99466041558543,1.7710357018252836,10.268562116407143,15.285755753652658
0.32278826188741305,0.8352208829025599,82.95071103901762,18.961128613296626,19.024055565304558,4.578610014651813,135.70912243418073,0.5111119904560252,4.446568302709265,6.922085904005706
0.060929316582395754,0.867848293108766,1656.397060711903,21.733236137027497,11.72248210284854,12.750353034760906,241.48555136628363,0.3531917317715272,10.424492698422458,7.621918927782689
0.21569526608786335,0.43336757694440353,376.50703501185154,64.12845551882896,15.48891112486724,7.43583385313258,170.02819298915256,0.0,10.672745707219452,6.978389319332628
0.3091925257370882,0.5790179619196444,288.0181328405594,35.54755509746636,17.169655278384386,6.7226091755923285,154.4428730385962,0.0,10.326832436688026,10.301711075875145
0.3766827770577632,0.39779503704229563,1498.5056652034955,60.404024947201755,22.159656757350213,16.146876348645527,300.1033966413931,2.269739962514871,12.434470069754859,18.364576943973354
0.41872992744307513,0.5282819443203528,2850.0895229850225,40.44939784481847,18.597468669245295,17.85754312674654,322.60968072886476,4.625207979931405,21.02193342658309,18.222466180400367
0.32773578319021823,0.8065273928239509,345.36464441584076,20.904428595747206,16.784132658349208,9.942076223740644,199.37049273714572,2.9056567288495962,25.058201869930546,19.58522217369984
0.4052159654187326,0.765325764301429,357.66292730290326,23.68641248577917,20.728350059407738,11.345458064228742,214.60262125697014,0.07342422559101092,6.654767660625615,6.296099961829981
0.23760790405987775,0.6143915566325979,821.8794843502365,41.28699543383194,15.715389949812344,10.42036211565594,206.70789081747515,0.0,0.0,11.842507698739572
0.10634526331359899,0.9327817183584975,979.1953098545871,3.3862818862838138,16.762079935779177,7.2264830558996165,159.53744579087981,1.571919127502981,13.908194037785094,16.78112740758468
0.07089674826311651,0.5793142360027129,562.7273521789505,49.217741969230985,9.24541750328589,7.9800238075122,167.39830082875042,0.0,9.290182481807351,8.346063548250733
0.5625025670439414,0.6944604028214099,1350.0096421793965,30.307443581424984,24.614410532067424,17.111846833409192,309.3162918855849,0.863053613390415,22.11442154415184,15.676409853563708
0.48457879277800403,0.6968993796254168,843.1121952301676,31.58941288085408,19.522678896804557,15.115170095662815,265.5402700046067,4.070864715134445,22.086088114910225,20.465068084723224
0.20505065495523586,0.911578449106342,1457.9716343772102,12.418114435239886,15.439213762849857,11.787370008025025,241.15752252466535,0.3617536120807879,6.277245197041663,10.734211495822095
0.5048511400414364,0.6498650121280026,707.0297819848149,36.3130985450947,20.188651665162883,13.913341181755223,264.0802465649923,2.750060203668583,17.075812430799207,21.73953849607662
0.21184419122826625,0.6949020631444751,434.52069120877775,41.27977975131398,17.580314470350796,8.265273972751322,177.80795629747647,1.2016242502052716,10.057165834688115,16.320508655243557
0.12067909149761272,0.9274426732556692,1368.3676699787206,15.435749769571874,12.447189138799498,11.019139859751952,220.51085411598655,1.7455200478258626,13.037274193681995,14.983461299202482
0.3017266802219517,0.7604662777400557,470.0494747397871,24.713514244059372,18.010813158927306,10.10933072424341,192.19496687399152,1.797041087600137,13.34213669688803,18.101629823540588
0.5815775139103441,0.7966886360550159,998.1814413282926,20.531894700558993,27.941111476963236,15.958453811669086,280.6193235915622,1.7977487853108816,0.8854273635571062,9.020056463198836
0.3273673400493061,0.945163017060815,69.92757704696996,14.425353424563419,20.85648051927731,8.89394810961963,179.75526442042943,2.444709645137472,10.85761411249122,16.692851905649707
0.07693152580279138,0.4989621840153188,2013.349379875593,42.02112378918217,10.709518226986566,14.425843052623494,266.03298817548944,1.234577951362298,5.977086181994853,11.636724334534124
0.23658153994363984,0.9758136224369067,1204.8334957025463,2.446420057869216,12.112313354060442,9.820404218822151,204.8995825164614,1.5278421336878387,9.116043079788446,12.842838034419948
0.4848866928223717,0.5173671555347654,646.4807733613359,46.032786026393424,24.210829040795875,13.394592636567925,253.79524175955862,0.7941207277679887,6.395882716391412,14.658510995801226
0.20955280893618317,0.5491481953500394,1211.5796365049955,45.075834475402466,18.92798116156559,12.827939580199097,237.43911431960805,1.2024391517346584,9.658788590534867,13.1715252650503
0.2682670538503951,0.826527558777756,588.4305118916059,16.218577709415428,14.811515236744482,7.77301010714429,160.0162806760071,0.0,5.744769964804511,7.276813719800488
0.46211667012471935,0.6611728663406717,1014.772242272142,38.560356203597216,22.745601620810017,17.673840976935523,304.95568335051234,1.8975259877727009,23.02234020832982,11.762101053230591
0.42900765489161485,0.8168107202609418,427.4230341949907,26.116835158672416,18.58129650562974,14.021453623910553,259.24072061506655,1.6474583985614741,9.69162203771977,12.525178922448129
0.43127307704927786,0.7567908506181047,1116.78335454525,26.245741333572575,22.173412881291043,11.263047142464824,237.00599760721602,0.0,6.225734669375773,8.095329403190544
0.044058704156110226,0.7275268607200469,947.7728730463048,32.14160875170867,12.67414430367915,9.0276341157985,191.57408258083467,0.8600147355779755,0.9452604531236446,10.625271850302253
0.31629780717551487,0.646353155532231,498.0723883590329,34.64626731781834,20.138202731773863,7.696051363959722,155.5975481997044,0.8289575860588854,9.110512524946557,12.409324996751977
0.18468118515085358,0.7373176765619083,565.7523516220635,19.195432307428426,12.070185225974368,6.729544927570375,153.48561692091755,0.0,4.646192755621213,9.119648455499924
0.1818278818184429,0.25630545526423637,1875.9598067529746,77.55343753073979,13.799881059451478,14.540576061562744,270.16727500475014,2.261723820329443,6.746834571235868,17.529370919013054
0.09311525616127318,0.942387596581528,585.3591891450674,6.8805754276464155,12.668398024076074,3.662366960355564,115.06140510883282,0.17359118827754533,9.21160370120594,6.563847274625081
0.08488498968272028,0.8359013387244646,1696.8885594206295,19.95826820811057,10.772751905552678,9.157550382265551,213.31113227952198,0.0,8.993813300575333,9.127412777319618
0.6920248436283725,0.7363306415667537,1697.8630953311579,23.85307776593927,24.94155000231003,17.194392329511697,324.4238597535841,1.2044215858793144,4.144398408434074,15.194833284117784
0.20709359381745146,0.8958862997342723,656.1739164254784,14.04117773508628,14.640884391290925,9.563158457248468,190.18869485094822,0.4784540396010787,11.218392424586062,10.653501344644393
0.2029657360929836,0.8590583216539145,1129.0852017111624,14.678443498488672,15.896997325267579,11.868933039261387,225.8600952186038,0.09868889955627669,5.384600230275386,14.083061888801522
0.5304513899686613,0.772945090133866,2354.5530969464007,27.689066908854706,20.826812746538547,19.20096260262638,341.62864938677535,1.4910964581112702,0.0,11.698752395970844
0.5556500718929346,0.6578996050217926,523.6579327825829,29.598655533894338,26.29729500482229,14.528212814276731,288.13527992639547,0.49961038925531764,4.501787363483472,9.352663415310877
0.13595176047356825,0.8013147179801688,736.6019816961768,16.77859007601475,12.966302716628599,6.315434013313977,157.64312911654542,0.0,4.357839169755151,10.403926454536775
0.4404307598994236,0.654380318066107,252.0651776544661,37.67690370149866,22.519763458402664,9.471106725964361,193.7011998819531,2.291811005805375,18.56633314551737,17.01247629109539
0.5138897613764308,0.7236051254483419,239.85537094577893,26.68158041132836,23.502364395058283,13.330869554098248,261.5449250528767,1.6747869832975049,11.161583879007145,13.318214530645678
0.2093238007761302,0.7246907848798766,334.8541135402831,33.23486032812525,15.053928956910978,8.760131058524161,196.43273935270238,0.9108124690517595,10.20943483696578,13.730288679156985
0.3674371825943557,0.5005897948035509,101.72114414455966,60.94757714669557,20.141379421071896,12.637862308565051,245.19741984292585,0.16199984388421096,9.442454708720541,10.280176125484049
0.1874391813954314,0.40675873181024524,977.6529414273522,61.17864002342091,13.741191229929486,13.183832569643354,253.4449202385208,1.0379384522638917,7.214109141415884,12.068810570713321
0.27993030910688815,0.7328411877591229,341.8257871122433,26.545465061025048,19.699701764809085,9.93712036968466,183.27176288790008,1.2492389566424724,9.23331460423463,13.688066826385757
0.5864324932207807,0.5922253914365772,323.4445950829344,38.22201578631918,24.12714734227245,12.122630544287682,225.1554487295459,1.20436037245058,14.724989462630496,11.684566410019906
0.479972702673666,0.6327461710743327,809.7969586145664,41.442747610374504,17.734559031373895,12.583315655375278,237.86691137581582,1.1845203779657834,4.252313121306932,8.15751070723645
0.5073227942171998,0.5692851518534199,835.7593667539514,41.75035136329155,23.80187683766498,13.854879858660253,259.9837599580487,2.20861026000728,21.78574164745843,21.682801857463012
0.13230060011357106,0.6948923849692169,333.84663182947884,30.230915972572706,12.213896834501643,4.280631411547674,128.78786067446705,0.0,8.532620960177368,8.003974187070071
0.25017010758509745,0.41571037239559905,1066.2061297295163,60.60984205404302,16.573123988898466,12.803957312433354,253.43738635137174,1.4734921553138438,15.581422885296469,13.142366131803005
0.21360539079135407,0.7849801967027812,970.4695044442711,24.378517711569142,15.890223199671212,11.252462314805921,212.1606223162149,0.5992909699685487,13.400002439379154,10.928543571499256
0.18445351275878324,0.7922287455680608,487.886201601812,27.53983938974283,14.909431901412251,9.094061815284606,177.33949923953648,1.5800960892728582,11.15788337692383,14.87863482917725
0.5928037387661669,0.4701416390176045,1136.0929857432047,48.192848744663394,20.227034746381165,14.67923678609053,268.7276210198505,1.1256245512941678,12.51189332691527,12.855888317135015
0.19413334991774842,0.5089281041413518,924.4835035035437,49.81666178604946,15.933526510591904,10.3779442382684,204.022863219057,0.7990342461566777,8.6828211106001,9.870183646939594
0.34911065796009333,0.8235227047612791,691.2620894510572,19.589328978546057,19.743181288461116,12.340976661608373,229.56868282608212,0.7594038560629781,6.886896007978007,11.180082626751213
0.2505714401059652,0.6783676764960096,719.2770244005478,29.33165050137807,13.917912719552229,10.384868610784421,201.63673865564775,1.864561290388569,20.916185845767732,12.997225874474552
0.46561149470061963,0.6981209414406938,803.458729939106,41.9943832420919,25.619500856427504,11.439514506854264,206.58003921048225,1.3162475363022836,9.718162071214673,19.000200211894025
0.07010650737903408,0.8466201673626589,886.9550978207407,19.96094401026478,13.609485550464319,8.277054925704435,160.3168044715234,0.6613675339940107,0.0,19.230338801861315
0.3330293927172252,0.8406939917504423,433.19565494988,19.593805890639295,20.052852066724697,13.447758357851672,262.51017438754593,1.4659066333099027,20.119123039161654,15.930648956802463
0.3096979324862117,0.849435660567761,888.4388173302176,19.033069743971144,15.185688737515077,11.337603953742127,233.9286779901469,1.055437729915524,22.6771707863423,16.182846697639334
0.12467505235705469,0.7606970288397331,1887.135287196237,28.744855974030113,14.504390810852469,12.688512483784887,248.53845628893214,0.9589476525331815,12.202413186852253,12.354962328031808
0.30411381780747626,0.33145752862818434,538.7374030886729,65.05688969363453,17.94091898191358,10.134189051921087,221.6495343236785,0.5571128586446363,10.847988816483511,11.153561311261056
0.08884366664517156,0.8603190067106461,641.1400229934153,20.140850723442448,12.958904102043064,8.775508720455067,182.5851304878243,0.29097887417979906,4.176390366649027,9.5639979797336
0.05885886153014014,0.7146914545175332,1109.8661112362095,31.93119719975127,11.467080773665845,7.756115935674329,168.48076688478284,0.0,0.0,11.6732026354449
0.24685505509393998,0.6391387273001217,1715.486379868787,40.90683077728414,14.940067589484444,11.41899300364819,239.4031562617306,0.11573110873815406,5.921305440844553,7.420475695041069
0.41823772208870197,0.5984576462404761,543.2007033971594,35.97635356624474,23.696867622591675,15.284952850804519,278.05069427178506,3.210187964806742,13.87376133181764,19.96844831322649
0.14300677176899107,0.8724615469682895,566.9962394114569,6.982954503144867,13.455992839570023,7.1146846706059215,147.1027695047436,0.6694314387783583,7.100356574025081,13.21873765580098
0.5608661083638369,0.530303304583237,590.7022156544315,45.71582248846716,23.291862239339046,14.163017325564283,245.11669818415913,2.3685401067029392,10.818484509231741,20.53615323689465
0.32151854994493684,0.8856104926251949,735.2440553755968,13.32358534769401,19.248039738574764,11.103051196167058,230.59717772850937,0.5906519612647527,14.662708854416143,11.113420661688483
0.11826403306098218,0.9859840474263016,1237.443506582535,16.400273857741357,12.976631346249182,10.30330159655662,206.76258266465,2.3053390551135062,15.653458075887066,16.93401996014613
0.4458139753008739,0.3663400128472587,1976.9935011091916,57.30562963913141,20.55344263079713,17.30866261766998,322.37832676980315,1.847697790373584,17.76158499210477,16.869755800821284
0.13514532416501712,0.8591842232743647,213.9249625757977,13.306400698613064,13.551395040581806,5.772323990704467,135.91667631778344,0.0,6.742596148796782,7.817439760641374
0.03135915449785515,0.7467588942671097,1561.8132811112425,29.091883290225002,9.29875144717208,10.39012301415854,194.117788714851,0.0,6.035115089780779,8.191294002702914
0.03515842640800376,0.5384133238652391,1532.9027812491963,45.101368380612875,10.240431485484162,12.868621207206576,228.25508130267525,1.6727387784484036,11.432889938637356,13.774523224313734
0.19458654351057256,0.8165763301476635,2088.241228854742,20.03498082531368,13.258906587314684,16.615934974130713,299.3340715592286,2.854311490400575,14.230601253097642,16.361471681623488
0.1219846302167182,0.6061112758843801,718.2200157031659,41.586078896541636,7.305366959792261,10.293444998249383,197.83156042625288,1.9884360909767795,19.66425285727324,14.857751450376211
0.2243903282857562,0.7986965432644447,261.31371304185217,25.82465377851411,13.152812504174518,6.52658290797943,137.9975606371276,0.5092016004454569,11.554304776377702,11.999963399402663
0.2655344461077289,0.6377477196723081,138.43992462801697,36.424680317395186,18.64735421119618,9.795788656246671,193.34821357568308,0.6714187878945105,16.01146156406599,13.46849304263174
0.05474016751495106,0.4025842966935293,753.5610680055695,60.840390325383865,10.88283056086464,12.476484683509268,240.11833975877434,2.138397488705417,14.827283105217766,15.153938572584254
0.4697103251736502,0.6293485424494477,1484.227975473665,32.16102900757647,19.29723146709251,13.544172643984695,253.81835709478378,2.295683629687441,20.09447428423881,14.901838336939502
0.24782618500949705,0.7680682718630127,1647.3357975641688,20.12524161313246,12.107176508848106,11.055500559347085,207.64350917809952,1.0161056820095036,7.916813302493943,12.639436133277561
0.4513921963986877,0.8175889016778257,564.2640063815702,24.6835435347433,16.452189934280824,11.611042911120538,217.2581488978805,2.9287863349005945,17.171542203676474,17.19073243725107
0.5131104461838817,0.6488809794440406,597.6396796220604,30.381897718032327,22.30858395163496,10.76530409522854,203.32485455569153,1.0752747665075517,12.063774965256483,13.305849982880224
0.4153270854005237,0.5598463744090638,524.9839312704562,38.18601585542888,22.44737323652724,11.483676627448741,219.12649344832462,2.241967518865297,8.387691757055082,17.464665472237332
0.4292520624175688,0.8795539078574484,1045.8430465755503,19.25145559681133,19.234581242026994,15.137871232854168,276.6844671600712,0.9514128832464107,2.876312063415825,8.28240993509761
0.4247772428384246,0.5138383267261014,2129.4439308526835,49.48212804467482,19.681476624877437,17.203353818232078,307.5752871844972,2.731660212971227,23.704808383237683,14.142413662840132
0.3658878366430336,0.8139249157980079,313.19009220415523,22.689103001036393,14.855194147527124,6.931214842955085,141.56882551077518,0.07632742199500064,1.4327082847598884,14.880646914750427
0.2467698316008863,0.8769701473746356,1712.0179963479413,15.857693299673228,17.690348667667685,13.699905547852834,286.8271741930516,0.0,13.898520073049724,11.519536260589087
0.2639428992244806,0.7950231088734759,928.6037666755055,29.828600230712034,21.543656433408014,12.456670206719583,233.66806665564752,2.5821252816804576,19.226001265954913,16.271974470790415
0.22153579948942034,0.5039186056841929,344.0856107024854,42.347248774053654,17.159305593480624,6.842304874180089,154.4202164373064,0.6436994572887254,2.0919028432363866,17.625438882920726
0.41287151834606506,0.725237870243342,2302.659250550884,28.574954175087907,16.286256469301513,16.611147882559948,298.1737778337543,1.2902803616823615,11.650870623119058,12.968843913951883
0.09925231402354541,0.7796732627491181,1233.0307217762656,31.7612229264706,12.71031716492502,8.750461082904582,171.3690901003872,0.6455949200714792,0.0,16.72629583948067
0.3276131229044659,0.8051687996089355,818.109715482164,28.277200713436965,20.465585522338372,13.564975155918763,259.48086288878903,0.0,4.077446189783627,8.554197047446852
0.057284217519449426,0.8139963984278002,1260.7168225533226,34.25429554944265,9.749186991163842,7.784576457821603,155.66147610324526,0.8635730235884838,8.271922445985261,14.583410517245364
0.14723838187198107,0.8825592150363868,246.236502420018,14.646644554876985,14.582416596648295,4.728310726361229,122.36326044843533,0.7539332909036539,20.092148509843966,10.45555239632286
0.480467309131517,0.4036264973533247,446.9826126546242,58.6171379724694,22.3180441102725,10.71073001632743,214.25543408892747,1.0706187750730216,4.838173609961281,12.95782342732033
0.31284135268731267,0.8839973224955635,1170.3827185603898,17.170698768076157,17.29763145443596,9.231904756025134,195.0198079284631,0.1070242646369306,2.5386753214001354,8.154035335902647
0.17145389229905109,0.820955505099726,2559.165961353716,25.038160751419138,14.346350383998306,15.049214003534098,277.9281570462737,1.4751474996296698,19.860003928111453,12.310201430021248
0.034951089425680724,0.9461410815211716,1432.5155109655084,12.555862009701075,12.626944763690929,9.08633660768973,190.82446372187027,0.425655933193181,2.4506585861979424,10.638489947072124
0.49368774963320194,0.6085192848040094,188.1224195861643,41.95625602815509,22.206210729373613,12.464850726418423,237.07716870715205,0.6740974119482155,2.0050990367756683,6.0002448540264055
0.18109828137558912,0.9121049961194309,73.68369891832195,17.18863256111617,15.561995094382677,6.0985441841403,138.50607294037164,1.4304678604040029,11.168151166535397,14.907114952898905
0.3543247575301504,0.7180685588519818,405.2172876140594,25.598962183379278,17.46197197472473,6.947239627114728,133.92952054264222,0.0,10.331045663982708,6.917986945816015
0.5056299733986591,0.707867070660386,886.8409056480194,38.351979564542496,22.408299675503812,13.38633000992059,246.7725408492333,0.0,9.336113497075043,5.791512519464331
0.4733385783866304,0.8444127237410062,671.5190316200908,27.83551629238921,20.48032383235232,12.7660067511513,242.4060079998801,0.8935295144875763,9.626993048922438,8.127144483429813
0.6427186152322302,0.7650295711429362,407.51973867843816,30.22940579335512,25.694815271686334,10.666713469828942,204.07891784599047,0.0,11.04539506788141,13.094561153200214
0.3486797026015828,0.7713699766003455,1430.5967516188575,23.549377825703846,18.079441227190866,14.955322494058668,278.25013267131214,0.44624835606683644,15.613390707912306,8.18286786763091
0.14970650417969855,0.5854670710924784,1196.5434887764432,50.048865566421185,13.238085553149519,10.357900982508832,214.52852389205995,0.0,6.295912512148114,15.646327717825947
0.042038474497003056,0.9121506281174417,464.78933678759023,2.798429123837632,11.436354466834542,4.97662059290612,125.78556475385415,0.0,9.791279877338338,10.377489132019486
0.26054006920318445,0.760735912408479,376.17726132221884,24.180680593716026,17.21630710724667,7.8346521093342165,151.5937578699194,0.6690317481267374,7.720568490228883,18.88757529637506
0.32356526502848554,0.7180299516245267,915.9702771636324,30.85671134512705,18.828246358785098,15.04129081239391,257.58701479759725,0.626818276164643,12.756686056995747,10.255585208999015
0.2650773490365761,0.5449631150906412,263.148791787781,49.09575650100218,16.031281613037795,8.597780809763169,183.9775391558849,0.8594075110862606,9.842394508465025,13.352788404796732
0.16774118229829377,0.9180418401147091,268.04165733961804,20.888671980778597,15.882636948712639,7.769030093339036,156.49103430718253,0.8316473652964712,4.807001226422337,13.663710638581238
0.26992679872256026,0.9672524747370498,2202.6103404132746,7.550086456310029,14.500695968448895,16.085087655387817,292.0165752021028,2.106112248862002,16.191611503417306,17.10900829110565
0.15395316883484356,0.6508892151846505,703.8314856275889,30.86523152717288,12.009036110599514,6.901864042316715,152.2119736354627,2.5885238228160232,18.193127201001126,24.071237853772423
0.17916294092825297,0.8795402558959695,140.97429292311622,12.077887394375589,13.980370785359039,6.364237119746399,151.27437687685682,0.07870421561569882,6.244950466555591,9.548357814184584
0.28191271949531393,0.7499517693911455,678.3755231828346,16.68529908181882,13.134493846732799,8.19310604715554,163.9183711155476,2.147974117646055,25.895271883042554,14.735793561153956
0.07666809143763077,0.5287586141033301,226.5191401364387,47.96434010845625,13.254493866419056,4.6932824359543694,125.59181599146847,0.0,8.560102403048576,12.121703742346774
0.5002466983138739,0.7478865244301058,694.7006399511923,26.196725055158268,19.644195479563102,12.160431373278316,235.0128605862381,2.579757306074799,9.528232646011352,22.730502578113175
0.3493459751579235,0.8153041293528156,191.29592388991668,21.476197395284853,14.80602718083711,5.517015528705613,131.8940558487717,0.0,2.6071394422857037,10.579123716951827
0.2200906671182071,0.8421202296740804,888.0230403004034,13.196039816473021,16.222767902439678,8.798702186044437,183.54818521299686,1.2538527823769803,13.210623677100035,16.34114815733011
0.24029171191848517,0.819695624071254,223.04244254689354,19.011964877956736,16.13160646214323,6.991325017365973,162.29665546930826,0.6478241839095115,8.948597497758904,11.82001408471726
0.2319730090613898,0.9557857756865622,380.35891393399544,11.020601709911858,14.818203717681973,5.085957292197008,110.64645253560799,0.25642823344584054,0.9692642503817632,16.993724123075047
0.339772397340368,0.7293618950682436,1310.3241298429,28.166745218036546,18.755675687490108,15.394329558168781,280.8448482043742,1.3936366423873414,10.013425141456178,17.78646489960751
0.5566005177492764,0.8014316322228638,1150.722053290073,21.292260031696742,21.847859150198428,11.906579020682512,229.11723912967008,0.11157903229230381,2.1066121921092416,9.808683025791494
0.13661159584971522,0.5069342093023411,1531.6076162813029,48.204297567687995,14.24580771591819,11.709436630841438,237.60168380514597,0.2772172233737087,0.0,12.924374441710896
0.3866304231287973,0.23252665173083847,977.2560291679349,65.75367656163367,18.247236077932463,12.866203366638242,252.84492328423548,1.0490731702448772,3.873831126552499,16.876452513515922
0.08506553938359211,0.6583229463392729,544.939040778732,31.003938731402712,7.225023825741728,11.45259815433553,213.33672982413086,2.9734117530028827,16.183219145522312,17.68010340874343
0.1581677347075623,0.49013124287519955,288.6074545175198,60.71113294031407,11.049206755724525,5.767711368330251,151.3609662534928,0.9071882765713374,16.21331759080432,12.510015873725285
0.17520429717761096,0.8694109243468502,844.5321989796175,10.208028310375422,12.497445172149371,7.437965752827744,177.5394840042746,0.0,7.118510318842134,8.185135508639657
0.1223107921339315,0.7572380080626728,93.90514055503493,24.140521560654275,11.250707745440456,8.633182122050751,175.1849877745682,0.0601308299611667,2.8838847726352457,14.87767506370708
0.07851273520099539,0.40658517844777453,163.24610733009288,58.04602028351973,13.780901367252834,7.678147943284381,169.20589347473722,0.0,1.881091561751202,6.884940201915782
0.16936124245814219,0.956646176224926,1196.91820973152,6.975419355386698,11.399222656053695,9.326862902566978,186.04232671053722,0.18463174157927387,5.945579487713157,6.824397661375026
0.3720059806503537,0.6480991567394894,200.2952454389062,36.5180660826039,20.01354251576904,10.288478939819688,198.18164580612196,0.0,7.626774441469805,17.18717976694168
0.546409606893904,0.8299668843090039,585.2875234351038,13.70165183645205,24.043341630676483,11.52496785310987,230.99669648558285,0.14356623994861528,1.5024721249517512,5.76420712613131
0.40281364225510735,0.6139019465271545,167.68423359575897,39.98015902588729,19.307943323251198,7.9578022854703026,170.17125733181257,0.13794815283147843,1.0736622043167605,10.410081582692076
0.45929111760372016,0.56289505318748,1021.7203331538828,41.95940640617972,21.811080607065787,12.679756938782527,235.0469324672665,1.557874655612418,13.104003072775683,13.762608152074957
0.41361088045844263,0.8051250593105058,3026.8259757654523,19.712413759715517,18.24363066678432,21.100365702078655,359.1435095603248,4.301191607224532,20.552119633405066,16.667085755956144
0.38148315140747774,0.8673338096155095,1134.8561430158973,14.838359595249266,18.37459854933203,13.233579891445729,246.3059972646629,0.05107057796504222,2.6078733922205743,11.862282299477558
0.05614862374504473,0.5237548420753589,766.9352954559342,52.99582057756348,10.621463385436925,7.611062621291534,150.4189356857624,1.049433195751052,13.072280427474483,13.848684319823718
0.07724603604727857,0.6282447454806829,1194.9937444524749,39.93364026297749,10.217115983101522,8.866345953013282,192.02831159031678,0.634874352864945,10.541118144911485,13.48930245658736
0.2545897394252751,0.9818242056008829,1127.7446902788456,9.271765083149223,19.870639517135082,9.717531606789526,195.44524576741847,1.8755966437519627,12.377613355433745,15.958356574901082
0.2967473196939544,0.9106244758475026,520.5328352609429,7.483290504922265,19.980294863556388,9.63431921032357,194.52594617189672,0.13867838471313576,12.117855624107072,11.85437404039766
0.6124929325583638,0.5672604104650045,1140.9912722177942,45.087164186171,23.204162527904295,17.921400040659915,331.3350319348971,2.153424457341199,10.235932342619467,18.196918431747196
0.14432205368826181,0.574124927305241,249.37376556456843,51.732267932320156,16.222662990953612,8.667498093785937,179.91630378845926,1.5693576563422158,8.168560442498912,17.486392408103043
0.11282523657395602,0.7292647382694345,3700.8438226147255,26.279055886741208,9.703639751523765,19.719653376135245,338.4047134231207,2.586647687355903,20.80801681066928,17.4273695894223
0.01641708050178356,0.7993271610803921,476.3341519912181,16.082107595646942,9.067638507196088,2.9196938369534067,96.35912362905205,0.16594257524248435,10.486009914184098,6.32495651192634
0.2765445021922322,0.7832370994024308,278.72763074307915,23.523267601777622,18.511019949283753,6.789040622400348,151.9431275948017,0.9406199941821674,14.294326802255977,8.000921207067686
0.2672494574302609,0.796529666769075,827.8281406691752,24.659518331920786,19.15210199980364,9.122605126141075,203.37143836274618,1.278469128725931,13.515558754160303,17.07721820688373
0.3661131222193538,0.935377387177248,1161.9249595761191,13.344225020981087,19.898309020760998,12.166964442415177,227.6151431252339,2.6553211991447156,17.14965790640815,15.116021145668222
0.21993362398759592,0.4366016325091404,869.7114823179919,60.14913359878811,15.388263302744688,9.832799145812432,201.07029064688348,0.0,2.2003768201370137,8.544379575175105
0.6728451898261764,0.7031064342449073,647.6839688735383,26.080436752795023,24.23424526493173,12.5000330031434,213.33613678608435,1.17121288060887,10.694945381737035,13.730609861342034
0.10381772026267425,0.4810841705933232,902.1016673220436,50.52283135549005,12.317485797947416,9.983709342342243,188.7992423984552,2.9821657311731578,22.80627805777896,18.389986228468427
0.4596920740215784,0.8024403089216107,2399.9023477007777,26.402532790003892,22.104921022540992,21.155773406038122,368.5119236527744,1.9003338050897605,14.083623439191456,19.097678868697763
0.1724353326380567,0.7892659720737489,2071.645641536165,25.465564199550027,13.802754324897746,15.065776079615501,258.4427228848117,1.7402637652331177,11.847897836124627,12.289667449874933
0.32381292778516146,0.8035213767017405,1121.023895281656,30.721655107753953,17.007886278040058,11.262771369804765,238.07517646542323,0.0,20.32166327401181,2.927210093897026
0.24025780590013326,0.6132850004123241,790.8130208345746,34.28094173141527,17.739838312479375,9.664692412448215,213.02498125610083,1.0095683217510731,16.3284079342461,11.784277867448989
0.019119731522406987,0.8427965346434021,1475.7436372026011,22.97538272481091,9.564396707224926,10.819346221588265,201.57771804628658,1.594675440816867,6.833196857366638,18.432724591897742
0.330237411200391,0.9442580753682851,778.8075126726367,10.791698526606403,20.71477269977451,11.71046153271946,223.9304040242696,1.7078080294542495,10.757034689981738,10.0074304036893
0.26758103848264747,0.7946132584640618,966.0530597019017,16.249190209964773,17.40247978272114,10.032173357694326,189.59669529004603,2.860889561069323,15.17044912736851,18.71154306008313
0.4058232517073177,0.46362686691472405,417.43411958297656,48.70167404632238,20.571511417628205,11.434229667366933,211.8465274362301,1.581822598077243,2.781148685708679,18.40901316365944
0.3703506093050542,0.6466471521694208,2622.5608193400435,27.248802280449507,16.70675510023044,19.737889656803965,328.1123341087838,3.4343431495302097,17.74309928385318,19.835192471006494
0.053648661085840564,0.8029082421842211,244.5125268957563,26.508157702266285,10.575243432836261,3.76326753642131,102.0284612876459,0.4456543516347661,5.853442380329941,10.206029501276337
0.41805851741517347,0.4506089203996127,293.11299872825555,55.47744509145121,18.307523890837384,9.08328129282387,164.2105807310813,2.628398571709517,20.36179506286951,14.199123993145895
0.31444039678534136,0.7010481449651944,94.06525507006307,31.99273688802167,14.816114297182759,5.806867158586967,138.53035490096707,0.0,3.732794234105691,12.824487253687014
0.07508615065399178,0.8272720139964057,453.79191636115337,13.504730782576559,10.74284636944581,6.453625307967526,128.2895432064476,0.6923019793811751,8.419040023333595,9.895689500505775
0.1174660794643372,0.8045015963466577,307.1719325223931,16.942632363908242,9.422161466202931,5.150576784123167,116.67995299916693,0.0,0.0,5.601584799957221
0.27659090542350356,0.8299941102257302,961.8586341570922,17.033274543161703,15.112829733182332,10.828551585434242,212.14069359742177,2.192248005292609,12.960197968491343,14.437379494154426
0.2749128306583211,0.9736886678727209,1265.7670465555493,4.391315963549847,19.45880715907734,10.32648050493652,223.72181310805675,0.3152377057185861,8.970957884886651,12.833283614355754
0.5379411919065684,0.7564553453928795,3783.9795351497596,37.13226403185925,28.46166103948506,29.74571602628227,485.998093300506,3.5978068758606625,20.288610258762404,17.844707210944364
0.47407653149141893,0.6689096829471052,657.9505252208482,43.34908049460585,26.38368567594001,14.903277362694183,270.5748754038596,3.434490345683543,18.98578037697362,18.025424841414022
0.4661550771908044,0.7351931239981733,203.28522123442272,33.428643801224325,19.891561223042643,10.104736427100772,183.64099893339377,2.3210300456415154,10.672541613124972,15.923347749744115
0.40537700860720016,0.9411802489499711,787.9550252789887,9.770560898039301,19.794500949524366,12.916553109510211,239.18458932216592,1.4701312131220325,2.566498142933826,13.571657873892864
0.35274890365831124,0.9652256437820435,643.0335840721896,17.308488889769528,20.897729996695706,13.915299768928218,258.1422645123823,1.4723158092399942,10.078102646368212,14.72456343659488
0.024318266683315323,0.7794794754237215,1630.1144237076078,21.885610793978636,12.440631463820331,8.862457752069021,186.18553425357933,0.31345099647250557,4.974258565405521,10.310482745552818
0.2787328113692751,0.9318316363925463,1097.4873961680255,5.025260921215111,15.312696464973163,10.78760642026903,204.9225040785582,0.927728965660368,5.4453205353226455,9.400991063105318
0.22023073829823145,0.8726982735278017,1227.250769575091,20.220814153414103,9.810517527960183,10.328603739197339,216.16720356620112,2.0381452656641357,4.789066807501767,16.010224613523867
0.44761730947150646,0.6255971093683381,230.82600565215273,33.77572890294897,22.511001930396034,8.787785487920285,178.04093466863472,1.2774966549943603,1.593712827531105,11.507344095740173
0.19934807552306813,0.45657710021739223,1163.50186688765,58.40254343695336,16.661294432129754,14.16656159527954,275.65174568031404,3.257154684898152,20.81629036721107,16.912858015115095
0.12370205763392432,0.7174476460342161,1919.0236132683724,31.660127487001134,13.331561720417682,16.044046864466008,289.1456050297787,2.4461455174284437,19.31459257795909,7.8703938116570065
0.11743019878315271,0.7017210532525339,431.17330722343746,38.582378699719264,12.557401707831092,7.157009127509029,158.16701135033622,0.0,13.50230835143156,11.531343740622214
0.2174721692825847,0.2694615787629066,509.0044880276472,75.52159545255113,13.846039285584226,11.673073913162769,215.10263343152852,2.6802185404098227,21.78253543348029,13.873599806361728
0.3550142445834047,0.6910143900105301,1218.3752325049666,35.71804117716114,19.497675158622382,13.280169894654989,259.01609159391734,0.0,5.3775116506066025,8.448421561813047
0.30196024421364853,0.514118444652559,1387.3973817753647,56.28739343633801,17.808435300483367,14.080849891753205,266.4788953611224,0.0,8.892488003143052,6.9946127558130655
0.19966631683626435,0.43164438555475365,3372.1403377014676,63.588255338776676,16.7366080206877,22.32018223903075,380.6652664536345,3.4662294208403406,17.23629489963753,26.425605470341324
0.1117173014406604,0.5591309631472942,97.92718258181064,36.53017041036237,15.78213089103541,6.820485309747647,160.27937089347782,0.0,0.14355824738321932,16.340009824230137
0.05455037012107289,0.7035761080595996,126.981465787351,28.301016634990628,14.930445170747538,7.3153215953581086,150.45950355103992,1.1208624131511449,8.535228552680103,9.152991771874895
0.40353120540881304,0.9752734327893591,1200.3438117872063,5.711284212612517,20.25811064294112,13.611347563375155,243.4843167945406,1.3759011590228913,14.621338824938313,13.452183503734839
0.07103823808418394,0.5149259218115406,955.0791153085432,53.24013316973608,13.15115020832692,10.972422051932584,217.05149007506256,1.195078474231883,12.165354759033859,13.909090640344688
0.1545845443019192,0.6727886792714379,114.90494523320966,36.35667908535576,11.887823329416225,3.3377403988016967,111.30468831225892,0.11887736030808288,0.0,16.16622152887001
0.4147685594137067,0.6974096183921276,410.1731335201312,33.50756852866097,21.994079877030742,15.882946965173803,300.2842663792793,0.9036919889364713,2.3451120841990027,10.087055419993888
0.11808976661324298,0.9483766890351151,793.2587833778183,10.40148787382321,15.055405412037754,9.160289181815223,203.53202966609166,1.4099797876653801,12.114849085913576,17.96322535557376
0.34869131254830044,0.9619646323170183,402.85438337134514,9.1327184630914,22.724969388340703,8.533731202552607,185.00483163525337,0.2129108771339453,0.0,13.465950267485788
0.17217615277761666,0.41390931874174636,536.1182443225304,63.805093279176205,13.5939816861581,9.521033914971564,202.60352011298528,1.3521194956369507,8.043461263059463,16.115592959797304
0.31374405116588483,0.6347243462359005,2120.721435647162,35.74569680850816,19.584217680237938,17.969482801194857,315.34052247555115,2.413881004390068,15.19337368384123,15.9722961668546
0.18174395502739463,0.8773721372698781,417.1599146018591,16.07403133479797,14.653621301772267,7.557158877020654,156.23218784237466,2.213361818345853,16.26885637939325,11.901530106181823
0.28594656516278716,0.8698579170510019,532.9051206725296,17.113630214767447,22.754035911123385,10.48597649805838,195.6366513411991,1.8070324570738054,11.393618119902817,12.694501892010956
0.08985161602023442,0.8618435524016912,790.4941637324357,12.447998634942623,11.592733210143834,7.582923908938595,157.49219619536163,1.9033071669827293,4.961770229214029,15.087247207822612
0.028692286625269087,0.7926068502000081,1524.1263722229662,13.663202926189184,8.909384000677134,10.098021827443846,212.4945168875984,1.1373656049892977,9.288961259086786,13.01558127916146
0.6503562202701378,0.7418516610954772,306.8784748706476,20.200097727404582,28.447691526097966,12.139101977763051,234.75965257357518,1.311686846197554,13.752924523395924,11.90870514242695
0.46683736110740376,0.7206667969700327,392.1103763911335,27.729459635172176,21.565562843867884,9.976637273497627,183.90709762796396,1.1548715830750025,5.996532147928267,4.692608001784203
0.34619723933407714,0.4422639631963044,816.6555857318233,52.59609774574755,17.148997478034257,14.157797115775978,262.8568914113698,3.513898635972848,22.64451973346188,16.391949274207395
0.2017901315028252,0.7680639693095637,1287.1144057473168,27.613950647691098,12.473795018499043,9.749024281867952,215.83783983066064,0.7743792324990255,9.999629925698443,9.337516638823711
0.3987300040172233,0.5761053830049614,1893.6145801644452,44.59223297719576,21.390833106155597,13.787349047453155,260.90795532534236,1.649653916753777,7.467940657830541,16.801213898929444
0.11676459646215277,0.9473438174562153,612.227470543649,11.177344669915911,15.545089687285294,7.780313968726244,170.93153923654788,1.2112951085300043,1.8247078957560863,10.193076960259413
0.22355676580971037,0.7531972560563052,2183.644678343579,33.82934968346305,11.01621456465821,15.664941761424016,254.94906954959498,2.6658547048312755,14.637196653411223,14.384784234889523
0.21644861713941752,0.8226905486516455,605.957774357238,32.92588671641105,13.529102516170278,11.034805919908214,212.87234811996947,0.6843875775052017,6.181213551546316,12.989050192827825
0.6042999619146368,0.5614878629370462,1098.4746854129814,52.773779216975385,24.705219161568,18.35825711357876,337.1294634751331,0.6612799953172923,1.0361030055588687,15.373376817536398
0.1984841369327844,0.6593001407636159,3965.588041414836,37.53994639976723,12.619993996663482,23.19770562355631,395.72256323905407,2.9017281374317525,3.6594792978948956,22.722827387483314
0.28774656236643315,0.8175212141439254,369.20271801683657,22.746195985078955,15.771280998547658,8.088037311220168,165.642966559464,0.28779654334987115,0.8166258314060535,14.445604148520605
0.030002166648821813,0.7435232286863424,1197.6071973957255,17.399309331064703,7.910936172643289,11.074451730995744,210.78311942557912,1.2302053182627282,7.473836542551372,10.183278933403841
0.60802322851243,0.8924875301037997,564.3822804313212,27.267214369093544,26.746732116642807,14.488123213503123,264.01045318669384,1.4409841116971327,3.351997062646313,14.708073267633441
0.22363621031556233,0.6219468105725776,1348.10082052698,37.39895749469332,13.06135946303046,11.454238603083454,236.0528261861942,0.15220219998438644,12.377607669495674,9.588312805511118
0.161447701430891,0.8745786941369136,722.6314702436753,22.49557827018853,12.273539482690023,4.235824273954689,105.18909398542809,0.0,11.238607117916192,10.15791007803199
0.15982551298596545,0.7865663943294204,600.415341942772,29.005934031729424,12.192582077721578,7.760999297040872,162.38934250551569,1.3104927581129853,2.6179949820238146,14.15256116582313
0.1644478347105578,0.5298236173284688,351.3954146629836,46.1898142642445,13.830399089266065,8.648088520296422,159.26973186370793,0.7732209706763808,15.761875957620868,9.621804667325613
0.22948133026770787,0.7618444655457601,738.5558119781913,26.58861762792448,15.1974445239211,9.854738037148488,187.4264969867114,2.0014261353272707,15.79296367397724,16.203372618131123
0.34062194546294133,0.5357608198161117,488.2883709428569,50.02662080954117,20.169272227560036,11.134196673525068,213.41654283966687,2.0591300798297807,9.789696862906741,17.060992367396025
0.5490240601453125,0.4142831853256112,1578.8470050640205,59.16481814484737,25.731684622554333,17.452245658096814,324.8617227059353,0.4719496103867513,3.839756411088587,11.385680236046404
0.34909927612149366,0.9744568224782377,255.1799763712428,8.878660273838967,19.915945153264943,10.576228599337954,203.36927052907353,0.41787857705911546,11.50636079779255,9.261458098901379
0.19567730304671177,0.8812218820544744,126.59863268130209,22.97047201525838,15.052725057107923,5.990153190383063,160.33286969447312,0.0,13.149595866093089,10.63186047331317
0.07702151379057343,0.7584240747823215,1709.1631415767554,24.89137945361131,14.135297559441094,11.609115795305465,208.38643183286388,2.4866853637691104,13.874872527372604,15.125905874354444
0.5312018285478999,0.4804336804333501,1008.2151441732287,49.19989745384204,20.263415073820216,15.202221234076202,277.15303005954235,0.8317294960438955,14.826162750021117,13.071633275774198
0.31553880373902365,0.7852611064904869,1501.0003314861133,22.06341810903627,19.90614588132765,11.523370828874041,225.6759939525917,0.16234052250625142,7.948548161433877,12.09428621062174
0.41230584363708006,0.8561910313571162,95.68582835815118,11.512609912153486,21.835997661865388,7.813782434209834,159.52284967670073,1.6771463943841796,7.172056431010648,15.15901607943021
0.36451053861802346,0.4105453962839861,695.5742056245282,56.747115570801476,19.047340313294768,13.444908032862676,255.9320190280134,0.809462065578804,2.8601245499436185,8.835841508220863
0.5218596369574322,0.7112841459288383,1251.1943100708265,31.043702059774688,24.045347673302917,16.424453353203344,310.5848791192457,0.0,7.3555219189729915,11.287832173526294
0.5584518386949793,0.4752532554870897,632.1782187808461,49.21936631546315,23.391175402657424,13.981699734715205,264.118069033502,0.0,6.204510081918525,9.217351753794766
0.19293308605128398,0.5829625156430004,1633.8647847261793,49.330721278369566,15.470888411552142,12.814639428760616,240.42907201166238,0.415481178576137,0.0,9.751776155445137
0.6870741216407933,0.45535725733180044,497.59381203594097,42.982542385726404,26.62732515910508,16.015483477353268,295.7487766864749,2.8674683033491597,3.359277297394865,17.448433509549982
0.4885698889211921,0.7746329468828961,947.4745680446878,32.21638040161417,23.019019917318147,12.367746429479293,241.42513739541383,2.8875747997501806,17.75463072105242,20.0803619979615
0.31590432801737833,0.8265225426539842,262.7575416301856,26.894788887778056,18.009298802878412,7.426857618141857,161.36644304997196,0.4979186861442513,5.028815212801602,9.218997094680791
0.2155356228629692,0.6515151004735167,434.9355843132107,42.131637297171046,15.747397689451798,11.3675263559164,220.38149285832344,1.6362045248400359,9.256790352435928,12.75239904179976
0.31740890726523185,0.9101729249846278,550.751233925764,11.47765413305883,18.8016622814037,9.09813337312764,182.59086351125129,0.6145404922064939,10.162207796677812,11.980236340570544
0.3579699953794705,0.8966091728753149,807.431511315128,15.549452538569657,16.32171112451971,11.636570548611532,234.35394826280375,1.1640277764048212,7.321544499835,14.90798328281975
0.18064980104067704,0.5934690745384946,665.0511285913226,38.851027788511246,15.517309425848246,7.138819403165404,163.16034321924303,0.9874511302015315,0.0,13.68510599450617
0.31490526264394436,0.7006333283215503,947.7903516494396,26.209073904407205,14.591951322919595,11.620800155628736,227.15841287547238,2.7874810215748123,16.79601614873428,16.966383964823528
0.15394931493932956,0.6833523868976954,945.6377353458279,33.21118629494675,13.664124221255754,12.43247956425917,239.28336185070106,0.9572745359302571,6.989379977000673,10.829586031054337
0.07142019455193098,0.43734058734518116,1372.3772453399918,45.812564276820964,9.912850034196818,12.536144101750034,251.296152081818,1.14180044995555,7.137557515051045,11.618558523780045
0.7369052140601952,0.7141380876595385,494.0906146661053,31.55977419523345,24.227136119796643,13.101995766419957,235.73344683522694,2.049921681091858,19.24686365277513,14.467005725157529
0.17209699212969454,0.8716208314250067,644.2304796738129,23.720741541916542,14.255362166334315,10.684654029658354,228.31458216599975,0.0,7.828549459945394,7.973563635725076
0.43955596946561803,0.9006432677193762,1289.912761986095,6.366360033450146,25.48171971882533,16.066321208385254,290.42288993991565,3.023126716338953,12.881785651735466,18.081355197441646
0.49125214854862487,0.5280698772596818,1964.3099656963711,46.489661803555606,26.65545308489646,18.780733263764738,330.03283079853935,1.6203354357368611,0.8513855867100109,13.42201408845642
0.317411278382406,0.5078404040896558,1482.0778386995382,48.684862574342986,17.415022306143484,12.801970669864872,256.31100079342906,1.105482062704654,14.266683581504704,13.984502647258429
0.13312210778489034,0.6176569193513987,1288.948569780419,44.50367933662923,15.233762921077217,11.643026700441602,238.1418993814436,0.7274412967533928,9.161282370954668,10.672430164068652
0.5231482790930624,0.6158775530225388,949.0751936329577,38.53590146618381,21.420831206492466,14.325206062937951,256.1875017483546,1.4881046471778978,4.767648743132669,16.149594051213377
0.5253396807046427,0.893193144848821,909.8800326954009,14.158535305384532,23.63252251541498,13.37643169346692,219.90391963064312,2.670488951788261,10.21907243824753,15.866349095192295
0.2488713801289692,0.9429143634002708,724.0532890219941,7.267122266093039,15.273681574567924,9.754121136672351,199.61987680915416,1.5919341239446991,9.943523062697416,8.852244063842157
0.6056282556033321,0.6997947423798849,2416.0360561998928,39.10063533875828,18.82740641090058,22.95014534034457,393.203531439889,3.6194953412663198,19.20035401759541,23.103993260914503
0.116717948236893,0.8657665828897904,1543.2935560544445,18.12535359065603,12.199322592087357,11.057257127063016,212.90360184269932,2.2570780462001325,22.333183418725564,14.840117074123619
0.2307724182801713,0.7803327379652043,1399.7718483289577,27.888996786013692,15.932497100939004,11.619741950124222,207.3359304354708,1.240868869033665,0.0,8.286359753977477
0.4187321165470746,0.7456215120747816,119.4384149651754,31.179006848167386,19.665472858869094,8.631762896164298,178.2410950123803,1.3209786336064115,6.729092882804434,15.84729439778293
0.3700024279679601,0.7126432285890936,460.3870691316762,26.20140159215466,19.788550676453387,8.205287808559419,182.99191342304124,1.8021851883316005,9.868322042957507,16.529576185907974
0.6684987151782854,0.7317763091875457,2512.032495007688,29.3881820288406,27.081192894225246,22.83975233970073,411.91543743517906,3.087540586723956,16.95836580602295,20.968296690770558
0.13615426054089488,0.8365433243113454,382.29711293424975,14.667461354838395,18.179770814523323,5.475863281078055,139.7535312628987,0.11298071401686739,4.037127020763057,10.922512520963192
0.3272967122306922,0.8273848605349003,2323.238241595276,20.41786357586466,19.297822110977577,15.754516678141933,280.4118024317535,1.4702994577226574,1.2857154306335445,13.300907524515436
0.1696208381443179,0.8094328733889201,778.4204428705541,24.783690479702905,11.3040516896929,6.368147875767452,142.97653660209505,0.2890906536731782,12.560596888224936,11.761292082255704
0.3390892420771383,0.6844981077838341,584.9574411231345,40.97632765894846,18.333852910561326,13.33311993648659,262.494260845205,1.482714953822003,4.505572270728116,12.997793695794275
0.34461931048956623,0.7496229216214084,93.79356360950045,27.781183476704673,15.497090783051213,8.416120996381776,170.60456479453475,1.3823238549205197,15.498556784967889,4.85751884100107
0.16472470645076684,0.8082697113389831,388.37673904425304,25.776670884148135,14.759904696853477,7.827695326705322,157.5969646540289,1.4251602545312945,9.951072310277887,11.68000923581088
0.4088133420702963,0.633695223002375,1195.2437567763375,42.66916477919174,18.42655594245652,14.7899711691806,280.24872845404826,1.5391840124810285,8.651401752019542,10.804855109651623
0.4115660071516514,0.8893599681334615,288.44401915005113,10.460920411763002,21.793784133126362,10.689011867948018,232.9834485272402,0.0,13.527423420948324,7.375114828480909
0.23642252687157203,0.9111253589599754,776.5451602004993,18.506534043010454,17.93564425487884,10.294214144063849,215.72503870357886,0.0,8.258107180977463,8.379108908165337
0.27025252220936735,0.7835744534076863,553.4711753528619,26.555928401896658,15.576521600189247,6.318371916448859,150.19046136227428,0.9140084588997962,7.3231102389278515,9.128966664242977
0.2765508689732866,0.8036654978087526,744.9272676049138,17.47954294457699,16.399351433921126,12.578974753363221,224.36438765751342,1.7617090510967726,13.32706421321288,17.765550233295873
0.2585073249760623,0.7109219101641144,72.33905832549978,28.770785851094715,15.447393631891297,7.074590659092598,160.29434699947296,1.508329405706118,13.399901955068975,13.291890922970795
0.0680035741782725,0.7258602971985629,197.0631425694639,21.625859870922582,13.790190527817732,4.735235861089736,127.75908698436778,0.8284187560086259,4.688013130959801,11.236624664972148
0.060637809263232915,0.8191662264077276,1392.57786532565,23.590512646225008,11.108115853393857,10.185937805443237,201.7036128624547,0.5066431623116477,9.168217576655966,13.675636561988734
0.06516363835329386,0.20823415909345158,500.0681782797427,70.62081857669928,14.588635557510429,10.878365314452749,208.9295853673764,3.1571407807976115,18.10973150581951,20.155317557361514
0.16500731005946465,0.6409404312513216,246.69058065013013,39.96758759976477,12.986822422676884,8.85670703849442,195.2067735851488,1.9185401775380366,13.132694432112732,16.64683065488278
0.10523141152107827,0.3547258324891335,863.8952938260305,60.556373691591766,10.02610937239566,9.088882402015907,184.37366643196475,1.0051271533712858,0.0,18.351876136073425
0.037006822807597296,0.4939045848114258,551.4011070468359,51.0237084021582,10.084440523542197,10.67312680232261,206.88181847173294,0.5167456237899566,1.0659261947482026,11.1435269415149
0.29565297519489875,0.8062840541874126,1804.3226502646019,24.62879903945041,19.180312600627524,13.61018067449631,245.81330580865472,2.1391103914827228,12.893108572632025,12.302736281844506
0.2842993303962432,0.47543146106066236,843.4557650197454,50.45076571602411,15.721997077684684,12.968942979275544,229.7428496651872,2.3931263059114016,10.20702277700153,17.293089600054376
0.3388288946712644,0.3192750700443983,86.14513544296723,61.18802370676761,20.645015617197302,8.646685388163071,184.04643105094468,1.0640356139435903,8.079407611850092,13.641696964291349
0.09664984511276101,0.8985356614516631,1438.2069876208232,14.426672170369478,10.803327249225562,8.328486883683938,180.69161261118794,2.804795378228025,21.233045733242914,17.680034189139565
0.2372580788811214,0.6331167750839058,1430.3057565800182,35.71048343792701,16.10431306242066,12.721586043557075,258.89377393216625,1.1718249439765591,8.369317427869778,13.303479953201863
0.35646780973828124,0.3932411103033727,1122.9135168454434,62.30494206485612,20.431426829686146,15.040651028137948,281.0602823754967,2.131163391012335,12.866990645824533,19.340068234809046
0.33890511055289974,0.544679955256497,1949.2179873040868,43.23487889462328,21.76811253889797,14.656822604689872,266.34779161628177,2.839617169097345,15.172793242460905,17.306773654798288
0.33988763196534955,0.9357211932989101,215.60502425251275,1.860945229738359,19.562125554674836,8.76973939906581,181.9113723088123,0.4627240974359646,6.352435913166485,8.580804900065377
0.437536196415096,0.4192126823844369,1057.902972999427,59.23896973573964,21.297799329106496,11.281485246827721,219.9847880951736,1.0297786646993408,7.746495269462614,13.239021407930817
0.1704387049756629,0.7752476634947346,1838.1839697872504,25.68403815032648,14.210889268972782,11.811887212374733,229.79628188869194,2.313351103884351,18.324151049018795,14.975174191038194
0.2529234274603824,0.4517665953355102,389.6093037499771,54.35089760057181,17.536653269639014,11.702202218568223,229.77986647708912,2.6720633023589544,16.16200287407484,20.158013064323406
0.46050990096506894,0.9737642905684821,1289.559915338177,4.204266556973572,21.747420055155334,13.586444993928662,258.2221437584584,0.0,0.0,12.171958304408667
0.3995251844724767,0.902053586576506,289.71074320031835,15.995010319965225,19.94998663223838,7.074683553584464,162.85063203620274,1.8003250415292944,19.495805483427265,10.714429826010349
0.31518151823949947,0.3787933229905146,306.0036671884431,61.38642308278832,15.27533233486919,10.802251884076842,215.37625877211667,2.3814851569246818,13.348974107955838,13.145942833119022
0.26072717847633964,0.30287002741473107,571.2773617491961,66.34603400014238,13.028550220566459,10.80630019876711,203.9294488194421,1.8645260636955507,13.300481870174542,11.210526932783193
0.2374527595733164,0.8230949524098576,1080.5432267391664,21.37180419237977,17.23260139357526,8.999529364887934,199.30380304934621,0.6956009295382577,8.200624158449731,7.071046857811476
0.13176737784005213,0.441953391849629,1175.55164177396,57.44745801011534,15.569282576222108,11.17003945183353,219.99849056751643,2.0290158876820747,14.454903020470843,11.346314266412731
0.27620319266205334,0.7000176528905051,978.3085591352544,23.972211115826404,18.592858018623108,9.270989964916334,181.8195091283776,1.5665677114565872,12.075625467400233,12.65191224173644
0.42438945574652986,0.645034118248414,285.0797051685819,35.15991184313735,19.199494092240144,7.140320944279998,172.0049117677916,0.13951502900073848,3.3426635436744183,7.089829657819222
0.24064815512500287,0.6317182522072903,1330.2424121611448,33.91291147956363,13.894039583774179,13.106894673040383,254.58440978238244,2.445375821826959,23.040936889642584,19.300820175156765
0.39971728693309966,0.8048897050597316,398.987794778691,11.847382379366799,20.976425158947603,12.70891920707025,214.7203340422716,1.1512509843870438,10.974447114986406,10.830043170436857
0.15431201174523515,0.7150197669469247,2255.4895989791457,25.626027937153964,9.102912342250507,7.716882791976581,178.88214772801308,0.0,2.911346128930926,9.237810877735278
0.2815253083649847,0.6658668874031043,1171.6517533373922,37.18910744769372,16.136884072008296,14.035351453186719,259.0313666828312,2.699779478913145,23.27902040734797,17.607282822846507
0.30398227604102007,0.8550856690086583,1382.0773649587163,11.918429596476086,20.913850997289487,11.475406459278513,242.54968081804475,1.83655751722631,6.946118846387021,14.381070556895311
0.3254146738683303,0.5752688465217123,2128.6537196721097,33.58349665572395,19.312904574787723,14.05648236655544,265.7080529509917,0.3730911457122661,1.9557892472697578,8.300848886594387
0.3838212199182771,0.6757433330001746,1308.2582337932354,28.613391806347913,20.261264015747372,10.507182811383405,215.55472662343277,2.7217488236872214,20.53390585436081,19.47280880546053
0.10111055116538901,0.5284925505804575,141.6939749981566,50.190650777236804,11.435180673737595,6.480875571421976,146.35011116874216,0.0,11.383188137373017,8.699796904247266
0.3232584179644051,0.8555126757791018,1160.131575464389,17.176065541222677,15.536466502729724,12.035307520375573,226.5050318814133,0.22314843516652694,5.2850246242505605,16.191387872105032
0.30567287788777514,0.9033597699709721,1397.5599942006481,10.296394044798282,16.905501000958985,8.94789143407089,193.72319585052853,0.8171468451247883,0.0,13.998995717442014
0.2231308549610457,0.7553824136489127,445.4254898059494,23.98881097535935,19.48171931520243,7.427823506530668,168.92345663237504,2.1540464727129995,21.291263183214042,11.635381418703805
0.3870084767679256,0.8008320628062139,817.6960695609282,20.15683139177292,17.857617555944397,10.42329656043069,198.3022189292349,0.9816233253028819,10.198329639071593,8.935835205669514
0.18490451792279392,0.8596255535978967,1623.0382846331538,16.69071368980644,13.132874540815168,9.529264313338707,197.49111078817396,0.3891521800814652,3.6670860964262624,12.827115366846591
0.36678554375792305,0.7400467068395992,514.5767780768975,28.61660215091853,16.0293110461319,7.820980837815656,154.47431432617213,1.5764655704528692,3.1983632124670525,14.489570754044472
0.131548006695233,0.6830479373968059,896.5435603198334,34.823243815523064,13.058101939681606,7.912109294156032,174.9382355113727,0.0,4.739531664390848,10.564303920383416
0.19472054671363545,0.8774561362402852,1681.3859179635165,14.952939581638976,16.585373669576395,12.004361505711474,216.92956057747892,0.14040315028792616,2.307169334315046,16.28585885584358
0.17725000592360074,0.7668902969970399,3810.638039638348,28.690080877779366,14.398061050563255,24.235747680506748,417.64175774945863,5.438671812389785,23.25546094596158,22.320132815258802
0.16749518404152375,0.9459467448245613,571.200476532082,8.013555734623154,15.784491523743629,10.048339200397727,200.95309898867163,0.6153786175276421,2.280905562600881,8.9164154759783
0.24693484156375828,0.7951979385219979,730.2151689665718,17.744762973196842,14.63207667222896,10.583538283896871,219.09345402446766,0.0,2.8616990643430906,6.885914511409817
0.11281740019225314,0.8793833004045755,978.2287983737745,17.5265999474047,13.254895881362522,7.716896452630681,144.8542758872478,2.632481983132677,22.016277838632035,15.362043689000402
0.18427084924236964,0.6065274442808387,467.6096437224245,37.16861691130691,13.585792461369326,6.858249604921624,151.99286445437698,1.1929046806916064,12.03549093323998,13.498952889290342
0.3425193227437795,0.44841551671360497,685.3113481667936,53.09752102425848,18.971886499312347,12.987846695036932,228.69337930203454,1.0379772555143945,0.0,11.520163998304588
0.33489055436114157,0.77458639751944,201.1806348149718,24.569325762697623,18.170022504538494,8.130494364732424,184.15690116118836,0.6334009976158441,6.364291694065139,5.631430456838065
0.8877713821459147,0.7520935419920277,2966.1376335341647,35.048423632078794,28.733271234863594,24.82752714736712,420.02770470485893,4.842664235011881,31.022906053220126,18.70701534222334
0.4060940226008974,0.8780655051327391,1458.368621343401,17.585048838222377,21.059128602235386,15.822826959913872,301.61534138918853,2.2503261429904424,2.5056147478701742,16.82112343977912
0.3134355164382455,0.43286115494548694,447.3592549719092,51.72773684507133,18.086801221385556,13.902333952764224,253.01479086782194,2.1238897356648314,13.945295850039304,15.60909041680533
0.2536591502306099,0.8253862330720309,333.52315594803315,20.91836931965157,18.542216232787865,8.725895055298624,189.2545803701868,1.114542737551424,6.382809766989805,14.770866546086623
0.1667269375078387,0.8460379567616155,335.7663023386963,11.249892345483374,15.251315344798849,6.310019443433607,146.74563047268833,0.0,0.0,10.669617625157317
0.2748334070063282,0.6049813796336398,643.6531719853662,47.98985141649412,17.486739788019126,14.396464681780412,261.0993721819026,3.0959196022667106,21.10794393420098,22.55544630294225
0.07633036312853234,0.9631430137762335,55.996820949547505,17.3573591398104,13.778183992548973,5.844883257193107,137.61190194084378,0.6920295279195559,7.72879961625421,6.624086726736994
0.15760297092118672,0.6356405605414449,1209.5511201734453,27.560778413726425,13.095506336270622,8.937347541936937,175.08093914011934,1.1088014790712937,0.0,14.291598895673914
0.21796898470371018,0.4487870592416659,1128.7346743289968,49.08700501398197,15.757548051570762,13.15788507388503,236.7575706619081,0.37602910233609355,3.8610790090631686,7.398973157156387
0.10639639737462427,0.544971349701669,280.16185304446407,50.377615041465496,14.775013651306093,6.4053062730978425,149.9412271931661,0.21153692454418616,5.2893014417662085,7.595146338073354
0.23449832371664953,0.6694255867524785,2781.476808649661,33.40607976698284,10.545291290492223,16.85102749794823,303.69258239821,1.2765194124956758,13.532918490823302,12.12304826900175
0.585084309133523,0.761878718451967,975.4552680278406,20.36177763118259,21.840575082518836,13.604660741852726,246.83224716991998,0.46483040514544705,3.145675662922309,10.046437976159181
0.35523475992756937,0.6783120074085335,351.7907524127407,33.62392886019886,14.966444922743172,12.439414167457029,234.98777573061585,2.9251367202063685,9.660216664221085,22.706745817962638
0.14782425854805836,0.7592228812168754,2635.5477954394196,19.576552424864072,13.525273232696406,12.950920977051657,243.58257468845258,1.7270198147691809,19.603205365351176,13.280372935372583
0.18316515838544284,0.8187258633882809,543.4157090631735,15.42336753874223,15.393935419128526,8.213770602090786,186.67330555363074,0.0,4.679102211721751,12.676024348732648
0.28143731686155976,0.675352679027257,724.6320373245628,34.92187644953124,21.074663733900714,9.042018751223324,178.55804066984973,2.349366430947039,24.906068922473004,11.540547552171688
0.1200420970627487,0.8202097394101949,1610.58404379367,22.614369798339098,9.099258598758858,11.221469596216524,195.09855955080536,0.8291158771582432,13.179710186828133,7.376744037121052
0.4924986311874016,0.48798979140534104,1136.960062487678,46.12847399511591,22.810744841551234,16.57886214899346,294.70871068170476,0.032063765746177086,12.141978182498818,9.804776569988855
0.2639684200965373,0.4933073296630314,1707.3424167329497,58.55092265093719,18.599352196705315,15.991863198376748,296.4732596338197,0.47184911100478644,2.0921122715241154,8.676884288819876
0.5289747107274291,0.5993653190514763,782.3562220085795,39.67779913706335,25.853884361055293,13.757872724522034,256.8027042199991,0.8266453420846817,14.11776632222353,21.194117158964637
0.34201143789313543,0.5585885323493763,531.0995251924976,38.17092672440361,16.792975420408517,9.4959345743637,209.67395737414546,0.6731083813325056,0.0,16.84936319515954
0.26536526023245416,0.3497038983974161,1391.6210334909472,59.92493219349632,16.096850543333904,15.633825598716594,272.40351859357247,0.7415204665646691,2.4517726947873175,13.897538469938574
0.4196775600171911,0.7081676748720629,1073.237063037776,29.874836180593665,21.706612949121514,15.776433842400966,287.3257031778739,2.868512045313574,13.670643910335228,16.571885417064745
0.2514321486711472,0.8834725836914263,243.9408453602257,21.07219454460609,15.103306821049582,7.109411747944575,160.8164021294548,0.0,0.0,12.843807657051737
0.46591886462085697,0.5780354317065837,236.35013531417073,43.61929661020139,20.245620338301826,12.102096304233994,236.2854313794436,1.379156085971338,8.20733658289848,12.07032248214989
0.18913470048566491,0.5938682694308105,2017.0055314661136,30.830859336492026,13.903482411916679,17.351953438795363,312.1736344094957,1.997906718933189,21.270743675484336,11.447444537635523
0.20235527221796423,0.7334492863921867,909.8332055960278,33.96006275574517,15.268494662588052,9.596684474718664,209.4599730256069,0.7230569613313749,9.633916209975393,12.64310820139425
0.4429426985491675,0.6164222351784179,251.01115608629976,36.739686074432235,21.95448442964299,9.088876022496635,176.90487438036362,2.8072763223063713,18.881907650904992,13.577855373187747
0.5524137953651761,0.884961475115735,323.81123992545827,11.703637504727544,23.79530623645439,9.719345880434279,195.35580810431887,2.051754986360872,6.9473879760232755,15.766747217414348
0.20486485976171664,0.6342551559371152,1152.917286301509,43.59644097213942,15.48017955733156,8.949029342459657,181.60175015717113,0.881612650863046,9.600385529239993,16.090889763478028
0.6110496142031697,0.9406676774368304,434.93724057828155,10.129583693086396,23.599891066284815,12.59895041378607,237.42303651593213,0.7708794678707579,8.996419079461981,16.280809768494198
0.10210340415724115,0.5240385143339082,498.04856966732075,49.430813956168485,13.515737557094388,8.518865376259711,184.22102247593207,1.317750214343555,4.7048799878129035,10.982295842315697
0.4185925719971026,0.9609096115123132,435.8203078459457,9.888097489601655,18.96600220388564,11.056357192621658,206.65758766811126,0.7193665525451377,8.119796190580796,11.253748159697412
0.2784236981520602,0.8066853018207373,951.0809546717737,14.522381886061597,12.271317050269161,8.722028907127763,195.89668547749454,0.0,8.39924970268054,7.628244522219882
0.07907118421602671,0.7807384684003923,2106.378366681327,20.582773429369027,16.380999490942965,13.89147870424807,241.33825739904808,2.8900334984270044,15.32162764768581,16.663668705257763
0.09510902953286011,0.8803781257675765,691.9831770872496,5.543374720900525,13.0993561271354,6.820929221811814,147.12898044483194,0.0,20.325603545369653,12.21678717228368
0.4590170137560611,0.7669494049818312,372.1869654196519,25.065946607187037,20.782680174692743,12.33124547985657,234.0870321335859,0.7501574991653585,0.0,10.43980457200426
0.38989388092144234,0.7636631608997815,908.2754136645948,22.978895955614874,18.95749001695027,13.332672944118823,228.25572221053122,4.115165761696505,9.378039363074121,23.093124704895363
0.38135490159607177,0.9527487268648308,1464.614939002049,10.891869656269584,20.41783869555512,10.346376332749243,211.60766287410587,0.0,0.0,11.198090351390812
0.1913641158906106,0.38685454491565563,1656.1597308165701,59.729277427176115,17.495419934670558,14.184975498913623,267.20916722461976,2.3197847220251653,9.293025332903731,13.83677236350729
0.3295285340209796,0.7278100702840189,1701.9322665744617,24.759913671218168,17.775930461672278,11.96395144408498,236.64609477724352,1.0559559660071287,11.952615538576028,9.684634488887504
0.3808749486147902,0.8597151770143058,1830.1172383479422,19.459292485236062,18.571502042379965,13.664541992248171,248.9714311078129,4.18792559721464,15.774737146169432,17.21474036183909
0.42716644359309386,0.8171840590028853,1166.550037434254,20.625983049540864,21.540845812510724,11.00696448255967,214.90292216139113,0.4173362506214445,0.35271516587556917,13.855298683339612
0.15642343400361886,0.8876897816913745,1021.6294567275705,9.193112843882698,12.438127569671314,10.673161390590753,215.72705750856147,1.0548550141369553,13.477521747150986,10.08836521558474
0.19440205155653706,0.5240788940934906,1614.9977139441444,56.35179131828168,19.320060910618892,14.784311957745643,264.67992823419473,2.37089684997955,8.437859760432866,8.810265429499287
0.1579600149839143,0.7622930804957351,783.4762368844036,25.08759276627185,14.209063969620388,8.028973332844782,157.4261666854535,0.3670905787655807,8.521260435374497,12.436960157211496
0.07216056346062653,0.5818580604670098,735.9842032758233,43.518932528087085,11.140104497744678,9.107725097060008,187.8450644946822,1.050459657225932,8.010180679760428,9.974426427109595
0.736118651132428,0.47018938726778475,1100.447945206085,57.90757729410838,31.48574747250554,19.692990076515212,362.42958239617127,2.800771815005749,17.9445593282118,15.1179276866681
0.44360283863625827,0.6933336530236568,1140.645617324706,23.065743948295843,21.130111654169063,10.376206957633574,191.7393061973013,0.8735198114832021,8.031230098782668,7.5696901681141435
0.45335288691314746,0.7698436096140442,326.80733026273487,20.52771643198007,17.09383622121388,9.718559886272987,204.7212159611166,0.0,0.0,6.826745997876781
0.17108157236064267,0.7900165593597386,843.5414803062412,29.246242811541222,11.920007031721903,9.344224279461844,177.78490000386918,3.2662762144023008,13.507591841605116,14.60835627198697
0.27960592620985536,0.6138700589525898,903.0574354722678,31.929257182205568,18.378324563782975,10.15326976831457,204.80500702721199,0.7720601213162493,10.347887269475995,7.230718784516252
0.3521408647689258,0.7223009626513714,937.3989771352244,31.384294303569593,21.22745256779148,10.70862471203049,214.84364207960067,1.6120991475939301,18.22176967070831,16.325701089395146
0.38875639328149164,0.933914330324753,182.01714227811084,8.41318127767631,16.293349807311927,6.390736909237481,138.68671703772458,0.0,3.0143713394964733,10.134166163967228
0.35159925520455915,0.866099334665569,2463.7176008126557,20.70740800993017,18.372936221850917,19.273498754619755,338.74286089749023,0.7005675252176746,6.729254661609198,12.223206863665524
0.12871934223055412,0.6360529065529171,98.58959835806908,31.164908732184657,15.550449582974105,4.996763647625825,115.35700420066058,0.6879342000267229,5.864599491804656,12.578462184537207
0.25827260556981113,0.8525799424402865,242.84126756952156,15.656988821711876,17.863971873574314,7.21958449328242,156.03913082849243,1.2016006464215159,3.3524479321373963,6.055489447613079
0.2408128783310166,0.6798502536818702,4817.917079640665,29.888785098415838,16.016933484616185,25.565672033487093,459.0289655789234,1.483175185311892,15.904007017409182,18.605102328914597
0.16548763311828793,0.9391011960486438,692.41839157453,10.86770866864064,15.244141532890453,7.041075445602757,156.3247709191285,0.7091424754617678,14.57088191709667,11.02593749160648
0.5487571042786519,0.8099212243894953,658.295356513401,21.90542793250755,26.01671441784084,15.394100059138346,291.0487088394375,0.0,1.5640132318990596,8.234719794356076
0.0651171619622619,0.7130387719185978,427.9810567758874,29.142359692179514,11.395774051092154,4.339439455279054,91.83789089373323,2.7515178798653586,10.31551322063638,19.56923905170592
0.07080497664434647,0.6234121686122623,515.4310174627097,38.3676973638746,13.963184518654208,4.664100346381396,103.48865676621053,0.0,1.5035131438007237,14.641642087124646
0.21525977657271056,0.692111276396618,2383.4203548449586,33.09456938321298,16.416605308473113,16.49719001843924,315.3687604585491,1.9554306939667119,13.799667316515158,14.788861366019995
0.20855372654040094,0.7358013824242013,1190.256516407264,33.41015544609739,13.542236336101498,12.173629464401486,230.92223954333343,0.7718208662154932,3.9190087349163907,11.478226737447928
0.34734945040104687,0.9398929657979709,2332.540502030328,10.81820541298527,18.519427445586704,15.716551916167289,289.4533420931213,2.2096262649995455,16.23208172621199,15.355948195092562
0.2328385230440706,0.8812018005205634,861.4141197177344,16.907630186162454,14.190089107343793,6.946882126221093,158.7931925994917,0.0,0.0,7.479467925381822
0.18498901080312502,0.36607439332719566,171.2304808361034,65.54358890429792,15.19784063733202,8.191127407921499,186.7759934399633,1.2654110413562152,13.482981135173514,11.975684471313782
0.42188331471649754,0.8150874891402271,3657.667733190257,16.03787939120223,22.06269188318174,20.03163390604929,353.90046453438686,2.986942258712987,9.977500970100667,16.85564847781313
0.3094222682289772,0.7569674919159539,1141.5670826689231,25.605725807325527,16.03247190264803,9.964707510041045,206.11077349808215,1.4026911413697611,10.456330196852447,19.531111414918676
0.2635344991159101,0.8641273575238706,867.1347734454695,27.318599417029375,15.998312759924083,9.086887885377303,194.4336911017143,0.20117928663500262,0.01872784190700827,9.744933479928296
0.22542661459650817,0.8683636586651668,771.3913172928036,9.53934250917975,13.724006414676943,7.265017714124313,171.44350281807237,1.3802969251823232,13.952865294851419,10.012032357526225
0.12277380863206705,0.7498875295981823,218.12069651996356,31.447236876607914,13.085550579323288,4.629041281635368,118.11156905406239,1.4243657298974695,5.788149441862816,15.914513743205228
0.14067613067997176,0.8187512951792631,485.4961153565578,33.63985127716662,12.115740937343697,10.128088355512116,191.51364660898366,1.7501213458490261,19.760048593413615,9.439015230451648
0.14154550733230223,0.8630148148147311,1068.1618970650088,22.021142305326343,12.23444556812805,8.25450856014347,201.40702221077208,0.0,11.556504823954688,13.029381216316889
0.220754135521539,0.8252328337198978,3215.877229198266,27.582748204995227,15.070662475970511,15.966519583440578,293.5455892636424,2.224217092889166,15.65180377649935,18.842954789945466
0.23169597377006257,0.5675221914140595,884.5136077127352,42.56888911088952,16.632619913151018,11.17046720862066,198.78009758176287,2.666769497214025,14.414929518304621,18.306701576313333
0.4424259208878899,0.75072808253941,907.530530629208,24.719042656598447,21.004845328546807,12.158688194881197,239.29296835783782,2.6334421379019584,14.364044312120086,16.99779967482957
0.4721984836892765,0.6519754442379104,736.4569568657947,41.19271844589257,22.528479766612016,12.094505615308927,221.78744029427048,2.3792386600114668,17.597834204887334,13.419754036287507
0.14765136137087062,0.6288345726572409,734.3265127244596,35.336050195826594,11.81819137399726,7.126932372089807,161.70301213771015,0.27051895231635925,10.202600704243135,12.02138833424208
0.3321269536244378,0.9072872913941041,751.7181582451599,0.0,19.26913781382638,10.904152656728348,202.47330171945177,2.1781952602072066,13.533950849681169,16.520534408634035
0.11773629052578993,0.5207940167570192,859.5943025220215,41.52322293461945,11.476668895275417,7.5160356047857135,149.25510667296672,1.6710924265718219,1.3509762922100066,12.946987038535962
0.32687727248248993,0.7516933252955745,1109.8605962108918,28.544386221861238,15.567546966780125,12.194447575899986,235.56262763686826,0.5221585553138216,6.003755662388745,10.985471244900443
0.09497723988938976,0.7751528400291441,184.60443214851932,19.439611713647782,11.987345386856676,6.197303768242659,127.56522199779806,0.0,5.567219717243729,15.672938742409354
0.13885482714920078,0.9364924972076116,299.73719180884893,6.667785270584112,14.116153904663728,7.29439524257222,171.82361848388013,0.0,1.5465854027354968,9.473276532346201
0.5783175768404984,0.8530055376752705,938.7774562830472,8.642624868211888,25.144946731345247,13.86592062334931,262.5858175178709,0.4072910475988645,7.689822509658528,12.08694281771436
0.20032626564263165,0.7399693847043389,2021.4383916104887,12.937618025161722,12.969037166378829,11.404449273830028,205.91161278164745,2.1991750650564943,11.20699899221187,17.124702663431474
0.16670101585608801,0.8448426264516714,137.469048807966,22.2573243659301,16.042615406346272,5.892588460041539,138.2811505476657,0.5077968774348052,11.218971378277686,9.724628467874371
0.1267530466651585,0.5808542164540991,805.443249508893,43.13212424310875,11.984103520224732,9.427948745203619,195.2562093049432,0.891915457158853,7.916004674025924,12.609824344718751
0.2520138550886379,0.6340558160668708,470.4316523105599,35.11342525257708,15.463173993780112,9.234976515328821,179.6984377706658,0.5895386941194993,10.79375894616332,6.698241912493939
0.08019970458212428,0.787036081555124,170.0737566072939,18.461057856373483,13.811170753487332,2.9094682915786954,70.02920107890553,0.42653894640338685,10.01167010663027,8.7339181548781
0.25821956311433436,0.9142504359235647,766.8725155610666,15.336301226760696,15.407526752232732,12.19912428457641,238.85092381576558,3.6581072160471115,20.58518356470602,15.56364612912744
0.2777196348799461,0.8019796085313464,953.3146936944253,20.504567721439578,17.642128795521945,13.216006367961395,262.7946833421431,1.807029638021762,11.720807903693155,10.957212747300318
0.5513561807478673,0.815759428696436,931.3680327586453,21.36307480097554,23.04207316046578,12.0355751833363,236.23501599846446,3.2212745076021974,28.107877548999,22.49155620760609
0.07478263216266157,0.7520292407370774,417.03127735200184,34.69509398834887,10.92765871367176,7.337332996458618,145.64389438403316,0.04709362345256807,0.0,8.329033851328408
0.36444965545289904,0.4028198005568107,477.34884950116475,64.82223556493275,18.77861413738013,11.221915731321468,242.86106535220247,0.9235363141038133,6.260939686590085,13.563134228968767
0.17319317099664355,0.5791291517464434,377.431992538562,48.67260102074447,10.351653197235965,8.12615346938974,184.97296541764237,0.011280538627888692,0.1899418931579957,7.521455410940419
0.518904374009227,0.6598261728009355,466.4870724038744,32.397213313566446,21.49224431549473,13.610960991623854,256.1401338827047,1.7686476417582067,6.023301580036562,12.990774512190097
0.22653029737184194,0.855240541355896,714.6650854440228,24.330692419360524,16.294408420992262,7.5653644034150975,174.7686884225385,1.7640480486553503,8.294741710959954,12.477073784324688
0.4579661946273023,0.7675549395903634,645.434708494692,20.184478672270266,20.342419824352937,11.594474955262525,224.1567791948922,2.755638439955023,14.50829702953605,15.578075970438551
0.13810990598696124,0.7304105197849655,819.4111944044029,33.38783616271085,10.809157300029208,7.449371748024966,145.29205492083722,2.567725944142851,18.86231903188591,13.940509392098011
0.060489427990038855,0.7735249884777619,1385.2253810072766,24.51969347051712,15.243966742402439,9.761435348703426,209.54658359137386,1.2679011664338096,6.205128634693833,10.160288728775182
0.2969933588337575,0.794063748611585,3671.8926779928906,21.267380803336085,18.710379842508395,20.783828772922934,370.8044168946212,3.0231763850191014,19.36731648912916,18.83817183661154
0.17654158020182847,0.8329913126814501,1548.1891427790702,15.309784798954093,10.966144563254483,10.497039386248606,193.43293781769484,0.7450038487552283,20.324589151630565,10.21823788369828
0.038481131467169645,0.9807498422649841,1291.295073833491,5.396512853083576,8.465278827545976,7.773524057715143,166.87625176581926,0.8256661897440464,1.18222848237472,11.816796584575808
0.4162266665296259,0.9399323495689864,590.7036967396072,6.962618822618053,20.255792365197088,9.802771105010224,196.44072625571093,0.4855545075358555,7.8171286008069565,11.507745500786372
0.3519078358862238,0.7137334419065262,3311.3862979768005,35.57121883936717,20.16930198245231,23.254809851496645,403.6739432746202,4.557602428271913,22.37380052584559,19.652505825382754
0.14298738426449253,0.8452017587302667,860.6697780473927,25.003114927323335,14.730209593686197,8.409541117588848,170.3574219490887,0.0,12.775519564258904,13.546362366818034
0.3149590238661142,0.5488775571959028,1279.5307635366694,47.92808029684318,18.751429911296356,10.791663374296732,210.44999190513636,1.1439514171428162,13.292506310412218,11.124645798152725
0.13401959471909686,0.9015764854607213,1002.6666249077807,12.250255032619622,13.40535923834093,5.87890693335628,121.7062180196128,0.4826807668606667,3.2424631606351824,10.603740619089631
0.5258612501579853,0.5442271054954884,1934.0784518424389,35.6616397699199,21.671944439038594,19.172666121327637,344.80200462581627,3.4288199689394436,17.043276901379162,25.04570326256578
0.18952025474101342,0.7938107944177897,396.47940661231905,23.54064581285082,11.436823525246025,7.855372464635124,154.95015040674076,0.0,1.8583193433779002,8.987153777363677
0.2608003748620081,0.680722460623748,786.3074535362512,32.063793593272486,15.84010067803286,9.252361321763672,184.09810093310875,0.0,8.409625780223271,13.730347995450845
0.16217248119642422,0.7180201300177484,751.3721361592138,27.615277081805573,13.772501718728382,9.14167482767921,173.46055175604025,0.4867594840981643,9.991878534399717,9.818396252368718
0.12895177525910106,0.8418574585551858,550.9793603839396,12.619866448279168,13.41317075441534,7.1578923349858,155.44727972293202,1.4129524010895937,12.647685502384977,12.784968237315566
0.29060596668295474,0.4797220944640856,593.8517831676703,54.26830343873594,15.60187133972981,11.669193971991467,224.27476497966953,1.6755048033356157,15.489418004897939,13.428591479896447
0.03956300314974015,0.7250668403364163,603.2512720767608,28.893681188339855,13.284547926859624,9.250267270218135,192.3682335193157,1.1242231378790513,11.9920787602506,11.139766679700159
0.3520540354038742,0.43919678755753644,295.11401750408106,49.601473613928206,18.3685042889974,8.998898005233508,177.65997380791651,1.510403913432529,8.658336326020168,13.773704531141979
0.25624579870623576,0.8523734183645585,945.442202076711,16.72500256674413,17.54170344025971,9.961449570764362,217.69392034164818,2.214864104611679,16.96656937827932,11.691454594934505
0.4892125189178041,0.882712581257761,734.7562386317874,11.045744861752972,22.714819320087663,10.212601446863037,197.60697635445885,0.3649657022960985,8.61927207368996,8.815433634310084
0.05853375413410771,0.8247240216639766,1134.8808964827072,26.707583952531024,12.200717062023678,8.234470739048643,171.16416556690993,1.0097769141376605,11.624018026278018,12.195556651558906
0.25699840131073814,0.740299006065963,1178.2651880430406,27.281937771785046,14.653346409095514,10.992495625033703,221.36575725742034,0.21582649385374364,2.6474470430230084,9.77076116221647
0.3614157796918328,0.8590370551597102,1709.6981241084045,18.060912286138873,20.290978353387093,16.244245591816366,288.41433813967734,2.2884297068548367,10.322450966066153,15.769697496697418
0.07599255555026092,0.48617917750033945,1227.3064128733145,49.301709468478144,11.667232230658836,13.686544450946112,254.82625357507916,1.556235517279682,13.973893018269557,12.599177516450059
0.19266832368202375,0.7903804074642271,266.46346608739856,26.348975853405317,14.548676639998753,5.9950755952454635,151.89303289150808,0.0,8.001947483667502,6.569826313995005
0.05376278281829748,0.8084023075704305,841.9944116947958,19.316876700448454,11.336784374871481,7.4833544815302515,163.84216823806454,0.885230852224657,15.04862197155989,11.29303218992207
0.09451903663040052,0.6832871768057744,2326.9771117075306,20.658261343875132,12.720377638011025,13.27500759142259,256.87583633013395,3.9232847486061955,18.65192121802938,20.786693921982895
0.06438306592167727,0.815001050263481,345.3241429545728,32.48639755651213,9.213381735509616,4.78936215023501,135.99520932803551,0.0,0.0,11.41053325345977
0.03885474266245954,0.6263680448457767,903.1542866300746,36.596378996048,7.572501839734807,6.572389307635733,141.36249370747493,0.0020243020538587286,0.5610789770563533,9.600299118628008
0.45165362468326853,0.9182773382101757,1582.5383886178367,6.177845504515117,27.213434668078452,15.814440459441924,293.63446007582496,1.7677368382863134,12.729751744145664,15.6218654785844
0.4503283508023397,0.7328715538371017,704.1962846979975,26.088221795094764,20.047984188661275,12.192743214594277,237.93539948903472,2.1406865283941774,10.69487428144792,19.1137353067013
0.23648542416505314,0.4102250285791116,650.6911162035443,51.23178079351077,17.749480324721784,10.355178485784185,213.6927420020973,2.56036929275261,29.592628361397125,14.59720094195007
0.22358367063024734,0.7631965170255133,287.277473272479,35.32175766644188,15.840032064086273,7.288686551032556,172.6124989609661,0.06669818142741704,3.422509698243892,7.833567673980092
0.33069745429551245,0.9161925099804014,603.6597280319437,6.56159427883988,23.44228498336652,8.060129404254265,150.55608818368265,0.0,4.796598243896725,11.848223692877463
0.0751857443585925,0.8026813190478481,1051.2410439301823,31.31812312567189,11.798728091034667,9.052966068456985,175.07745468177757,1.9946917545711345,8.431741518845172,12.21671493242086
0.037438683805152334,0.866988810202901,2257.8441082285267,9.127589801584977,9.341038195072432,14.300980938054312,256.534741962819,1.8307712960781088,14.512643532335023,14.09539007895827
0.31302259336619614,0.9281981397888405,1036.5884910077862,18.000133584043873,15.726662112754045,14.69651699706838,268.67536348545946,3.337654808200514,24.706756147642515,21.1468091373837
0.10159867546111158,0.5658605824178129,583.3038891545856,42.3341385500005,8.283870910888655,5.461421783581396,133.21313400623183,0.0,9.543406087469034,10.727741162276361
0.08163824559058684,0.7921751524885159,277.567940277891,26.905855208970436,10.223472087745067,5.565403559329893,123.85058321664926,0.0,4.742557059160272,7.311895187981775
0.07912275661263649,0.8401307271998167,356.0760308377989,22.104136143082656,10.45445339850736,6.426961163912927,154.49297749969685,1.9867918763120322,13.608845667888172,15.99818023308493
0.3887881086562332,0.5979395515249075,1556.209007943786,36.21882349138359,20.823997247297214,17.816595233933175,336.3620901778494,0.36820194619855107,12.955504479660933,8.176435489430267
0.2010041211568174,0.7787878610778954,452.25179528362185,25.820748054168057,18.541494821304436,11.109896712346647,199.244444432191,0.0,4.712022445904518,5.9001669821916485
0.378999499857092,0.7260845436271298,1139.991534849272,34.981344874979506,20.565969755261897,11.791652052943489,205.03830186568936,1.5847795780349667,16.013425111319926,15.571382107817968
0.05894613531016305,0.9214887211234757,608.7368787346741,13.526590427773119,10.326156234643047,6.8919697892129195,144.18540596213302,0.8580274605459954,9.383887568604118,9.806051374972817
0.2796984483381727,0.8349121997317442,3433.3179706354776,16.24287363393449,17.068205784634554,17.569204100969166,290.0403275545738,3.2500189484862028,18.940991529740796,18.170981530928014
0.48209657297667297,0.6281493285709551,1021.7031255608855,41.9242275502791,19.602616947826377,9.927310417969839,178.71744549375322,2.822796712106208,19.952044169564882,12.229743487455963
0.22339691514582974,0.9096292788911289,597.7199997119236,17.023060078005813,13.694048947551403,6.685007183883345,146.31681584842954,0.27757468528855,0.0,10.085473563427493
0.30993789171765934,0.6000043588893752,1078.5078578093435,37.57983742784866,19.835699971954657,12.099193568393932,232.2514714889845,0.0,6.669714096891642,11.83128461558094
0.5196000502646813,0.4329389125976592,1252.553962565959,59.95656078178923,21.83683857554162,16.904103237817814,304.9850225692391,1.6234253927608622,10.154688469822078,13.266616557936802
0.38547384068167373,0.7336843408661882,228.69791560914967,21.42084959101727,22.034979168050025,9.737083151398933,204.62439580177917,1.4868215529427837,13.420952988941842,8.311194754225514
0.14249254470208447,0.7616222412392574,983.5149263316089,26.571992914658104,14.964315746598986,9.558686567258983,202.8409044109567,2.3070396052916156,7.398170818458622,16.169627754634565
0.574202779036009,0.6673445053802624,621.6500692373538,27.016720829601446,22.87024194142872,11.819219330504922,212.62201535088997,0.8830385993830782,5.772038422903444,4.2347029675656
0.16208780755151025,0.7413396315577043,781.7977300780551,33.133250495013996,16.317444247468714,10.261792099755333,212.38828388980798,1.4552086136561835,15.591039841160132,10.616576984299774
0.3476968793336415,0.8041340375042103,1004.8956331064031,24.766827654633612,16.2798929037221,12.419945442890393,231.05331587219246,2.278967692458904,14.869995749060658,14.33827180442687
0.40629509790236046,0.8188105589839764,730.3621128893368,28.66053442916352,19.00902227644556,12.620286064626955,240.17647937377728,0.027197924841168897,4.366433032229671,10.06163690065502
0.3489726265080709,0.8071878698762567,743.9382644737093,24.624240337769766,19.868274126776345,11.38269300699814,212.81188489137315,1.787350579815282,14.288950427188343,12.988695492029645
0.3003446761295752,0.6415026761261067,1605.583903761152,38.124680488151284,16.609276500964597,13.178928159842334,254.37842048075112,2.1256091884531645,18.221993525950772,20.644259355860584
0.5077186495292317,0.9286157202985061,1872.269890467617,9.74879080466332,21.33033275640872,16.105316272647034,274.2659800812488,1.3769865167167312,10.38493101705074,14.247607336170496
0.6548815091044444,0.7101301269259468,2071.1580533484666,29.88257101672074,27.77899104688777,22.182814623365477,385.943110631298,1.656213925585278,11.684605198471283,11.727228467714934
0.07267833964570819,0.7839374016403499,1709.2553325835356,31.68087956260728,10.279128263269577,9.339935410984879,176.231477033338,1.6136053033796283,4.273009544516669,10.31560418272575
0.18748527432278073,0.7034920865930484,1752.4559877986655,36.414301197529824,11.987708620721483,12.168220478844074,225.56683809945633,0.4101404384618075,4.8202147019473705,11.249149606458754
0.20081119030067512,0.9702082458630323,261.4766805695473,11.208315809176916,13.668176797267634,3.9639132592876445,98.634167841834,0.7132604302250519,1.7701539310848036,10.097770518263307
0.021839276844061947,0.7310165334096568,343.8479916381143,18.766261791164293,11.34869106819977,2.9510518775594545,98.69369124672019,0.4283485383319253,17.938285892339476,9.433735956550297
0.25982669319968443,0.9766573832009029,1694.1646223873583,17.761019999664253,14.509573152886512,12.578594912017808,247.82916600172624,0.0,0.0,11.650894737424156
0.3420401262068015,0.7577217390948152,744.7174565713382,26.640867528176244,22.09408468155761,9.544155650688715,187.36905439227567,2.6370715887477854,12.203952100059682,16.40596650822523
0.07752342900528857,0.7822533869359349,1499.1648679541606,28.638865315407145,10.776396178540768,12.443763737574278,242.91260581533317,3.1040539810647063,14.254254157038769,20.616759569261575
0.24593004853102415,0.6222018568186013,3116.801586574253,39.63172718980827,14.198749593052266,20.22160201730668,355.1038599934452,2.2876962392847826,14.144449089687546,14.470314022579398
0.2907929844203737,0.8958445123302201,758.7259101758162,11.632943964174661,20.880050146779872,10.73522903486624,201.490223744484,0.3112607827651641,9.922856250425607,12.939205868243972
0.4423145252513623,0.29054679574741715,1348.648424819903,68.1960896020475,22.19274004988334,16.161048926470254,286.91845869041464,2.1402098199162416,8.71558289506655,21.042620183322764
0.4873472599491301,0.9527428828411958,431.08164371210563,7.493698277497755,25.058652503162538,9.767352405675037,201.84487096359882,0.0,6.02374328568933,8.767464025771002
0.43134644219998364,0.5510250662014375,934.05170315032,36.03429296358747,25.017141372943833,12.457616531167735,224.07691250140542,1.1513776567033893,7.317262723341664,12.08669531003206
0.2582609653859269,0.7503370319311095,350.6253770875845,26.767627093256422,15.889839557974359,7.9738788969497705,182.250731658785,0.048569630603497504,16.61756113235206,8.44576918276272
0.3607412829490568,0.42859759659843066,268.0761292415889,58.96503850867129,14.446068596575127,7.832973007940617,152.86880409698455,1.386806009054094,7.18518137794913,19.89309570515306
0.07178127507601187,0.83042951292497,493.47524207811495,19.94552478427664,12.545512257547816,4.774170775101263,132.2588439193467,0.0,3.675874892439935,8.187177237309943
0.4565381654937854,0.7866053455829066,895.070854065032,21.529338777007656,20.56830506788973,12.388368661773082,216.51313802305552,1.643710516830073,0.4483813739264999,11.755566124379902
0.3266987164521095,0.5247796384724014,513.8011267297256,51.17709229528471,16.230412700375485,12.552056891442728,222.9394962823208,2.2980383111366467,17.038615628356848,16.820651021902417
0.326384330048077,0.6612476849912603,291.9414314865579,30.484296866032427,20.406327583491855,7.631258936180357,166.16598274326654,0.9488967286641834,15.14927860208327,13.918826229080707
0.10180297049294548,0.5415451371122176,1049.374919938214,47.484667073320175,14.226326896355927,10.144277735134095,216.91356757796322,2.0994199596786443,8.696019404263168,13.846155903415744
0.2769338843239944,0.7280826831081435,475.90503831252346,34.758882603559144,14.5233609940442,6.7790065041462135,149.2865131158684,1.5889394799061507,12.731246613213722,10.103381018423194
0.23778156234276035,0.4777263964473922,933.2025804082266,56.01551979075934,14.592641351656452,11.562351109959673,207.43161319016653,1.416615476457627,13.209700086655861,10.309990610584123
0.27202712443904653,0.8031146571207618,258.86841169180656,21.639816110476698,17.538617772203004,10.274255268470124,201.87257196670714,2.7670954732326725,16.185992720312164,19.731688724613427
0.21199777365794756,0.8486039691238627,113.98077511865806,15.442779783097958,15.771378818348936,7.598282356063857,179.6550140690828,0.39069059257784944,9.511780778666608,7.991117493108808
0.4236671319395825,0.8760142393555631,1333.2191625040018,8.074801471058569,22.48237669913371,11.304889981330001,216.4425340701891,1.6196213492403821,7.427858719577653,16.56000613033876
0.2683728711270467,0.8000854648945609,670.4717019116847,23.962299630827726,15.997429679362066,6.652102241096442,134.00924337399852,1.1061590335835967,10.932056781015389,14.75031930802471
0.520965890119652,0.9081430590477206,2159.9055599558005,10.003749558453766,19.525823575593606,14.84099875103249,285.4421042370728,1.9998721974458444,15.228420086478776,12.35260062497274
0.39051099504519227,0.5083557402053277,837.2043872956418,46.8949867322051,21.418276997198618,11.715930560419894,249.45336135366435,0.8685404956082692,7.6461891405148865,9.380223123976243
0.325505070668018,0.4840463519159233,1343.2437320850804,43.981161025302946,17.85157421359448,14.499438515388817,263.39289590846226,2.1385108685284533,11.756461949310138,19.597810987648252
0.2880558843491163,0.4665954395724004,2103.599436258254,48.95714855215645,15.761574766209002,16.35830816338784,292.1170884557589,2.810693356815565,18.503379916853653,15.205427028169039
0.29199829872819816,0.9642400521773621,418.01033010233573,3.5904536344671927,19.139502765535692,10.814958923972892,222.77889388477413,0.6870390357447242,11.904781881622622,7.836262518722067
0.24856683237329347,0.7896214595933524,1453.427598025995,28.44396451593236,16.03498203712554,10.977319686523323,213.3031976603262,1.0972746985840607,1.271757895894746,12.547369335340957
0.1949452477668338,0.8507785450464664,2054.3955042615808,18.096400370195926,11.188716683655006,14.266213714165909,270.98632266110775,1.1698168968107079,13.505702234292242,7.253301032054334
0.45247613691617783,0.8901893983442493,473.9146556270611,12.104819132297862,23.040563356568633,11.109943223691591,203.6519265685336,1.4596948497865383,5.896506423974839,10.903224986123652
0.5129385199892718,0.6090580677291916,315.6867690642289,41.324410590047584,23.465507539500184,14.092028929431025,269.6593740706787,2.0631472008249383,14.120044433654812,14.811972187342768
0.47333182124475354,0.8240725753687382,873.2903823862648,20.056396868485376,21.952004012771845,9.985249758857453,211.20239740947747,0.0,18.037308241058007,5.494756197059962
0.13152776696271978,0.9126313421804466,831.0560465053638,8.083906754011977,12.257928219141567,7.0377556049238565,150.97511058175598,0.9679535333104651,9.91865973049943,16.59234904945164
0.3365202039876036,0.8889939009595667,1143.1962314700004,21.300047578665954,17.30347799629232,11.82844140488481,223.34455492900827,1.7645340194799863,16.597842841408504,14.659656959033137
0.18628693894118287,0.8993516213743417,2093.4573665296152,15.050722100691994,12.515315830882312,12.64259271241686,227.52663616592812,0.5583970824926621,6.165965678196363,9.680949538811475
0.34595384166069076,0.5387704026737987,717.5640533052375,47.975388186519794,22.22676618270215,15.165135000889052,277.67195654254,3.3213331818231406,18.577623327493082,21.234793566995837
0.1494361867317033,0.6309229030614977,812.8737213806102,34.56832362897651,11.45028243572137,9.21561577239768,178.3224053564812,0.1751803074005962,0.0,11.105214381552365
0.03008349844730764,0.581751158763422,1019.1967603113065,37.587523383528385,14.313273618449356,10.5533653261303,207.78909687970966,1.38678703894194,5.289928314602459,16.52563622842984
0.056068743021767224,0.7657130710346088,771.336306006772,28.878003726791437,9.426869599142808,7.861445572607513,164.45473337580998,1.1210040044733445,12.247949399403797,11.460956454484295
0.2612961840089088,0.6688721723459282,1395.1150694074906,31.090787381237746,16.039324201125112,14.460913198154625,258.0953306941536,1.8976858783614128,9.864442273109098,12.721610369385672
0.2876112946254541,0.6474126558508871,313.2008370043307,30.272943869954876,16.290846608238038,10.663373720857352,226.43471494126462,0.0,8.173909857682482,12.285636979028737
0.5000156279491232,0.8211118550882459,283.6539932568309,14.249502744122282,22.199805921210693,10.096630915942733,187.18996497433662,0.19787330772704048,0.0,4.575692975896832
0.2903764368544926,0.7273600072856765,723.111781979675,37.46456585794914,15.319608074077596,8.554087815278859,168.3241526408556,2.293035643901524,11.674252864639529,16.850852869362328
0.02907625451751982,0.7687777198043209,207.2172996263198,28.211306405167292,13.603494559360007,7.3153752969945085,160.6047743739971,1.0322439922675828,14.111414197267798,13.259082216358909
0.49592984116654354,0.9146405389593725,349.4110399288258,15.068910240961582,22.80068946286276,10.65003546955867,225.99405081140716,1.0468927790082623,6.435322578985169,15.261067289663089
0.34362021566569645,0.8968101502447117,1666.4045363310124,18.596068718443295,19.508063394900617,17.172217307259068,299.9246880376423,0.7850139886884777,6.008627796118946,15.36478519412837
0.21965868394558363,0.7899149389300906,1235.2283430616628,22.310964774027674,18.131279170955537,13.860199923188222,242.77124536321912,1.1919774522480873,6.010277615303812,12.943645784756333
0.2908632306953115,0.42686981186247097,1179.5046799223107,54.1239471857059,17.994196138468126,12.676523946846252,228.9425222831399,0.8021853597862609,2.6413273092142617,11.768204026334077
0.24893973955022047,0.9631787615155936,1866.0439751808294,4.74653442907559,17.84605935746593,12.790175977220896,247.50659387945322,1.1015055959705156,14.20017571151239,10.752634514401151
0.5278539330682537,0.3880824260530188,3000.5811116806717,66.06000688072079,20.93752057270145,18.913968342214165,316.5841428380362,3.865263411307046,26.19100328385585,19.131282294538874
0.14896258837376225,0.8373597749152142,368.13053137208027,10.043155574859114,16.974612845070368,7.414049131057576,160.68283310563086,0.6081963775369169,4.546302572157791,11.688504094098409
0.21488581041977362,0.8332061185121841,1444.8564165333069,28.848648600718047,13.895719285748825,11.746414022499877,215.26094761806553,1.5516457485758814,16.78438370550982,10.517987697834656
0.3660275348726493,0.7901730277393564,1729.7104795791463,33.49473451586428,21.147411759834256,15.686403677044925,268.6178403357708,2.2679184642271424,13.277996311892416,12.47539892265089
0.1325636944112084,0.7698975096301977,409.3285921508929,32.74224856731329,15.032035967902768,7.377787056947226,160.35344913927338,0.0,0.0,15.259156819670476
0.28413933014063425,0.7809466552676213,2108.4456372920217,28.84746782054843,18.291816331548738,17.657171397268336,316.66943732860835,0.5209818118968144,8.417781756508406,9.827059700337644
0.4074367328430091,0.7540802226106742,2365.6858868511695,25.195822739804633,19.68961340757049,19.030089085874693,361.2561443026244,2.0286539453530827,15.915365071005306,15.001682339311374
0.3851154934001735,0.6999376302486582,558.6957164800094,24.977396108138027,19.810388180487045,9.435050243596198,189.87986625189768,1.1282156647040453,0.0,6.9007118685931275
0.2930621017248878,0.8250479012698669,216.2703733591544,21.19215493132001,17.477916259399375,9.5044612655804,193.62899829188976,0.0,9.77975632491151,11.264918676796668
0.3218012844627031,0.879564545424781,1313.640980128672,12.22993740827937,17.466776553776455,11.177455295367121,215.46741605349365,2.211397911763583,14.412440279515884,16.614985936837783
0.18673404141398364,0.6806285047632743,2070.666575075842,35.81426504089308,13.456094601864816,16.149584456229327,287.2637822375168,2.3558703474768894,16.456188087588654,18.032027443170715
0.1601567661695157,0.6486401780270529,2617.1068431856042,32.65743690423382,14.913812499256313,14.391994794635496,290.59085452372284,0.43110548239879265,6.4635013483402854,12.23714516881633
0.7348229444743499,0.8356150283883059,709.608654910878,11.99907454821008,29.767588208890803,15.364631602348176,283.1691955597051,0.6518247868820866,2.9358617312219293,17.97264225127379
0.48762108489275746,0.865570890871837,1307.68431723641,11.346169698736038,25.7565973525102,16.368140930906705,323.1491159541158,1.4060970533763761,3.1574178460509206,10.931220508663806
0.04435483874573337,0.6574944600038312,1360.0583545238499,46.33304203420296,13.645858191167473,10.849597031331102,208.91498457491937,1.2789182680821587,12.512447178131104,8.968203420832388
0.28023703001156436,0.8560864982135513,564.1394407838562,17.55492175758655,14.633915215111216,8.949697686600508,195.67186896255134,0.0,7.428095406535304,7.4418095542083975
0.23571366722564635,0.916583892525985,2057.80728416387,11.280023408105814,14.20322232402892,14.752472157616133,266.7730630126549,1.2459931337181767,4.631161336196429,12.682473955868703
0.29723141870956066,0.8016378126303976,1449.3429502461086,23.487800358850784,19.3859164661261,13.53706162857812,250.87670364890835,2.3993240718634277,12.983803965504723,16.15424808587147
0.2718320493193998,0.6521887079927572,725.1334291023097,33.42323963233711,17.82132819959396,11.35693017884355,216.87301310130746,0.09161482912019903,5.3010074266485185,13.178974497572497
0.18591434472289228,0.6420470037532637,549.1748595233082,26.18235288418784,18.58886815629687,9.134163341509495,170.8892054643894,0.4124793297428091,7.645997621681241,11.019274562862593
0.197179779593959,0.664140042090941,465.4524273645666,36.9370581442608,15.306604763514494,11.473143867531213,234.58743359758773,0.0,0.0,11.047584698143716
0.1121474163763084,0.8834294427733066,230.77566461805029,15.06457098017782,12.545383945820623,6.6311297182058775,149.59777679700656,0.0,5.539860090279225,10.915971355123302
0.638154927978651,0.6257045050124685,509.774545868338,37.3307203722787,26.46974713506194,13.331352002894068,233.01182638117396,1.8922727501118717,17.367853383727258,16.056305954163168
0.3437808382095851,0.7891290205012831,1217.0836836724452,20.354972071944143,20.235072228386812,12.551111303686488,241.16336973234377,1.1888892051810052,8.201523167141687,16.347604030336164
0.42721890191311407,0.8675682759609997,199.1292005347267,23.563076749953197,20.817549324742757,9.923017849696533,215.52348997877144,1.7232382857377233,8.539592107007367,16.395614191049876
0.2169249909586268,0.9014530461925598,709.9189322336478,15.712052571018473,16.402390870412077,7.728343577393934,169.8616019176374,1.223908323540031,9.635508601333681,7.851099908420485
0.24477848950424114,0.5809852787419091,1768.7821295545218,44.63532495348226,17.456910603184667,16.16041723929342,298.8809257867796,3.1027964453258434,18.537505911656638,19.26070191222749
0.060324137668070855,0.6952844262739393,153.33075629367124,30.59413220077217,12.54627985704237,4.328894156027588,114.12109299725289,0.5558151517798703,2.5256907171154817,15.135092019982256
0.5858770617202335,0.6363717996663055,1236.514728716547,32.08042020791383,27.27162784076183,17.988015624488348,289.3911886520525,3.507088115253595,18.70982697182754,22.255043171357237
0.22696357978514498,0.9192051960297906,1718.6892419472822,5.4961842881404515,17.371519977625102,9.991023803622728,178.92214654532714,2.009478266237408,0.05248876570362704,19.395382653166614
0.12784453448166605,0.715616380288744,2393.4418989691835,25.81397608309499,13.046653069999698,16.694392370227327,314.0003759293962,1.585319586090564,6.369046934448346,15.137385958148652
0.42009104223380295,0.6350706242883286,933.175049462469,38.22310639538204,19.379271609593165,10.937253008650476,204.68011211697421,2.22649583303162,20.93520802302363,17.682867107624023
0.33283155605994913,0.6189789147618856,670.8879265277235,35.874170298339614,18.236805542675192,8.268115294234581,162.84798162141882,1.7220976198341222,3.252406054440968,12.624582810901893
0.14929579115850766,0.7990633683540298,1446.6989728281196,14.189780734486725,14.20554574723186,13.278945891058116,240.1302591763058,3.295037007370565,13.099721986871836,17.965754236968074
0.310354716531415,0.5635416433066198,1322.3715636732784,38.183867996479854,16.221866845679408,12.334256885987191,239.59093449309157,1.6249967880960274,11.610054934831116,16.19071300054517
0.24190735497651317,0.8273199520302431,632.6258792501673,15.097729574339631,14.366143798947904,7.689114951893811,158.1228529390655,0.26367761846453885,8.801957652810522,7.207462481386733
0.07811650103791058,0.5230230225998309,1015.1155506456583,47.07555230162923,9.361734899272292,10.705430063123687,204.0435450095934,1.8591866829463544,8.252151648805173,19.312022128503905
0.2852205698888688,0.7634339706392174,412.0650828230152,27.00625449153532,16.689958195408778,7.832087566676141,169.96967650158766,1.541025494357231,19.737580614746527,13.324305965092119
0.214267920577076,0.727726105729344,1320.5314860442472,31.080553124579968,18.236480545792926,11.844556553871705,215.08301054300523,1.397655888150633,8.770940791166272,11.376677690566016
0.21132932483083694,0.5276226085611923,173.86842564106294,52.68702606424098,13.2350709795126,9.319599034280852,200.06519207764777,0.10613575508262324,4.935958416471388,14.062686980331968
0.3463519481773644,0.47510640035053214,2637.302344447176,56.19360664689913,20.091601080071115,19.391786558083844,335.4449775529808,1.5216388934064855,4.897912062233206,12.733003256683375
0.4314895358450279,0.9795061343645262,696.9264124207905,7.834120653986533,20.23564619521525,9.351284777755705,196.76643628679483,0.0,4.642431751409007,6.799881902091454
0.09838940274786893,0.41857087163989554,1912.2243139717066,61.02627069742169,13.107931340722091,15.270052056483559,274.01269950248644,0.9164115894651426,9.614665075769635,17.204710890685778
0.30736401678307723,0.8385692604770818,366.52201129444006,32.67598830310682,17.582358361942116,9.517467860941709,203.60490333184438,0.535701200563693,7.890408213085568,13.176454179392206
0.2787622083800263,0.8440375641134109,373.99066789984704,16.913657343002996,16.297771179384096,8.915788666504397,187.08736806407126,0.7228454501244953,0.0,10.278414853322065
0.1817001470182325,0.9447018782134032,712.1057209643898,17.199077911648093,14.494127489645752,7.0524652921722035,153.08737561001467,0.5694436951441673,9.000744317447836,15.160407424179445
0.2882633527105669,0.8471872755255649,1379.062846543694,19.3282493700344,17.447621213745055,13.139445325122585,236.3023566748203,0.9671262104012782,12.779295524587312,8.165848822165163
0.013644721679112055,0.5910163619233726,820.2630793605434,39.47081803844767,12.39022711102481,9.191527536204887,167.71315822806085,2.0252214614942297,11.70852751188527,13.87297633972112
0.04908980037730137,0.46237961301937514,1914.4954686499575,50.302785588093464,9.916941450665474,15.362150322373246,265.4234932089447,4.358131522746814,27.767529100160342,19.38999449384719
0.4106841027009865,0.5982014509437865,1787.5146151474464,43.93897035743582,20.28596637803493,18.517081337210733,326.9049321650117,2.656181957277128,22.12036701766098,13.90770255573685
0.3092513374860239,0.95983962403413,688.7427616802552,13.639152229963772,17.792007530244206,9.001859222763786,178.20777009804382,0.4770644766254566,10.194186219866518,12.030260904396929
0.20935807520989871,0.7038997772662857,245.32260676114268,36.46049954077474,18.06396229243879,8.396466305272114,179.01227637595812,1.1373421848422194,9.410218935987524,9.295945248001576
0.17295220520742594,0.6875446416306873,2829.493118682219,24.06862122317243,14.449449140254766,17.977801103945982,305.6976591920676,1.5782753032338004,9.078939786965917,12.218924220242148
0.1669340199486091,0.6976538656237138,1758.9843080870505,27.678981519136027,12.443733066157641,13.892708927825288,255.98607938822306,1.0529970066352976,14.819992216950002,16.57388042818174
0.04394342197092234,0.7381139232700141,255.17441908969178,30.0342487345708,9.545691719336302,5.796582436250453,135.3812345608081,1.5486230483564187,11.443696637488655,11.193753508824972
0.13272885798915504,0.7582070339284801,639.3657350582052,28.632114594993297,12.920710891940525,7.215450939009655,161.15557575836507,0.9647661869276989,9.750002506537486,12.978157517837927
0.4119626445850902,0.605766580382755,1194.876645199315,42.26028597815579,18.796113570985344,14.14820705608043,260.6147501767208,0.0,6.015737375000659,17.66839288605736
0.14356427123958007,0.6715953184288155,216.49158686440194,33.02463321997204,11.686240809237137,7.695763691041034,151.23970369850932,0.5820880581024316,6.028416492982648,9.440334183244845
0.0974716880258337,0.7147211269007431,1173.1697809965303,27.30225755432797,13.730657802194262,12.387448044699532,245.27788914799214,1.9293207889192148,23.35613830942559,21.86980369423171
0.01647399908054687,0.6606059694587728,216.52940185106078,33.598264814911346,11.71185841487953,5.5990915948449995,144.2595280199857,0.5812339115752716,10.298780200768359,10.01857318223521
0.23622415874717487,0.755023464933939,1517.0158835684847,27.26361309629363,18.51321578077907,13.016084437637224,248.82674100515501,0.358326139042043,4.280158301039808,5.945122274887463
0.15485605570262959,0.614572060788728,432.9282309671593,37.41245956086894,14.044893343861924,7.725314111273574,162.00438477581298,0.5214418465910414,7.79546362424281,10.252241429391612
0.25223511471631244,0.9145170770404126,1774.2277117757033,4.894332327224986,17.95611188203135,12.861787601546043,256.8958240003513,1.5936515393414905,19.09433683879017,11.956849064937032
0.5329631730376085,0.7497353595597824,534.4051000596569,30.07326042800219,24.241229248602103,14.080652174852244,270.864293234815,2.058237737168321,16.11778327214167,13.031606755204404
0.10098032134775828,0.7907713335407169,1178.6284482794367,19.185023202412612,16.977693757014524,9.027672961814439,180.60652118301104,1.3904567765138647,15.916105110057261,12.010917168655496
0.5457036126571254,0.6505705475940342,804.219901305847,38.8772912999498,23.43250354492857,13.629287378822358,251.38917645542085,2.3739632412512353,14.441603251985734,10.679571886680447
0.5781515429233519,0.6974236391126555,661.7708204486672,37.7708030973116,26.78811898008485,14.918722625460989,289.1018024223175,1.1634662117925991,6.887255021670258,6.4453684691569215
0.5118436319696388,0.8341277957975148,785.1355114712912,20.406209577325164,21.39044502943584,12.390348399257176,226.34600547009111,2.639260346771411,16.504417062260313,16.711597735049946
0.4253119627780496,0.9329566071723419,281.5191590407727,5.5883705588054875,18.144456218986956,8.47191852968093,180.63196758335883,2.451308644998651,7.044593194201452,17.416340691721363
0.10728593619505367,0.49868404926642584,637.0777527730111,49.94297922381674,11.012794413007096,8.919332745300563,181.8894571425032,0.8121693686585892,12.360626331638722,8.04480536806081
0.48274492839424177,0.6593278351692426,1094.7419590406885,33.699769990410736,19.911398012795026,15.169513503462868,279.0667560794512,2.4758420255825597,8.299967093192361,19.0975302986731
0.3434555317890694,0.9588011009631701,639.4150264845243,0.0,17.953363656962654,9.57619417102857,177.15311813199705,3.1479270524575647,9.942907956192656,13.571103187242073
0.3336178942275206,0.7421182300675603,381.36494458253395,18.305127651687705,17.613495768759844,9.202788932303648,187.59611954418892,0.5647201249266142,4.9835144956653465,14.134545414447638
0.18768987968296616,0.8764409698302066,1232.3465603534585,11.563539853700338,13.017714853381964,10.271445511855347,184.01009288923657,0.417063496492049,1.1640569985815459,16.099820385922634
0.08700533172016206,0.4863443021332142,2169.52039489127,55.89522004936939,10.946585631356243,14.995578551272573,256.3262899653653,1.6824008882899268,12.266739320544405,13.250008199834829
0.10100797879795956,0.8719964291290093,35.41965004295007,23.933675648470008,12.15254922701362,7.010516849593236,145.1099210317354,1.1430097628334825,11.419009005909913,18.838691095822867
0.17324643208810445,0.4099192959314684,734.4169822852057,59.5141832152482,15.944047029948742,10.416902245414015,203.99152609509557,2.216825893997738,7.1247600623203065,14.336388209659404
0.4091221860478216,0.9068364137153782,850.7688444586923,17.13287056289466,17.54238944540753,9.16884898902796,175.92711099394472,0.37162566744091474,4.707939298209149,9.3474121113015
0.2550604581901402,0.6551580500271168,1074.2443680934293,40.90024977820451,16.486600838745776,12.714390139645243,231.5989008449576,1.423020501172034,13.336594879328466,12.233626722123542
0.5528535659637513,0.7347520920146584,623.2537057526283,31.698317949062783,25.446553679067776,15.925111355401938,293.1169940824214,2.6021900270486453,21.307632545442743,16.11812272594747
0.7757774082370384,0.9009628069601208,979.6093024581926,14.347325445255317,31.008967448203236,15.11425671553295,271.058813415963,0.10551865303961416,6.556865298929856,11.113516647355134
0.2937209511433262,0.4272851374578776,219.45398936996773,51.66451455681418,17.497922459544956,11.43107820500553,207.22502179840978,0.5660609140633488,8.687678898101085,13.356336718664753
0.2444718952190522,0.8863013048060677,977.0359135779204,10.558317529014966,14.556406455840728,10.348749172810033,203.86615803048537,2.703257685288894,15.441404288710881,17.411819238020758
0.050058503111262274,0.4703093531754459,310.29397636462744,48.5909608600646,9.894237204026908,6.03110112230311,134.07040206970566,0.0,6.518809229202139,5.499721948583371
0.19180384094392983,0.6899977776008663,647.7660175921601,30.854504042290138,19.086844666511425,7.7167891663114885,163.96351501773913,1.381733356579351,8.517369609215173,19.79463147276452
0.3570135271206945,0.9521437208369019,3559.0256605298637,9.757820060657462,21.45691862470701,23.348022122335447,404.48937785237007,3.790408713026525,17.58839563272069,19.28388046882203
0.5116330664308445,0.8840251487022389,647.4292857609641,9.898719495514452,23.1254825761327,12.182615866218601,237.24347504606922,0.408307699959122,3.3779652332131898,8.651059768917866
0.2538407604005941,0.6915925394476791,593.8045840042582,35.652209385948986,14.358269982173029,11.127822558902523,208.42531981050706,0.5774342779824234,3.733744787253009,7.457938586250182
0.16966583531227608,0.7045597279128671,2348.0652636752952,26.25329053888988,12.919289535234025,13.818457537510866,263.2787555289097,1.3724823180313996,6.537690216919673,16.898982118447535
0.09053628808511736,0.47497065453952636,259.72090986305926,52.395431111152284,10.405693929963528,6.874111634893205,139.43950837609407,0.40573065017818866,20.066663772596634,11.092933112167326
0.25760434075314353,0.931256496106146,376.2980822116793,9.472062932180847,18.157767124769002,5.961334856079504,139.85221470825743,0.202139465013091,10.35596430992318,14.15377744563574
0.2643036800238186,0.7592602900573752,470.95871957985474,31.676226961454976,17.588740146645524,10.157737944468142,197.4745218583745,1.6084520385898378,15.277043053925144,12.023230016182877
0.526975717493615,0.7006347498549924,1420.2155830862914,33.268331172809724,21.693900127109448,14.81061490137762,256.9782079833868,1.121918796680852,3.995217067500679,13.571756934435255
0.6174565444345574,0.7263015568541589,239.74097350584896,28.89081825439908,28.478449091617208,13.45152311092948,256.22596261259133,1.807210969933112,12.70904993461105,17.709072136271523
0.07953329124017731,0.8893705518307841,766.8732776604958,7.139090813594858,9.254209944913088,3.6204690566711375,112.27240736803864,0.03811640330828095,13.925624903557335,12.79614255404581
0.4524459910843205,0.9654833321397994,398.7443517853757,5.09640864925801,21.38606736780124,13.266452304610777,244.78436545651022,1.045913857787955,11.045888498567777,13.477185486154156
0.14848327110262693,0.6012580961095142,598.130719760925,32.7663422508931,15.224531130616228,8.362841511975741,182.29014948410534,0.9925976619010863,10.984880064945553,14.977314271445355
0.25416171682297256,0.6844393982802284,244.06542201435343,32.2002707638495,16.982332159492813,6.575958948470639,139.6750024559696,1.8440031886571133,17.619437858550356,13.943955872702968
0.40411912149087437,0.6031903092886527,88.00605352661786,40.480485718158455,18.84923398930778,6.692549828249798,151.93642644458174,2.4052414910820152,9.131997151691536,16.12214104065615
0.3021685495972781,0.6171878979325816,1094.9637547970312,38.450831937530204,17.46624021920959,14.16850182716395,261.6408701344817,0.5445379309765517,0.0,3.6876013895079813
0.10796967084257438,0.5497597370271721,1594.592716865128,42.60726970165415,10.825003763160904,12.990914641167869,253.94365067349443,0.01184030154928406,3.5471524688740796,7.933982469585082
0.3309736900824852,0.6580628185470019,837.687611035818,39.66722124997095,18.65971103353404,12.042373759848253,245.6723977305878,0.0,9.19620330929996,7.664481479747907
0.3384946447092807,0.4179581145726169,1676.8967407836676,62.27407528326821,17.560922603226324,15.309355254611136,278.93990443302545,2.1456438956070096,12.700852926518408,14.492142967564948
0.288434918220299,0.4921207038923579,1235.8225446055799,53.415301680089,17.310196465950302,14.494473036933162,262.5247415910256,2.4293685739813724,10.175640177398869,12.2169147479378
0.27393739802644435,0.61960468455881,283.74316003382717,40.04679638382957,14.219121792413931,6.99660046055892,152.61464135628532,0.30804862924970416,10.005098917828782,8.99236476585257
0.32994595596720117,0.8077510593017535,354.81994359274427,22.942825653190127,16.09057740218163,9.900779906610026,188.7258947638049,1.7901402123052714,13.425157430219782,15.194343258977327
0.08339164238319596,0.33902822881768474,1554.2789060385398,67.29570988260014,15.503105281132193,13.355326296761186,252.16092151265306,1.1249534507242371,7.772091110380249,10.260736445028233
0.5256719206735708,0.7364940811993114,2380.141224642688,29.93927628032749,22.83907578603117,20.673850863422555,370.21161141506826,2.003067388075841,9.16818060022035,22.506070552617953
0.19121376766591586,0.8754238414152212,1341.4560749782122,11.7832201161003,14.73317095375236,10.906716039279782,225.96979912574076,0.6493791496756477,3.2652317459421525,12.294967095494432
0.3168740933353345,0.8771576678099674,2172.5210475711633,11.980453300440015,17.752015588691762,16.89995017332608,296.7399910513301,1.7473700154662297,14.105904507815449,9.264056245259468
0.50665921913386,0.7219629610137233,725.8221558857405,22.5300034528886,22.27145803246222,14.908743397374696,269.49713933059087,1.4425271192358806,7.800818636106969,14.917186734329402
0.29743540445775424,0.7771959970240404,324.53999609266504,25.311957075418086,14.048491244673706,7.634631724876529,153.61167248957457,0.761879626810205,22.84086820369337,10.70712914665933
0.11710725996151776,0.731396177789724,578.6341753283172,37.93886191019625,8.56980639427739,7.182689083524209,163.61673380646172,0.5884328927316016,0.0,8.461048308419505
0.24149252665945822,0.7768784710233787,963.9246759719907,20.875839773576594,15.846932070191855,9.618508600290527,204.10729791923038,2.0199855741709145,11.380859770608698,22.117398771843312
0.16059270187588232,0.7519410690633376,1744.3870640854536,29.638660876859575,14.273142045435549,11.057218829829651,215.7514195361641,1.0975985508118178,17.147276947848127,12.220260330505056
0.19509482767657477,0.6339688632349949,1000.5983619425405,35.52031899465306,17.434226274650687,9.389129029339635,197.29371266985262,0.0,7.028793596783853,7.130038584107658
0.8347218540497768,0.8520286765019713,423.68305022143085,14.06664326682341,29.465848380015483,14.508848855548912,264.3982003252401,1.7287632995238649,8.497313433238467,13.473648976457014
0.06316951732223079,0.5806537127979103,2385.282057929676,31.014814499675197,10.273077292119824,14.617748601944012,271.6569326237462,2.746461384915238,17.640898643221206,14.13958152148684
0.02276196051436705,0.9210248144695906,1489.1734497326656,9.032012414363694,12.910010446902898,5.934014469196287,146.97076973185344,0.0,14.91114677413784,10.893739156874851
0.22905021610107618,0.6175429414318634,570.431676593345,40.13963711983521,18.74640575268245,7.732553709400936,161.03740529312387,0.0,0.0,11.850795546164914
0.14326138801196014,0.8731668203729899,1596.1908244674091,21.744957562393736,14.438811392689903,12.004480809412183,223.13195601678436,2.148659660752153,18.392215518954565,17.919514485594664
0.07418614005628403,0.9325536426333767,1209.5518900383809,13.091227673766323,12.66184833360696,7.544632147347424,146.05671688422322,1.9710706731771266,19.10327151716119,13.757275593459472
0.6080674872895128,0.8973873684949888,1159.0750697074727,4.971522647190206,27.61713985690265,16.067736788739783,298.25029668576224,2.5391753688335656,13.92392079519554,12.0087500699154
0.2114364730896526,0.6329483344667611,2072.416625660899,32.43055766356192,14.453487510934469,14.16360238001621,271.8784506432754,1.230280007581602,9.191791554421114,11.72485672020046
0.4207951022448755,0.6179860936040491,396.60069040495955,34.49400932505341,19.176991333450804,8.166800159319196,165.8276645010061,2.195589293888511,15.099455373539474,18.993201722372767
0.23004071470551854,0.7788556201409854,242.6077736109891,21.594158713787518,19.41322820935555,7.41250927566039,170.4157249483702,1.888476462263069,19.64237974854888,12.969548226333151
0.21702498513908325,0.5322056269553953,3247.0840828127616,46.86647446357914,14.344095970219398,19.529823433166207,358.29925705771427,1.587158836030599,11.314080589097113,22.911274258917413
0.15639334060682913,0.4078066334253103,332.3173692042315,60.01131132290609,16.928608533859098,7.468517550450784,167.48116545411193,0.0,1.6439063909096245,10.597113824394201
0.012992269877256653,0.7186555706419943,960.0618742450566,22.336651944628905,10.009456308405706,7.112162237709186,168.54385697224157,0.0,9.119070237293137,3.55237125057592
0.11147361389846545,0.8047729475530342,405.6732540563082,8.029116621452156,13.697749747405435,5.071545082951177,143.7667039513173,0.0,4.947438765523152,10.27610468147954
0.19459753462355506,0.32187902538096,1434.1388205481826,77.92811875412919,14.920990761303838,14.867325585966299,281.8029580356918,1.4210123641131471,17.458571713593177,10.690119845393422
0.15868623340877108,0.6804399660271989,1516.5851683984597,27.200894272074454,15.400369484273236,14.347398248405682,252.63810185212859,2.9703297236517563,7.026756615026118,18.960517604067313
0.2587919176566178,0.8002602752350504,738.2516021995451,19.5488751974195,12.847683974401539,9.2423110767541,199.25511895043422,0.5241081151581282,5.030734646147355,15.019369061456805
0.5181694103308128,0.5956315055130906,369.12708991279595,44.99126690729734,25.25864085602464,13.044440878413273,237.6628791953153,1.4957366246498502,7.565352173226662,13.926817647620059
0.1482992037302178,0.7174020753785232,404.6152110351248,30.911423824012353,15.78142825446251,8.7975349227067,178.6424448374715,0.0,6.061329627657294,7.501080560875406
0.3600909128220684,0.7483677879859261,1358.3752258888417,33.83848722051928,23.66386432926,12.866901042930925,248.81997387545485,0.7442432029109972,4.401368097009598,9.896087966429814
0.13459214301832323,0.9372121418285648,846.1067928924103,15.223647350581965,17.68397309070393,9.030288274319991,182.46063772682533,0.9089615898528945,7.586660904159481,15.016373036527987
0.33830377405203615,0.952165767859808,355.5045868694575,12.675586592032175,19.739924869727734,10.763053182864152,223.51689506381217,0.0,0.46651340640428973,10.344868907559956
0.4365759260864882,0.9591728003170227,890.4310207197437,2.8067529344519375,19.416657727316604,10.717875967301934,209.47508032268956,0.366480445078452,4.098801797892376,8.641029044093397
0.1662456301136576,0.940636443792517,1538.4844012229833,15.991098794074102,14.201818390784371,8.595743175621127,176.48697151451228,0.0,4.034128126958542,11.319305030824076
0.5365191069491637,0.6580078805158182,3453.4535613114713,24.059261260381746,21.9338153819843,22.838863213925663,389.6695550210119,2.119071993317134,20.92316661416779,18.928887252111974
0.2534526595338046,0.9855191839078705,1796.0399777799096,12.125847940673438,16.2151393701134,14.133858389063336,253.72152963614116,3.1979766012625097,24.51749956748954,14.43853043491374
0.24719484757486457,0.9088691180269121,2242.947359913822,6.458164438549431,12.229760365831448,13.933764628911899,252.87658037447878,1.2149535399388744,11.11482073420136,10.079984751727004
0.40538724876522947,0.8513950777363737,415.4417153577778,18.828550173120504,24.301544236756037,10.473004186084735,203.0002235113164,1.8233092866948342,10.2443840993841,14.587481247681067
0.3314113247271629,0.8439811068954263,1852.678048016737,27.14855802289167,20.999814595428266,14.706509363662855,284.76109866966334,2.599617619841565,11.334763786385365,20.53548955397728
0.18813457064436082,0.9381817157863026,431.9317809132663,7.66860243427598,15.557234819508807,7.916133150586048,157.49317475581577,2.177194537747604,8.712369291559417,14.954094198937659
0.2511343443727369,0.6418967179404952,549.26446939655,39.13884736910538,14.749260375848296,8.823350177686649,185.30917802272432,1.0780414988808504,8.976189746012317,9.006076125494507
0.2008395253012867,0.6984554340195723,1329.6786663626585,26.663493821538932,18.487815712892278,12.651774386596175,248.42838880563528,0.5320603680642163,6.7488163715880125,10.89374864851138
0.2795378788636967,0.8466707005406579,1648.4667233013415,20.053069257374524,14.037254471219693,9.61847815564216,198.6143836294948,0.4005453734480355,13.664618946096798,11.561272540298376
0.3937564958875829,0.88219792786421,589.6484662904147,11.765512758849697,17.567180509711136,12.1193652611895,241.71004439505217,1.2584900448407423,8.017397354039112,14.155693962972741
0.1093834529146128,0.6795438116705855,1224.8227262355924,38.650250068761295,12.546660794604009,11.528458932269979,222.49331389149316,1.1311614125465532,7.4906853623600025,10.693473623853501
0.38467648288987233,0.5272686221027559,1385.4171310359084,49.11995533655603,17.81695839737222,11.154488466051301,218.15212397466937,0.6259061844676946,2.853593961002261,14.504330762519317
0.770052017888897,0.6655024754908834,794.0178265391961,37.82934419233687,29.877220764744443,16.062515001853846,290.34644275855635,2.2745579705277166,13.204563368907381,18.779703891430877
0.15576711173279778,0.49048379610866893,1490.499584648167,50.60607339635849,16.553303114255993,13.200613371045154,243.72009995121974,2.307103598287716,20.117918188873993,16.5882521280414
0.07749447671557301,0.7549420994677668,1082.9388392084866,25.80737072055016,12.894370103392184,10.642982008299349,210.60599103377893,0.0,6.226000923966401,10.715775098478392
0.13150274839095355,0.8257993841269577,1977.8481783176314,25.666433831321893,14.203881991135491,14.650207367492762,262.58969064784515,1.8588300165963427,12.687014978706365,15.328859632327521
0.23540615324981262,0.6852530405812345,1414.2842502616436,30.203661059365118,16.753656441649515,14.68306803972068,300.84735916853293,0.05054458270292794,0.0,6.08020805610292
0.5260272179740718,0.8734346925313156,355.42885010565976,18.519440910413685,20.611867481973498,11.72179396398774,238.94474646626853,1.9086188512289648,0.31600914405288627,16.401985686296577
0.3942738753285094,0.5256681322826817,315.2430439593469,46.84023308588249,16.879267149419444,8.441107778827742,181.49541468409697,0.0,0.0,12.119073194804924
0.24174887895501412,0.3735177146653988,232.42569812823547,57.34138292405811,13.230774249358634,10.515227705558303,209.5687763902202,1.7909822747139503,15.593709764350445,13.568468834839745
0.2574259213603262,0.7459540781234315,773.508450446089,43.168824651847416,16.59791573905004,10.633156310617075,208.27044381962506,0.0,0.7414412817332625,12.362133917693452
0.42452380346103497,0.5758643117762668,2165.3280783540167,50.20863688060012,21.34799210016362,16.871135414218635,305.2517430573925,1.4883128873808746,5.503671265593951,14.354991633421081
0.2744054258319809,0.772845038057093,545.062484500709,19.50147335521845,15.175507598572711,5.242145977730004,124.88449065472727,0.06084071432553012,0.420750964896901,8.563605866070612
0.453606031143994,0.7169348581948184,3038.111697620842,29.399034200263966,22.918783540658595,21.490168100514946,377.5741113639976,2.7726029848561766,14.962960164621201,16.680990926846608
0.44885022780772255,0.36429027760353894,942.3152820245311,64.88079982126143,20.501392130275327,12.416222772699816,250.18831469716545,0.30410960215832283,2.7579131555525085,9.8413435997517
0.20999445569288536,0.5412917035362144,955.5907712215519,41.368856772562296,13.515471575111075,10.129397132831667,227.88995183314998,0.0,6.131313866449899,15.873729900373569
0.2935588122441353,0.7081949251810798,101.67995316907222,43.47231031938872,19.806496151281227,9.842753630785214,191.5947738957448,1.9420635145658982,12.433322715529824,21.201650581336384
0.5455078871135581,0.682371235617666,931.2035991352285,34.87606075638984,21.942427227954873,13.82902261306134,266.67094328247,3.5508139878782194,20.33460744145128,12.1428921699419
0.32998570436593344,0.6615621037391269,1283.9651905359192,32.54273246685769,19.589586320213492,12.949530895427216,245.18133894321085,1.4910162807506309,13.825405814672326,14.886538609695645
0.2687560274164862,0.529019390528443,1553.5585553991239,42.32768802724263,14.459230785099319,13.50960967279433,248.50103217895682,1.4204839006044914,7.812536061975117,9.653387567206753
0.26597080862450856,0.7059631625432969,509.4039291557991,26.141969979606262,18.488430923511384,10.280979679310487,200.29766797919328,0.0,10.906112503150156,9.130389855595363
0.15330272349086355,0.9470383151947497,1437.062418142771,4.984002386615523,13.252707002944275,7.756749465797694,175.92095154775032,0.0,0.0,14.361915126794486
0.20258295969225296,0.5800355054303921,1663.189893100449,41.19246117593003,18.128900998772295,13.291836744794985,244.35752591925208,2.512492915028723,16.553133578632586,16.653445143125534
0.28729029297064634,0.8272873656967968,268.7109336658291,11.787693612112037,18.86452310290971,8.658475248319121,181.0464892392463,0.019416888649853248,0.0,10.84530575064269
0.21732338983063665,0.8447737735224593,1782.212041021896,19.558953184495433,18.757434269628373,12.872584648879624,246.35734701059437,2.710807006561128,18.102227174308805,20.802013956055426
0.2289530544671263,0.8644788643300344,1105.2815039279487,21.16300330584558,13.910824242231559,9.361925824904414,194.67940421798454,0.2947165990564624,8.152172745401893,12.445108049614081
0.11175032593066342,0.7913055854909005,2179.8882777309755,22.13114302050626,11.04538158242973,14.176331099875068,257.9779220425891,4.013474886804554,17.697108116322962,16.795252821269475
0.3017600981323885,0.7387433897160997,1397.839490798913,15.445132786099201,18.969081127029007,10.707603260458843,210.02676982637024,1.1383881953315274,14.509467107421456,9.770269367830497
0.3639425286088423,0.8039890108080897,1080.9659199216478,23.871974293031634,16.557044016996606,14.033690688110369,268.0188627100193,1.9674317299348147,11.41554056079026,17.775639851498813
0.21813812623441622,0.2509348895459719,1266.6027921846032,75.26250657805623,15.711009674992,16.537154288564707,313.31553493458784,3.76854212836832,30.39717486875641,20.55918975081538
0.4265641583667893,0.5990900845702818,362.36241841598877,30.420620252605296,20.937667733619833,10.557398322392707,229.02211670595656,0.12478507915591686,15.632257596102185,8.173265032784494
0.38847683076110184,0.8085274835940974,1072.1997392742664,15.459387582996936,17.052783555373615,10.73696141222613,207.28194086105484,2.7185704062228444,17.66297137979417,15.674639193295336
0.1527526169894338,0.8051476613181164,1932.6122953490462,21.988923954421825,13.421807332249553,12.916626798878504,247.08752609266,0.9937130349005601,12.606943587636257,9.144720663802868
0.564061046683005,0.7922657390015795,527.7341668299723,21.67162970029019,24.667981490717374,9.645874649647585,179.84004985419315,0.14133388441119576,4.874718573767856,10.83434524053923
0.3880949837839807,0.5134681322173472,2238.1411935739093,45.58198829296616,16.001496152531207,19.40903463843749,334.99618525057986,1.9592956419308631,6.306525955936824,11.954137686446558
0.21408279271831038,0.9108480629735015,576.5211619663789,12.333276538645777,16.22589964148838,10.552807041125543,201.33936566224924,0.9961696445480399,11.614617773911752,14.317421826851206
0.3053446456833983,0.8863735297314023,1379.4947203647641,16.074432423432818,19.171355987227187,14.258154771254103,288.97528189019357,0.22173633118699465,6.069959109187573,12.992825343064396
0.19274550627954806,0.6307843797907801,1971.9697496516674,29.61076605146502,15.553513416772955,14.986701080977396,281.8198973052222,1.2664639820828925,10.72920343966254,13.823337658224997
0.04869764046615203,0.9141909931596142,410.65348455286005,11.970811592187214,11.647243007759053,4.3103081049919485,122.44031140658528,0.35332431905369455,0.8606334357065784,10.625882808275087
0.6760932839475905,0.7636282910532644,1306.9881651541039,29.25163689200032,25.403372111859763,17.015651787489972,298.400201198993,1.8416702269222167,15.749270666125273,11.94068859567501
0.3645668145557684,0.8503526332620728,1355.2969307082067,9.768437748236884,20.088393287115004,9.392238895813268,194.18566526274074,0.5340502935758902,7.661930956077295,6.29828064555843
0.1527688984607096,0.48992601304955447,304.1264046450522,43.24712340694438,13.874189024971091,9.729645540984523,190.58404411954896,0.25615048122174555,0.6734307162790643,10.049473364329781
0.21185526341843247,0.6609543743373604,364.4690937792099,41.19827258855158,17.194724253054016,7.446364599599086,166.11661853164486,2.4940048646315645,24.152532367138093,14.614570238620257
0.08501162233727985,0.6150508775024367,1758.0020063855793,33.15357110347936,13.391970734418841,9.995846926799523,191.22916049683246,0.8646506447851814,10.685074124086206,18.410835894261893
0.28436925178486067,0.7433355835757738,539.1050628528884,21.012724762568443,17.12447228671959,11.413278349958333,222.97425030949057,1.8879527525503372,0.0,11.932671252880596
0.5007268434620916,0.3898511719926481,472.80927562284546,60.63940872171187,19.952511998735183,10.035778538658342,210.60876650057003,0.4033796724055577,9.6435399549637,4.656476849628487
0.34967405886006947,0.6572301955426344,477.7178629011457,30.03420811883819,21.131838146830248,7.382166071976842,164.1490406007277,2.9814670906223486,20.712660905195936,16.715790979952107
0.022340994442469453,0.7673006463428286,1177.5464859521412,19.98776397691292,12.674337722459967,9.944054520118797,192.77541984294842,1.3007907583518392,12.41240698076747,9.907522857583098
0.24435149209133838,0.5278222781731733,1795.410394965846,46.88643086240987,20.300684156373748,15.851520050920193,303.8858947217571,1.9997700477889992,15.903321666069006,14.783814009418778
0.15040788665339758,0.6998027303546777,1355.257078291663,31.941102608441213,13.38352136370889,11.95430393538699,208.37472017163523,0.731983337906972,7.217094664064595,11.237230302443095
0.4133163629389842,0.9580106843464217,1375.4270091648887,14.102841419506973,24.200854947946233,12.225932212089099,243.79106342029505,0.1529365993836309,6.098144706475283,11.450604887472824
0.33239736586829444,0.7739362047385784,1075.6539202583535,23.804327443283217,18.608803888147293,13.677041802663734,255.91461394860025,1.331594488523434,2.6232061630305994,10.406943985197048
0.22331161969213661,0.7245909523205674,405.5509510588596,32.19517664694824,17.597430577586245,13.562640505945211,253.7525379813705,1.4761856855459752,10.90420158626548,17.04788805124499
0.15090230754099068,0.7321223380259533,2977.593974155172,31.10439963835004,10.851863093638485,17.046706365579638,299.3341335756248,2.1010059109700876,15.543303255528103,14.236567584051528
0.3139398052791607,0.4268007757788043,1359.5844783960874,51.181199776199676,16.477089429232162,15.1473457155356,276.1452353388524,0.6250705820770728,17.837661186437337,14.023522997526447
0.3934252724898079,0.5432596367289985,1916.631714134047,42.633052624697136,18.443884308112168,15.243690135681314,270.22140975091776,1.58911610994478,8.398519119777085,12.252264493940828
0.12180026923775931,0.9398364225314515,1076.6192961235963,12.219346809599923,10.954612552000071,10.360996130644317,217.81190079282416,1.4488293198578437,11.87896748729831,17.431652797781368
0.22177108082266114,0.7390010954579607,1850.640354012498,33.3942875352194,12.974539927680727,14.457112433182049,253.84040972673054,0.6953430113784183,7.719120858191783,11.697031794071476
0.3627442146825916,0.8726157521666746,52.663671463740414,13.8826265191544,16.693439126990732,6.242219625132136,130.6502819888767,2.1461598319634656,22.873841463534227,14.304389192837263
0.5216060002285168,0.7209141174369104,2098.5442873648626,33.12301561547206,23.300095330870256,18.34641320825418,312.11283245955906,3.102727315026901,19.703159578589954,14.911255662958705
0.21839810530439493,0.8491865434919632,2317.646941597202,10.262525678503742,16.88083844789596,15.338229822654311,285.4940571351676,0.0,7.748618037471363,7.8639588297603815
0.12643358810633154,0.8332104761824802,907.3821239036694,18.940793396354618,14.218744880538047,7.226021778365712,146.92540110555478,0.0,2.3406977577320753,13.75315942617826
0.4136582877377013,0.7550763821063212,433.4233960580139,24.002859342153286,19.639427209402633,7.149563400403,161.12103277088778,1.7272707367042008,6.221736178729902,15.644791178022565
0.13312077520567114,0.8572317430264559,594.9077649990542,14.13605044698912,12.056403906514458,6.901740695579943,142.49553227642195,0.0,8.396868565874811,14.179053603780043
0.13252540857291104,0.7558706740582035,667.5188209492649,37.469651538258994,14.141747775670666,8.774561228097099,184.10947945457934,1.5091211515005245,5.403209329411271,11.021063325672142
0.01573719988928411,0.7314794177656556,537.0866520587796,27.060424275627604,11.183358747823675,6.44079560975322,157.17128704675483,2.584054942844025,17.694784105550564,21.25155441141917
0.23002930681899952,0.6405950801873622,909.1702357744364,35.120859945329286,13.868618496167953,11.97294599535783,224.52304152436227,0.7807398982481806,0.0,11.513229829322745
0.19830393957473638,0.5132787214273198,336.9028336547968,49.3985549452367,12.12158652883644,6.360691455419026,152.77896419428504,0.0,7.701621499815266,10.093704676202583
0.02145431164737194,0.9083942141505316,229.67203340912096,10.539187311830634,10.739240992522687,3.4219892938261083,103.07681325664902,0.11662938648260318,0.0,3.4355736585067262
0.23683701833503581,0.5314721161875074,374.0892434632725,59.84609433909998,16.94703238799028,7.59307762214252,147.58268699431105,0.4017991401378682,6.99419077121119,10.329751921015978
0.09635377087581785,0.43440125022675,1703.6561688193524,55.115837874734645,14.48210133158663,11.568834783664663,237.77352024250536,1.345563932622327,2.719875354437219,10.625684853207469
0.47222011501490174,0.7768639363417614,3532.379849881485,19.901909910973167,24.83689467133128,24.035312973047585,416.8191052853638,2.801136595651665,19.328893479603046,15.292789178942199
0.3649423505076209,0.6118123117196639,258.3758826263863,41.69911007679909,18.5679572881451,10.79415027710439,209.93211458145834,0.9417991314430534,10.0379642462296,11.174650389485175
0.4129261148583013,0.5525297456060404,895.9335559462877,49.5813453149109,18.486262197292895,10.376229609847972,201.9046692382688,2.2069624360630744,10.166245405653447,19.89116125574833
0.23629040680372243,0.6471035163617367,261.38348326369004,29.13448286883656,16.93732748917853,10.10668120534033,206.66451010139355,2.3288979788406428,20.00553531641073,15.642996201607469
0.2868386253815274,0.4255060036980391,1016.0954835734349,54.473236664952196,17.63299477072186,12.005637686055112,233.8461778642718,2.4801450822685602,10.74611953009899,17.53077954300515
0.03145049620091172,0.9593623879754092,668.169945931038,2.4859768545941314,9.316549685227011,3.456147295635676,104.17287955042576,1.9221573097563265,11.822912180013876,18.449060714450397
0.2503641490152307,0.6594695931355029,1733.4342329349038,28.528115748593052,17.92488371973261,14.212394793569773,261.7856494502553,3.3622932113931787,15.650529099061373,13.798291746523134
0.3180611623208409,0.5571843133352133,737.2509310244291,51.230868177249846,20.012763999707936,15.38787211483385,288.14714372779775,1.2053177144793572,16.874598564205876,14.751483957498753
0.26235421612094667,0.9483131020868134,2408.4686913026317,12.226503852837126,18.848933619087934,16.685031081476172,300.7185003640585,1.773920000963279,13.367113571196542,13.49923040487258
0.2504073278492977,0.862808989945077,591.9471454366907,21.584030091932778,18.10868395101214,9.892540024370122,198.34132689847004,0.26763456814841236,1.5234433944507302,5.88884345336745
0.5102321311892637,0.7548804974676863,883.9066143675019,30.29927906990665,21.952640712465683,11.350201183403291,225.57496237710131,1.9974584816558227,11.042557416853366,15.091870694087547
0.2141899503889368,0.8207536177581404,804.1462694356296,21.362373952263372,14.104404218447442,7.623280532669372,173.06549487191262,0.03908094435496379,0.0,7.350749704658598
0.30145481135289354,0.6105011712785688,522.9991113287264,43.64956387696808,17.23967839243158,9.513719481476526,175.62800981271877,1.3628806667783238,15.03834149336122,11.454108185289286
0.21370875790803134,0.48386361293542957,593.5794295977295,49.123994710334834,15.605554774122284,9.142812709745094,185.2204674633158,0.5728034127837407,8.197290868663904,10.898402937235609
0.27463666219150307,0.8244102426570092,433.1338265507929,19.9820163519239,19.774558126545088,9.2026007718131,188.81579913344177,0.0,8.716832551452695,12.098009422871058
0.12374230171532181,0.5748450167938609,279.10721389327625,37.75304347492716,17.00038738937196,6.009284602213864,142.73264898170189,2.701233570907381,9.906500344520351,15.38866425984644
0.5315907386947627,0.8211961168384496,1050.2386003008785,23.62210656314142,24.193358690149644,14.97010004522776,268.1677685146678,1.043549161674488,0.9928638145109172,12.239839488663575
0.2638961449441701,0.9102598904807723,636.5787120666434,14.010510881148774,13.47165562618529,7.120885952591673,139.92381579333158,1.8337245162637652,16.194669940965923,15.594113523130183
0.31890323331674725,0.9828927709388398,1001.4864650038224,1.4274583243426804,16.726184847723534,9.540140477625197,182.27736510339412,2.4967928138465365,15.271653501204021,20.657842999222435
0.08495287493783342,0.8748327816983723,2012.138828879932,16.55208333748188,11.90379176103206,13.880852104092467,255.36548615450528,1.403834615617036,14.206950889312363,11.682577831327752
0.8143400431370115,0.7966229384889524,1567.0642682023688,15.815209584958916,31.706523233836318,16.036400193692234,294.0889264639918,0.4650423529322183,10.008573249235667,14.14570028182318
0.17471710939239912,0.27308974216185655,420.51453116308255,69.67257690142591,17.09376853578998,11.841930438112575,216.57771694485018,2.312032284594051,15.758949436477662,18.199043947042274
0.4738468726526066,0.8233307824099958,1431.6896158220427,24.28518467172225,24.49289780052856,15.057420173560914,288.2520884223941,0.3014515945657943,3.3474971794871586,11.287628119515007
0.2469512523088826,0.7248746321424568,2392.5910465803654,30.210173573438457,14.155870768464572,15.981529058641085,284.39014652028834,2.7555553986389687,7.869151418169331,18.997085546572038
0.25298014196205915,0.8181376203659197,263.11273884378676,25.25634581936349,16.42691584989092,9.775209901295328,209.58853271653555,2.433424740032125,10.140409314091904,14.868495418140657
0.4010228837275601,0.9265982845614693,961.8129707856559,15.999595162690404,17.864938030772564,8.915524073008461,191.30538858551535,0.6745229209597564,12.19742550936163,15.69779987689976
0.03174121149940693,0.9109814099293091,268.15924304993,15.579217681263898,12.713557332294297,4.95136831090139,129.81385402202076,0.9581632272141086,11.87371025543721,11.374722387182764
0.23407957294630474,0.5277934660956012,308.7717483504954,49.41241473938447,13.630525865990597,7.784642238943327,159.20779428090736,0.0,5.1012497295908235,16.26082668495332
0.25769136976754325,0.8820270689875815,157.35197249991754,12.417208673282502,18.16966939616291,4.672823626332729,126.53695132869547,0.6845851090077314,6.931894256418593,11.48611606143872
0.44792846045820944,0.685718272959656,345.3700807019963,37.86847353738774,23.022230336042583,11.323603965299261,219.15496885636838,1.286335419037142,8.295038876246734,10.384361739617445
0.33619441440221487,0.9488983533401533,237.82822097497325,9.95117135989812,20.999444597738616,8.823580300014399,172.53507375387048,1.0382083156730504,11.556214356708496,8.043925205220544
0.33711721673546907,0.6402352962417056,269.0693661924536,34.77534871771064,18.17038781009047,10.846804563435757,206.02430821277383,1.968070688826586,13.326548424332774,16.181935801452752
0.290567326957695,0.5796612771656188,1039.1787485527254,43.674443043664,19.458140129848786,11.633512249908614,217.88151625617635,3.186268847906384,10.092809009212523,15.675818252678486
0.14106177313289678,0.7096415829171584,929.1346763538423,24.606265930410018,11.835745228816215,8.221258780677747,166.36044281341708,2.0121745213525357,9.823297253660225,20.247174944337782
0.5949825530070221,0.6784732935712022,1629.7932198922922,30.553693296423802,22.215314392986212,18.65850493623401,320.6257693719753,1.8281034764840318,20.8301687485095,10.989303154885436
0.658957294781535,0.9078202848798338,891.0513612224588,9.543202139660465,25.078032078710986,15.526789728153807,289.5010777096206,1.0051235012362572,17.241105846414634,12.836792084594222
0.26958213418828314,0.7535448706915473,1768.423409291073,29.776413873445865,18.238957973839526,15.303886567748942,280.7524725510778,1.411640336898078,18.541091141987813,17.017154913214267
0.05228542567187478,0.48866676210170085,2229.8787335609504,48.056288600471376,10.300843320627774,12.402459829321792,260.5769556573764,1.3237206498779637,7.149929777748292,12.379405370892183
0.6235366631712941,0.9704958234147054,877.6913035406924,8.858755300279034,26.708987935527933,15.781012874556662,291.29731961237957,0.8349076087780419,2.8132516576384576,15.570787500581893
0.4136459704795466,0.7937377218882709,906.9372223284694,18.55650416019077,18.030394453664844,11.634202960757612,233.94241781158593,0.6493289666730835,6.559280148165756,12.782030596758364
0.12900049836571598,0.9801944246244935,526.4013992605339,3.571852100507762,13.663019597230997,5.719215031071435,146.31820940262466,0.0,5.243470665060752,9.133748059513335
0.2647729060918392,0.7887484348885239,652.2642641722437,23.145762817981648,14.816500313370362,8.872232832641616,162.92925485105835,0.7229055629752252,7.847956338845683,15.744719851567204
0.13068979685668858,0.7588215683835441,515.4918456727625,30.515836944790156,15.938017432149447,5.4092619677915295,120.657824775041,0.3495745795417011,3.8268523824850695,9.852645135045236
0.23262102725603798,0.7755498137731778,91.31918210107264,27.55525512341716,16.903061380559528,9.37908534679451,204.9764899690904,0.0,0.0,12.343037306634232
0.18488749682194366,0.7705729783912965,416.1586089681149,25.94663164185051,13.970097493514867,6.857774957308466,174.53574739474678,0.4197725887270617,2.557488969015121,8.988731624590264
0.26599719289029067,0.8158184525062614,1922.4860327861459,21.402453553927117,21.63397801118112,15.965660776141501,280.9768889866489,2.0649009868876362,11.432591113488051,19.606379618012877
0.5809229315335137,0.8977380681941287,536.8809092518161,14.894501744217298,27.627218953325464,12.278426318968751,242.27138382742274,2.6749702399955613,21.52596664378615,17.00430577178813
0.27285676110071555,0.7650669467920173,1078.820868128128,19.98730467161383,17.850969046314088,12.303455980075874,249.98858800039352,0.0,0.0,12.43531549832356
0.3576679899717313,0.7057234903817361,1119.0344178312455,31.0804934860875,19.044400148188554,13.359018302371693,260.6886551561035,2.4109727390758047,13.384157604233609,18.78324451353002
0.38613992061762437,0.9063083485458832,758.190786651363,2.4775158617104847,21.61514690143685,11.307654452500016,226.14939370870863,1.0790200403879442,10.40694959215348,11.072559053909973
0.6946735327143012,0.8830922603860633,1781.4199576971905,20.684130044068375,31.16840082027273,17.996025706350935,322.0228487756698,4.234022553343711,21.80788616383073,22.017592181928066
0.36820527652593754,0.9099678030804579,508.05209856843203,14.422695606346062,19.310276139203932,10.01514417486311,223.35332615270403,0.45651703414513445,1.6900315668359793,12.07467275540006
0.23158744615313298,0.6669568275676583,881.8828438412972,32.1899371471461,14.441498294738803,8.798471571029374,166.9411200688317,1.7766762319499034,10.169251181782954,14.544861168131197
0.14870990751823457,0.6205888925178317,1225.2038331826245,27.201183009857505,15.435225003604268,12.587009370340025,245.98208096765345,1.229075510566394,11.084395034028812,13.769302014492888
0.3186524313273238,0.5566846235356954,311.379946831681,37.21615667105932,16.2362901605838,8.21727822981195,161.7780182921484,0.3288143438633071,7.084226249367804,10.99022924146984
0.21948597519341617,0.7946260837008702,1002.7867275810629,16.417629915541873,18.290787665921954,11.730801453711685,221.5456192331301,0.7020051166113613,0.0,8.814783642322809
0.1876953990237537,0.8005190821969927,137.57862821940626,25.748225287662443,16.95702618669626,5.131425078365421,135.26402087863508,0.0,8.99578807203928,12.135870190916716
0.12838322316714276,0.38488404807518595,734.9920550954278,70.1189147454213,14.870866212263211,11.180578703474438,200.90593261278406,0.7900752640162231,14.48293846956518,9.31723761614987
0.32789808344749016,0.8460169104283932,1921.0145219714811,15.105860035799,20.687684840080152,17.597582233257608,319.98650973888834,3.375159389136085,16.12676626084741,18.86205169759662
0.42819650824011507,0.7835473951421089,1766.9411456925918,29.860013052889112,21.201479700669747,16.11294792132052,281.05122104105305,3.9100864077950126,29.127564554150965,27.030672802534042
0.4009193595368076,0.8389923682778361,1595.8343539056661,18.54905170812092,18.264201063145286,11.076305973664901,218.91672547859176,0.6810938884408946,7.128714022995744,13.685749285773325
0.27176133359753946,0.588520096933734,1057.3526849664315,47.71023454854803,15.421958206862314,12.34110763433653,238.17755462415462,1.9628494936458107,15.74227939420842,14.511681096139613
0.2372534519992058,0.7914163790408616,683.1043038743591,25.007500498719466,17.583964622493248,9.951675730325483,192.3525514501488,0.5078969404091157,12.83028185152028,8.660511001458815
0.36828868151873495,0.6618681485039,292.35318569423646,30.8021720510417,17.01429313983697,9.288901832979427,165.77027514101897,3.85226487027656,23.615877646754175,22.899340784879065
0.17922334253887262,0.8282805861217841,1322.3441000062203,17.992868699365967,19.2004222912669,11.139427606697499,223.2458026510929,0.0,1.134526031620244,15.138153236419933
0.2706238439212168,0.38310173826407323,3085.8468832509275,64.90682801795064,16.13382725329169,20.256883969987737,340.96442155778954,3.3539583738994043,25.06279832270952,19.898050413477765
0.19913382194235102,0.8806786210033062,1398.582977894893,15.700996647292351,14.014125844182093,12.71228837172828,230.25290646034537,0.0,1.9105843767890591,12.38229436233569
0.5362337784470526,0.9463082623523842,1989.376277973614,11.292637404775363,27.402269644902084,16.670481156182007,288.7965522220757,2.370474321746333,5.9225627940322685,14.900911323972334
0.36753186525452947,0.6759395852439801,2437.130164313563,37.37186854983616,20.258310346009477,18.967202342126843,318.016161347584,1.6945860989184798,2.5878935262319924,17.937359912523284
0.18626728584244784,0.5758488210498657,799.3682784747294,46.508605988941106,15.166716716573825,11.524517381837363,216.54162971902062,0.4181703331646758,10.796069123917365,4.9090404729703625
0.4113805597340505,0.573645529039122,2426.5638716338362,42.67863439167537,20.141701327952838,18.605756760814923,331.53400291438373,2.216140138847206,12.282253343205976,15.30201111229714
0.569645055320736,0.8100267534289799,1054.0810283601256,30.221993043811597,22.636506512977007,12.481989908403449,222.64086529120158,0.4228604847263635,11.338462146902309,11.50022610017101
0.35926066814363455,0.8852331981113465,1460.419245042771,19.233006299359634,18.9180530015848,14.392647712156206,256.49376661222277,3.45318553707713,18.005851322703155,14.379846144737979
0.49969448544698186,0.585999071278341,1625.9815704448547,41.45399084995206,23.431522997647892,16.966014730998086,296.6653786078364,2.9770194569072586,19.973258992392164,18.76460497498689
0.30957921889656254,0.8332993621171514,406.2341150290781,18.264728198925674,17.39293988991544,9.455697359448342,186.64687584193956,1.0074510351725432,5.48266665893682,13.77068456146015
0.15968059945780552,0.6044231956692719,274.6392826054441,31.63804087584512,13.038758916566497,5.448420431091311,142.13227676150203,0.14443380940843512,2.5128016153413113,17.748743674596007
0.30089690247603185,0.477027938623554,1906.5059886629497,51.894214429279856,17.674645505484584,15.903883883314766,286.093940586166,2.5892265619541024,13.751224352950373,14.42907271180248
0.09688536076139448,0.5687288552316938,987.5122456889037,40.53643455871553,13.852595639710376,9.714345990407708,195.75071765966874,1.4444528571675082,3.393318245863516,17.329980173714024
0.182262258981386,0.6807911188735103,972.6520841921009,39.91914243805433,11.993854073306196,10.783466119101874,206.1394445753133,2.1226903092069938,9.031330758948497,15.232350345598473
0.530245770210522,0.365725787589124,300.95638341751294,63.21130063442739,22.931819927027437,13.246930994199912,258.9938584803821,1.0331153838795806,6.99174059633196,10.889448342211828
0.2665964651938854,0.863119230608622,1452.0131644822595,16.5873002227727,12.148280427468048,11.828430708113912,211.24781376714424,1.1129100245667523,8.59039119649419,12.116009004101073
0.20774075751599624,0.5197634376619445,1306.5079296629444,52.799535289534475,15.960495306240073,13.115880795382425,256.56196643014823,0.35353584046123554,6.109878752422283,13.521621666356983
0.3980812871301534,0.8177036110288628,649.3696504039548,23.824992311823042,19.08080487414363,9.961712165672127,205.89588145874623,2.8456435282481904,11.379283675691347,16.099450707828073
0.6151600050006192,0.8508496837597589,317.4546803682292,21.105129955754883,25.724114479961532,15.253422435194992,256.337412137525,2.4787903092172376,11.148904164605579,16.595852153791434
0.27014626762168986,0.9224192734557948,1244.3473166780136,6.263348451763765,17.37320109862979,10.536782556148273,212.17913167707385,1.1787416646191309,12.371243289631664,14.371030267037408
0.45326270359369614,0.8415761945670941,378.3656316892458,13.353833639740863,17.19483748546287,10.00921321990107,194.38904919264533,0.5838152080351958,7.594483864820026,9.67687151129619
0.15356177765358542,0.8435968429092726,763.1951989823417,19.188782511437495,12.963990557411286,8.376850651501053,175.90085847093837,0.08989441359597938,0.6186024283857812,10.342750890284115
0.06936335178916782,0.6087998190821905,234.14478158582762,40.15582321141136,13.147553744861774,6.28784753032552,142.0146646405988,0.2907875157153066,0.0,10.356736730053253
0.36961787482585695,0.746705065909292,1319.3455519193963,28.93664644824897,17.1632473444017,12.457664804713147,243.1901856807316,1.0759464921040705,10.564399810454457,15.698824914194208
0.6802547652759949,0.8709864339924023,904.8556827258216,15.209520667183927,25.595658774079396,14.96248386129818,266.9754385976706,3.1494429564289783,23.11944189772528,13.654121724241813
0.3944731733265252,0.7490429420954325,1374.827201808741,38.42162376873324,21.048544713648898,14.555215196199649,272.6834423391425,1.4573234093303145,8.649047743696077,14.787208354089264
0.03661915706349121,0.8605794755320039,1454.0465517217804,20.721226676400164,10.137264703008197,7.347469800158825,160.04981548304477,0.0,8.869052831224996,7.517808880845015
0.17222834376702129,0.8396208961255767,270.56037445194846,31.029000594603424,15.440380005336818,9.435349959743808,186.6297521982538,2.4017869015958446,16.49493090061298,19.233909224801423
0.203155565436635,0.7471423701653116,1690.8047482944437,29.79992439738425,11.674441525300589,10.91033323145139,190.31143561511607,0.9985265127492247,9.327769419386147,14.576044287632016
0.14408543523658643,0.7852553244222468,961.8011706758667,30.693828781596174,15.992352745533282,11.85079362528461,218.05986536242634,1.8947384750127265,13.805026588406903,15.198540067942487
0.0887620675479308,0.8525607752870293,240.03205589828838,19.23388804041687,10.311288092642327,5.121095283369669,134.3022049135884,2.2794351961319004,14.418198917968539,8.227739168892672
0.38585780782977985,0.894073355135039,1552.65017483312,18.242835638306293,20.674795170006096,14.00702347316531,263.1349078909116,1.3010371933964973,9.047120401703436,10.53467170870084
0.5801480978149661,0.7725285505693105,617.4519545513917,28.799609737626863,23.568736991673553,11.449034434707865,232.25673259781172,1.651440110908903,18.29484253630072,11.681505563235666
0.12774285004575356,0.4166113849460367,766.0996826653262,58.62643215521002,15.70559987857407,11.789907449138008,218.91109945113158,2.00798926209733,8.457922731010612,11.49019948091168
0.5573323285162514,0.8617683021200209,1166.5702039180278,19.746500279570924,25.164628555002142,16.508089372725113,312.901179490201,0.8473611885733966,12.442555808971726,11.801191905126228
0.17644138308003504,0.7669468549751858,315.98645797202175,25.416046335045486,11.274259879348817,7.932487535157736,168.09175325010912,1.7100020639234912,11.355024986409404,19.544058971712573
0.18943739258319503,0.5612180970641976,2252.735269563462,29.662516399428792,15.284138803733336,13.999152721052557,265.02257002565983,0.8983661604982444,12.770503568151877,15.640965123219999
0.3266567458744374,0.9807429630544324,367.8059724410606,15.512108230925476,17.46596885419015,8.573353970553063,174.26158846070328,2.2945551805426665,10.347545039102464,15.035514028672683
0.26911243329359147,0.7240044686840619,398.5738539135288,29.434833384041493,18.76566359413423,8.958011381929452,191.40208026472558,0.0,5.881157000592585,11.459419463221515
0.046637792100488226,0.477577150389326,195.09450536732055,46.962730840540736,11.017829173639528,4.756141586401965,111.91879615322424,0.9958910979347926,11.126252505196055,12.140114319655462
0.367431513006802,0.4934449012798707,364.02161833096363,67.27386856445257,20.860989788154406,12.759485308326894,234.07539350354742,2.7558307464250458,11.594218027520775,17.65603156941936
0.2495611470644026,0.8623769047745476,1390.1453160439034,11.252163674409651,12.875414822174072,11.640856744143434,228.2457785326836,0.33985220037444974,8.014206064309523,9.36587757582536
0.7143620434589607,0.6926371493429135,198.58738298578052,23.834577093656176,28.039446841166757,16.3718749329741,296.2569223651102,3.071558207214072,18.128866420880968,16.362272852593673
0.39627323803630654,0.7388561220981308,1117.5205056175196,29.478550014891336,18.37175255959407,13.33352746563602,256.67956712960205,1.2801329350191017,11.812982969510724,16.843091941386675
0.07283375948015182,0.5659149876609071,1129.401638047232,49.25693340871576,13.463690263718648,12.73616213049277,231.64831556258045,1.0622084670817982,7.3829263040456,23.71574350849216
0.3208369684387916,0.8464356343928413,1522.8448129697417,20.26933324425695,17.8043022876402,12.557269008089511,250.82823531648256,0.8182928202469899,7.4727690231556485,12.067131097408497
0.5419022780284638,0.7785000138724223,1584.116218912167,23.90963130217061,17.872166812707533,15.45196007062191,277.20323729639045,2.413702049808759,13.524640010519185,20.431319480279406
0.5368851320090126,0.44068209119824453,247.53495177768042,57.73170489953928,22.893825183178294,13.771121191609218,264.6076276148731,2.130533543782466,19.714379980535476,15.930622634142656
0.3738985872119237,0.9681605556250635,1295.2228381936848,0.0,18.434946614198566,13.480809361890701,260.2000297414286,1.814472043182389,15.384961558091296,13.627669812251664
0.2539546786754797,0.7974991073273436,319.3467965230354,13.826147351130386,12.55589170756959,5.896072160558864,128.42564175363518,0.48156286445499674,2.8698429847664135,16.399679802759128
0.2838128022660721,0.5861636681460984,1110.3758411652288,39.89207412289282,20.029096150700877,12.59731583184222,233.67972439657598,0.9834068951693957,8.405222333394011,17.514700313994133
0.23572537338115698,0.8552828465786186,706.2319588439544,13.466999943115189,16.265710203485586,6.210536397235455,138.27424072390943,0.3487370205984114,4.606517878817269,14.577886602082948
0.14643042156047265,0.8346143056648679,858.1828470258534,20.386321337908033,12.22680630322053,13.081682725542606,247.19323972028928,0.2534118454782488,1.1625070681599414,14.050544325071517
0.11889019241525513,0.7203325651174141,1232.2422734387048,34.668789417413294,12.471024292816118,10.324614571006794,199.84599627330945,3.3926160946935817,23.39367843951878,19.73041355876808
0.05597945116658121,0.8363730080495105,914.5965362271169,13.448240881130129,11.54858394522078,8.554448871193191,176.63035313522897,1.6763957706054302,8.34740403395574,14.178485990925667
0.3524869036747621,0.9194697101218652,1769.822978908345,22.720611374968883,20.111491577584474,16.70217183453925,291.20381066708165,1.9873692500161364,15.928108797910998,16.509299921458144
0.14364988867100803,0.7514234795736319,405.6268921526374,23.24322849430443,13.465412693353253,6.264875562045482,128.75041516968525,2.075902490530366,9.681186030458687,16.445850380556397
0.35931208866971126,0.8918968181380498,566.207281021749,19.466996438665063,22.44246289503868,8.88141400708146,193.36522417144766,0.0,10.47534952177002,15.07215078175361
0.15160287080646007,0.7693449464867775,537.2157463050968,37.579967804507405,14.556923789165966,6.91910165340195,152.07841032199568,0.0,4.5328145595314915,10.022257006711513
0.41423650159847186,0.5735324849117722,887.2771030457621,33.64288681485655,19.289700441150558,14.172752501852903,275.4929247388406,0.9462143720998607,14.313415146654501,16.340189490942084
0.22828247422871084,0.5595390440336262,159.40870609384243,44.1015511496716,17.378343363589078,5.465290453028803,134.24390148417768,0.9205555108051423,0.0,7.757044193726523
0.2011591047580877,0.8494771468431566,2108.8594305023607,14.078978948975248,14.752242812554924,12.44724314730462,236.34883195736765,0.7652148523875306,10.526786926272814,5.209216463033462
0.33018108954273606,0.5290367149259395,1593.677685290205,48.73892947372985,15.40749785488059,14.127810166976492,266.8078523421205,1.2931368399116767,10.317812213944118,16.011117375085934
0.3634328570821721,0.5960886314496625,453.7071115308241,39.01745030625556,18.186086285192196,9.896058939179703,216.75834454531997,0.27650191705696525,12.000937099584373,6.447793302300522
0.15547968006177293,0.9252492821275475,1196.7765969883678,13.913505921665045,11.5514009007728,13.591243817696451,247.2585568547597,1.43333530516593,13.427271961190986,13.448383245229346
0.24516628844909236,0.4909806428646185,879.8111118857146,54.16312038266737,17.964112002683287,13.509885911177292,258.00351223215387,1.7549646538055002,16.187901766145337,17.38575274659811
0.30945835771097263,0.6695784042997799,54.311283610333696,30.61407930079817,18.623807009013095,6.720634182054033,141.08259105141045,0.8744472983009355,10.917511296556253,12.926118107640058
0.11265099146352878,0.6956497736111842,1694.2937537782377,31.979924100197806,13.320953777478092,10.71589887549363,218.14613650759267,1.3659962749348897,4.62580555594837,8.76629687900752
0.5676419630357828,0.47807298993189484,1065.5350491087618,53.11206084271803,24.352524185822986,15.443933839095637,270.724531078357,4.028228672851904,19.25990161618102,16.74797733173426
0.18549108329955938,0.7034227284969619,536.0986854723221,29.563222682529748,14.468211960930908,7.649198492150227,149.6627854129369,0.0,5.92332896601435,10.130910703985075
0.5148373001764194,0.5509181578603547,919.2040398257124,40.429713734506656,21.097960477126254,13.4127580005362,256.4114818581995,1.2468762398360438,6.429184648999923,13.944016022023034
0.0676119493922709,0.8187786725509997,2495.958327150294,25.06484985506255,12.654234602911378,12.452386196362639,244.1640688708925,0.3887511982490133,2.195244799193447,15.353695233350983
0.19322907499175596,0.891469748093887,787.2945835622237,11.016348616093152,17.252466408901277,6.144062358754589,143.4826576591209,0.45800362584967597,7.640380145637022,11.263783961339723
0.30748537241834434,0.6248117054294974,1017.9560948376651,35.347059176414795,16.896275208436272,12.201401354774157,251.71642464296866,1.1597846061323238,8.672312685329448,14.889164235278155
0.13164052473644464,0.8251204224275835,979.7683888624092,25.537853847712647,13.762666435545837,9.572477849953364,198.06879487085658,3.134594527687099,21.519645816567646,13.834425631155014
0.18522055728668105,0.4418325238296298,1537.3675501813043,58.62593789837302,15.962808561072569,12.661343991911513,247.5286550991218,1.2729200754970365,12.27213645895694,17.15079362733689
0.08039449038231196,0.7269343248934583,1166.3757815492156,27.02658916681707,15.128932224207757,6.74091518454985,153.98757059159269,0.0,1.5468680240371797,11.1813699508202
0.2456353034652734,0.7075098949679818,1241.2706554818255,32.433855091023915,15.032895501688984,10.688280835876638,213.9809289991611,1.4215406321623651,16.615229939147767,18.804387271801506
0.31954129491834615,0.9446254022514597,929.8458471206319,9.020739475789917,17.568310151977947,10.702951843370823,204.3392168025724,0.9348697377473725,7.080356584309272,8.757989876230253
0.1866636620477462,0.9828574606573166,316.72964386495966,4.181457655389883,13.843899757225563,5.763778038448436,124.67830626234462,0.4341404627517171,0.0,9.368360914429857
0.3080372548416493,0.9217056069450209,3808.907156193153,10.992211671878124,15.687529847514984,20.7191535124778,357.192424585134,3.1461722803284067,13.33477443350798,15.109034242887663
0.0875189785576885,0.8785044853076418,1715.9644039636687,19.769944294913813,10.623367871782206,11.076136225835299,208.5704056455955,0.010089545515072906,0.0,12.331809655385454
0.3249765658036491,0.671232730313274,1057.6024999759934,36.67430877495466,14.789356898669771,10.384059408812291,203.81239069870423,1.1626151017650923,11.01200542673378,12.454921887399681
0.07336812876463009,0.4448413500642042,1612.5270825238078,53.32872363227225,13.06466212682179,13.254420929800272,230.61397542401755,2.003084286901851,9.100223914785188,10.598096471356927
0.411992429313417,0.9521860862422434,905.9451514058638,4.801706745777157,19.221145301134875,11.220937738976781,196.76226834447783,1.2262074465605262,13.349711382575691,11.379795844125635
0.07987666087363783,0.520233333328919,1701.7306421222434,45.86244817148019,12.164166555417545,12.771879251411688,226.6284620882907,2.074200798095147,10.747202994575927,14.39589117914566
0.5999906080956396,0.5388388079972959,2018.6518018643444,56.466834065689724,21.20657282754664,21.130617227522645,376.360365084828,1.8132836355821542,8.458112038402192,15.099713883446839
0.35911241396559335,0.7684438961450568,1000.7469035556735,24.618329708680758,18.86270966834376,13.14069321374526,243.53014513011263,0.973470512726969,6.306789048429299,7.487580312628055
0.24020018009587052,0.5009785888859227,1709.8924736321767,51.549062838137935,16.789851592411512,13.624667004556468,252.9286801389405,1.9810363808050557,10.926505687419136,15.920668501644974
0.04690375879434207,0.8557666456298894,947.50655776977,12.705187186133289,13.182840036357852,6.988626331382826,167.7710098364673,0.0,11.688439437478376,9.487244992662044
0.06926652594990004,0.6031027796567127,1265.4181504137446,37.11715865865045,9.401467091417729,8.429406288219205,166.0304667560625,0.0,4.604047441061767,11.07090017528183
0.2635118499034262,0.6304077653766716,1553.545564389138,42.34252970968117,17.344352850879798,12.874433975446314,254.4355963424479,0.7528027261866593,5.311941001046514,13.444717795929982
0.19515555300903242,0.8949909010002866,2649.4053526894727,10.628186429678216,14.65462465263359,15.63699120430214,278.1892699947927,1.7656838095703935,11.297679508481604,11.11841363377791
0.4897323421550277,0.7576069515872152,2589.995039390812,24.68929142500961,25.86783005733659,20.602728127271707,358.21554661301286,3.012171235403571,14.358226107010083,12.201415522728187
0.26978172964262515,0.8787572206614856,407.18848718814115,24.58728198414984,18.328223941683568,6.0742718730974925,175.56447089886834,0.39504449437637645,6.923061641061942,9.547666800989651
0.2865016086541183,0.6101247881727974,425.6567659668284,41.29629390901306,20.063037160084637,10.015232579491888,184.25709832275905,2.2136795342258972,7.2707783925732405,16.520555265370533
0.04901853067120692,0.9306133014133756,741.6684386889032,11.356199210157996,8.89268284579656,5.726678353044814,128.02775971786457,0.0,7.4118701797782,13.945301245273676
0.09247051131747516,0.8215486701321876,547.270621306467,25.02954816096019,13.638961843639974,6.573064038427364,142.32109920482313,0.0,9.094331039763933,13.398401255555719
0.7262620207107394,0.9381381978208028,746.4509665982213,11.916293781530818,28.43570201539977,16.570548944990804,295.9715797418778,0.0,8.576181352175428,9.533326959332063
0.06408233996108402,0.5508556263448032,1553.6990778712982,49.06633141875913,13.726786884597995,15.304468096388199,282.6723654262965,1.9669433792823856,13.206347014120938,11.655581299430565
0.43181283378992075,0.6874035100508262,1808.3323137859236,28.587085165458834,20.62457998865951,14.811156012603384,277.9406720395453,0.0,0.0,8.617830243456378
0.24520968537353377,0.9030438090594939,544.6880712271497,15.33435411357534,19.15773712015416,8.449716799808478,174.4087080402782,0.29605187685805023,7.939031005365841,10.508187915456704
0.22046863167853173,0.7639258328616482,583.654418735181,33.75200936183254,18.33129997383154,7.967968653780385,186.5517916523406,0.34992016097346446,7.126110100814538,9.916796498268964
0.2615653225785505,0.7850674309644022,289.05735825454354,31.12504437404924,14.318989252032154,5.473244468276601,126.85429476435974,1.312592455475859,14.871683586549524,14.161995305199419
0.5489335194041248,0.7800570270576915,1198.1654938029224,22.650028337064324,25.810475415915775,14.99711942234687,270.84653505849224,2.286383600312969,19.30636779788562,14.3768849655576
0.20014199427376003,0.7042533641836087,687.1961970429892,34.42371018463912,14.0480889073816,7.171717486367159,157.76655505557358,0.3958550298509317,11.930245681489513,10.387392827775836
0.1841144688105839,0.6033097250717706,1129.8178954687348,32.09232886962637,12.886026589581505,7.6783851664231655,176.33767107559106,0.0,9.988340701962105,11.789486890382271
0.27790726299195956,0.6498423795027766,1339.4918010600659,35.21771799044807,16.71907935504047,12.372097213470578,254.43514697884373,0.16765513609962468,9.28689167298286,8.101095624076297
0.6057242674563361,0.8402139875530895,587.2308427323727,18.22963570413765,27.068242911937535,13.826483082266732,257.3040304947845,2.275865044436743,12.303835892317322,16.303561510845963
0.09420739319553952,0.7569707683335448,205.6754718696681,16.962918476080823,11.637025700018919,6.691888530450626,149.60673638153872,0.18967089437334334,9.634085716118634,11.928759956818777
0.11118735101624506,0.5241676925354586,481.31536982823854,46.76082645992058,15.725834904082507,8.060712377896238,163.88755890319527,1.328442813066989,4.650706604302135,13.989593601289913
0.11434203652985363,0.9001451745010784,1874.5364669694484,12.220366672833574,10.120770588703591,11.819550692445484,216.20363801941764,1.4647655438633884,7.9352896649158815,9.504960689830053
0.5793548245065738,0.5831422794320386,84.32046434542298,38.025248012807936,25.23512062671848,11.86763482759628,231.4180051796164,2.8243333887831734,6.2990127824101485,21.08190890225896
0.20261306169653545,0.7797856337543428,819.1689452416422,36.509305922825455,18.03069390824167,8.389103446829772,177.06014928503973,0.0,7.2266226187946145,5.0290626790043635
0.08682435529468208,0.6790276732473576,618.5905080092182,37.92036433869818,12.22759472786834,6.884019823301665,143.9412230958053,1.7671576654967587,18.530309997193164,11.615470079426547
0.0511678599414022,0.811844294231829,1085.3512314500533,19.507027535449094,14.63519929594547,7.924588267914454,160.8020898416386,2.50081260692576,18.456635941963413,12.557771446209312
0.49330668945626255,0.9632323399381172,1195.6954196412955,14.744014343702958,22.508135367692383,14.422118992126197,275.5836504243724,2.0474960330948764,13.939648080719774,12.81191617571606
0.1717572973104506,0.5967563081006443,327.388638515634,38.7099064501572,12.147215743743299,6.595685966170498,137.37029452092085,0.0,1.5981761616775856,10.380508461411404
0.3602261441137684,0.9211773338779263,554.2102092090831,9.91761615359195,19.445271113598668,8.73446016132227,185.69986459090885,1.1259791552693068,8.16866920052143,13.308665085930155
0.3341289316079258,0.735787864362712,798.8853131862346,28.691703536565825,17.327709178907934,12.92077101446296,230.9549856917909,0.14763147202081872,4.654378283535634,9.976578104010905
0.269148766453111,0.7201698828250808,668.323590374262,25.17394558860723,14.153403122430888,8.229973230659825,147.99323420906924,1.986979142912661,4.658260197889996,10.020593817971406
0.25106480936118897,0.6389982196829765,492.77075724368484,36.13524024079372,15.479094959313372,10.789489820957746,212.37117916984892,1.0165390775110394,11.191472465485932,13.491601984162317
0.09436378798646003,0.5318881314226955,546.8182703151161,42.83868128311718,13.375625799124995,8.146457969480792,183.84177040659083,2.2101573490382513,15.465173395374642,17.78658219151154
0.012372495912369151,0.7142629103900395,333.9769390786378,26.709505360812283,12.04842076820689,2.9039685914970907,88.16618905372347,0.267334809598338,6.081209072277548,13.674981823713244
0.14127637800072274,0.8098407921843981,2025.1018306049136,21.479236555825192,11.150400513316658,13.13355010381891,244.34595690398652,3.519535825652113,21.30416921695112,10.418753632922405
0.21773386322441085,0.8876697984231159,847.1512998061783,16.058662838032873,15.983075572394096,10.158488412269607,195.49974150694894,0.23350030898258256,4.995331468798481,7.838796205350212
0.1534114364357134,0.8663144276771336,229.49049431984412,13.764997018735857,17.35563713788772,7.993549183889259,173.88383648379414,0.0,4.190793900177941,11.258952008333116
0.1004959485362746,0.9895465285532263,773.0882693231456,3.5267933965541,9.040355721113958,5.100563906423126,119.14452375871785,0.5835109396861007,8.727610869881955,11.013438481114818
0.12523709336258612,0.8654248744098693,741.244302038334,19.30865073921976,13.871178861053565,6.373366479899797,139.1335132513471,0.03910457507958842,13.232605652859881,9.411572366619774
0.34551223919009055,0.9064177850112666,1456.8222507030575,17.303375955797495,20.42898746108218,13.119420353559118,252.79996878736094,0.6967908844154278,15.31829205607401,10.09081056258
0.10778880739361224,0.3104309538395052,560.8092034232653,70.96920871733622,13.34439547474895,9.293626916627632,193.0667327558473,1.4877136266502147,6.376606789280831,16.158742280439007
0.03812561430078689,0.759528191216908,1261.4135408009975,24.688632467886084,8.169591691051536,7.813637388730356,157.84646612457408,1.154329636752563,12.939976442072703,11.492959306090238
0.028869153264302228,0.9374914399294519,225.04661528999674,0.0,10.292529262490905,5.284424565055535,137.3343142335196,0.0,4.695394929216371,10.75714409551833
0.20175197059825983,0.8931244482544829,531.4626682425583,10.69209345647445,18.914374496761475,9.546226157476138,183.60678860383723,1.7955402476059332,15.946147024493008,13.209425152287803
0.19811905061297855,0.7940030925342709,597.44771784262,24.529342820098996,12.983711587511305,8.513806915097502,162.91530664679874,2.2082757293545012,17.45470318676923,15.6200452334408
0.08052705333770313,0.8464546903018458,572.0598925075569,17.703846127855474,15.149103714339445,8.445907339957099,174.28867927569175,0.8624533557806785,9.425128439138216,7.410523717351389
0.5292047604986286,0.9269237458357373,959.6018705425223,18.728610868327408,22.808184618724376,14.539337295663108,274.352361339222,0.39726183934491766,11.112838899098199,15.140807146150811
0.1584788794884297,0.825872285089017,661.1718653160294,16.89294345462715,16.425925903385384,7.2864884131687,159.30035382322498,0.0,1.8605507103336194,10.597289657898415
0.3918558240696127,0.5997167973084105,777.535036717155,34.15010838881649,20.629681125428945,11.534994015395062,231.47270719791342,2.153734419370804,11.599210463564345,15.9021588541649
0.3372606547983359,0.6398060795268314,406.68681415823164,42.10059612372524,17.416125128258244,8.473924461006423,158.57487534883876,0.026836888339687448,10.522938627334621,16.18921828974384
0.16928408275434506,0.6291019556186975,187.58941419974818,43.59588512794576,14.688959335169969,9.180594122558558,185.3399701680305,0.039879596646535176,0.0,7.941072445839165
0.3662312882337076,0.5332728899057328,1053.9187328073106,47.62612799045694,21.06501148057495,16.041165544199906,284.37695672940913,0.3629245761378428,0.0,9.825246023114628
0.05163607727308704,0.6832944303251799,711.4830385586537,41.095486067564686,14.978989758212206,9.323107627191426,195.18704489028818,0.0,4.353644007914108,7.060683853734956
0.2734869298753081,0.3830178866558156,170.12538476601884,71.73472070497496,18.273604762457495,7.858835315822956,175.5614966312957,2.187351152583268,17.96299035694747,16.508621537933216
0.41251599631160274,0.7019534618160818,594.6312926458246,36.90684169317095,17.84717328416893,11.910678842413798,242.94822880471696,0.6945369156613921,11.808297448884693,11.585528510220692
0.1795426358104004,0.866259607654348,1362.724270342101,7.218520884213012,16.376738727025064,9.085131304932778,188.03600908486015,1.926247460139953,12.238619494262494,9.113005715187192
0.4803990489985945,0.5337134289398874,671.2324768276711,45.1930960590584,21.016987419238436,14.683852855757586,253.34652625644787,0.4474077718067191,0.0,13.844862256135182
0.3084790604807911,0.4398630976798849,3136.1550593732054,65.79215912797247,18.013448078919453,24.70024773846243,418.0519440446508,3.25642946689989,20.20559245253006,13.66874340500815
0.44625643775421997,0.806474428519397,55.713003149509674,22.500030964381917,19.96218546275867,9.874472143701528,188.17992711290566,2.9818557020837546,10.051688078956385,16.457681479497214
0.388657238620846,0.5426205422440165,2443.053738384027,50.28396946598792,16.892933777429114,18.796671195168397,335.11790074885664,2.45057157408074,22.677157005210407,19.822044786002195
0.13138167536616538,0.957238998166255,488.2679790474935,9.403263368312889,15.138771023809001,6.621195056201887,151.63606563761834,0.5022804262160582,1.2605703435119082,10.241960064572528
0.14458378869714386,0.5499504933787065,108.13633055787344,41.15994077885612,13.488948565571409,7.0835575585013055,158.3445435537705,2.591803805376127,15.383906105540294,17.459411904953956
0.21114205200134673,0.8709641351690411,2439.885394330563,10.636027134286206,15.942304351619423,19.180451691015556,344.88092444426803,4.075222591292807,27.183036301034495,24.29903326250205
0.613655323097118,0.6991614347118533,1385.414203959412,37.293855015448855,23.50393974761943,16.148562223538587,297.87389854279786,2.109264149553092,18.72789956268147,17.18402693641117
0.1293605055719435,0.8786236119603108,261.3787102608711,15.44904096096545,12.970577681534124,8.711530175659615,160.31919888068805,0.0,2.5742207371483885,10.816527095538174
0.2154039213877192,0.4434492578812303,317.615848517728,55.8252859445217,15.90782755866092,10.146984711391124,205.16881293403847,1.9556173357126574,11.047448472848494,11.96202914605656
0.13120454585083693,0.9723215270602035,754.3274225830714,0.0,17.1053315841709,6.952432769096196,132.18191732616413,1.8198233372851624,14.786568804733117,13.724250975696581
0.10846056777052354,0.6878246613137877,2752.8028184233985,34.63392673154187,16.211088057421698,16.904025617701006,284.20479455927756,1.5354504423250355,3.7093162031941684,15.695478666021131
0.4140540562539253,0.8263246377442027,2210.2469692660643,15.013174907772399,19.593009107418357,18.466588349217012,333.7007666077626,0.8337320126217143,1.1045665048748452,14.050762062851346
0.23038274804171785,0.9286347060744988,1185.3636028275898,16.874329036340697,15.72647880224564,8.971866681961648,182.59141440612814,1.4951502563058912,10.282467999748288,14.251746849325915
0.09715522706254351,0.8182846866006607,615.9372512818742,19.759000827299694,12.04367159818133,7.65921374938607,164.92582958836817,0.0,0.0,4.216220857732251
0.2656070627881251,0.6721042937998118,980.9904787982452,47.665204745959585,16.991362522204298,12.12608505711027,226.44704985852934,2.144478896741597,11.276348850013592,16.894711821491885
0.1750438577727475,0.7146953763375884,209.4133189384583,33.48458050547762,13.015885380531174,6.42112126337124,158.49472504247638,0.6621970247106136,3.813603396972474,15.066965318990622
0.1089654003066092,0.8606386007513133,1130.0437970833705,19.60794678715197,13.337607871770665,10.910162908195884,230.5094874437896,0.0,6.426232231412392,14.743187272232491
0.11420478208019984,0.8353383905786369,713.9150762984342,15.703976654639,12.77922689552199,9.122224348831313,180.2082748208901,0.6232001187358023,2.04326186206196,7.829478138526634
0.12648674453711486,0.651519633038394,1613.2008638216653,36.44544231977008,11.56134052374764,13.195390855395324,253.87501548311653,1.440696500116273,7.460057399618545,17.176219374534696
0.1522226203257997,0.5801243001449236,267.6005043608681,36.10205113525696,16.170087450047777,8.717996785224887,194.21576077809988,1.2101067023288423,3.2730909257213296,9.798312079493435
0.36179132523320306,0.8929358929623549,1379.5026955658257,25.904480119301198,14.283863123409361,11.753379879253243,238.695858238742,0.0,2.816396282665576,11.147430022664098
0.10600316721867335,0.6404985674532968,887.4108258196705,35.91900677891679,15.39327566406595,10.57350673115663,208.26053028223694,2.465868558867943,11.058724200679041,17.490624068916134
0.3468390791289174,0.5591124935505866,1323.5491088867332,49.33818318384296,16.521601022770444,14.031687343965869,266.39770101427234,1.0135388229359952,12.009965609430255,18.520931154851397
0.11042021342706981,0.6731391728124189,780.9361510130108,37.048464750657764,13.17920505631982,9.514917835595325,194.42730102614212,1.8408122671136282,7.758600210278117,19.05448662405689
0.5529762559729754,0.5918268279424138,372.4570372919045,42.49786475598763,22.07867413233619,12.175457441665403,243.74744646893296,0.0,8.239518422127638,12.833812673798477
0.36084662020997094,0.47822951739927794,751.4599300598827,47.80255724688056,15.801443562621278,9.301037297153185,194.23667525458234,0.4311648191090729,0.5299442856875496,12.053869551465137
0.14681846691117734,0.5417835289518651,1221.2134495234795,48.08251975688168,12.701104504637641,12.847633692009385,236.86146677870988,1.044532734050867,1.8565850917746616,9.252236631312755
0.17186521188649784,0.7158477695719426,254.3303897089828,32.777643224556705,11.780019058039507,7.90010407041709,170.8183494802763,0.0,8.35768266781018,11.339246867999313
0.365154823707265,0.6560678636345197,1423.8999585310912,35.907557921464246,21.041315241951143,16.263533450469545,285.91820515197946,4.6533915419843686,23.985044848992644,22.897755530703925
0.08308463118336357,0.793895950947058,627.3326687190247,28.962279950447524,7.25888875889113,5.345563934657089,120.24936976455994,2.19041586441129,17.883446312880736,13.765352650688135
0.2905081950382694,0.8858541656289469,683.7787523232394,20.7237733982871,15.33868015771699,9.199615515810967,178.10237961854514,1.1638619973424604,22.961590052956268,16.25571717027547
0.5034095193875011,0.9215089517291031,1602.3428680550403,7.6805695401037335,22.212281651308405,13.854448565833831,281.1640599365537,0.34075434887024103,11.39273120560101,13.917658982618764
0.11020219538737264,0.7778637793188604,1021.1557210398756,16.41003053912958,12.066530567784584,12.330147426819039,239.52919592795254,1.2663672060908049,9.973602897204431,10.315152703634622
0.23635711474600146,0.5319834421869919,1216.1719617681226,43.45856423063139,15.478765182412422,11.734051877791988,230.22567299212915,0.0,4.566163621322359,10.754030749447496
0.43394107310612257,0.5372255153864253,1870.2634386923428,56.35916797841283,15.274902088711311,17.379177752502624,324.5663991431416,1.988011932723059,16.78097917569126,17.827976314411764
0.3489880969855429,0.715152285860061,758.2283895953465,36.88899444552074,19.867305870700843,12.819025031025436,260.64516762924313,1.828838672175841,13.548848664347041,20.115200145399648
0.09733686859597171,0.7524658924211571,791.775616083779,20.938695491203973,16.00593146798856,8.423656971413106,179.83148140104564,1.1258998325816019,15.14575247329245,9.069220705253297
0.22842381674405035,0.7763361286203889,561.1782809456424,28.761154150155054,11.41243698129523,8.318000183612495,170.1881756634715,1.708367574705163,12.374883231859984,17.89683030459769
0.3185614989571994,0.8179498753130102,1091.7855250859573,20.655605392004023,17.836702149125948,8.688235417052969,188.44082042038352,0.08084366014467603,5.126036293223528,12.289220366009603
0.28073944831079134,0.4400953285764331,967.1409464412994,57.52721070322573,15.571809799578467,12.410011159794497,237.30537196370793,1.9659496963347356,17.643996325403176,11.907570636376255
0.3526131245920416,0.9375823442013179,389.5167317975772,22.042741950662474,18.76122818504801,8.748645466725081,188.51933184814567,1.4586317492890393,9.593913606135473,12.262428003805658
0.373767442631295,0.4771812363328963,210.4117076267419,59.22502770048518,19.26163439528246,10.93508589725503,201.67204005004155,3.6744988694652485,17.26228802724396,17.40611489958967
0.12402208494146284,0.8365278881059645,1879.7806689625738,15.515358856156565,11.552524971236943,11.633927997979638,216.89282863098717,3.0070067221713757,8.485984426736335,8.441810370032655
0.43430348891227866,0.84489820636271,376.18587136574433,20.464846992668953,19.827006103380285,11.640209432198551,230.77903897585392,1.470045181754751,6.668271077397682,13.73294043395311
0.32217021976751953,0.9102257680430543,362.70167079569813,19.7572187480501,18.029703546162263,9.225006989695782,204.58364445807553,0.6080179543611617,0.0,11.418024026417541
0.06283688264904674,0.9552898346661819,213.71852939376058,12.161563359935023,11.173059130449316,3.171676836435324,82.96078062533302,0.17295463706476566,7.5252530542619755,10.009201340121958
0.08527923077276642,0.9129041924777209,1276.5564290839866,18.565937595962986,8.785663670263286,9.739122652497471,182.50054237579607,1.4150744180094144,8.246427549608821,13.923402400927154
0.2476502344213116,0.6250026779757015,371.3825889275581,42.740127855158484,14.728803965462113,6.858317878174431,161.4229417998052,1.1202580615459867,23.210321870472193,8.642172428836085
0.156625878260801,0.8446859945463706,849.5034096199621,19.74121117687773,15.289228729673267,9.168574731675225,185.79536328795135,1.8217948941821196,9.035755340493509,14.593226401196105
0.026966609619753133,0.8322609680154289,746.6484499055374,9.507689385158498,10.869187575120748,6.465518230489076,155.1475804633146,0.0,5.437049443258776,13.825832151978087
0.26496240195385107,0.46963462600587064,952.4811460930301,58.96446271690399,16.15164612599545,9.327239758502774,196.4248341954189,1.2058561832331907,17.156321567069583,13.188967157401661
0.06515792217820407,0.9380637251106418,1021.4238852875104,2.9174501994829436,10.81798211266415,6.7906442161253,151.84794076581696,1.432550919170114,0.0,8.119704374319188
0.22719018083314843,0.80474614457769,824.4089811976454,23.634635934050465,16.907958866959582,10.525835225607787,203.61013138099855,0.05424549529885114,3.675445574315437,9.951929039298923
0.17630865808962187,0.7559111901255238,1133.3310789121801,32.20474802455156,14.730413679329263,11.882436455806944,240.3641278770204,0.761374424280912,8.718780816182974,10.689412374913635
0.40516424873484513,0.6177915867865672,390.0327727902657,41.70863723410512,19.081699449485214,10.43100071009615,194.52882050194944,2.6275416286662194,10.17755270933181,9.777409857491895
0.11429228187325761,0.679526403251064,1045.6808447998555,38.03392260849134,12.73795646433367,11.968042535406346,228.75172074633744,0.19642318916135837,4.814158257752441,7.870705852018931
0.32336415026804277,0.723725715648867,2144.8626808007184,37.86270979561528,17.702115403438977,18.20184478599598,300.8070515183981,2.4244194265418906,16.376506519341746,18.133810404877305
0.4012071480097839,0.7790497750008102,746.0135407573492,26.692694137710852,17.00357640525709,8.943522649308651,171.16633098137368,1.5138557767612093,16.387726566235692,18.24678747748584
0.23695693308698168,0.8891187443272287,1235.3205059430504,15.17532375926679,16.88842659043738,11.962561086461287,231.50170485083837,0.08402828281242525,2.811999556184423,3.621969630017327
0.31344687785384284,0.5623658447894627,363.46102179227927,53.04442566307576,17.980078900300594,7.576216084112708,158.7943509383662,1.735685703083357,9.490643534878162,11.878074059741303
0.26099902610256137,0.6158030425264583,806.9140569302509,43.376501806988685,16.78387482925572,12.265386916168913,246.5114052853238,3.794384726008948,19.956503357794784,23.24997513721094
0.2641735025751176,0.8493302760958561,1203.0249451737534,19.009526783131474,19.35582678634352,13.069062074362837,258.92192328113276,1.3129689784351675,4.492377553645745,14.893562478177351
0.3409642350941617,0.777112965695852,127.99457278369492,28.141196400437575,19.773529070324955,8.942952196234351,185.3016957484127,0.05363785415092426,11.173953607400605,16.736944990195582
0.2836188528842845,0.6626779689052916,676.5943927862763,33.633146014654464,19.836128445020343,10.430922364375277,209.60131008153743,0.8572542945147639,1.74847817764116,10.403820931561263
0.1589777934050427,0.9862217167286942,1245.9761733695968,0.0,9.635178046081343,6.807447483304659,150.53105012089364,0.5121765845017042,10.767198836118496,11.846139352234944
0.25300354233114236,0.5151937940279658,850.6806625768752,46.26198121638066,15.621034596083593,10.144238742797665,215.20001264920106,0.18874150949405577,0.0,11.387519563998447
0.31977603854860376,0.7831797894260509,610.9095180220202,30.350881599376226,16.374544535543595,9.34048010135341,178.14703185182998,0.3277950104331485,10.74974207089453,10.37904582066079
0.13741941410252148,0.4423016382553922,2693.7597554785857,56.76853105370415,16.330181418057425,19.49815868738852,341.9675534998153,1.3402366537935033,17.42888235564826,11.114390216419547
0.17303598706755532,0.6354104709222504,36.838886701121574,41.0665871129521,16.094910799455008,9.372072900174576,192.56766588342862,1.1635063586919576,8.544790376747436,11.820848154494472
0.47096402778647267,0.660585011517818,908.453954788051,37.25185654277608,22.68151260186724,14.67690797731191,270.0063994517318,2.030391793838938,10.6093175910928,11.52686948279046
0.47916881197588007,0.6236315027771365,2963.011523876311,37.453397431044735,21.348709881221357,21.917684689116417,370.18653174933377,3.0219830268105587,18.324526783692964,15.130045182097334
0.43447113631843276,0.6633408097628428,589.8555013581744,35.70219408053627,23.41401643417754,10.763231873289326,218.46309998881407,0.0,2.417840839484004,10.786020465541727
0.35737096416352593,0.6522573077334464,632.5412688208863,43.63169361225246,16.41618598375684,13.037798968285568,249.62078583181562,0.0,4.462504564292407,10.64260458313744
0.4020965298102491,0.6218532813961196,544.3834743272674,39.603446475260014,18.268302699283176,11.494071509234782,226.50667931297664,1.0521475329905015,9.134585197194836,8.005644399311151
0.275260472141638,0.7363270033064383,522.9787984072952,32.31285980724234,15.80657442444985,9.7011994163954,187.11207173820938,1.5355083424390366,10.433153445720393,10.759124775349807
0.47308245270410987,0.8752248974159571,1811.1209785478181,21.31746395144948,23.1230978770698,16.282218802911984,300.72952501674257,0.6910935201081461,10.286185062786533,6.971023873034101
0.2629057634385063,0.8221209565021569,2955.87979692067,13.605849630975225,14.808277356558792,18.77366892111229,334.71361634462926,1.519205585609293,4.381145938787133,12.113185339779616
0.24438490456948464,0.6429110020585993,706.8419153628496,38.69577530342566,16.691429281280097,9.224871560858576,179.41157012004135,0.0,7.891252330672622,10.945524400478874
0.38951995316838767,0.5470553316631462,346.4510656846733,46.6301569369293,21.521411389404754,10.569838153574567,214.17423873854824,0.0,4.723784463681957,8.921646649647004
0.32716896359891035,0.8420516775491006,556.811288586511,17.123713227066585,17.050214964635888,8.046651033589391,163.34540069495924,1.3484560934593453,8.868587672897165,18.98377356437449
0.5217012487307224,0.7482413527490809,67.4403958163696,28.100292299174992,27.27722028762662,11.390378796723718,225.6640595970892,2.098219589060254,9.911706523802716,13.235390343701338
0.10304645512647412,0.6393056969886498,1113.887249046894,39.778249231615476,11.634438441893892,10.79038401769064,226.66585738738374,1.8327399711755896,10.598093537906768,11.110623078939359
0.12876413996497812,0.9128515390649927,579.686050803179,17.33203181355903,13.529192888100889,8.592073500231509,176.003022084347,0.07933308147557627,12.010497549775533,7.026147889509366
0.22615336022674212,0.5270504055597793,1119.9426699223752,48.37230616768854,15.010954087053863,14.123202778726903,247.1395384206049,1.2454010653882168,7.620362443245966,13.824633742849189
0.5319863861354125,0.3801546590836476,546.960094513112,66.96187380961356,26.34497984329046,14.189756911522801,259.51515946342164,1.70907708427096,6.901576875192432,14.032122069666238
0.05250885673832533,0.8754944313703642,1033.4548536676566,14.390654893876667,14.011011292807076,10.042602811769704,194.4724188899688,2.573721237996306,26.8134852409278,17.903715621305313
0.41004657651291404,0.24012774035094225,1596.897963523652,78.52143363417215,21.420594009673657,17.682928886923715,322.65127206485556,0.41501986703642335,6.431574630688645,9.470494903463123
0.07870586594572078,0.8329943015521972,1458.9668554648697,14.418978638387545,9.547213401965124,9.021241463543967,199.0246340528875,0.0,6.743596223433562,3.8806258374818103
0.16081568206106905,0.4675612988953196,3075.8607584904253,50.850266110204146,15.34261544996095,19.12423603846017,340.58299522740276,1.4873326168374768,4.004223247095926,14.477801232605044
0.07208977267732504,0.8874145352809387,393.58258669210414,19.685432806959824,15.674747427517142,6.703686182458628,151.78870053921335,0.0,7.755678757627711,5.6583506450603895
0.4522482742416524,0.5790662847231456,159.03555072293744,35.279576070933274,21.937572558160156,12.072219758235875,230.3385753126085,0.4929070437843016,10.963742166324934,5.957704358928388
0.24707321782429814,0.6406534876688357,1635.5942366833715,35.15318676366751,17.57992213127453,13.376545667592318,241.95619250396746,1.5438041419399884,13.528835655651648,14.069790404986309
0.2103464489819222,0.8126801736586685,525.6001799693743,19.875891535501847,13.685269611447849,8.605106753611489,187.27527156469208,0.5086407450406192,4.337058566876059,6.781184015303328
0.40074757825906054,0.7080085480819206,565.6643731569832,40.77548210493493,19.653592790294795,12.611914297115792,249.92898098242975,1.2441531392273077,14.012702589124027,10.998734767641757
0.2545300340796208,0.8054734115445901,927.9306458980765,28.88900213028052,16.907574293419557,11.845601572945691,217.75428475556862,0.995234977385097,22.13104786408767,15.195237072072858
0.24558308601079074,0.9145681694796025,2881.810862398055,8.554513364411925,13.705801290462931,17.068712481503148,291.67841597273446,3.8619014047222158,22.389084031797488,23.898478079749147
0.7033174257578655,0.7474090825552325,871.6634533332382,36.472757986762446,26.39619925692238,17.23504709276911,301.5359236719511,3.0978988022609735,11.746314757445402,17.55979300484327
0.47053152163484757,0.8836115759908999,1092.9481672687587,16.6050228475945,22.293002481053723,13.343429494611518,259.87845056388903,2.6312877990436325,18.432873634808338,13.272868259713938
0.3824442874601476,0.7508770514355302,173.971282027993,29.79375657652504,18.11629687062299,9.328072319416178,204.3635367363194,0.0,1.286891858916532,9.900687832372403
0.25678499929338205,0.846231793594197,1304.1403409693412,32.7921983244328,15.428474729013935,12.55099772176575,245.76304573825036,1.6368740263827357,2.083725954680496,13.673194968315036
0.12539124748913086,0.7920726633305292,303.71638627628437,23.12349723914807,14.551947143278973,4.602600440735445,125.68409912722325,0.0,7.384039334697352,4.688902169241912
0.17943546278848,0.7010262896227787,1126.4148225335682,24.325928073051138,18.25902963039857,11.28448663275249,222.405735753046,0.5100953865353699,12.13017538511859,10.049950199311208
0.18545221516074814,0.7306290156339716,1363.0687615414724,24.54616748736948,16.493134120700336,11.84864136906067,223.33673546105692,1.1000508255844041,9.256533923039706,12.84370038603326
0.2403762946236811,0.8770567373381065,495.6493701910291,17.412500167047643,15.214877050397309,7.4955374381482756,169.31473202637483,0.0,7.836885606636832,10.746134204084226
0.49651792020295415,0.7353503133843058,539.372539587596,28.00100878478215,23.871984565975175,11.927944832119717,219.4080625588675,3.089287087571952,16.329043203387485,20.38963296335765
0.1250862282613951,0.6318755110937645,989.0173601055101,34.349368126280815,15.504449783701471,7.025455115830124,152.81193578544887,0.3844781086572474,2.0087272243067034,15.765915463751167
0.14549676534070366,0.921724846796242,1100.4552962629318,16.42036435264269,14.008781835425275,9.738991915292791,181.28529061989443,0.763785372037415,6.005414799106122,11.515577564227327
0.5076875017049681,0.670831739421314,112.19890904743077,33.09349233932896,22.650891861844073,11.513005726288165,220.67510645817546,3.1528950815080523,21.020243759748833,20.662894292448968
0.0423254985153806,0.8816280594510617,919.3250773766574,19.45849546407898,13.087810951018891,8.196223736611117,182.65045605095233,1.9719028938527277,16.14642544354042,19.742595945126382
0.5408703720438284,0.5849302097655396,947.0245471725129,40.155552626397856,28.66955647675444,12.293523093201816,237.76492746546916,1.3072215042733293,8.139212091887732,17.22298694573721
0.0690835001784825,0.5065478390067837,1222.451071313383,48.67944638719113,12.771951933339633,10.412306545173042,212.04761863627368,0.0,8.162676114131422,13.379163897883188
0.018401557658753887,0.7175870733738912,1109.6985066131674,33.04717834293239,14.731663131899724,11.31082084415721,212.09953543805005,1.1294808415024438,2.6925544886541584,11.702968132257084
0.14067728164007795,0.8942028610585133,564.8249284192202,16.43381455441442,14.39411280237166,5.105454487517154,135.49789605266085,0.0,6.686641555678145,13.24837923248267
0.11452030421599789,0.7318249659747684,803.1021450303004,25.482111429512365,15.219375688275111,10.603347980648882,189.4686837559593,2.176268432950721,15.157568650349289,14.069113266869245
0.1468089794231422,0.5723164811867777,525.3334819929472,48.429355510853625,13.828786847332827,7.622721285424731,158.96512981858496,0.871895037485563,0.0,10.522050388282116
0.2844085481848018,0.6441540027797753,489.4634953623783,39.227003390930285,17.757403304953858,9.872903967135706,199.39260902901643,0.0,1.9747763916694723,6.298683579089793
0.2492992868574455,0.5988535419448957,586.245536311768,38.38788883106132,18.389470735681535,10.214045225925823,216.53496836546196,0.6456326765747076,4.785436474664293,6.962440689611949
0.10325928344826163,0.9252695920245896,1258.570723633748,22.155103018573726,11.210622937744175,5.641286240552213,140.82400209692193,0.0,5.843350600791727,11.109183795626
0.32144029175835054,0.7517616454250653,1344.0933309552386,20.725774799773202,17.626078795236392,13.166874108060815,247.78716124311944,2.4139923573071935,16.350274996592095,16.284222235148114
0.4090520017100179,0.9281021223704184,212.61051388296147,14.153865561306946,21.675615181754484,11.503569370765094,238.02442384022825,0.0,9.820096868210978,12.225146384468024
0.3058880556859423,0.6859221635185891,1326.7203378006736,37.55849618258469,19.150890380015323,12.89621202342714,248.07315424546704,2.7790148698930848,16.76106920973891,20.015700451683713
0.02643181668444911,0.5213694604623295,189.19330108831662,51.5674160654096,10.347587381193488,4.681225272788309,112.36293291178704,0.0,0.357841165248713,16.86438749016942
0.15855637151980173,0.7100406841636452,1425.0784181943352,32.09100926854271,14.484881721600011,13.199578546054314,235.01883424775806,2.0227300471455814,9.796142259310653,19.47474326138314
0.2125136046193567,0.8470301717063908,344.17375368828,26.87017259527118,15.205068003228705,6.972307211864673,149.99917418928106,0.8921968748869443,19.73751163274856,6.14814929089534
0.09000189418914421,0.9669952439944032,170.73195967990378,0.0,6.258172107819382,1.114575510364205,54.86459142709981,0.5260195967318302,2.308254059664881,10.85010009897784
0.13219297489908297,0.8967431450538214,1074.958064049762,12.212614215504466,9.285775503350198,7.709947328541483,154.80250721918173,2.1851220093996675,22.3457961607959,13.725430191088673
0.024533061506150314,0.44095043037652154,1355.4751773429634,56.54277879976454,9.81550996298118,12.926443198062202,254.14752746313462,1.954030558531607,0.0,14.127247306740806
0.1022611294825697,0.7018184538076974,3166.8025199194813,33.25313909101609,11.564108753289931,17.136786111125936,310.5725273276926,1.4801161305137627,1.1459089863392258,8.111698800326575
0.48242812329383383,0.8124436422489901,647.8481898186407,23.711269208647487,20.585188280715983,11.576597061700111,204.59493535322449,3.030637718125634,21.638749308564297,14.608698660649758
0.20663758873287655,0.6154624927976181,160.7073456968465,34.259739616288556,16.20194938112788,7.381503250899053,152.67913274175174,0.1522170294002434,0.0,16.27040676933942
0.1174546152521382,0.7922700011322864,2197.1787989412655,9.631961136947663,11.971761071927428,15.080032534259477,277.15346642030147,3.681848507389189,16.108026969964136,18.020030182846877
0.30722423611668204,0.9432676479304011,1843.43480879929,12.231383108769293,16.620500425350134,11.600617777218758,219.87007215858733,2.550142068315207,15.815440575181768,8.334929127510886
0.08873825445950827,0.8767633978125547,689.6506230491692,17.505384305302332,16.28295573056578,10.96450856974159,206.78414912090545,0.6013164607118405,5.8552733225734315,14.70814729947248
0.4119740591850522,0.8364961048240761,1822.9924086468195,9.343810864463999,17.29990045017947,13.995035738980329,269.2505865126494,3.2715679571188563,14.865493243108745,18.764674478991783
0.19669029673427915,0.9418770931231842,1120.5682797966977,17.030985200633566,16.47894622405377,11.165389231290748,213.42059222480546,0.7556576678477172,5.374376788976143,11.801479629135946
0.11264541725749011,0.8303570177826728,183.86455727542116,23.32473015652459,17.062098262816413,7.000374283139624,155.48975161642036,0.0,7.978493066145983,9.107578201769776
0.22432312044037234,0.5990890941145258,623.225684416073,40.89543412626864,15.122864533918179,9.37051209285941,188.43532123913062,1.235339842545089,16.671050516173004,12.371837653558481
0.49203300152291524,0.5947989178687003,571.6285690205134,49.506097818406445,21.33684376705053,12.250736069112452,227.71979282578974,1.0469974331260932,2.8431892585940233,7.4660313858896625
0.445210068303862,0.8275775227813198,451.3604742275587,21.19789393925358,19.280413275226145,10.754497791783416,216.5359187916691,0.7853859070633777,7.717554479706363,20.062728272907414
0.11689106969316171,0.3624058860192706,773.6912017884139,67.62118675493228,15.56365710041444,11.71046658085852,227.40031892569516,1.8773564968291385,17.88361698891573,13.85085360319246
0.2896423398036895,0.8056071044284145,1391.702023656044,32.29230239275891,15.685500280484101,12.287853921023533,237.61475021876402,1.6784450115049638,9.796912878685635,24.02512950288846
0.11010146616824387,0.7190017808557279,484.57393700000017,25.29601249946267,11.468502587531667,9.849789386699907,194.41998160331207,0.6145123042758343,8.700103187858364,10.647990869543483
0.06479581087623229,0.8614455640255558,358.48542950897036,20.86478393594836,15.170608407373273,6.963222939889109,157.938988815423,0.1701209211755645,13.434329879519051,12.322512811582195
0.37354418558892927,0.5396089698790992,125.96523829945747,49.99681887420989,19.27444564445442,10.098942240978278,200.20402112470146,3.5052413098263706,20.505558200393356,22.65417825497113
0.11225835254180835,0.8222050854355871,253.28974816141192,22.056378344908662,12.901185241839531,6.698608069118715,139.83825728626576,1.1484472112244686,17.361231462754585,10.357823739181542
0.3483343690492385,0.643962398173548,172.92717995477275,32.661936489491126,18.5249298635387,7.5665605116659505,143.41481986615938,3.564173434156134,21.426038778296242,20.685864332648286
0.20098773193427943,0.46239800729779035,735.3917031471206,58.99582707901889,16.286994566352195,9.211452191059044,192.03761580558125,0.5404898476241954,1.5016489953940768,9.414567384394866
0.0846946527050729,0.2629028203408763,475.662241665507,75.3800290472535,11.57536921353913,8.119280840169207,174.3632572332514,1.610606515914558,9.735591074292874,17.92273958141245
0.13257497658948322,0.7630828143239478,691.0820340216918,20.916663144567973,12.069219625433073,9.273023913672967,167.0116593791446,0.08808400033856212,4.273334479895656,7.058750655665584
0.5080541889377767,0.8578542911377106,564.3897363930205,12.506144078878892,24.16206055854059,11.331694453483124,223.35473772218185,0.8713966905706674,9.688051859013889,8.904640310801938
0.12537555466566516,0.7556981869860119,2659.485130538098,20.402435825412635,16.720194364115926,17.491307584853587,322.42660555555227,3.0846594372788285,22.76755159607557,20.05486698566388
0.16631766601728723,0.9167940119674574,368.9676670599602,11.73462677266186,12.90431413731411,8.908933170174432,184.7448060894869,0.0,0.0,10.69278116375269
0.2872551724291023,0.5410473748524424,868.2022582589701,48.062177934949425,18.605770313456834,15.075886070911071,274.03690421879423,1.3744012168741573,9.976988832708626,9.097939128910294
0.2054186429045004,0.9031955839874667,922.7366857754031,15.582395546851865,15.76504005644787,11.047778349158808,227.28937580074182,0.552805238093725,1.129129663813929,12.383385354679552
0.1968319151648222,0.673160010908579,1788.152927268043,37.06836021776353,14.04852407970627,13.469802167795565,258.7825200738683,0.0,6.50654440421053,9.10584691711244
0.1875026750156092,0.6289645622131748,409.20585902698014,38.598915533209535,18.267336287540953,11.812457022301526,224.5549335734052,1.2332302733022755,11.279818480144762,15.048158388511329
0.15996083622241314,0.9209454168860477,1025.7215136416369,14.133631894208326,15.179591592190864,11.621418900567987,215.06632594210222,1.9837820209223336,16.003482935725625,13.867129467240689
0.049538163930062544,0.7929989371744665,2239.20768460769,20.367788777091363,13.764110055814117,14.30871623792111,255.99204965916184,1.1827687082213636,8.489269343403969,12.535400532877757
0.34717698790729234,0.5972939415530834,1609.2168635161715,46.52843930692997,18.17142705403159,16.780060464901247,282.0289316898159,2.5125218720755775,19.476392388854613,17.70037121300921
0.30277881302707,0.6338316712926356,433.07510031638816,36.09465846898732,17.782173986147768,8.205556693050799,165.3266960402273,0.1666290679172665,6.501907690410196,11.459196339837474
0.38957878666799484,0.8245866730612816,1119.065268553667,30.362170443189513,23.359155779600666,9.87550218164617,203.57258203078922,0.0,4.744424409911016,8.711722024013465
0.5385697201641013,0.8128966830678266,302.9777914270184,18.222460390793593,25.978760475395926,12.520749354713448,243.20970539004588,0.9666868671271733,5.82061157675227,11.377568040031724
0.43080872544885007,0.8084754113947128,503.9299844683752,19.55732591922692,18.833585768736334,8.644613717947031,161.42226394902235,2.740951114966281,20.524050243654152,21.186988698806775
0.33375351820199084,0.7251711495573127,636.561584052414,29.293279315061678,19.317648495546045,11.119727899432092,188.6781794499203,3.0203262963449005,17.277107968356376,19.14312614927195
0.24029415417826266,0.6717442709246125,344.0634172054984,37.007093531292206,15.829734492965903,8.85815109759109,171.70127883134614,1.4222990411504126,6.022432065097758,16.49217588903661
0.08152660663203586,0.8628254254276431,1668.0086185757934,20.38946931381,13.642755890912461,10.904748382975958,218.56025663803823,0.026267170329568046,2.941563552002802,14.781284134314525
0.18866295227813235,0.9002566201840286,2263.2011603072015,13.313396398017616,15.593511725849927,13.67270607247169,239.5028529107675,0.9523681309034093,11.970574613561592,11.488112947590455
0.14733959508051095,0.5595630949233831,754.9355500359209,43.90280085069635,15.323471046616763,9.1205963306942,190.31018988075553,2.8711226676510138,15.677700939463655,13.46434517885362
0.31732038668312357,0.4114044361399008,2549.8371293929295,68.93605587339039,14.217484036248715,19.030278990495702,340.89309251296226,2.3760091207109655,9.554152849658484,14.728423793301989
0.2642107191890321,0.7774724828078458,430.281270441384,37.01549892846898,16.205921226027318,9.598838689476464,195.0381715793124,1.7776897074780407,16.99190196574528,12.74312048442767
0.1248398872703143,0.6042016984381193,1092.0220132093589,42.40877707674439,10.795263629679614,8.821909400144682,170.11923139246085,2.3177454245263536,16.07476772134362,16.591403696299473
0.02704764550952181,0.7362219322758159,438.6075359583244,34.94642149440291,9.287527683732593,5.935663668804868,128.69535106330238,1.1547966134212608,7.764548946031082,15.791600473875354
0.4537623420918184,0.6014181663581538,856.9416254802352,37.13991110672981,20.222350710066397,11.676087444128425,229.9026593310955,1.1979496949227944,9.945624279305829,12.624433162348025
0.37078349844560393,0.5378757568561495,940.2136163063145,49.29961874038976,16.697023455644644,12.7076087926898,248.498032706474,1.829100167151449,13.693604234755675,18.007569187721487
0.2984658221446837,0.84528327739546,1540.470163189358,22.836854863387025,15.050523508372645,16.15544893080352,304.5686249121831,2.4995522141748956,13.288904188914218,23.33180777910291
0.19687833352224288,0.7094594951856902,152.50166063198793,27.89038159360047,14.063002673438318,7.70816830071281,162.3776500788957,0.5537611676607088,10.709170677929574,8.801110558859628
0.2564656386133723,0.5524690281049995,3633.1276325928284,46.945262674786996,15.758633145312084,21.48416088537798,372.7593638201475,2.5776045874130387,14.882273856589578,17.224850143261666
0.3209257232505253,0.5752679507099028,678.1394951556108,48.799074729050886,19.238938377793676,11.265807890151612,234.87625925547928,1.310496441707985,10.956616163698003,16.4241571605075
0.477593582238229,0.5710236910532053,826.1214221139951,41.093149246817276,21.704629486027585,13.721984167661525,261.0916394467809,2.6882581386635396,10.768291632757919,21.54285107075064
0.3391794332895268,0.9137740310260262,609.9922335560874,14.803869146355144,20.037993389359183,10.36640551442608,209.45886108234257,1.8821427219061828,10.543207803583895,10.598939850247275
0.14908412502730117,0.9255397895785877,1566.7001687722816,20.452738855687077,13.615472476677906,11.186163450424196,210.1994606922694,2.6110089353535413,14.751601530773268,16.446848938713607
0.21649609244961215,0.8533983537307765,1191.6414257321765,22.3386464918755,18.035715120250018,10.334670570808859,189.78929917859784,1.0638390863862859,7.04448253033488,11.260752647931728
0.13301507063949822,0.5575678778219088,688.2262682432013,40.927744128338894,12.559495097399548,9.497337080275178,198.31485432146297,1.7483039934465991,6.405967712064649,16.51533705823364
0.4409096143325811,0.6634113849921061,1256.8499932126626,40.42957676627712,18.775996178663927,16.546193962441368,308.88924246784507,2.725897658962766,17.075220973057817,19.25783240454849
0.22052808786680003,0.8424866119976443,748.3768442854507,8.94555489039331,14.719283246728962,8.073878869038268,182.733450540625,0.0,13.228864962562108,10.173402829187308
0.48457236309999646,0.8126202877416837,1190.1348638705547,18.667531763614246,20.874196486623315,14.11139182503712,270.48784656218123,1.8245868359057633,0.0,13.12994100033885
0.44647670376369764,0.7786842141068009,1626.5032926219178,17.86075831240947,17.591076864792534,16.81972030162801,308.0261260206866,1.8907418167599679,14.971856405479354,17.98737655425131
0.1571698615717999,0.4708052241290174,928.0374493239771,49.76417746429261,17.26941937683021,12.432799890241057,231.63378923180346,0.3008204391691893,8.399159398576273,13.872951783172976
0.36026353412721096,0.6366548402646297,259.31003563886566,41.12513411143965,18.820383098425314,7.979679387142404,160.86702001972918,0.0,0.0,7.191469133451143
0.23575355298569253,0.7385836478583044,782.9922808893001,24.08108273216287,17.41803854932757,7.885657647473926,191.02450953534273,1.1444686460381073,12.772717113082148,10.780174335879803
0.17230092131542177,0.8303071953025266,779.9007153191818,9.75719152688061,14.748363237441898,5.670685850177134,138.32766902244498,1.2572329197124807,13.453531627533426,11.73621594666435
0.599841488737767,0.7614885541365393,637.6473161426284,28.99199037534151,21.622195677550632,10.832969972049671,224.67245197109497,0.47421683668313486,5.640795013297344,4.855568586989384
0.15996766039285404,0.6575894250202897,756.6041843026348,32.71433178514008,13.29264760073049,9.512496436613308,195.05078903716552,0.0,2.9181257043921653,14.376325311539944
0.2743464919335436,0.751442633792888,302.91078391759635,27.058295498044984,15.749264209047883,11.040498840803073,199.22184119044647,1.0712735084697802,9.870623555507512,10.062364344381661
0.08652297869944121,0.9330510948069343,2019.9119241004692,10.157688863193146,13.074634757414868,13.469214747221354,251.69336729650217,1.5301343119581818,11.915170279369507,15.231867609359847
0.4491735422045815,0.7614755577627467,533.6393401445816,25.600092401140937,21.938389262261012,12.272415930613597,221.32684089686808,0.7187308811722859,9.393021248483436,10.313717778424879
0.19402282151223105,0.712142892940243,1687.7490418880436,39.06923118273411,17.928631915850325,15.18590742951596,284.4500402712872,1.355256042178133,12.576496024979663,14.618565796100135
0.11957758090503462,0.9295277184678568,786.7681598859175,16.103898108370995,10.814936650249255,8.221862135011843,176.06415099407357,0.0,5.211613576702989,10.28024101008538
0.26391987028803104,0.579388493358775,1360.781700216519,52.31160285446202,18.20190966435873,14.073885932765078,255.84332947571528,2.6262050833582107,15.606090543730986,15.920142425527182
0.23501461284733846,0.8025620576011858,167.485717294776,21.84550331951364,12.89514109472536,7.7311135436851295,178.04430571675354,0.0,0.0,10.576931320596342
0.19134474784547775,0.790970265138503,1767.26516427659,30.71865096379113,15.28404544872152,16.434197268251236,273.71312211555426,3.3634161632298696,20.176357401517738,15.903010694971094
0.33656994246022554,0.8773831081996701,1298.1838404017813,14.165085619203523,16.643470283955804,14.368862691548902,265.75075041027264,3.026437317005806,16.159908434138327,19.328599594485993
0.41061316596330805,0.452674504116539,171.2584862108427,53.4468087187642,19.833132072579215,6.7864130241431795,147.36869984586662,1.9729093959122794,7.281901620540194,12.626943178074828
0.5857202868278983,0.810478130904416,1298.0824014439993,16.12777305204376,23.412723708497246,16.066042834855335,291.15452160810617,2.9435810715283663,15.21450496151659,20.492829397836466
0.22613328514949468,0.8551765829201825,1757.5186849667846,16.094987126564465,13.468660204842116,12.345658666277833,211.87877714538445,3.8813615574421245,12.487946487006027,25.748479440866884
0.22628792853921126,0.8154945155997725,410.6766132932037,15.893465037248708,13.01672565550604,7.287709912982111,147.27533698425108,0.7253969394383096,8.851578383607379,10.124264425957938
0.19236839380592227,0.7972569907942524,1188.5730617619488,29.211529559556745,17.611047374099616,10.95576548530259,205.4336499572658,1.2926698049039231,12.130718636841245,13.748874588284195
0.0887317716119814,0.5232660144301099,405.43504680373,49.60988222189195,11.896549667478517,8.312491434192685,170.84325477965564,0.0,0.0,10.449410649264053
0.20867013371190415,0.4525670848599538,1206.4416053306127,51.05177533040269,14.843519641534012,13.275283270731128,241.48026517737156,4.0661951562343495,9.490306119040511,22.71988287288871
0.4726662305910095,0.8977807804302136,1097.1870457528742,15.562880341094848,18.876497838910407,14.33140153074929,267.82047932943107,1.9993043342743824,11.715778043020908,12.375200302558358
0.25230425515782573,0.5863926908788474,1310.8530315387293,38.078118799663045,17.389730512805976,12.945995495583478,276.83950024856745,1.100952210718028,7.775530447544989,9.918728127712782
0.17408270893338612,0.5569109960194756,2208.068783834875,47.52362518895808,14.756214967576415,16.519419870255568,304.6847409191212,1.6065401498231855,11.21944344641022,14.651120421964254
0.36082257622738795,0.7041423855711066,481.8173216810964,30.302830928912165,20.637733455778097,11.52158546151608,235.7313142835701,0.0,0.0,6.85145041202326
0.12791553596635022,0.6036440169695887,453.97749185407673,36.71482354665481,10.439031298353077,6.862107859528771,157.1386979536638,1.3289977759588112,17.133237559008297,10.283101412159454
0.5929369295095052,0.6054581937621603,927.9120247500293,42.75206027583092,22.791736111810277,15.278200645322796,283.39902122386195,1.7843747735805005,2.85706215896767,19.025010674998285
0.19996335008988192,0.5153117810971589,1205.1042322030517,54.5827979905827,13.994678990247179,13.255960121221742,236.11380729145552,2.0357640117554507,18.99680995856409,18.874316958500522
0.292905276175763,0.7074289061624125,593.1687514066894,29.366159357974514,16.068101575969738,10.077005999720543,208.65864504082865,1.3224660843402165,17.929213671833885,15.43964516252882
0.1553981944858431,0.8246820396787813,328.8392818654252,24.809248039029782,12.495351498718946,5.065920060904897,153.7421390869637,0.0,2.933734904943987,10.50631213824844
0.12989424287481682,0.8545097501519482,1290.9534878694647,7.770725577742855,11.805138305667175,8.970581265990159,191.8692782258844,1.3452834127855264,11.68709534818245,14.43543863291061
0.3772818780423123,0.8483913727294607,429.5623805804169,25.393725690001485,19.918372412112948,8.968845321241723,183.05804480422384,2.1579630573053694,14.317551995378683,15.82956892057813
0.4322014430462766,0.5211072652750208,1076.678468030615,61.77781020161217,19.642851948899207,14.628767340008194,273.1443880432825,0.0,6.52383104490881,7.4861181147888125
0.4404755803442935,0.9040203765846748,1065.9689370016595,16.953775989076394,20.24979208803082,14.852282600135624,269.76800723312607,1.9905554296397239,16.78598709043518,12.878116148801134
0.4308493391731441,0.8468560479198588,952.336171973755,22.602090517024017,20.598899931779354,9.074545146821809,177.1405805847136,2.162187980604531,0.0,16.267204295465802
0.6245220435854448,0.7729014171655144,1826.9808252119374,24.969881483121544,24.405089361301577,17.681891952827854,308.4053111421427,2.7827606988026883,18.19652845045629,16.37637170394263
0.5186313495357071,0.5897154450927639,557.0359073094313,40.78718633923673,24.31844815586373,12.768053891471427,252.8214201120182,0.0,16.64550943690411,8.210179228159245
0.1851315232370019,0.5161809331106215,209.2963696122206,41.44892737047976,12.48839494659219,6.855243710398492,167.98842596844,0.5941569072417954,7.573410998993753,14.000168312210054
0.16851652944459886,0.6492665114996791,1241.3582340065543,33.32049928044691,11.660499853605877,10.73972778436518,205.94607178376776,3.6683458553250765,27.238885723993107,20.521790043186
0.49601950482407925,0.8060604584734807,1811.6124134387132,27.80417091996896,20.13900171917828,17.219018047327086,313.48821768067126,1.9694757821664155,20.65563098417804,15.130472918947023
0.2120401597460708,0.7615806110389656,588.6561327635486,31.405036919373067,14.446075583359757,10.357562484145795,211.48624202065167,3.0473445147048577,9.451227207778928,18.827593001682555
0.5473518203744051,0.7921606896603869,1190.7870819867815,23.745304099495876,21.252653462621428,16.04412712407667,278.82858013040305,3.0379193345144966,10.064522861999281,24.641661394097795
0.030088749265214865,0.9174681189195734,359.68080881485145,16.67850171745434,12.717014913832989,6.030007509400706,137.66258838162747,0.0,8.013903150614327,10.315508718781874
0.5349085551272252,0.9331944254550723,805.970459750447,13.505737671400633,26.653773042563227,12.451838986076812,231.36480095367355,0.9771415386623047,7.830555285282836,5.541064009245246
0.6961455088603262,0.9330544956087669,1809.052354802954,17.2570716408015,25.709465429351294,17.867806073368257,321.037437727074,3.3450537869543364,20.92592882996194,20.36724809625546
0.29107751305027635,0.7397042817697493,2311.7253716982773,27.055630250118448,20.580624582427568,16.26016648020954,289.0726314879083,1.995791258235701,0.3459747103503634,15.009151520153692
0.5376020945566096,0.7210787207445208,1832.7577557159257,25.239048540874556,27.226523602567962,19.503711596582768,333.7275156796907,3.600104525850867,26.77574925970106,19.466442485565242
0.2991281623587963,0.7974489746315344,1531.08847389841,10.652563456821694,20.017794061427676,13.192265043943179,248.9557332963179,2.5833644542345766,22.8002680075644,13.873702882969782
0.13216302889586085,0.46519161402999903,862.0086336005519,52.23839783752076,15.093358145559,11.689984373235042,236.86487239174346,0.0,7.083690107706113,5.819488064075773
0.04677731871050426,0.5798645540706251,741.5210183938663,41.12642981036283,11.44508276475952,11.626316085204756,212.82843378457747,2.3967557717057026,16.230758074438373,14.61622819505968
0.10351136651699534,0.9072375639935442,960.2457839539885,5.949224153074082,16.49046670021133,6.014972572489366,148.6362220641898,1.5113786894791565,22.056717702174353,13.877052167661086
0.2563248452788994,0.6307000034566663,887.6966421855369,42.39013138688238,17.170232909657443,11.830620445773473,216.47810607155472,1.3590532944314497,19.971463827626465,7.587236315625383
0.27746866046977914,0.4239217679741955,270.58387159652415,55.467981225188076,20.594544540708444,10.801252340008858,208.7658456900012,1.1307085711456129,13.745387221484304,11.75196528071659
0.29651720361226586,0.819022437825383,1694.6617756911357,21.718531552721124,13.615014611227972,15.392801349539372,285.031471972607,0.13943657023267253,0.0,12.281423523359557
0.03617182269776776,0.9086180838574507,755.3620598566223,18.02330110703568,13.981849654635406,4.070600637210754,100.90739548462125,0.0,2.4896908214853326,13.56968537879289
0.1412688854686225,0.8977659693914657,664.8948144346064,11.142819785180873,15.525504294389107,9.02692002466868,180.14515450050135,0.0,9.284527362713082,6.917296833631546
0.25610821994738864,0.34404174034287816,1553.3797055513583,56.34591583547873,15.135884222879518,14.069983993584064,255.99026026699178,3.5399694577882315,25.284193299217723,20.451903612937464
0.28558205343301873,0.6701250749732527,1257.1546608979431,36.293856578684974,16.393684393119596,11.156094746868668,212.0825183333868,0.17708189040232702,5.281297032592454,7.463203180108033
0.1157793883592914,0.4771725153382028,696.3979954359296,56.66657188488766,15.765962037354438,10.97453879471823,211.70142572604018,1.784536078467261,3.9753490754512306,19.289878494757176
0.39313562342210756,0.7646423975231766,1326.0291146446184,35.081261746891286,21.140366097113223,13.56936617107845,264.18675839036666,0.368991961114305,11.62275144243933,11.280521177628287
0.09105708902669706,0.5284573212512457,2226.7122393251957,41.67083353228172,9.715622680681134,13.221532705021046,251.8465069198159,1.9104059417352481,6.663360186801429,20.98917449539585
0.3351252039137425,0.803649676374202,762.0893356475574,21.990846815229684,20.52466050113628,8.467603151730412,184.77176210009907,1.0169052017419988,9.67496053468461,17.23873177447043
0.031617611823741856,0.9214310564795247,476.6224767569679,17.42472973832124,13.30321800297491,8.040719225366939,175.92809931614227,2.3109879755577936,16.696324945037208,16.67897969939602
0.13551794421086072,0.8052239529395129,1804.577808901599,18.879713204376575,11.784810209955175,11.640004273665575,242.58116422123356,1.8937449356231253,16.63438168000553,16.565769667892866
0.2111268597839508,0.8926860662692674,1883.8655087848492,8.619069106508736,14.759172049122665,12.314340580036063,235.0495728979818,0.9054544240619158,3.9720869876721103,8.733064312575124
0.28333306463688435,0.49482521267054547,1195.486425192314,52.21143830975226,15.52243599057123,14.327340833813558,278.1567503751387,1.0795539952135857,13.270406181937869,14.025631127657835
0.3753187918889888,0.8512324510756256,943.220398818243,15.119524637502057,20.84597206098295,11.977081405066489,231.49690098653403,1.7447411166727387,9.923103940174617,15.80979898259948
0.2553160470610644,0.816151819040406,1166.5759904209938,20.11380236615559,18.383593635132524,11.915031970505481,228.9186851012593,0.7640903823754295,7.92400594778339,12.720724774535938
0.2764701824309651,0.8194920184318083,1926.8522121570106,24.62784852122897,18.551701978881212,14.105928766035783,251.1838833474083,3.9342868874161403,25.021079313685796,20.876343292433315
0.05113917723092866,0.6773685010862038,1167.3546734413048,29.10519162062344,9.713195973634367,7.482322715254448,160.65718304376801,1.893237577476579,17.351768078292668,18.56803203724636
0.2247034684782307,0.8116887256233087,1905.488345176477,18.521627651886554,17.30173640888592,15.443860098874314,285.792179575849,2.630845792099127,17.98496158143253,13.335592270918443
0.128167073450571,0.664315549946855,792.7080168787778,30.523867059460517,14.200924655148592,6.538635387815624,154.76861324103686,1.185223280861086,3.292969219723968,14.839716805101158
0.07601774317651247,0.6768621821907032,225.13479788368102,35.30358399456102,14.25385165530282,4.396019570890951,115.51464804608727,0.4005584026971266,4.798822778524652,13.063900502193613
0.29870934209355277,0.502789122156874,779.4064367782793,49.612878227871214,20.556214964207633,9.657957964647002,197.36948014429237,0.0,8.98482839391895,15.6583269875205
0.1428348170874883,0.978653037943601,1051.2021803280193,7.999210080687238,9.302631034128863,8.117604522726177,165.52360593968746,0.9324894314583306,11.135644057324189,11.156364687811454
0.24531542421750016,0.9605296149675588,787.6187024792225,7.156143109991808,19.080869652669776,9.320352376449142,199.08751450535004,0.0,5.571822590141056,10.81146835142727
0.06653004873735634,0.7543667946834266,797.9354863404809,37.28613001801823,15.643599121322964,10.566305868514544,205.50512972455033,2.7033963618414454,18.19043454577418,15.86247478320945
0.19983575598996614,0.5838799158903846,979.2851486348819,44.09478556726942,14.38307461887029,11.318852700526701,208.17577526814296,1.9115725213769528,10.720390597908413,15.447471913216521
0.4156617577177284,0.5476414146996369,1348.60520789802,54.5043267500844,20.92046755015366,17.16207086350341,301.41643417268904,3.1633084060157564,13.718794107263266,18.306336164405877
0.40576681815691085,0.6709994378202726,567.7904258894026,29.420670927874063,17.239727322039663,8.26299311198178,172.14421814186323,1.1795452285298378,6.080234524036264,7.25938593506069
0.28404320608495015,0.523696947251733,1065.8429415989174,44.63452638302924,20.253674623435717,13.161696603867826,244.28991937093426,0.6531942838816829,1.6199146619369449,9.379518262391928
0.16527483459375986,0.39010185345850945,545.8060417253589,59.257117313472506,14.265003385219277,7.717353207839666,163.1792825705245,1.5380124561222366,9.567456674167811,15.520120991463191
0.47398467875171524,0.6601927358242083,2513.9880643195856,42.08728273819424,21.922811605331862,18.829267537812175,329.7755579807333,2.730932436542501,17.20187610004541,16.80632276900788
0.31803967027394564,0.6871215850255005,372.04414011330175,27.402706890228373,17.090344302403,7.571568833861282,180.99087670732834,0.7237263336614858,0.7242727382986303,12.42950082728086
0.4655901308973685,0.9420420307683618,50.81436374452692,7.870787115187111,24.318615318715363,7.654469387154898,169.31214663526947,1.3990738331121142,16.909178228119373,9.24989591973212
0.45222614917042103,0.5922408758855966,303.02139837452853,29.063497795081467,22.44183098746782,9.902877280487534,181.8585458160722,2.4373822231908515,21.374222031896885,14.954599975612135
0.062207962619393764,0.8172407410151457,865.5712544700785,17.330564761357856,8.880913193883076,5.974467082686454,127.77534099751804,0.0,10.675684694942554,10.408008198108748
0.43225614787548966,0.4991291909417344,458.1814031272917,48.21213839036624,20.14971599803196,14.051151347180548,278.8855355133019,1.5457598451584043,11.443737969827877,15.700370058569076
0.24302954993902454,0.4361500024454062,92.54582630795862,58.943441783376734,15.931342167023118,10.0715411897623,206.44583144873377,2.02967113642039,1.9501288656521982,18.372775474759028
0.23255595744384375,0.8849538211189946,80.13713016275823,22.10882017562204,15.436641591172961,6.837693081963353,143.36448850599265,1.674933617767028,17.539788003089527,10.863247122119986
0.3640709090387803,0.8940326879049163,1575.0326906936184,20.914096638609927,23.086370070622166,12.961656204949707,260.6315756946743,1.4047307938179738,17.16789641838465,19.714575726280287
0.2881743182932703,0.9488845825189328,677.4855042425025,11.918075843466152,18.831126681032107,11.093889389678587,211.96841844373967,2.819535821346922,13.506889958919878,13.992867319339544
0.11475354538551011,0.8557876661103619,2066.711657159412,12.542761404816353,17.063656135322283,13.929431217157777,252.9458846722358,2.6542353786956223,16.814513098721548,17.156847241519753
0.20564821816192794,0.5986814766731051,894.7039520988922,40.465800093040954,17.88580288391122,8.936240465537207,178.62567974331907,1.419342229505863,17.977701011064966,17.554171384783295
0.40905918928136564,0.594365254469604,442.4474350655226,45.45841904936665,20.919453857174908,11.054978144075402,226.6141476958789,0.2657829502639141,4.58960219664192,12.196022848550964
0.11349240060996837,0.7289913226953734,290.97531721592827,27.456953026042807,10.27890288208735,5.790893430255823,141.07482870427006,0.5391478251791153,7.443421851496096,11.560145049057818
0.15586800751764335,0.30585041416894304,64.41479793111581,68.56183977692498,14.728942474372046,7.876577541009004,158.5448239805155,2.3192196943931678,20.784150172739256,14.451753965839902
0.4895562841016833,0.6503786899900333,923.4783631041776,38.89571334083755,21.10620233915793,15.602435259707255,288.60334600982543,2.3752759975672735,18.211352587236675,21.492006897926114
0.4294416424816053,0.5153587081335305,785.1378770780531,53.72895739252789,20.492729127959215,16.437468192030668,290.1908618062104,1.9441875445405137,8.208109409368046,17.818920761517358
0.279985620553373,0.9186825473392761,180.76766208321905,8.552789382908477,19.77496933351498,9.728036160161395,188.45005001490873,0.10805306627773148,2.6292703437766294,8.755544335408523
0.22489589520929004,0.7486538912639104,625.3345206063898,30.035580341483975,14.024269847186833,9.083624117945806,164.3604298909412,1.050029147226861,18.342843694334434,13.460775489044215
0.44777137446436094,0.7065642677978874,770.2483753011471,29.3906067762914,22.486840064693503,13.314355129072407,239.68653419742523,0.5327479069194012,7.892499883263798,7.083349419843467
0.5899439453093388,0.8369547467281964,1186.6288100138586,22.867804192975996,22.825347948697193,16.515423798355464,306.55102342323795,0.7198087685994659,2.7437306014117357,11.563258627062897
0.046064327765013166,0.9386005201232129,799.653410274706,8.180769267513806,13.391369425780564,5.487746250388426,117.35746979062603,1.5498648251112233,26.51918566130537,14.929276176191555
0.19778032493629433,0.6661507069006403,132.68830859970328,43.38586006649247,12.626002829491842,8.139948472668388,169.67946952355848,0.0,3.2526548430598696,6.624512865439804
0.2353120774875743,0.7949475753267607,471.97710218156294,33.77160649745538,15.912624845331452,8.468785409367312,182.1753300727468,0.2381250961769351,3.784131989520909,8.543410370440132
0.024958372230332735,0.5222633197628218,759.6660024435439,50.74032879609604,12.4719407332493,7.350565933440652,158.6786735667591,0.8860285150630033,11.186025302636232,7.851066428548489
0.25731714447208753,0.7949202690816903,1416.9955150741957,25.490594378850655,17.122858079120988,13.856823127468228,254.27914209849263,0.001930185013171215,4.4335963156111,8.865895605324878
0.12467172840747866,0.5266230416105535,1197.6772024131562,40.07721338193818,13.421648548069113,9.686159854010667,204.96206467738017,0.06075471985583214,1.6787952694848434,8.657162912881192
0.4284397033604438,0.4924812558528884,578.759443778851,53.17892270041771,20.859331933131504,10.92036869570543,208.27877803095268,1.827017759866128,9.752764525794797,12.513914258175369
0.3810495858849012,0.5270316631810752,1592.0278702100106,47.53749495880142,21.644857456346905,15.842057722460062,301.8555021356456,1.261453451816624,8.444084722730508,11.052658795563907
0.1427283860600296,0.5159587163085605,1245.0710606416646,50.12614143387699,12.323858992386704,9.742673227212387,204.86211662027307,0.23856936164760212,14.285158197576616,7.213410986294212
0.29543078708802795,0.8521609943176813,710.2616139306649,22.818028303534117,16.357812394808537,9.019503684188685,198.88823515859212,0.7196783734157988,0.9121187934775268,11.806861250057459
0.6118612102139102,0.6276837543648855,305.1924395809076,29.04322006965304,23.576556172322373,11.430273949902867,225.38350696059328,0.14889654506415473,11.424715638500954,6.083873245499436
0.2999124363667806,0.9535094910578923,661.4602098270828,13.765404809017832,17.94431196757859,8.780824930713466,179.27388811831574,1.4286120060112433,14.450981875290415,11.925597268361013
0.08073481093072007,0.5495727585393427,1203.6778917373288,40.74911270148148,15.191331554277706,14.294253286506516,264.3744054761093,0.723638631047428,7.986651468431341,15.104756413876128
0.44026266792682195,0.6281910794158898,1911.2749087622724,47.86773686613941,20.754360957182218,18.34463000280308,334.11068157748065,1.831374740702588,14.083325549439135,14.986922212182737
0.5983113345082678,0.9092649751993743,751.0004239687971,3.6238605836296873,25.545498327270554,13.317531943529165,256.30986967321985,0.23266121776230464,9.69009686470923,11.640603534060084
0.5565804173557918,0.8664810211161917,436.2099684626043,15.100926647532788,20.887219185003577,11.718813114369267,229.04473868340048,1.1221510404389132,6.819521050515338,10.184652201423713
0.4552267779246988,0.8962099612980235,1433.9180502099225,20.372876828801235,20.82378005363798,12.259903831261518,233.86161148899907,0.0,6.79307294608314,10.802309038147573
0.767092681940552,0.4785295466469077,638.2339806772312,50.260155890721116,27.778169647388005,16.71953394592203,291.61466060809994,2.4902397664957654,17.376431201960038,13.22943118251071
0.36495174804050406,0.5383489048897278,419.49905918634755,47.48908207066122,18.380434874925857,9.057673080527907,195.30995931252076,0.0,11.110003048803708,11.460231703926524
0.5254685016823738,0.7351819962816515,1259.936675337344,24.513958696961318,21.07725465377095,15.868659574840567,271.73648746705675,1.877503755366448,13.571268083172514,15.135351408299721
0.3466804379228557,0.8111137054973774,2485.707202732359,19.834327344917888,17.753247744751523,19.336632678980344,329.4284956367568,1.7436133210134468,9.967518125125022,16.082033794768325
0.4502493378061525,0.5407100720172395,535.2716821829197,48.10376456376586,22.056628655839592,11.78920017522456,241.56169431311935,0.5988618336113343,2.8665207264598225,9.501760761444384
0.1647380790165998,0.9784076943780173,625.0577865569473,3.2465667921897583,14.152705817256201,9.363032304848275,179.22324053372355,1.9008066921311109,13.80117998724741,12.49522574295951
0.5223037522488666,0.8411472188641446,652.9552051167868,18.74666265493823,23.738860153681177,10.012396553627523,215.0432098073446,0.1869257988552085,4.6695257765417555,13.007733799561741
0.14062099629616667,0.6752662529901005,412.23364828375816,25.08114670218675,15.100663423328092,6.468986587478923,127.25980642756045,0.510819473682412,18.20594075471427,8.187001114807902
0.2850870241655257,0.6886858271867653,264.94709525723823,37.16782560319898,17.818072262444776,11.708963952028421,243.99744285326372,0.0,6.210118299984371,12.128656772097877
0.48134083378839754,0.8973862632750095,496.3121249837725,8.8229132890968,22.063047774953926,11.790949931711506,225.306200530408,1.877733848507976,4.485940359863999,17.12823630305686
0.38014515205269434,0.8002377294063819,1006.0275932446625,21.404753921720676,21.864001197596462,14.178309435013723,257.7213169581295,2.90750685754002,10.639986245275491,16.425750697976234
0.3279800239241128,0.7501327401774722,732.6061402863138,29.02272044962089,17.24097957889151,11.23209608959856,219.81484097033615,0.7777828911812226,2.58781052802437,12.043064189085438
0.3269544904789749,0.6433007784126997,739.2818824364248,42.935683970876276,20.908732961681377,13.962911010159871,251.6332030688517,2.0564948568296084,9.017398685312841,12.429976705941385
0.07306032431191392,0.8202782129782398,1541.763840619069,21.770916830354324,12.807066926726971,10.6756761171374,207.36713727261792,2.636688089482479,18.674937903558543,17.30206847470224
0.32899593797863674,0.6711243360617278,2589.9183937552316,33.00917242014494,18.30406225939635,17.83192118073069,322.8333039582153,1.529956248954242,17.212238098307594,11.877324943300763
0.1636651843769953,0.5137378345712519,993.9376618371376,53.21854661385987,15.38830657346333,9.545353596836565,196.81043585061255,0.38437331539456904,9.334978477226525,14.424019821016564
0.6031533398810073,0.632533285859774,2048.956999101403,41.60150987435329,22.430270062186096,18.869546106540763,335.5082019462167,2.4630577313327393,11.462415267919368,15.246556482082257
0.27524188053359566,0.7231038574792846,910.0603092029451,28.417117552223754,17.33492734050475,9.734861887250254,200.0864188256952,0.9319250852630248,2.86524603316143,9.954388855105119
0.26928015773937247,0.948436302664207,283.7893954041264,7.7747238543228185,18.85665429188373,7.936632658288119,149.51863337134597,1.7113875567008574,17.021216805718048,6.6207280098191
0.29299491307561665,0.9624218725540291,526.810540903028,7.831708002296938,18.750759980927345,7.697149266990655,180.10605130687375,0.0,9.30979287631469,7.843234924276832
0.1719660983092493,0.6829180413861204,1133.5133493390351,38.07079035113325,14.438529662406726,10.195847563876987,202.97724198972725,0.0,5.230407180081803,7.989057872351442
0.21528873443503133,0.7846668863914925,415.64161569808545,24.80177420208258,16.549921336780418,7.530268703580854,167.56698764590175,0.0,4.952789105442185,8.256437920366238
0.10053148334729539,0.7904153054957705,28.24471516052302,25.223069704385367,13.064647736094418,3.177540595041572,85.22325535808712,0.0,3.523080501743217,15.813247981107102
0.19223688594945584,0.8282949854046134,386.04863763066066,21.25554460846695,12.867150665868428,6.326800463056781,143.4282246667159,0.0,0.0,10.930127097651303
0.08559906973660773,0.7770996304549913,385.38990109496484,29.036145585404448,13.374040013458613,7.216429259159185,166.71801906691812,0.0,5.249309858845083,9.105081692115212
0.28560468227771374,0.6319751573591885,884.6534361298388,37.099917019138,18.52335313862981,12.989196168986865,237.1598870882011,1.825492154045287,8.228398930458841,15.854707829118166
0.09039250750567483,0.8679083041575064,984.5352046374232,16.14088858316517,13.70375319335955,9.396511721212699,172.1214918094086,2.196514361886654,13.54462525905354,13.9439521316046
0.19292480901544437,0.5868812434918557,1074.916416704667,43.43983339767705,12.21392142802135,9.246712062039737,180.87437602702437,1.7744175734468968,12.132749086205806,10.342420787607477
0.18415055204663122,0.68484767570912,1179.688864911698,29.677754550295276,12.808684215810944,11.683645823719358,239.64219526813434,0.19383608330602808,1.2135220397157154,13.856038815546775
0.7567102633095711,0.8434260547557181,1418.6897083599047,21.235987001617787,29.095779143461595,15.60841044680192,295.11102112252894,0.6951199722240241,8.567796568126587,14.086945072716327
0.5510633692238207,0.7785905527833838,1146.105579902598,15.095807972576479,24.199806742559343,15.971775043619445,297.23222074795035,2.6332518892675276,13.958040384062464,16.905256078164335
0.3245721067221821,0.8679130276608464,731.7006273403092,21.239398872680315,16.40354504653425,10.379049320629502,210.5666858674644,1.324203880674546,10.095879665877153,15.260278047971163
0.5157927260951493,0.6107327608604853,1613.8464991746544,35.28296136447318,21.83881577227832,15.67264938331834,300.0563783541093,1.1352415733668109,9.341902367929464,17.335860911333963
0.12055407917031505,0.8048998348528726,848.6477767401409,26.766679906624688,11.682981398137157,9.487388460860753,181.0023398887331,1.3112598564640794,17.14741013605814,13.67344020042696
0.2836099375168612,0.9055569287015676,945.6970443852337,3.099922616565962,14.35271543861211,10.35379778427054,224.38785141601596,0.6986636087740826,0.0,14.090040093669526
0.3804476345006311,0.615043147780695,2326.9106197634164,43.347810906737216,20.831469161164772,17.45785899652826,321.9138663373109,2.2178460550161887,11.509647094846024,19.27899030824849
0.047371681239409054,0.6276961924646155,1215.4899573431442,36.56215878739568,14.21952876325319,8.07423221953296,162.9846059923832,1.3632608297923523,8.824484492937724,15.503961575129836
0.2840798807203749,0.7849312838537764,887.6203044705494,22.219848809884205,17.354987165114906,9.108985661122242,185.40379351925827,0.6158637564149823,4.042285823164641,15.93735896576743
0.16801575574105118,0.7963684435518616,1019.6082031335885,20.21443950101042,15.750884875005612,8.884118997215298,181.80728749937015,2.099719078970786,0.8777776698186095,12.721909586760129
0.19565040121934868,0.6438677003723934,1123.023961202246,27.9392396420147,17.08896934409598,9.635833354035114,188.0254932630309,1.8427038833921014,21.813466232126327,14.12751437201745
0.28873801227930346,0.5174997542417217,913.6144216367584,52.816891928191865,19.34425501174045,12.03465273908456,241.30888459371633,0.5531465405818324,9.28959876190627,8.993413519321658
0.5279235158476018,0.5461579457937683,850.1184726672873,53.24465146621449,21.08573552729478,14.291272937303775,263.88563570663865,0.43735518026285125,5.670612385073402,12.277507230193962
0.31367193014014727,0.7386582845625642,753.5617740517458,21.939166843675025,18.456967334467485,9.729350431578741,203.16803619288117,0.0,10.937178681386067,13.301559931453916
0.08293734331621315,0.6673981254552807,313.3080099721839,33.77219500439099,14.05362325010488,5.296604483582925,116.75142246343118,1.217807275677215,8.568953884298004,11.11190681090537
0.32300125329803137,0.5188339041658223,1082.1100969408235,41.71515204239292,19.525190534681386,12.808794629218127,233.0641404909071,1.2778103222991941,9.75330849042953,11.072241528715292
0.19621143705805205,0.7592493683030929,347.40601887469165,27.311905099257547,13.428166513692796,7.395179815220648,169.42286216913308,0.581296970877484,4.22532548972514,16.245960913099108
0.15478126087490873,0.8408322448141937,210.46779847620203,26.192785601343292,13.282111994549254,7.94987177872634,178.23784006400246,1.0472714976729924,6.1222861910230835,11.004017582034045
0.37804190010116934,0.6727868923547414,614.8518671145249,35.05157598761294,18.036413235684474,9.89331787134553,187.49601446418148,1.1314377679329943,9.438358893811662,14.594624431018698
0.23539214911300654,0.8443036608754119,190.36775664510225,24.321828160801644,15.527503815861804,6.4659860217441985,168.10189537654497,0.0,6.156217541237678,12.747564998982066
0.31969968022033796,0.7593777364807675,3069.302084708575,24.759108353451843,18.053661395509263,19.735094417178463,344.06567272210606,2.785381096747055,9.588037508096154,19.021125033060166
0.23898316091430846,0.6847871065956755,982.7169280670236,36.460290716894924,14.780288910780273,10.165270372019487,213.43502921999016,0.45976060963860194,0.0,13.356493105538325
0.3598986405092506,0.6334841063522492,121.90842893965967,33.41174412076167,20.898353211735532,11.031194641302374,206.9228918272456,2.281479391473936,10.25768111417312,14.303319484522886
0.23525314908356734,0.9032173623843237,635.7507062510097,14.860109934650124,17.27137485825098,8.023078715296968,174.0013823790831,0.0,7.026038503954881,6.1272065004122895
0.08257173591147027,0.7732099005588126,1402.2187931822286,22.68628345143891,12.320609967561357,9.576044611696569,194.83064544283175,0.6948337229502581,9.350930288011225,13.559131899840814
0.23608602549739627,0.8268641164539602,478.9350935891677,24.79521327174953,15.519729366232191,5.502738441157448,122.68888061408497,0.7889495497876474,9.147269855207762,10.414671377247059
0.15514328706874336,0.5975129235795859,1476.1163091084416,42.92759596501545,11.924603235799761,11.726768927322734,249.64148983718258,1.9362478898845301,15.116277200396354,13.46838097927659
0.13466215806770174,0.7454669555657919,334.02573693540154,28.96531752905532,13.787306198492823,8.612074863165669,177.03270431628437,1.4271173043476566,12.857469620533436,11.13156501576874
0.12298521133287096,0.790925581694632,911.6590891033653,25.506017839220537,8.93516787917948,7.209628640860737,159.1935191667269,1.5286142286585158,10.317380799166896,16.765454405012484
0.2230640580752003,0.41097910721100417,2213.2495428809057,62.36947608312218,15.893147254728133,17.20012980804169,306.16432056178616,0.9122642908774705,11.504954702242497,12.224748694493412
0.11790716810946184,0.4401711526361758,2368.9538937682546,53.63951703136933,11.828134079471024,14.035408187677234,272.9633305195251,0.5568567546874972,6.570808138499331,11.682289641107449
0.16370910753903342,0.9557813059775077,418.422947625921,2.7732655684779335,15.85459336896568,8.351477046936079,166.0584039368802,1.339036885413348,10.722971329085844,16.61306126268282
0.388413246996948,0.49898483179671865,1210.1219216027557,55.93322419462691,20.923925296055504,14.780870338277206,267.3739754269819,1.112950716431231,0.0,8.258745597992371
0.3890276699590408,0.5558973027185888,993.4686414207256,40.11701113615475,17.486419904186004,14.125506110630582,251.32457857957334,4.418327600472226,18.433394985577948,22.30300357238558
0.14791681342076407,0.8188211646870621,580.550844848328,17.849967352200256,17.63295159876876,9.474463160870572,201.53287412757211,0.0,13.874788925407053,11.327627981116805
0.20844686915135535,0.8652040656984042,105.27015222969348,10.11079897995796,15.032687290820714,6.102571217041994,135.99332068817776,2.477684854519544,4.293111806748197,11.700970107278875
0.29182421357521376,0.8926324034288805,1194.0348829090642,19.155489974552744,16.798738183458127,9.950501017045989,215.22782499199565,0.0,0.0,8.908732716958081
0.25222743466408587,0.5806774215340121,2220.309724331866,39.8746002552121,16.756579231964018,14.796903418323282,268.5593417612111,3.811229901841621,20.597037382962593,22.533148772564218
0.15233570411615185,0.9227688835232032,971.8012990363419,16.052391028557032,16.427837274949525,8.549708806799373,183.7257465777997,0.0,12.246945433503743,12.173251278736906
0.22465087754067375,0.6205691476787482,473.6519349174825,37.18394325393529,16.645729812238834,9.381754045321928,190.52943749617208,2.0711376432397386,13.941444999333218,18.51273172696291
0.397941591425784,0.6756575839848661,1895.1447597210674,37.94222852578548,19.536314959520787,17.992211767240406,327.7290431372693,2.479635781850599,16.974122726344923,9.133125516706482
0.09228765273537684,0.6478535259574641,922.046806344364,35.25811866098943,14.764790909502526,8.002990691693748,198.96722891958754,0.0,8.847040305039785,9.4281150100481
0.13594435194750726,0.6615553532526043,658.2329324370239,45.609507480336575,14.233276889579896,8.569932544617924,179.94488090745082,0.33736601985548126,2.1623046442239504,13.233260923352281
0.22829787756719014,0.8528981063901366,751.3632382390655,15.503095743124568,15.21485440981898,4.9006722418604145,111.72956927307915,0.0,3.161981786168513,11.040857053869765
0.2634314760020106,0.605447258150766,622.5195933861438,43.90370353609079,16.490824340397566,10.053377972291067,197.13957991774188,0.0,6.431474671258654,8.770323517507459
0.17221503690372436,0.7740577772366078,2506.8912577929786,34.815036007085254,15.95462119428129,18.273500353671988,317.3351260073606,0.8945142183172261,10.276888676153938,12.772474233261212
0.2472254703233339,0.8193968892512739,2234.090240635906,26.622583052163147,15.801816226861254,13.797592821030111,254.65607562312246,1.213765087526292,16.935115750164563,14.446186732117383
0.2723230527373164,0.8129242266374627,878.7497757158923,25.132191676544352,13.512951441587424,11.053358204904345,207.945010015454,1.7819367236706085,2.1877344751239676,13.077402543481702
0.29427375937176714,0.8734910878050464,719.705011234547,11.559950347173892,15.456263209051992,7.048085842986721,154.55231349243616,1.3366368904086565,14.397825286127649,13.999481437193232
0.25098005800834566,0.6084473529966162,460.15859439399753,38.79137289683161,14.649108681044078,7.239569080928685,145.8573124138824,0.9806608049099916,16.680047357685154,8.226351509963042
0.27990652810112876,0.6675835609892884,1185.6769974075962,34.66059118744121,16.020179553144864,10.808004597476952,215.16526854503215,0.0,3.252639009658689,8.492352549533033
0.01145503268713954,0.8619769244402181,344.58738263293,13.246782135555241,10.119343248788624,7.434213461324012,144.00950330711422,2.0097220386348873,11.618996551561724,21.276537913896554
0.13878827077269615,0.8727627143304918,352.81199616707625,12.117128228256217,11.276923878529745,6.360476886175196,145.64957495171413,0.0,6.33237067342377,4.1391208921038185
0.18405072121711002,0.7350713907277712,324.15565853930184,29.94436030172913,15.997219160289935,9.493333085541119,199.77696323362568,1.2571372555513651,1.8912457413073689,16.171864878011952
0.8214383454207396,0.7213183051971791,563.5739749831181,35.745919530151404,30.2268056349893,17.912525641818615,314.5902020692379,2.248507859330654,8.438923319353664,17.938851708670065
0.4892929165942777,0.5849824476238229,246.580508897081,43.590688759730696,22.913661414462155,13.435557276758617,252.20500654989766,0.7509788275338529,16.138315140455802,10.250897667157995
0.11800041807609032,0.8908452358712695,1000.2527264643044,14.030219127487149,13.310810067175716,9.35211614286031,208.5690495595748,1.622817771110888,12.129396729560808,17.99875103414313
0.13561030218287107,0.6551310186211962,509.14091032495867,28.572394150072576,15.147931308213755,8.560683684344642,158.02157199032789,1.3351536731482367,14.77086493427118,4.104096677985712
0.2183922662956402,0.7137636459294467,1469.4938435879376,28.630013116503452,14.71472276836203,12.255957025944372,239.3278179967988,1.2804037660290417,20.138982073791148,10.397767564971833
0.06290764434810447,0.6307786472435234,863.1609961576858,45.44774001131133,15.270842003827807,11.125159460006811,218.26084998775937,1.3720939921539175,14.365699345467984,13.452820093588848
0.018068068729716866,0.8212409981044619,1252.7314433923063,23.163726009550352,12.649384478710544,8.33468951972593,181.2338571901829,0.0,1.9249881126604769,7.980403002265459
0.6429071989136192,0.7225940044916279,197.4276740617726,18.36652433573627,29.922250455191662,10.89190970709872,207.7304380562917,1.8137144855376368,7.946719995919703,15.302355796923328
0.2792513078419957,0.7350216083968687,1680.4406947448258,26.488912149987474,19.066532539244513,14.433360424442931,263.01106730104806,0.5989799925442896,13.409413750842445,11.518202176038551
0.44410097015608874,0.8516533547029228,1111.4430827798637,24.831116978913677,21.788320045459198,14.47914414712172,268.07599212920337,1.9465750508007216,23.50646095833057,11.934394204889179
0.36228218017848296,0.9243932906518414,228.48308645483635,14.235227176911135,19.599454031986554,7.699572753211883,162.8563862328424,1.3959869253364312,4.903181278077458,9.935513831471535
0.2846851833148729,0.45896264576266366,1588.9808391824786,52.13641517019866,18.897759769225374,13.39506157956881,244.74701422284753,1.4254207367085956,16.717510060521438,11.285913732289266
0.1064203934200516,0.8722665368083042,1441.0997866071532,14.768098427088962,10.698093476051755,9.1016298011078,179.31001498059703,1.3134985637070915,18.768747649317255,10.27544427402315
0.179481994075161,0.6145861022644323,2837.416357451001,36.40850941829198,17.185092683310906,20.106539304988623,359.3495034341253,2.745897729069378,24.218111470825303,15.361379255709826
0.0751725442090307,0.6013389310781319,1890.605197778301,34.54449543532893,10.182684219303459,10.470497704139143,202.78217679848603,0.6673372464459651,9.60143789801022,13.588346674968594
0.0725851749907468,0.6931005702387437,431.4431611038277,25.100984361841036,11.993987047645385,6.482563351513901,155.12809570566228,0.21607407045477073,4.515206241204728,11.316727193275886
0.26406592578271415,0.5821205172756064,906.2457749964857,35.16288229345868,15.542362550879417,13.318440373512125,257.9119473756718,1.6692905565782894,13.595773714856847,11.508637551946334
0.0824854733541333,0.7616364911109237,1276.706143586022,23.37487867750874,13.192579015902943,11.43480926350528,220.3773927276872,1.9011813068574772,10.744210593719279,13.488937425101852
0.2843292075899739,0.8870196155238611,1816.9050532076515,19.827920072112917,15.138778984118915,13.966105914352163,273.94410805776295,0.8696193581122242,0.0,10.425109212296313
0.713236901490359,0.3563944089903619,1942.507038922639,72.13482019946348,29.84357256968785,22.508415113383844,395.22907032287014,2.979039482830778,9.017155009096905,20.54128244224461
0.2949951123002537,0.9518334717276453,190.4141271242145,3.217073963244049,18.208831548587643,6.133420691561626,162.61650931929375,0.25640428515594627,5.510699109254279,11.251537912006743
0.4404941515538773,0.7992544032476234,672.9036125624973,17.110413741711866,22.150305871828923,10.676161909681275,207.98631666882835,0.6346216425023775,2.150832985759463,6.616937493892736
0.1515283058179861,0.9482080242212635,2038.2496482164108,3.7160053015701973,14.565719019691207,12.466905877208651,244.31285241637886,1.38496159556904,12.064073808412147,19.85907240831859
0.22609712064228427,0.5265846169967322,743.6313298824491,44.11311855018246,13.965752579940403,8.315212672829553,175.2413691100413,1.8130480154969106,6.202213032090802,15.195469406134084
0.2618812553594043,0.5623606438229767,1218.0896778888239,54.66887306036598,15.904957199953946,13.23314718848158,252.77789932427453,1.8905048345032416,16.832100859699054,9.983737298514363
0.17039444781891241,0.8382136692794876,1281.5528876944845,14.470483835157841,14.028929846238366,10.770132160847236,198.394757011074,1.6283060401837224,9.38236391487538,18.31254799235542
0.44766467123383896,0.9017018386566018,923.1916425789027,24.412440552522142,25.149649712077604,13.408859466907677,256.0620347906563,2.2026290590067124,12.791100077725414,17.79641050085159
0.3061205619527082,0.9349836686844557,1426.401375935533,0.5342386365597047,16.16787633846289,10.868467014578192,215.31470783280488,1.7093436895115899,13.855721640113332,18.01907488672534
0.5081351001587737,0.8852055643850935,1996.5456385017676,12.55570974614955,19.476882024580306,17.010388746894442,314.9653612415505,2.6094011533328496,15.802520904946203,19.451291562866942
0.3136954561400352,0.7895393700287983,248.0210704199495,24.145806443210475,21.18543011236991,8.563867663305704,166.5634488234419,1.0829114149372785,13.442126072366365,17.62283120276138
0.11767612599450306,0.7113297114311667,1685.1371944349291,35.7845881390465,13.578856730569981,13.190701580544635,245.05291003930125,4.758920127897231,23.064091395882667,22.345799648064737
0.3130335569252739,0.6913788527615227,448.62223380515263,31.10280118359957,19.33106889059321,11.519322791089275,242.1138125663591,0.4793437226596154,2.20000444612689,12.034155306163228
0.3657608979273371,0.5261785044356918,1127.8750276780966,49.52688888790472,19.10558197978588,12.444010949766847,237.90027244831205,0.0,5.086389673501349,14.903615366104223
0.10787143155709149,0.6367880705741215,430.9488504943935,50.828555621505025,10.77152158205548,8.32712819630813,173.4282412330607,2.8431686981773847,13.58737272524848,21.513659528255392
0.07337731064115897,0.49349894713410264,655.0916854307296,51.50742275795294,10.711254784874543,9.138922932988413,187.77564096990167,0.40949725388966945,1.7357332393876996,12.5660834136539
0.28062692391833727,0.16338033084677692,1287.4551634188133,77.26212005430256,20.12053445950534,12.61468140785113,220.48646686108367,1.9321458178070081,10.50294934825515,11.845051303615811
0.4940955154254287,0.41312464946018296,442.53359369884026,62.1740198145674,24.988281674608565,12.92782826100373,249.6410605296702,2.9252081843431883,22.338824536498684,17.568336359523308
0.08264743665344657,0.8754734134569147,1664.563477709382,24.308549351570125,11.89262018065497,11.172913304955689,224.7634388038749,0.5262754153630571,6.384596786379675,9.777965244169408
0.2532738041375877,0.8273430630194027,735.0474436408896,16.505966208487965,16.88311192130487,9.084449952206468,179.29816053264523,0.24591521259103644,12.813053746859001,8.787297470140285
0.5734393563286916,0.803493903470302,557.9103769767127,19.684465155876012,24.80580430382083,12.469909840114658,240.8319106314209,1.561079626570698,12.428631211026964,14.397630709558848
0.10430489597219433,0.5959560077475209,1193.3157646795764,49.54637202713552,9.313314449171626,9.308834762238163,190.31574224057445,0.0,9.355502465540994,5.8763476335637375
0.4189133949566475,0.7738824431434125,982.3733001660001,24.493258203146752,20.437450856739527,10.797592569041255,229.0131876213961,0.7497398302823157,15.7370738980453,13.584439195433136
0.3849693565878066,0.9238178977809919,947.4609314963294,8.267456152495777,16.049587387959896,11.689624873492457,233.04940788750073,1.377598144581939,18.340580594908026,16.490235706747782
0.3606027356680163,0.8033147572333271,389.04432870534686,28.893913829123264,20.19833832494324,8.90315910534504,175.15814373686266,2.1519235973783117,11.60564645770843,14.810864245550158
0.26034093167639555,0.5799635707063241,2893.682379218068,48.04097208161595,18.324713443973963,19.406450133064467,334.18477260466864,2.479844688900662,14.727779820017274,13.105102575464777
0.20742127494178625,0.5696356748966295,629.9182356334808,41.83710295892472,16.821324806869434,9.263309282446926,184.48211552856742,0.0,0.3522052883488662,11.905676685877566
0.11114062247929773,0.890179021689167,798.6062854858477,13.60886914786076,9.727694650749003,6.523007133409141,136.0929866468446,0.33641033469851656,14.312767678851726,13.463169816112265
0.4904765628987636,0.8284876781091824,106.98208391677038,34.39085796454117,25.40742847502996,11.732589972303993,234.59702323476426,2.631232962387946,14.862135360635596,12.785477219301738
0.2681260368999431,0.6418246681582798,341.3728437388406,34.8707237846929,16.119742113094865,6.777477510816063,136.2717882167684,1.7378477584959762,7.178804752560319,12.081582339700429
0.07717415444588849,0.5655081595097179,559.4784233237148,42.167837178948815,15.005885912180295,8.239955144243845,162.08419595514644,0.35580171658327064,10.712970453252783,7.289255813227129
0.3254374469329486,0.5907467550828486,1430.9288527614963,38.52655675876225,17.792947752352593,14.04297790535455,253.3915969738299,1.5256529523836881,11.867331246555075,13.842151187094888
0.3773917897656012,0.513386246556682,837.5350461814062,37.92767670537039,17.74957796407145,11.6458372229644,207.8553787714054,1.4276458171594566,10.35149860162105,14.191092854167218
0.05506543936670838,0.29879100681242166,1822.3076845252492,72.78132583295128,11.704646576764935,14.251088308844254,271.49449832354645,3.02557659443948,14.107107734459927,20.770459692749377
0.3858723337834349,0.7638777535126411,358.0473222551383,24.079268944281335,24.419947098892937,7.079176365532263,164.50538403330364,1.1547687864023666,13.95424486404444,13.083529804530231
0.17729559061830077,0.7815190868473079,995.3670396498412,34.84036925795387,15.427769452828441,10.01713548191799,207.57663144243597,0.0,0.0,16.112802367995865
0.39661759889767506,0.6855199753869176,1112.803439396232,35.956351737653605,18.521974079130537,14.243065719339054,276.3107686109993,1.4414084519198105,10.058607630581108,21.32752883863287
0.3653549731256443,0.8498559103241214,252.80379073466474,27.46625504663313,19.59494693682794,10.467560306418887,226.53166192175078,0.0,12.414467062590706,10.31357185107994
0.8107821800850314,0.8479162974142681,811.136263757602,13.444210667216693,29.263395647160756,15.88557782059365,306.0351713443316,1.3253282481921855,11.15928459039262,13.73255226582705
0.17408002439002343,0.9558941422417611,912.7263646903413,11.052277437596437,12.40012374137986,8.35574459262274,166.4305667354358,1.3234924406381454,11.21597751463815,17.818360930649394
0.09597932329366243,0.7887321104971361,1107.5416788383375,19.308414188351783,9.768324915366271,7.1993622415380685,178.9660655681552,1.1798566390530405,12.394490489960749,15.804665066780416
0.08111886356408235,0.69245158728781,693.7575857345616,32.2361397132586,13.722750617706632,7.494469985927717,167.1184879972254,1.589087915684771,8.306599310207208,20.239989097229763
0.43704470144893665,0.556677483217956,5929.9456449339405,50.94974359708705,20.119450270683952,35.572968984142335,561.879530974645,5.682389330403558,34.50498669504787,23.62740184177536
0.3266744967509155,0.7002890094408951,623.7098153043083,36.99902957553528,16.739389423441356,12.98377443949929,244.58249215071586,0.23003743041382263,7.897657052443693,10.075452177761449
0.1832596570871305,0.724687199922204,1467.6246857870112,16.401740477317226,15.03141583705808,12.401256667234064,229.88856643444635,0.666441117169909,6.571272836513361,15.2892264952804
0.1351391758062121,0.5006918214630701,866.3676922415397,51.730034550553924,15.916503236312128,9.238698136608477,197.9471710674661,0.0,2.8954135675753934,9.265381192220858
0.19763474652321744,0.7539202554290648,2866.1809451286204,18.267198374244373,12.809140193973604,18.520139736282882,323.6471365398769,2.8343243348114275,18.750840944270575,15.699808260669403
0.37186436888882896,0.9572569130637185,1242.6927578906018,15.857433355274125,17.882623283147588,11.42695404278513,219.78994313036526,2.633520377648838,18.348816310299668,13.455167153571711
0.48127626529592443,0.5573342385129946,983.8289761169116,36.230269567062884,23.045178938346226,12.848485529462412,248.1438021212723,0.19773921597472266,9.52120428765001,5.565917634969717
0.1663211697723627,0.7809331967490808,901.9837622467008,22.135161371028357,14.005770368073145,10.615958021898749,221.056011767572,0.0,11.387819295283654,8.058356690814684
0.2489419670967456,0.30384875117018273,975.3121100008876,65.01349374817367,15.705379225882513,13.847854804944985,267.2909978813574,2.3696927224637068,15.919701663984657,13.926250659164474
0.20785687291461988,0.9534792562632602,1084.3259600873532,10.268030220837707,16.590437110371134,8.506137675982593,186.94511417598994,1.1432931831114164,8.389215788109892,15.954953026277074
0.20976610261547018,0.8870225648031475,1348.9654740725596,16.34925147858712,11.771900235168676,11.59643771257578,206.37876718803008,0.6396083477176366,10.5837998140402,10.813634413040669
0.27770369110096543,0.9296801607423827,805.2651722764309,13.527245218366323,15.840511761951532,10.005933534371366,203.65947452687425,0.0,0.0,7.8125549639260745
0.37977413071050575,0.6775761110445,193.69723163211071,40.65019345060243,21.81475424448473,10.457224707430159,218.89453658757407,0.0,6.275572058878698,7.387916939807952
0.21343564928134834,0.48108868955413464,182.08670369014848,53.064644634531334,15.239201617215027,5.514522430908123,156.75648065831828,0.0,2.7914390682879366,8.912931164512239
0.2491099772089631,0.844747414474929,1815.4314733033355,21.44420217661772,15.806895963770444,14.484419453898829,269.1783780098231,4.122151369787334,19.86044688895793,23.507378133769393
0.38604190586152687,0.8222932740241095,1319.369583361707,24.236224920011274,22.419468000047264,12.819669903298223,238.342405849639,2.201706969783785,14.63053275202332,14.1863912457305
0.11813087387732218,0.6349041902302797,927.1419669831632,41.71156853911308,13.593438620205314,9.958406051850059,205.77788384385815,1.8247724332537973,4.8164735054482275,16.34858964926223
0.09611549039165242,0.7352972311001275,2624.136740930757,29.08565081232213,12.307321495633019,15.783247318110154,277.31872326559784,0.19989030659439533,8.376603832728243,12.351255768452416
0.11947175651190554,0.8055019766249105,175.68622826277425,18.648978661347122,15.243329953589381,3.8198652739812324,109.80832415789936,1.7800539425363557,14.679523414423944,15.435333787338912
0.11158335754204442,0.8092310801413122,373.86576998071445,27.249300176648624,14.887512830577228,9.540845488827511,182.50253269329167,0.0,5.59457584635898,13.271662813198379
0.21132417993903546,0.7939468405338207,1031.4256823549317,22.84896990305531,13.680949224860129,12.669728810735798,243.19113753355154,0.0,2.914058943220954,7.478888600863627
0.27998164061016045,0.6794157632306886,1268.4993257629567,27.440787675334256,16.5956500997916,10.713331669196341,214.2740233248218,0.0,8.04069769716371,11.076691673757052
0.3787366063472599,0.8076138589870963,204.45580476353052,26.311943247279032,20.024676164447612,10.629246591026012,234.9477933764824,0.0,0.0,9.127166820126241
0.1296519199228328,0.9342500344111788,1380.6107245597718,9.200254760943563,10.92684003749117,8.413913590440842,196.4593010402391,0.02158584529733945,7.465782691264184,13.78190978720733
0.23208501767904496,0.7976599643385377,1263.2196213635561,24.100413740973963,15.514576520695622,11.798719235040876,235.22075587051103,0.9295870781254107,16.185598475450753,12.280102853489137
0.09193873373304229,0.9315896502744222,1248.5714295258097,13.184242439855545,11.483880486168932,9.200512116138581,187.88871522906092,1.5831958502570953,17.199189041101373,15.671860361057634
0.30256714851090294,0.8372352686243202,1087.913074791818,22.67304476851153,17.79443883188661,12.361273355603483,223.80416805449397,0.9240304744882433,19.038329111931944,13.984371298156036
0.1946433939734523,0.9242821519615128,1869.0151545846484,13.569307702294946,12.439732550092621,10.285319479453984,200.69740982427044,0.7009373131972336,10.462556811885166,12.129432526263507
0.36835211357725983,0.6452636581948972,1144.126609545516,34.36341534744702,18.221640917113426,13.969291556608844,253.2210741276615,3.0899303868676036,24.02647612791979,16.357690374189403
0.2793792994272379,0.922456592974176,973.1104268926621,16.03311781945609,19.34871330428051,10.119563789675658,184.45811152840486,0.19189599040960004,6.88205876806959,4.643398558930101
0.0490707554410251,0.7919540059436143,1697.7088937911903,15.62340695486627,9.473322963599626,9.83800785967053,191.56625182737878,0.9777820790865779,12.46729997900626,15.87907142077401
0.1608211248460436,0.32658575046699184,1838.0016998992703,72.89565582232291,14.832773806489984,15.319002924669373,273.4586245110789,2.177920985738558,19.773607515573786,12.258299642678507
0.38651536776529355,0.4669309460703025,1415.560139485941,56.066509281047736,17.198717834345125,15.033212906481548,285.50767922654745,1.662953287415915,9.652273304493464,12.228565765611911
0.40273921094877735,0.6056731386344745,525.2136683139751,34.246627294766824,20.374032872280274,15.329440842130055,271.58302871393477,2.8876435826943254,13.214973142558183,18.838781216793397
0.07617249825072757,0.6591990750323601,722.9501801638243,27.238103346371858,12.935162580984434,11.359846252006795,216.55891390293414,0.3213850683641125,5.409418796683614,7.991635951924262
0.19325179148372615,0.7695659611183208,435.3119276109592,25.381811914953232,15.843509996766874,10.716906169527775,221.59763195314574,1.549111003017884,13.072687542574368,21.012758804976556
0.7008350082123527,0.9418060216665275,2687.591115992435,5.706124617016004,23.784572787592747,18.69702637386707,327.17006192691053,3.2198363853603107,15.584134328710265,18.96442407361712
0.14681126199362926,0.45399025437090584,993.3975528588705,49.246772388751126,12.59679629566728,12.5537668426494,243.7323499438931,1.9461717425549558,11.542858575735387,14.584100500471155
0.11177435974226349,0.9089098817853518,103.04306828681797,7.606070644959975,14.12581934223148,4.508341385593264,116.92646038186244,0.10686088176253905,14.153260378278647,12.017599740927142
0.2671678303856974,0.5305550211254882,650.1753733181827,45.282679663063334,17.981926887789697,10.830457338893261,210.04287466210184,1.3372837396427957,2.086891260867782,13.515049126371071
0.37880996165203856,0.6944034796912647,1035.9215894701754,42.11539667678604,18.093644626635523,11.636179414731334,243.5374474590524,0.9797706238444452,5.903307112745125,13.212392327760558
0.12138578865886347,0.7545212999788748,283.08821907486185,31.04346140611502,12.195024687158934,7.130054507771653,171.54189537583042,0.7455415699275338,4.447866529942639,9.776518150662369
0.1585310684437515,0.9297876411492633,2477.0871895422265,12.44893727822186,13.012906324376232,15.664138079259075,279.5135905072781,0.9655640132281744,10.918574165504346,12.633706878949164
0.44377205259906305,0.736033703570202,756.0730204190436,29.520730621547205,19.93914446096397,12.338083467732066,235.58994068723888,1.60601142244419,13.285623078816148,15.226723836622904
0.11180975440333432,0.7190021634943417,865.1835508282343,33.106633468123626,14.589910137312474,8.265664481679726,173.13963687453273,1.7550764504575675,7.6053295536387004,12.999797071005721
0.5980497437000999,0.8857936997610009,2425.900777127092,14.90275768276416,26.2186468231235,20.66883616874178,349.76698536403296,3.9711560681494165,19.642429833264757,19.539911019595916
0.06897459353661893,0.8960676579124278,162.84517073442055,14.408043651109367,10.504578157578319,4.438394869085994,113.45648505723241,1.5553935409560504,7.128977814248395,10.56953888972857
0.25761541697717066,0.8284531373582404,357.02850061183915,14.11558798327208,17.854642387566333,4.985736768270427,144.60525068593648,1.3319717858381475,8.49789520045807,14.205860221187667
0.21267748144946916,0.951123291767861,1049.2928164485015,14.310547934226609,16.81328326216108,10.814411382940884,231.3898551451203,0.0,8.60104630563779,10.739956385272807
0.20882603015206883,0.867285030290543,299.4730079149828,29.837992534412958,13.919955368915089,5.241788412158981,126.48030826524122,0.8236761170366305,4.102541262967943,11.42593879315865
0.4469725279387787,0.8009501543432554,401.3716300544751,14.761277420252515,23.057205343064904,11.29244395331404,203.21234394290926,2.141121250938924,7.32184053648873,13.333619579880118
0.507400430564047,0.840868041948753,1100.9579588859376,7.586299264583211,21.1795776581281,12.780412579444016,247.60872687922435,0.6118551981121272,4.573112024315589,8.820366356362126
0.02884263735336799,0.7821259454362199,393.972110446005,29.125521051488068,9.400891483596292,2.5702355449348726,69.56621811321601,0.8389432362818715,13.1329321288747,19.23230858152651
0.011732421233180024,0.5740496004960363,1037.280825682445,39.69329345853295,11.051555655174642,8.813413505029331,162.43676336600186,1.079645564739153,18.14963507563109,16.05210137088224
0.5879267188925756,0.8781752230728418,1452.3574967496754,14.612078049095123,26.981912309986193,14.743507361662703,255.43427912959075,2.027558696476371,10.579973254906452,10.468502083018063
0.24934324638357752,0.8952273752219566,873.1297548132322,16.129008421798197,16.231913255336845,8.94613202558103,182.43963521616232,0.8864820615270858,5.488279273490541,10.711549108415976
0.21937691589690628,0.6697128086676163,1277.3194562185727,31.497830544067437,13.93419403581405,11.2138855570018,227.68715495988855,3.1894687662883365,19.394363676473457,11.566440041057866
0.3009591678438522,0.42820010539237974,1722.6690798306377,56.132702499584845,16.516883614049352,18.18698764011477,318.6770084000956,2.659819668113144,18.090492581281598,13.003189797447932
0.15311184609506898,0.6412006219012601,357.60640595610886,37.2724575906486,12.25421567806186,7.3750882096612616,173.58248301581142,0.0,2.2912891095927828,13.960388268556079
0.4331252787644446,0.45857100036867826,2493.127434579425,57.37499276205149,19.729498411688976,19.70276352203582,345.46167686451236,1.455329233466859,14.95220567790793,13.65655714665678
0.3200816904228353,0.6510926243357142,1815.1471874221322,39.701957255826095,14.670833555521398,12.114102892232685,253.24349355296766,2.101098397610375,13.449162283716362,16.134691945939853
0.6031789721110846,0.8780195889680408,101.26147795762853,25.63740659102116,21.72472267302789,9.399044271998955,185.407844466078,1.2604125333760134,0.0,13.331036144793858
0.35491918881600953,0.7933290506751961,793.0689205807561,18.822242854644955,16.79886593289152,12.12563163644045,236.2974786663415,1.3318982849829035,4.267252574958575,14.912621654016053
0.41407232932696325,0.8652740617816814,159.8538108707756,13.416513521723845,18.199579138173053,10.221456773433413,202.52663112498013,2.1710838775980776,10.287474040929094,14.829249489454023
0.2856341452478835,0.6061154874037328,1353.0302993767732,44.42635967447502,18.838719850297636,13.914035704623341,261.21375774617405,2.436934113971252,17.4603005718484,13.531212174484281
0.5992077769360038,0.8573934820543804,1631.774521968453,6.763399861667061,24.283657010825884,15.420298389996422,280.60924294544105,1.3029309464172099,13.321501353507887,11.752585767627709
0.10437739772557499,0.5016719201717955,555.7986816770542,46.54852531308239,13.498632600207538,8.772901073167569,191.34241869123622,1.8401166851178055,12.152159736912362,14.723113810006781
0.3031716869544834,0.5863721801798216,258.44608376597256,38.95185378150176,17.414125599488067,11.243354384152207,226.98830353421576,1.2773130543012574,17.42035653428019,13.642766850632606
0.3988798921971438,0.8574554804196228,310.14893479321694,13.949671140495838,18.36738315088358,7.787816018224875,153.63657977273928,0.4756829551905586,3.480807570214287,8.036747679812917
0.31241682548968885,0.830629188982837,196.3502908899982,21.947160636085485,14.467733314612612,7.101709109731023,156.73885131425442,0.0,0.6423885052450444,9.217695736301541
0.14891812496547055,0.6184365382556689,1249.9057647458753,38.26552016404548,17.640437805220245,10.59390788465203,207.68299563320048,1.2430781420679564,12.697635029849327,7.918258744068286
0.2277297733083859,0.8539777632251028,843.5165388205572,21.09326598567614,15.84692598991415,9.342637934797896,187.0255224941099,0.05098356839202833,1.5902673790484374,11.620433217105266
0.4096337450905702,0.8716345800127778,990.9446775481905,17.462204113109205,20.317443323222413,10.899364347603584,224.11755804733397,0.6115904492637272,14.313112429376185,12.118899926272922
0.04156842240747698,0.8258640755931388,72.34743232275011,32.14953639669605,11.6710637546596,2.871930960359083,101.00910839471157,0.0,2.522019674417176,15.551873938856806
0.40998223638792514,0.5241332083092757,699.0444618742355,47.982172558509326,22.332577171202125,13.613173344266363,248.78634406332137,1.4543798683698324,15.279102906544948,13.237932356232669
0.5818259995304053,0.7536425822950935,745.3337230901354,24.95213842967275,24.991548812094308,11.55994590831208,207.03915827105112,2.984924311389894,18.823335992490037,20.47936887332598
0.41871298504028626,0.905041040332772,496.93775753041666,16.443516220906687,20.850043575013512,8.752632547992649,183.54847568998133,0.0,2.0516828856885967,8.527022323403791
0.5061453951428821,0.302112950714979,912.56212522396,65.85423438987786,20.982597193466802,15.449851762478385,272.01685078469296,3.106991765207079,16.710297799031288,17.904580604698143
0.12737019848507605,0.7341932730267342,2172.675415708766,32.799772618797064,13.613934865861339,13.960743023400346,261.39813272997696,3.182623197160369,12.77798297932561,18.459767133749317
0.1123269563556322,0.8452883301748954,691.2033812881941,13.1141058183052,15.912022863129971,7.730054982572209,173.47091326397893,1.167936487355541,16.571855340931197,14.483469274577818
0.5010332143939384,0.7238804383050249,531.2610879608069,27.741716378358372,22.662633090503405,13.875457579365118,252.3908078537869,2.3094458457674336,17.67523079832104,15.093804169319366
0.3655194200805161,0.7828057539078722,1063.916726197351,22.493904859700486,17.044562339845434,13.420662289812697,275.64919801297907,1.0431801643295346,10.042610910052316,5.426913865217554
0.20642721121208085,0.8546782834041728,1283.7606476669814,19.019956419487407,18.900852843766888,10.89881029405923,208.21995618655308,1.2276939541115055,18.173457118085466,11.59492643305001
0.23661790957512308,0.7874732513521273,408.7231183958675,14.556421394418017,13.186819602224155,6.038744217330365,132.70478026009542,0.458722465881415,6.844288407274524,11.553256991239307
0.405893632482972,0.7900862476462666,551.3114306446629,26.635302896354453,22.32229056667938,11.959249280581183,222.24769420576877,1.947216369857834,11.645190045138007,12.365431680898503
0.22742412570695153,0.757592232886807,701.3658167090526,30.7108153786321,13.69376487899742,9.742497309894322,202.89688636757577,0.8323858133655452,7.212926807375084,14.46432990001907
0.5114435573385366,0.9022300662380532,136.28327488170706,7.597022042017073,20.6726476518961,10.361262819401297,212.44398005529428,0.37400487938511984,11.364518691045145,11.792116867867986
0.3069355551324151,0.8716648789476913,705.8872349618803,19.333847092771823,19.082948872736722,9.846808438234927,204.32640932188804,0.0,0.49060496462344627,9.704379258715988
0.13901860801237476,0.5819158361748051,858.165838627616,46.56633240891399,13.727584834743185,10.083232439350033,191.10216204986853,2.5835403660768224,18.79184921091887,16.67595704544619
0.2016640805989625,0.8283555919337916,637.6963849420773,17.268291924782933,14.815051753663314,11.203004928087147,220.2417563672157,3.759254440229814,24.017170158822783,14.300623658765549
0.04271902645515854,0.7989300370629264,403.4580306053254,24.4544758709545,12.498890482873682,9.441701434498054,200.57375541043453,1.384982875250167,7.2402709551974676,11.71142737569554
0.24933863883177243,0.6413066940192592,854.4766871246242,41.15788139178168,16.71210941817488,10.446633516701029,181.46106303824664,1.5371500082257925,15.677318727355892,12.578204352499199
0.29963614288091917,0.47692132247878627,2471.203797161331,49.78402162577422,16.70579150375481,17.856563734981425,319.6696579852684,2.1733602767181686,13.143142207526578,15.961628543970617
0.20485662040485433,0.8797362962864019,467.9594120385984,20.153650893613303,12.690877360093495,6.773288152795838,151.1833573694997,0.25446592768105825,10.674505504578052,10.221609697553756
0.4334285629981163,0.9298782219933707,23.028141696772163,14.528691127684478,22.67806804167567,8.229007869583022,170.35506165129252,1.5309155741408023,11.859185969831966,11.022592464883033
0.3627076766744173,0.6626203247013552,517.6429205844064,31.371258056472414,16.742216226831566,9.87136763772864,205.78201117293523,0.0,1.1217745395820833,8.663036509545899
0.2862107850696532,0.5614578418434395,212.1625105030269,28.09073985046304,17.707388054146264,6.5113393809058895,140.03072276043824,2.50457330870153,10.545854104644231,14.861670038963354
0.27155868111738013,0.1989768152052736,397.6719585482264,70.51874620846867,16.262752796771956,12.196048763053449,215.38536587219804,2.721527865325213,20.488374727515055,19.949121516804627
0.19074213543713073,0.9255519558221227,637.9511067203775,8.37207454861374,14.934740261065047,7.668852362147638,169.31631047943333,1.420497895209987,3.952992052735299,10.951295226306048
0.1331617314404308,0.8265029283858186,738.3290949689374,16.077036464035526,15.368359212050137,4.958453591401126,124.23006353448729,1.2520699716753796,9.25333607220742,16.768119088655677
0.3555079353292802,0.7654422121958826,2344.887562504245,33.44279321185274,20.421821963496786,17.217765404308654,321.0309600924164,0.49454539196278,6.381315864290805,10.446843097532355
0.07961273609250062,0.6274290783361339,1260.7358521566803,37.167632387351695,11.486645544057723,9.446656218482627,201.51273127734643,0.9503790563222303,5.575418640514725,16.809437237380276
0.5903805157009165,0.39872729479519436,1416.5211553893498,67.8720486984093,26.933133242531234,19.83559656217019,354.96607918546044,2.172995137469363,5.0424721391475185,13.654940967401211
0.11680546686355135,0.8744965093852122,606.3178503113219,17.231771505261904,13.999867264042571,6.724600087766963,163.08365017736574,0.34596384629298227,2.8386710539656095,14.849058202416053
0.34157125258550447,0.5913216254408741,1648.9953339248991,45.461908012361114,22.406554013400797,15.668576232202,300.6338769623786,2.4393784161423184,7.527085601763517,15.665432986534224
0.35034594500121974,0.7672718428299126,282.08849706899736,19.25222670990487,19.9599644468066,7.322415782591823,171.36134650357133,1.2737485787983687,10.020059538790633,13.922710996894379
0.49567663993206,0.7777002934085534,2609.5831495033385,29.929490487891854,25.141972388615645,19.55173149947455,344.01478935899786,1.6538995244278527,9.59918418886165,13.977365848305327
0.2500435002505809,0.9224393567446285,1013.992060527492,15.421049698502483,15.287867835257575,10.3503307200403,191.46335795475886,2.8440518599417373,12.865949160530366,18.883483824326433
0.3536605663109234,0.6342031158424531,1227.320919609013,42.36066552528755,16.795446013889457,13.143982185264248,257.8170979771742,0.5319416214406291,7.209608925978789,7.82770088629826
0.18407531491763474,0.5317768889643119,1430.356924768156,45.94005453613617,12.884613110184755,11.060255968325254,216.82947933105638,1.6406525396417941,16.80118386203399,13.16918308890162
0.15948662336645003,0.835543069391668,798.8643202777408,12.592672622106143,12.858746854974763,8.702521452384977,188.45586806378807,1.6732315071593638,11.103593931364118,14.047478500963836
0.5872086507078137,0.8014618666793457,565.9258636804074,23.187785033323053,20.59105206233827,11.72551233178434,209.69280468615614,1.230397577614157,11.722488380392342,8.806143925295395
0.5791238424895082,0.8481741745910555,993.1388123252616,20.758039181371583,24.631443358674442,15.046946837119215,288.89099729012725,0.23948365808195393,4.345568891040272,14.48072175448597
0.36671800801855636,0.49951090927821384,250.38183675937725,38.9913084044768,19.77911037822779,10.884034460695364,199.01886993402212,1.932135276521608,10.50383879765263,13.742172997889597
0.15067189508792714,0.8635240920325358,1267.3681137418423,8.043143890852912,13.036796178999488,10.539644165141818,210.73951580393853,2.1006567414386845,10.950051031250569,13.498197300623792
0.19567621662009071,0.8481924596282833,235.7407299797799,5.666954968997402,14.277476138391119,5.62590846726198,152.0654554829229,0.5500955526471493,10.168289940263929,13.674110020456824
0.47704973344033114,0.4009014298892848,1663.6975118591995,57.955400230429944,23.687055939817828,18.315174963945662,328.99869102459724,3.5029747910395246,16.393603055189903,22.94480963999026
0.3605976449329763,0.8586033194522902,484.6546626266619,11.293975540411466,19.620266119390486,10.304951292866269,192.97211449277535,0.5696923320406209,3.5021366919133845,9.059347960180814
0.4627623043582475,0.7215972543486785,1065.7030102194817,21.08403473076766,21.654121052559727,13.577976028180593,264.90890699843635,0.19247983071360553,10.038886534690935,7.724579004844071
0.41939138504129336,0.5712124341953262,627.5340380930267,42.95081803848984,19.716429989510807,12.402266100243896,227.32829916219717,0.7428602334920338,9.391271258923902,9.689083794096382
0.5000297235656296,0.5018451702164095,656.2185931217518,52.552016164178355,24.12852134239559,12.508597462899921,245.35990076818976,0.6187486728254131,13.725761795274504,12.729940787399757
0.39861464813833797,0.571575348103036,948.7054750735726,40.269236876439386,18.261996757600645,13.788904101032777,261.64645235720076,1.9559068564715099,12.688759285286405,16.345751538505535
0.26700035264459093,0.7478731774481491,1480.86574219378,32.91603970603422,14.904421125371401,12.552072073330985,222.0586185568102,2.8984763625101886,18.268924770032864,15.147681545961987
0.12158530833830686,0.8385352029807114,905.0605971222415,13.232083650057728,11.088251961433825,6.468949256860215,152.2204573995881,2.953111787942207,13.041129096006193,19.18724502283237
0.129020833245951,0.6341274545345092,498.38214080995306,31.934229630826444,10.05667216685053,5.96681473023397,156.37972058509985,0.34752886577905767,4.722116373292259,10.390567042842758
0.10199779320812644,0.831976329492526,692.8284825771977,20.08379872436282,13.052754475454947,8.809939437286042,169.71093979148404,1.121730291697697,20.721756912978073,14.714394238562836
0.20268814234241286,0.7695200656764899,439.7100046106085,18.515252655863918,15.07772152890178,6.774188479262049,153.8877412868339,0.8589075378652715,11.845370504388734,7.103575572416731
0.26673829542435123,0.8940885040332549,1490.9988099744608,11.033882186248775,21.08760810010098,12.841516207174823,267.1695461039863,0.0,0.8071765564026485,12.611793609345359
0.06948038135508834,0.7872450424160069,1439.4893111639929,25.143010806211784,12.60913481609494,12.464940768319433,233.2116868127327,2.676992078313503,17.85240986053993,12.58382366665743
0.11912667774542167,0.9075222703358701,227.24102706861765,15.726651478564476,11.24952914136537,4.650128861520734,123.29515269291944,0.0,5.756567831669608,8.157111622512524
0.11411301948860546,0.920955445947123,1573.1815841542436,14.166766875598702,16.143116054636547,11.501241158385342,229.52583323885872,2.558584362298874,16.403283612532626,21.39160093379773
0.05524188274255322,0.6108328042269852,1261.1739947333988,39.97699812022999,13.10234854363469,10.355201712601257,205.22579509035907,0.8704835410985461,9.518405811326195,11.506393707729945
0.10029516137435422,0.7707549932064096,359.2155853358688,24.294199359696222,12.59536263383486,5.7609849936874635,129.54957922228016,0.0,0.17080292076061543,10.323278982730516
0.3088924839649135,0.564819259175886,1378.0824398975142,34.046871150107435,19.486181851987013,13.296147384250368,237.805314884868,3.0707254799243593,14.944122181036201,16.547573317034992
0.38127729184935055,0.7789088651680875,1504.9201394608347,27.460213447122335,19.210640255700994,13.161140634513377,243.05967109571324,2.520803182500673,12.735547322112978,14.63421542692305
0.3634885472288652,0.8417874801724433,474.58123652016025,18.7153337473732,19.28442643297672,8.55604156539971,174.09431797004353,0.0,0.0,9.568205240651157
0.3612158503089399,0.7013608616286462,307.47615868178076,26.844631500790882,15.430096028141158,9.277603010037806,192.2421217222708,2.06933330493204,17.487736125627407,14.710474526190554
0.2510837540896933,0.6791418736189222,702.4339066360266,27.295647976577616,14.954120149774967,8.34429408452995,189.61099190792584,0.0,11.024471715553178,13.144560195087921
0.40572455879602365,0.7612765233166502,118.40146308658261,25.88628260068491,17.724494920722492,5.613206382151043,138.20681008910086,0.0,8.013992673946582,8.340881258596
0.3986414411920177,0.599116884372594,3440.044473086261,41.42872222771735,19.80410850908419,19.94590366991592,351.9953085783445,2.8671108011196296,13.982667976976444,17.13059357047616
0.16676165938496768,0.2746361784112346,142.34190890266603,72.23245778928343,16.85467049565752,10.480578691375117,203.30687325948222,0.033928176555858114,0.0,11.297706494455628
0.17426942717473312,0.7017105366240326,2623.6041515049083,29.921767641460235,13.069699405518541,15.559514275803677,287.49276315836545,2.932912680272461,18.424946406500048,21.000142193745592
0.1240204485523648,0.6062343922731216,314.7322534483392,40.79140331114239,15.771348355341885,5.70248525335364,135.44003084426967,0.4550930106492235,8.273490036116492,13.153230463935028
0.3724088775759439,0.7240710875428868,292.3903333583806,23.05783996843012,17.348041485507213,9.837195167694928,189.9430922198402,2.6354442390163584,20.721708280758435,15.638928484643467
0.23069317928427044,0.9547213099131046,1394.5404449583068,7.914643353735271,15.04693178652831,11.871525687977426,227.50715025963157,2.8352088144742673,14.98353920577396,22.839524528403935
0.05432552805638936,0.6366783490850746,906.9112324910909,36.15464127992359,10.694307745684787,8.294019090845223,185.70122496996768,0.0746672745989152,2.5649386658561877,11.962700699081767
0.09268483707404715,0.7240306534287437,1266.0936972830978,32.1613728191792,11.617360676226559,6.808264592033415,143.5620476370607,0.0,6.317973047034844,9.312959068471946
0.3040050265345552,0.8795423615329607,1693.8160363634877,9.084860618383496,19.827005814768114,13.289515140084841,237.5689441584431,0.8192072033919409,5.209729001518843,8.740778396348833
0.15180431671088818,0.8117317646442322,3707.5985759357673,19.193619910725705,10.776589606642764,19.231871903919625,333.8339846695984,2.047852428696772,8.319518228670235,19.24905037467527
0.13072648684466925,0.9330005199151765,851.2434440237637,0.0,13.276998338461475,6.670194879100904,142.87456323612903,1.0914904725760666,12.464059529915984,13.434852185255226
0.07003895689971074,0.8900530555803536,486.76253882298346,20.884131447822675,11.853833203918544,5.887105843829003,126.52228513171517,0.0,6.771836714108105,8.502671160200926
0.39880123902959047,0.9139010444849558,769.9160839473226,13.684463282099804,21.422721712793102,11.193554307091695,227.41779219693768,0.98955613194537,13.798503902491404,15.508279956730512
0.3286762290930788,0.8332355162430316,1130.6363338200294,18.822130377129824,16.42349750337401,9.8096632034191,211.09651067718104,0.500707048173203,6.652667572872685,11.051646191589626
0.08694713552110758,0.7977698298299728,2001.050625620274,18.91098404681469,7.270710172147804,12.6411564369261,246.1374426498495,0.8304933013026023,7.991642830296514,15.25015383502343
0.07623281434339595,0.9334444452506837,1000.7239550100404,11.950237373928434,11.85142880113636,8.831883171330357,180.9606297982506,1.3620217787555882,17.669196362685017,20.69129284928783
0.5898055329011781,0.7942918979223387,1112.8923226506827,17.370646961271817,23.0720355103795,13.973092685508528,256.8944501057962,2.5705015813955505,7.861336582729954,13.46123328521082
0.1733511811142941,0.6029523251777712,740.0157810390255,36.03077053630299,15.180012870481383,9.15500088958331,196.92629985410318,1.1105058575770723,9.714754387132487,15.448991806130419
0.6495450286740346,0.7055747445949082,2028.9989504125124,32.988437450773915,26.647152756517116,19.780801634926114,328.2517217261976,2.925605635239571,19.642814201188237,13.979625226666858
0.28643279725018894,0.67553378617418,2148.390476690615,27.074959345301387,15.247712496436469,14.40064625648826,267.3610320997282,0.0,7.320972982693492,5.096463323535781
0.05042041666329594,0.5757645649107909,1056.6788025475935,36.54547472053808,13.181516209773392,10.430754708345521,207.75828978729407,0.4493377587523204,2.9421108518665893,9.43611663916936
0.47865030923998786,0.6206087470688134,373.9373190274071,39.46669448772657,21.455657691227625,12.11393041093473,222.5881402554953,1.7249210095482017,11.25273648006184,11.424620253099985
0.11382705660461731,0.5377291029146309,472.7807240201744,49.31486006796861,13.2756870405279,6.90578338126049,154.44863596205727,0.0,3.014171958700045,10.466259192196722
0.052835365583576877,0.9552479279044097,1092.4218729904285,5.806324669934709,11.62490888361435,7.326657516220493,158.6397541455623,0.1547710361588343,7.305152346143185,9.404207894080939
0.5694367372273793,0.7001869731576086,1398.0845320946319,36.76029947333919,23.60274806509602,14.130619368577175,260.3260539736777,0.12629949377695748,11.98474995385966,10.675728601808027
0.44524307105918337,0.7838949190851948,403.1851278480668,20.289104631747588,22.159114279347918,12.201167443549505,237.4538401057543,1.212621789575965,11.856538905891053,15.485654460638854
0.084451911980486,0.6369418574628737,1792.455325591412,50.185929500313065,12.667715969938104,13.475006662488967,240.41762756917143,0.7297769532351448,3.1948553772950117,16.54498245900477
0.3482695291404784,0.7533520931130204,1027.6013774679138,26.157019691878748,15.390204307377486,10.254568556379585,206.6928428204929,0.6086802883619036,7.956525454483591,9.24477166353568
0.2894576979211392,0.7109392178224824,1461.387869719661,33.04828964911668,14.205840261231543,14.040528925598647,267.72496898077765,2.2549827126376267,14.0548422839125,16.488129323970078
0.5565822081656449,0.49924607538371857,407.14585448797936,42.48067133232546,23.385926682261974,14.067722490690802,256.3275369412808,1.6222371301515308,7.7418963586658185,14.884943351849211
0.2823260786033823,0.6441200154742293,1607.8261909647026,36.31188351513034,17.717388548328064,13.228681900821488,250.9162299679909,1.08387543383077,6.681541547283548,10.045345116284135
0.27536813525108067,0.9108318045565978,646.8253245555102,8.815218615889105,17.08805427150275,8.449246293602139,180.36580027594795,0.0,5.429954221140122,9.06237000611036
0.30302137117641037,0.710669259099731,938.5403892374493,41.16462701810376,15.58416034265595,11.677901735987385,215.103588811388,2.5176855282697486,13.125650344444205,15.880556737087828
0.4655571739611146,0.8086619213875443,1790.006671118634,14.307238102884746,21.474434088194947,16.998449742040254,307.5848672585499,2.7390322170677956,11.96599353380083,17.145792400538163
0.5059410341127023,0.6178937371663826,321.0885472571359,38.67709498081843,21.33151012327575,10.57274353558674,212.71551876377157,1.1010414581271746,8.28796253454676,14.998003600942427
0.21231929014732712,0.8383354435543318,622.7265739462428,16.69111568111644,13.974405390323248,9.085311084085754,199.27091243825487,2.3390544127092867,6.266412197509359,13.561980570686561
0.25342688424795395,0.40756774560399067,869.8406686091744,49.76149497968184,16.90646928336777,11.008324584976148,216.01355856928592,3.1481310060380916,26.816113603279312,13.860820975704197
0.6047171559428266,0.5410085981372128,772.1194801158736,41.96778814866846,24.242427178626095,16.173082904370407,287.7470246927182,0.46923603490926435,5.676185384481405,12.968063177524133
0.15796990608431283,0.6594495934108768,1095.9090699271862,34.273563991340474,14.700785410388464,10.13816892210251,213.9713700194856,0.10526679373211045,2.952036214135693,2.7067116492947605
0.2658263689061391,0.9289575150317698,1388.5540752232437,10.6039770273052,15.472130113259512,7.512495416372152,156.26886379322588,0.830206948807895,15.381657365231185,10.831593021659067
0.3201639921243185,0.801835773312591,549.3261351748504,18.307330607694208,16.57104339272631,9.4119730719919,210.3340028912213,0.0,5.357412946065426,10.044810471025244
0.07463579616115436,0.8110119846250416,701.6123430963898,23.795225577077034,13.206019792994665,5.922530552763749,128.83569002912063,1.5180320065221875,4.067886104912586,9.45747264872869
0.532941052664503,0.8357038403542719,575.3021956945869,22.919610967658514,20.045989783916852,13.28361221652824,258.64498205191313,0.0,2.268557122834042,11.288025140025328
0.27575347724351135,0.7073040806201318,795.6705467278209,34.4476210532121,17.763843648706416,10.092890025843396,200.28264830344335,1.058395921654209,0.0,13.855756945667505
0.24079324718611053,0.9458176624176077,1170.7488719075463,16.7804912662244,14.830783623010278,10.528906819101534,206.78739003039712,1.904735472632296,9.895484920871409,17.78556854093349
0.5140487722777385,0.5900498708710269,2373.483235210465,36.24533790680937,23.644724265351762,19.205717427422716,330.5198468662106,2.4222522197066665,26.232691439814754,18.506483544341606
0.2072956864783425,0.2841343491924666,3422.0194761277085,70.65615540535123,14.918471726246056,20.68869740182735,349.53238137088675,1.9605092106815234,19.077622259795348,21.350740032433254
0.2921254447274614,0.8831478782641934,898.3861540023928,13.691649749759119,17.88180752400799,10.30553835511338,203.74109062933906,1.2945429657995553,9.37464919504531,12.629190866930728
0.13792629714534865,0.9559212835555513,1070.86898533203,9.895178046959376,14.812155926702978,8.185003804912894,173.4239660308626,1.0146987330343076,7.462044494631787,15.254084793029996
0.30791760794792344,0.8226959748545425,2231.7749812195016,23.482722119063233,19.218730939974073,16.8708585001845,320.6698005817683,2.2937575076724563,13.22679796708732,13.894105652238009
0.36536042388863565,0.9248332664181614,1710.4120227093101,2.0175322482736284,17.348040161902947,13.500540166497819,249.67186196495595,0.7653164172524993,10.367892229586744,11.754490404631346
0.19295817306978286,0.4006407090656831,1001.5683685677142,50.040414893905826,12.253949174814672,10.090770626344254,200.3031874915652,0.5071466195880084,0.34629887045055074,14.91025752368812
0.1641843366833124,0.7679100806038751,223.41703841756336,18.22573803529195,12.47276169681098,4.3603563947830555,113.3341867780933,0.3675891572335089,12.054151038190358,7.237836950739459
0.17114953615744471,0.6930947706722596,501.4656390459003,31.085996540421476,10.951589511897946,7.2770904931026354,159.63848684455067,0.7680596670594415,7.706422532744638,9.921510590098828
0.2843512831118693,0.7572106752944987,2023.6819434147017,14.685834338732718,16.419429132786725,16.710855065060503,307.87744787230156,1.2084651767448968,9.96025567823958,18.347259082415622
0.19273428803112597,0.4277078274629163,686.6306232954504,52.045548965118115,14.06983227741828,12.64819526965723,247.69661240163856,0.1904629908493356,3.538058062222729,5.688627965095947
0.1083409172108745,0.5825211263843846,269.98500654798244,44.01730920577309,13.69558920759004,7.163655209598308,141.83064188771783,0.7563668255960811,0.9957877163158253,18.558028753352467
0.2112536168482329,0.740480164305132,605.890035919121,25.819477108554434,13.647582957730272,7.287980681866851,159.31411694330205,1.265700218995521,13.89468898576133,15.815359829216359
0.013424251445327287,0.7477739614815855,2391.1481079066184,31.416884296247336,11.00485075957793,12.698612467744313,221.52298617594988,0.9550040753736151,21.698944944563664,16.65121068727537
0.5717131407851213,0.7620717031997158,1340.5878298020832,20.109799368662284,21.874216783554342,14.754781878553738,272.84886322817454,3.2049904150971162,22.39754500665137,22.02606835233878
0.11564218196325955,0.47878625068367003,256.908522838768,45.048695479007925,10.25780451883713,2.164209936335384,78.67388999735473,0.0,4.433384365465115,13.122685940031428
0.07783247399397564,0.9366925561164486,1401.2099782239688,7.28036012437245,10.383657857282424,8.428442810099364,174.59229540020175,0.0,9.220862104617641,11.064776741520191
0.5527798215353232,0.7577036915639613,292.35563112244205,15.675599201241532,23.488776468159216,8.412073486061583,178.16281860577584,0.6159387837462441,7.393044193266458,14.109740252873216
0.11451620551286479,0.4096012861584432,1116.5437236671987,57.919019818633906,12.530819577653478,8.779697421541325,174.34442026295045,1.5391836069020237,11.847791602976018,15.11266127861348
0.4350296403525395,0.7547586520715441,879.5047702814628,33.26519384580847,21.407957301077314,13.20077123953402,240.1673029716065,3.9310144325962755,18.065385472977024,19.58368900344904
0.5471281990265113,0.8591458841082993,2028.1634352978651,18.838225162053245,20.101075669563475,17.401226749719314,300.01760905090424,4.3577476548008365,23.566693309038023,23.112369157756444
0.39441680252137495,0.7517290630872898,2029.01221471775,27.398268918997232,15.122143827381008,14.176946327060362,258.3138571904937,0.9958675736048236,8.24484589013479,11.766552679918298
0.2328577055599947,0.7895721061253166,1115.8850842529966,19.21763484913688,13.7216258026169,7.786055606633562,163.7339101697687,0.10641830666111185,5.0177742935858465,6.774945280655903
0.15806501214439522,0.7047539992386032,908.6665148237477,29.656164772673655,10.744616242559966,10.89993247567951,222.274171329516,0.43988627143304393,11.647835235911835,2.012063103759351
0.2201035151021752,0.5715437386507662,579.1222355473013,41.06041347419285,16.080879041393388,7.369252672866323,168.49343946805422,0.14469767400047798,3.596454663375157,16.610281712976942
0.4578550357519024,0.6751815662339207,219.7047350534724,37.87110474393802,20.659088602487973,12.593830351293587,232.71669628355875,1.0261327770483706,14.235211813310451,9.764186675210542
0.503881459878167,0.8641645810004479,1289.331937470074,21.936006942327694,24.344283784238275,13.81360729364286,250.54156723110515,2.746919316646035,12.18316192312392,19.12021080182597
0.23231474730657428,0.786394629785068,2117.994813107629,20.99093077260966,15.603300855244667,16.248499397733628,286.3635639105249,1.3824605081491728,16.618116683429818,19.271749413656007
0.12655634933061585,0.602616374828443,704.0843798490878,34.91333293217243,11.553455786277548,8.90015947723285,179.1118103804073,0.0,0.21710670264828025,11.643806596312828
0.38217117295750647,0.7241864013826411,1036.4855246649986,29.866501055607134,18.953018373423536,15.416279060391437,273.68248998040514,4.03670780756957,20.750200629130283,14.810531573762564
0.5848046272976437,0.7291718642774884,480.6844230189537,23.46478666433788,23.632487131959966,12.344576728568471,259.9679598041995,0.8059094231074925,7.940751291038253,8.820440163049321
0.31078085628636576,0.2915808171412051,1020.8499178506152,67.72930860432221,16.0494945139498,13.525602344353782,262.7501453058224,1.5160358878321383,5.525082109679287,12.595667028439532
0.15266731581999102,0.7591453434025304,585.6148146114635,20.201187160125926,13.468688052276436,9.108670847690183,178.2819850535561,0.0,0.0,9.09503045634457
0.3952204544820204,0.5261629205584184,1351.9085677335013,45.594600650362786,20.86018781829187,19.482231366476938,341.4993923099722,2.6875936775645823,19.248438432328967,19.229829444156284
0.22691755079646814,0.695662564009615,1358.7276716528568,32.28040595627241,14.223033870986708,12.606847637204357,237.33764753210986,2.1515008877680186,20.81113176584266,15.283795036868435
0.24798559978043935,0.8078203997696393,93.19990807005148,18.242004652907333,16.887858146164685,6.271225892861009,126.66141349525094,0.6694433083828936,3.8484439665159815,7.614605425427215
0.7193823346120943,0.5987546681304735,408.08037142314237,32.292956044976336,27.274610718510754,13.892570573748259,252.30341504545888,2.111558272846452,7.755680226209384,12.889809377234743
0.1337790020561946,0.7874730954404899,1004.566864311428,19.60347606794185,14.706818227554601,10.506760019621703,218.18744834347143,1.8418082230999369,12.673870488086047,10.420592489884449
0.41934144060215894,0.8634869175794018,277.97635335869217,11.491671834798751,19.875071345336142,6.643058166804545,145.3088830744581,1.5436229480837136,16.349756499748352,13.91957058609092
0.18144694450801332,0.6836102499045871,711.3899166724036,36.84171987906902,14.004517472006672,6.9791453705982285,140.04547583859346,1.77689290962689,2.5993822138823077,19.168691542678964
0.11934475996680277,0.7962833410961481,719.476357195701,26.196664834117875,11.543223379734041,8.716362307328634,200.8505263998632,0.0,6.488621563984021,6.0365077948554635
0.3650223054675997,0.7075716310982472,741.1317722001777,32.190083857494464,16.799028511216754,9.766419525550816,188.29490766346566,2.6761808703110472,11.806729737375935,13.94235822207975
0.19913398228626852,0.7889050914216519,476.0429281048025,27.856175668098814,14.495099833142655,7.374359662312504,153.89450584241126,1.1023150372279555,15.449121470427368,10.845641574257897
0.22754819791885178,0.501259190286592,222.3968263064284,47.2437735137988,13.801396153917748,6.982110135663354,156.66434914637307,0.47434526520477466,0.0,9.313023267122698
0.2575885881543594,0.8161188750354417,668.0680789104896,20.9603986297305,14.916224163298708,10.201118580223234,211.79889349956224,0.4647538569855196,13.944214436273342,10.30733596117988
0.3611134231550445,0.6250143436653934,2544.453118270484,39.050042476139865,17.157145523143843,18.694705048357363,332.1616710731359,3.6362991932995072,19.94999421461509,18.267595633252714
0.09578902840058078,0.9515055639073363,1616.3793028926855,15.429883971008712,13.27711078004264,11.338594173859015,218.36278856841452,0.746455449343305,6.7296519827101005,7.35694385255858
0.3568538902359196,0.7779751463453964,854.2075258762776,29.791134991483187,20.02089848931976,14.423111250885196,248.73067540961597,3.2470313057436506,22.331446851354613,21.305104583433753
0.2252135512346902,0.7886268759884525,249.02530261656125,16.51596261320622,10.649523769614222,5.610140875274275,143.50317969286385,1.2269021007872782,7.218343254731609,16.161537308833203
0.6783499350289616,0.7905245184701766,1277.9311352948894,14.701206723117004,25.26464366542351,18.680244986993845,339.6311450975777,3.0034898527503984,14.55434844806306,20.139948897098783
0.27157035290988224,0.7886703683056245,253.95825859470872,22.34195627229797,17.53056727735555,10.276761664706997,197.22815350805075,1.3896927761727313,1.4461267850151813,11.067886031044708
0.18630881434530475,0.8888407815739464,2670.653647020701,20.83013989350523,14.69969966070928,18.861142275511977,333.47256478913306,2.452991847310578,9.786252123501765,9.670251225524153
0.09910207744986368,0.6443584894907877,374.85846775706875,31.268889060212825,11.867175544416742,6.651123748556625,122.7804296904406,0.7673155589128391,11.479708417060404,9.796191891806707
0.18299181712636298,0.5713493071799567,254.17065521506365,41.06248127348757,15.497824434043787,7.697020341061664,156.23911058219397,0.0,12.555110997882691,13.268253713263157
0.5340444911177125,0.6585272486927177,304.3587609496892,40.30362544394761,24.215950761848752,14.364519429480612,279.9147939609368,2.273301977069038,16.750939631919753,13.885385399802514
0.5107965231601898,0.7344222612676886,428.8073659262563,30.611230080081373,21.584363944059643,10.74002637583016,199.0935004790468,2.1148736472007883,18.877361420874877,13.12265612810165
0.33798069917933293,0.46146979127388615,1942.7401148200895,55.87580584260556,18.656506353573256,15.65143120710904,286.9868482234727,1.9619770986238305,11.385296963289477,19.672377764037215
0.10169206714096186,0.8590124880653945,1727.9918435776842,26.59136006729414,13.017369122484256,11.157924995109642,229.06686869904686,0.06142249407903588,14.59495422462178,8.013439177753236
0.4676338072482514,0.724098466366844,1030.456610194482,30.256900531851784,21.622617395365985,15.867442328384778,305.4529772113589,1.91830884287049,12.837435486778128,13.49886414659611
0.2562017776534315,0.8930828870033554,1132.0132067731317,18.048035118172873,18.732310797864788,9.530634737976516,203.58390946305522,2.0525410918210594,12.631238666799716,13.717908297091137
0.29735738203652157,0.9023834528160183,3541.147591177162,8.137710192568594,20.40729898287783,21.76698739251247,372.21978767211033,2.4888052326589962,13.15608878465821,12.75953585773503
0.28508431002861606,0.5567885925031294,750.9077810709263,47.260375676753966,22.356321387295328,13.175944233517205,243.83943293007746,2.3594330182644074,4.957638698815813,18.956254299352246
0.33699446105602804,0.5610230694472749,199.46838448370326,39.340974881349965,19.715016217084727,7.372629370057068,167.02127185663656,1.7189051694789552,15.006021985960052,10.44949944320294
0.4064020177726702,0.678022808667422,375.41531809273783,33.54741777255941,22.51737528619356,12.99046346657792,239.08844999318333,0.6835298544896877,3.8953530478734755,7.079124753643837
0.4057490907151866,0.6489941258739638,1509.7115156265522,36.02156463592835,14.624720839282483,13.21430374246358,257.5031870711682,2.0492720451081303,7.348080628645251,12.873988562437649
0.1856344508039265,0.8903623049361261,975.9331089007286,9.880535558901524,11.131591799486847,8.468695354565227,181.47729012881788,0.0,6.451070959772736,9.638200751637362
0.42839085487656425,0.5296296020219252,628.7001244552399,52.02750959426843,16.360606744981368,12.232396123891693,244.94926720905258,0.6802951401954778,9.253117117540928,11.650219191373807
0.3785045112357844,0.806679230013919,564.6570185954525,10.951278284615203,22.120449114586023,10.207441803164258,223.01947439784323,0.8797160609805316,0.0,15.318483520364396
0.3981810682420433,0.8358658397582901,436.883513815639,14.22375319394707,21.120173503037034,8.728455057301789,168.70472861937773,2.3172393483439455,22.022399904894087,15.432872489498042
0.11724671365498594,0.850050645545102,1226.3638400050245,18.21324185253867,13.976653326214926,9.363517630705445,177.04067018782803,2.190437635516174,11.084112861453047,10.865777962076665
0.6226860612871256,0.6212722123933855,1648.2591851804493,42.87961082252425,28.178476041093234,20.21775189369787,377.53833669337615,1.4466969339486142,6.286662348334104,15.28106929783345
0.1512950180199313,0.83564708686921,303.7026931474851,19.232114363302085,12.548144215597862,6.936692582377858,145.43308216870884,0.9033757407162947,19.464537983978666,19.533785652841132
0.23912598418947206,0.8768226264235754,230.67405562629435,23.62263874319273,18.369413096252686,6.950400754096986,153.26382335811186,0.4667340610252354,12.406125853965225,9.496029931631965
0.11062681384038635,0.9440134699076141,497.7525023444332,5.759576219062305,14.35265956176709,6.4455862402409645,162.07493337692776,0.0,3.5938973684131557,11.475627038431105
0.4489485995529133,0.8041205241979689,267.73074780017765,25.16418259933158,19.261209256116537,9.327938600604247,193.15368689988696,2.151183719481336,15.028369751573894,13.19517166362516
0.2918508512299326,0.9203782988071881,1523.3221265435668,9.314712631398589,17.55254112054222,10.260207806029948,205.27883413551027,0.0,12.101796887940411,11.023530503949125
0.13214994778946684,0.6367925419054429,896.6800823149513,42.2800989355937,9.229659440217954,8.232961022811837,168.88906109636676,0.5787528928091441,17.451054038095933,11.874604234941932
0.24744727334716435,0.5588565713874951,702.950932731753,40.475655540477874,14.952757307659796,8.23787302302615,183.0361419219718,1.4364335472925984,5.538172448530062,17.207593589865553
0.12236721607678482,0.6198852103177355,1013.3451466263841,38.07275815138306,14.590873158616692,11.340649043406913,205.97178924751879,1.168093101901866,12.111131835590234,14.291274178430502
0.17343289703709538,0.7177261796624499,1187.671521646033,29.932811310052934,13.422555368577475,12.599959921792271,225.54628679727927,1.496113646744658,9.528721794970153,19.778327384122676
0.13299324861169937,0.7167028869403248,851.8850305090091,26.236801392901093,12.830393482155088,10.238387775039394,199.2478188944638,0.24251375586021096,7.132883382065785,12.522071969689277
0.14540443890637203,0.7126668173513533,411.2203310277984,32.94073705897799,12.703019144870598,7.79617575812545,158.2413220263882,2.2040088806605054,17.282137328173764,17.44842696311102
0.261296609814092,0.8198424683720374,1553.1085940927435,19.031665208271036,18.486803417247643,13.960695611947813,250.57451788901653,1.62596189624313,13.951185686922031,16.501519845883255
0.20984150321825704,0.726161431421112,439.92717101544895,31.382210612438218,17.780162169895938,9.53571994063749,185.92312348943764,1.9914825534925118,9.374736583413805,15.834083979484364
0.24007189079518432,0.5531675293129933,1772.0928926236313,44.56409025408884,14.76624346471526,16.61685484339104,303.09789065216665,1.3674081658973036,6.731485070836003,13.546879052905352
0.31492084360140926,0.8684141583792695,373.77624864687647,16.2330422958619,16.560356200061324,10.398228060633505,219.50657835904533,0.0,11.353850622250468,13.960795553361908
0.1677579406641025,0.7507496077890236,424.7328419911912,28.93193540355112,16.65177629894132,6.5877385290788455,155.3290750408813,0.2519934564238155,7.63641700700173,6.375637194293651
0.2583675574801842,0.5726305335327073,496.1426761103711,49.07341766529427,17.277001528265448,10.56649678661939,217.43249290423415,2.887666223591783,15.907298668315772,13.446578648338557
0.4224786067493189,0.7614383284008287,884.7291926075503,26.958509598185202,23.191286386306754,12.342921242003994,238.03129192280616,0.15268375241398835,0.0,13.12762404519896
0.039082183785470744,0.8078209298555148,1736.8812880641683,11.13971231046661,13.653616745117438,8.799166465555517,176.024961369525,2.18496343710997,18.107032772866795,13.778110848882704
0.5643810603039631,0.6024470836034714,2115.773823496276,47.056732763842405,25.875445902915548,20.695190689271772,351.16068086198385,2.786491546408244,20.673314530805065,13.17555778196829
0.29632697852357726,0.7768463367647863,404.7596008067191,28.441772505102705,15.964883750839146,6.57607089756517,154.08704170863936,0.4576742895081781,16.635793336804788,11.199323962574734
0.36709300084333585,0.9058564852167132,252.76108838946593,11.52167375373036,17.32248492528052,7.1873163513251335,162.82821628287144,2.2151695481421214,16.551386202173703,17.27109753058845
0.3341506368817018,0.38613211381895785,1766.6062752445382,59.57958072737528,15.67460493679923,12.09434293424755,235.56724943625824,0.0,3.340010146203176,9.916215205247202
0.19823483600461203,0.4304509694080918,3126.6808654064316,52.12701028055769,18.724618921224778,19.00242937969222,352.1430892454108,0.9430140118530239,10.636703915699725,14.504987022213555
0.247662779570378,0.8854169587126955,1763.051193813832,15.509871304931169,15.946083796202867,13.254779215506789,262.58498200431154,0.0,3.7763096385506194,14.693393057154518
0.4503211499910261,0.8353345676715761,583.2104951348495,27.88554604347472,24.043038306027942,14.85655083856851,275.3264445638823,2.120547719070037,12.186502861108966,15.438293004519512
0.27024762026922916,0.49401979738275054,394.5269225678566,55.79207504126038,14.503939753264845,9.808382154341631,204.69746135820915,0.6666380155308045,3.5053282542936843,12.318890066493479
0.23278220007907166,0.712252483042675,1159.2086081614843,30.125462040106115,14.852942590637923,11.097984410923603,202.01290648911186,1.4747396816372407,11.186867726218724,18.783943721253294
0.2490640541637937,0.7439780834383011,461.49497225908743,26.077715183404376,16.147800147109443,9.413099090740813,208.44369320941976,0.6405482703161312,8.28719312857319,3.7172446669930403
0.15550533605850317,0.5240435606627091,425.69789834494077,43.244369199388544,14.620628198931183,10.125208134206101,204.3103411721605,0.7888231710813387,5.253844965313908,9.071871322273921
0.09252386759502453,0.768026680964192,1248.4907671451128,19.678965796541835,10.483726277655002,8.954213402968652,173.53477026586833,1.3109286908344142,21.17068986375945,7.180801447043702
0.24031866093609988,0.873825486730883,435.4260595651578,16.43529700112126,15.9854218181694,8.168964112159335,158.58739309121881,0.49147716376951756,5.696680047194062,13.590747955369245
0.2490038908267435,0.7565799527995362,514.3132509610698,29.09575976959853,16.67882966977395,10.959541518877343,213.6960169872288,0.09671687700509879,5.524219262922986,10.288830641783386
0.24362682885777764,0.7250737570330638,975.8597769596328,27.0682785170238,19.87863083399842,10.518754956974705,204.87486114349636,0.0,5.44845539207942,11.047129625218826
0.4751512102097399,0.6000900314092088,893.0289837177895,29.487640893234637,19.04079770439162,10.482322976819294,212.8271638204724,1.032807451291131,24.108675574097855,11.816447352268687
0.309207748751125,0.7464536984437085,1363.650336954966,30.516736119025296,13.628793530451038,11.987658189326021,222.98030222100826,2.692218418655142,9.901063911238943,19.74517235580139
0.20573817865169133,0.5925904280089607,903.2978137130456,31.93414232277121,17.42827465558485,11.411151416299317,241.12680460826516,0.0,14.764779575976885,6.550309164035346
0.5428060210878405,0.4035633677125057,2443.5036456963844,62.97877387593849,25.744967564207617,21.222982916894367,366.5781766048056,2.7606063032078745,14.04379653279569,16.521179950739143
0.32008496473648995,0.8362096477981878,411.3338444056358,14.988457986824537,15.061706898103363,7.9316036102573015,167.42789848039746,1.6302486091186381,6.747421780239852,12.144956013772376
0.24930644697442197,0.9578796872105716,1392.18529998178,7.511674834835585,18.668785128546826,11.509119816901627,218.46266064889213,1.1925736333037613,10.38023563629556,13.575405946106114
0.3133367190154404,0.8159813471338608,2962.464006730426,21.88660658394958,18.058902953094186,20.4795343287965,361.4190633423432,3.1946727413417664,17.298343575608925,18.379837441386105
0.30782258399546897,0.8407935186737421,568.369843624046,25.5001692706629,17.645191596960405,7.955631610284633,174.99255446619324,0.6831093864474553,4.215800618022812,16.810316770455223
0.6422185987823338,0.7530473594746065,249.61921037697783,27.017321673759778,24.3633697427827,11.964210743364259,229.93787612356476,2.195431976892302,14.689798142503783,18.85623321722645
0.07816206178695342,0.8513249702283653,720.1475648585356,16.418126610812415,12.253054404243713,6.910691288675749,154.9240503619945,1.2715592357929126,11.134854601007127,9.79156275465964
0.18339466121359274,0.530898025417215,398.53432521855405,40.26300145788836,13.670896249386848,11.063356530263247,220.80936808399318,0.6901532693621846,8.130935046332398,7.110311904176686
0.23117418622905037,0.6195310472699819,2189.4360330547593,36.02308799441064,21.0626230345709,15.86533523276678,281.99150050331605,0.9429183773788887,7.538793666886041,13.876809084483213
0.25483775315932544,0.797023142866995,1302.204877100219,15.904279995535802,15.326277176887983,11.10678486042408,213.56010726889986,0.6496009141904608,9.481492691954662,9.013372573135799
0.3977842040750346,0.6404144708384223,892.9699671333307,30.17698527565809,23.173177931809875,12.917831637084673,243.57000748696535,0.5162412831720135,9.754510615449934,11.632835984814811
0.4537164966651478,0.7924094559851983,2823.493318141738,26.43879373644552,24.279679477650607,21.564046725055537,379.5854445088863,3.244814493720685,16.055582503236238,19.743185910532464
0.5487910894759694,0.9696019362458175,2389.327902617019,7.005385942272243,24.390492810556633,20.142368583768462,318.8097909157316,3.707756450699311,17.596721756551197,19.168457380908556
0.3495878226557209,0.47017097153935267,3170.9262879400126,53.828196415410616,19.52999784247207,22.442609342156132,381.2716894813781,3.256771978930035,27.621827584225713,21.391993581988885
0.09709327469483736,0.7782712905993888,4788.60354316049,27.57701650397724,10.712682937385345,26.340759468705123,435.61862567625167,3.1411038125736512,22.189684891386538,22.779250643388174
0.36731263076820336,0.6587929742112453,859.8823241980116,38.82316882067197,25.139109481628036,11.518226953292455,222.93557308842716,2.209845353151106,9.621000795607053,17.173683807993488
0.3180292583890055,0.7003094722192215,1235.0887913430786,41.09061798242806,19.86580665551778,11.918713960050864,222.54778604984415,0.9493248843987244,9.489468108088431,17.914191603964852
0.5665367415187149,0.7824318696294331,866.6946826387414,21.024390345939654,22.49061850286008,13.333161766320405,238.16238512315005,1.2053272924076817,0.34956943119613193,7.694520251192667
0.11236873380509306,0.8553380031928288,932.1990686066928,16.404234655162693,14.495817451455128,9.837818353720673,184.14322306541655,0.7980892152519841,22.27215002187147,12.389783182688364
0.10234280268684187,0.8408733975927608,383.25428486517313,25.98040073854564,14.98906215203231,8.08139582202159,181.7688008751263,1.1437645864307004,7.824691100135608,13.556853867860681
0.09530520060218149,0.44644121201087544,491.5060369933434,49.067578461426166,10.909866332041751,9.708670355527204,192.59315496219747,0.13686812514487567,0.8432233823631066,12.02174575562029
0.19682800488032012,0.8905488612817898,1273.9567320090143,22.697839816545486,13.374008428640776,10.2154920897939,211.29100842258762,0.0,14.035660587091602,10.924658210582585
0.4783466494115965,0.4208794603274854,1143.6548648019493,51.78299451193657,24.893123812220544,14.854797033880823,262.2770777613716,2.910931014222273,23.427904402949867,17.51612464292172
0.3984994511111778,0.6485769062603478,393.67206693979904,38.016439389092554,20.959887716636207,7.296333389153485,149.28397997956588,0.0,8.093704579065038,13.769572785319685
0.19263810595431946,0.7334886066748221,1114.8243184278676,35.087504518611574,16.44006471730581,11.04900885757451,232.76576607298765,1.2374093902893721,5.599331343321499,16.75268017352342
0.28372889463174433,0.848261759960328,909.5429532044107,16.8700858277056,15.558998260227138,9.187471753920189,191.73920825599006,1.117615944990877,9.809968610882073,12.090870503276028
0.20075881984521365,0.5067190982376019,148.88175627940566,47.32061097327216,13.762600673684846,6.804521754930647,150.57363007875617,2.6541307255818474,18.91396860960348,22.81020710360204
0.17599349135296946,0.6176965594489063,475.6449596835245,40.95922884836381,14.31216243817518,8.998200739006075,177.93538238752126,1.6046093828168018,11.312495126030186,15.734896939685639
0.2540861990056563,0.5616570535297115,869.0474166321427,44.33923957499802,17.75418673523481,13.578690143968593,257.05818244490774,1.9114789899946198,15.781364530205547,16.831071890938013
0.17839175047376085,0.5453887276564177,257.18181237871363,55.09471510015234,14.164783673564344,6.997707725125897,133.02011301981597,2.3393199698837766,21.078561498574437,15.405687890261829
0.12066419029511502,0.735638854807653,760.9550956242184,23.685682518095554,14.708557321940583,6.77118995944507,153.69549160363223,0.0,9.185427735318594,11.024496171571297
0.31888483194287565,0.46572838165820757,471.6519749317395,52.28928980243943,18.173735467104798,9.92296168089587,189.46473295587575,0.0,0.015165720384244352,7.0330425588055965
0.2681194503724285,0.8260524539770688,1988.640164278243,16.735803929319218,16.278041395932632,13.926897205017477,256.6799945409303,3.1597241629299058,16.33112818085137,20.922870619609384
0.5423511503519031,0.7339542213008756,1078.8700027135021,26.95904124394954,19.474603851065496,13.492021762456497,251.73887673879628,1.7483261374305423,14.226611949068765,12.899058237231293
0.3723741489968012,0.5446125676884961,1077.0882788495628,47.123097515362275,18.458930573478465,11.874641417432569,229.27134730113622,2.4402075031738857,6.432006223239952,15.35439044263071
0.4070383487378088,0.3870795657457219,828.326307317958,58.58531238764324,19.51432460702811,15.399235814223875,271.69287725599924,1.9428289439272226,8.672441218497971,13.039390033613092
0.17612454742802516,0.8985051958606428,1537.4803507845982,14.905082306503004,14.14431532156454,11.687739305318148,239.61661588419344,0.5807970465180096,3.677961458029781,8.469927349122262
0.3516604495521638,0.6216050428551289,1271.5678862590826,41.778108069652205,18.76952945484017,12.208302789909034,235.85521819902218,0.5946485670419617,6.521023731928459,12.806186978532235
0.06891735570976346,0.6281893475491039,640.593619845562,40.14669733232813,15.787286812223526,8.578680125236641,182.3174075541213,1.803052771847545,13.796256144808204,13.04926282539454
0.2075152093811962,0.9187985567737108,940.3655513960038,16.666052070509693,12.609248812720836,10.16075412815661,219.2684257404732,0.27167611818877385,4.224700060779445,10.851248802925886
0.14120381896234782,0.6431288977298225,1102.2306953619993,31.897984546849305,14.145758034599744,9.919968819750334,183.6884278415223,0.0,0.0,10.506456652965843
0.2920039820709498,0.7385528512167688,1655.4321114110294,23.438111837673205,14.344961449366401,13.254001660097119,250.24865861169147,1.9229938804967324,7.632218642782869,10.69422747137753
0.09125699713975,0.8255540672183871,904.3433584113246,17.574994882904136,13.93659031077976,6.768674490208254,162.05367467332695,0.385582981472805,8.733891312384696,9.782128769137527
0.1452169385201607,0.7540652014372227,2372.5411781899356,28.497556325839263,15.524005069734496,16.63569315696082,305.3519815639618,0.5748917158614131,6.295505795458027,10.303350962857508
0.3331611425984826,0.8855660830583448,1020.2972250705584,14.126572648041687,15.299608299157292,12.05179438017591,240.32177588651837,0.6121562340658996,5.170184661814442,14.14729861487177
0.05488813849926475,0.6596174198498022,1437.144734209318,43.2070490425864,10.338562213251135,7.361459828494947,160.2279140430156,1.631797482796573,15.606059540810188,14.274314972963685
0.2649440036134401,0.6388436644579129,280.7063756585016,39.42355070643181,17.41807005121892,9.016601460162198,176.31147277033907,0.8549156706343866,7.964505347750066,9.51617236112737
0.10071818975878105,0.7350174137733787,98.63995509747322,23.990248965627494,13.21014834504767,5.090072313810986,130.31415624102428,0.0,5.487302199857311,7.061773359209004
0.5450301321326054,0.7944805188084665,677.8219005444608,29.808256148714932,24.06043260554745,14.647010712631761,268.77195677745465,0.9139927794530887,6.760127015047749,13.401977609174196
0.5322137469273999,0.247331602747631,1711.04888190713,77.29972150159432,20.206780988019585,20.042373357615848,351.74806241958987,0.4755068180977955,6.288222593079864,8.140403605722572
0.5200916935057234,0.37979682897776523,1932.3953735751586,68.74928324417724,23.23766863624618,17.04984879538074,296.86037472377467,2.615041698154606,13.780135466578791,14.824066200599207
0.3007565188913479,0.5818771099228532,301.32889869598216,51.055069579100916,17.203120629924435,5.995500097479837,135.11965532798138,0.0,2.574238941401642,14.321767062669572
0.17178744588854733,0.4635689558053841,153.96889485093376,53.260827038731,10.003593576901938,7.4095944190155105,145.42909209519084,0.8592272922967776,12.327064885373442,12.707637618087993
0.5866464761271616,0.8965644699187628,292.2325549498098,10.833154638860996,24.628991348164465,9.167059170314012,178.63799507107186,0.0,0.07828087858166999,6.514269657849355
0.1533439627089271,0.5636923766191969,767.2703520929165,44.381313809134845,16.452374417090702,8.50551006442867,177.6956898416654,0.0,0.0,7.812612957004874
0.23484431192525315,0.8959314969210547,175.90852317174748,7.2802726400406845,14.503262778284673,4.400260990359659,119.74770460186497,0.0,11.599313228429846,7.284778689122092
0.3605196067961378,0.5144477168015535,739.1795711371757,40.342513066674364,19.918076341849822,11.30669637963351,225.37336533798867,1.595326918522105,16.184385049667526,14.79406933714876
0.13051448525329573,0.9454987421993116,1375.036933885093,18.700330651060348,14.491174861330254,10.491038731464071,207.9239269884481,0.38872086398099215,5.962848241770534,8.272118411097898
0.2557579313727727,0.7728887030453603,808.8840682349187,19.6121581162916,17.36559739207148,8.795367763237344,184.10100550868776,0.0,11.237114253628656,13.29464159740693
0.30975684523119296,0.8781640715813913,2371.7828855087614,18.57932918929429,18.337681228566282,17.75265423581478,307.013832176632,4.035910227139811,14.522915372434413,21.295925943256023
0.20670732201178674,0.5308572937588228,526.2090241841689,48.151139401746825,14.620189339139475,7.151529889832902,164.4265295152222,1.0541700896841204,0.0,10.98606904471751
0.2771994754711691,0.625105406111513,54.156040020933276,37.230812828768975,17.642614050054362,8.319821883289165,173.75060283036618,0.0,12.423619835957638,7.541769967406378
0.43749958229225755,0.8058081414521121,2351.996270141942,24.243040537928675,21.524889564418714,13.810241217635731,237.9415488394801,1.5246762669258147,9.57859436607317,7.166100784074791
0.26402320840649335,0.2660350714649373,631.6697395807024,80.57588557862996,16.216598776555234,9.284433970908648,172.2162743713429,2.766757481072953,24.719909243783093,18.176943689919206
0.15027623552413455,0.7099666297778529,559.7012126180321,39.61108537153205,11.866613520774283,10.42736626907707,213.42686405152196,0.6982951629720049,0.0,11.867384246128095
0.4658178283729859,0.6014722605889431,1111.3949740027865,32.66617024951344,20.71598562110808,12.22778147857212,241.64896843696206,0.0,6.877721231012569,13.001921891184743
0.09731246818264194,0.727857889661038,547.2881012302137,31.084972504958,14.157808570462553,7.822433499988151,179.95353421542262,0.0,8.417760562346391,9.584176102665898
0.37163479358565765,0.6100949585290828,904.1579470081035,33.9361624261578,20.614127679401253,12.55244896165462,230.31102611987495,0.49742770021376903,10.036908109390595,9.802524466626563
0.3210113861136733,0.8604614701041915,1064.0552509488055,10.675542605365859,18.137469358227243,10.345561896124861,204.2140213420697,2.3389143298556068,10.286930596128236,18.475177761997905
0.41751520564963557,0.5481699295939083,1432.986780548755,41.036101591245405,21.927657680056587,12.473347020865454,254.43741382862044,1.595575447952517,26.816321404589356,12.608380338247557
0.4115625790282086,0.30286058728636805,608.0472372397617,70.76966544808283,24.326744844220578,13.165180556066966,232.52512344439728,1.560243533073122,15.821529028027939,11.173053542324885
0.2943738866401965,0.7567719838617084,276.0225134167439,28.632410900576648,19.813389646583744,7.928288625858995,169.1112513792522,0.6827659455638312,10.533595687129397,10.061824020942863
0.4405375723314179,0.6847483822081936,1934.5825934428394,39.82361726735809,21.106684994765853,17.185350290707834,302.641195928448,0.9675208756410285,3.6772962496279806,15.877032625454735
0.33596251763258816,0.6737741923788946,1599.392431271519,33.07336988087434,19.63321290058164,12.984672672619343,244.74224100508602,2.819954435932413,21.409645236889627,19.672247175257954
0.09106072121995659,0.6247047425346234,401.7107389598933,32.60202104908939,15.253800150625183,5.283551737630155,124.87795454593967,1.1937483597819327,7.525433793304851,12.239704086861677
0.32993146809956564,0.7287022636017979,200.27939379755855,32.84206971577705,19.920921670222818,7.594824894570759,173.11571093715557,1.3255755747549283,6.290911981882183,16.994635395288164
0.687108678667295,0.6960826433631229,352.3581953914785,36.303691619913806,27.47672020448992,13.467040526085952,253.67172711587685,2.0441637785423734,15.999232976097389,15.087302254720582
0.36437420175574436,0.5421301142012974,529.7835632024214,48.52474144277614,20.38414691735715,8.479886298944184,179.26196163819614,0.0,9.581123012720381,10.859911909872428
0.3122736165119136,0.6250178782403009,1283.4355854367484,34.892078898889444,20.78599421382664,12.781349527107809,250.8585351981815,0.4719824058319868,11.851690883430535,13.28976803065467
0.15413968106359513,0.7629808845040065,1666.905313353365,38.57128539408691,13.747446022097462,12.05141409326266,232.42621519787195,1.0661841225943145,7.1463124502248405,10.130302834174223
0.15041882018648015,0.9016235913676625,309.14120612628886,14.262637477270967,15.91341633214736,7.774146444348066,166.6476308191389,1.7892482156171277,7.868621887800474,19.859338195348947
0.29189028341718015,0.7963180852514281,971.7527396681205,19.114679613552106,20.10519985877547,11.9001712545519,229.7247321488663,1.444412749640439,9.96565739480674,8.953782664346921
0.4225654023425412,0.7032223156938947,1367.7310582951627,36.64351373998861,21.518853315393102,15.871671834806104,284.36340067066527,2.92632505938831,20.559724536519422,15.68960725721601
0.6217413954877608,0.3987049343178213,822.9441547982262,62.57947367861517,27.72002461462804,15.781606128193784,304.18806753919546,0.7665415479620995,15.870853141859453,16.447481224230962
0.045711331147400114,0.6745514093754647,1532.2514752580294,42.563854207725974,12.212741546122393,12.867723934563028,255.84749634677692,0.9743196488651973,12.907208476867718,11.616673454562106
0.13433852967874332,0.9375731480120527,351.31245849790054,7.795671962855196,15.449548093482695,7.143606277736357,166.90496958683485,0.0,12.669373277505404,10.1775161380913
0.08130213214430684,0.7526853345765478,218.49713864883654,24.538803957731023,12.78065921020575,6.08113643534327,138.73934270449368,0.8016256238539632,11.060899820362733,9.659297619776648
0.12233296689605866,0.4338792838968996,1032.9152615862672,55.15439384475196,11.742674616186333,11.68842925130398,215.74881741613612,1.012265318058779,10.782216154646914,8.41273205893961
0.5278593992684391,0.5648045375032262,2746.0449696922783,40.2207098362509,24.308364781544007,20.51050795003688,366.7816811817756,1.0157091574536627,12.589405492481667,15.287040440455185
0.510257836340197,0.591229057446901,441.3265511361068,40.98520250031828,26.015013655289227,13.339594429934634,245.62101966415347,0.7324549298590128,15.591173086665899,17.388488719327626
0.22187891812732424,0.720351589292234,400.16174035260417,34.86381996244359,18.750047615980485,6.662929743931509,149.32321746081328,0.130405422867517,13.781475595016929,12.827315175838304
0.27518882808089135,0.8860674886581782,1608.8319971735025,14.977840942018066,18.66515767870642,12.51676107615826,241.11039105696642,1.3155833854893995,17.517857262949832,12.977887750766053
0.656893191675841,0.7494880463785409,1113.246580366881,25.267855207491206,26.377168639708387,17.183168177438727,315.23156864553755,2.5192971519484795,15.43529950674719,14.377625529168903
0.0862597380346991,0.8845930916852542,719.051339427552,12.343430580690942,11.092805819179503,7.801026671169492,175.7486753262027,0.0,7.486579946966302,8.08619885720277
0.49907488550399814,0.6669509626401995,1207.5658502120634,39.923559929900236,18.79667651646281,15.845672465408622,283.3618212733322,3.3094816639558173,19.07538270283758,21.00143943517945
0.18365855674509105,0.8460464428486084,3414.8577206778264,28.280561264478727,14.332200858784034,19.108710477560436,330.5041302935186,2.5920024505714245,7.193661464585466,15.137162436526099
0.13210444491471274,0.39895492090073575,760.431518775012,56.221645637454046,11.525235335900845,7.89715507690228,171.73260226150802,2.4812786296740343,13.450414700974022,13.885511772174665
0.36249593445032524,0.9387109316601371,491.23025466233383,12.72077407288937,19.726885398445262,11.719376957591034,235.25616976520965,1.962698601608459,12.200557386646782,15.35394255111224
0.13813131042411658,0.7381957873589886,1112.542843258858,29.03568947295979,12.806221949678209,12.226265350894325,232.89232889279987,1.8620293414185851,10.28851894885497,19.662899532697026
0.2285052543482451,0.45420941199721726,310.62953208392327,52.64195331045372,15.47532162609899,9.307115476972498,196.86533062123078,0.0,3.6018283709656354,10.131669607208453
0.17324860236639508,0.6507340779750383,361.1770524489262,37.19483138184682,16.33395024299379,7.16122234932743,147.03546685547732,0.0,2.2350890749237786,4.210962161782019
0.25260019466563666,0.7420263954531667,336.3675876280242,30.985581009363674,18.594101193973636,11.872943696799062,221.96844684160635,2.32763085728662,12.895753194511453,19.436490734882778
0.39065337284999546,0.5186555553880856,1033.111565765736,45.90072647096271,20.202332795102993,13.574744988794368,254.373157997273,0.6007091016422442,11.066946105306279,15.067560624321068
0.17572512814152594,0.6600719939993187,1616.5006211627497,45.39257943896083,13.280021459658187,11.71479958840572,235.36322939482534,0.0,2.214374976419692,7.440139196002737
0.41595556779590326,0.5847873774626816,1806.9809217611696,46.799277537513426,20.181203875641884,17.749316727047862,327.0750173801999,3.22782933520482,15.477097519610417,21.109057334136683
0.06250503790647247,0.8188742870113039,1401.7694841118557,30.137112990269962,12.047592389186663,11.799510127095465,223.28119563584457,0.25131009074573196,0.0,10.279755535175171
0.3842854061208443,0.8961746048505701,457.6410778953453,16.35592767636319,16.567490990724792,8.475016372496214,172.98170076866683,0.0,9.297583944510396,9.36984172671803
0.16480947322160266,0.7701207974998786,77.00279235158247,24.25031743398066,8.530549413660909,5.606909110396045,140.2048178375568,1.0678609642343677,13.56400004957851,19.628284045519507
0.18284499639739643,0.6115179124337993,796.2797080704822,43.03330804190203,14.07322606084253,10.14739267205043,217.28460320167696,2.1268395851126476,12.441392548173988,14.753110852398569
0.22844905969528487,0.6681847017271216,332.97730155658314,31.253972239138164,15.663266950951792,7.8918730572502085,167.20843907788134,0.0,0.5486950444981744,10.223552328734606
0.2980391494324973,0.8618508030305941,1515.8458322235833,15.195891003051198,16.506780245052013,11.674313417580247,210.1811104538006,0.6813737774380213,3.677470754205175,16.670790399626632
0.12967771893685817,0.818887957079373,469.6853886646544,22.010950780961586,11.9524661167486,4.474434878118303,106.17015901686146,2.576734689609327,18.56725018455744,16.343375777401313
0.34677180536205504,0.7810855495760902,982.5387940960314,18.195158645926156,21.250368115698365,12.822762083627921,241.41743982396176,3.4257850683113835,18.36480493105878,21.085329419324136
0.11079302328633844,0.21970158793121017,1257.5413773852904,83.05936282640243,14.904842582382901,11.02043378009489,209.52146189701867,2.070951656868965,21.51608793670866,17.28593469449878
0.2458304874355729,0.6145484948886136,289.5648594221488,45.55801340935159,14.649091706696767,7.872719281180448,168.54947253452693,0.8620583717487844,9.220926359731191,13.077301657770732
0.11645802150540965,0.5675404743516376,283.122693346209,44.908376023975876,13.514607978359981,4.882206534425804,124.6181279666248,0.0,1.1985016348007562,6.698898185312748
0.6921790297870162,0.7556768241581701,504.5890929534882,32.22596066572128,28.515353922215894,11.455765256131672,203.13975756597893,1.2613011152728868,12.540902801019744,12.984885272960359
0.33925650543377633,0.45173113477085136,479.95581160167575,57.961799173647236,20.16740620802954,14.243937443519034,243.17163927305847,2.432169284840284,11.028300396859372,12.887769552527523
0.36289652307828624,0.5329620248698203,374.52626086715696,51.495841529976545,20.94756295093073,13.231905327893719,250.04439913303227,1.1299486926963513,12.782184299498454,14.3093917715795
0.2902310338354277,0.8295087350317794,1607.9960639252088,33.096690939594836,15.556500309166916,13.476319497010275,239.90297235092203,1.3295841178280807,14.069317327680496,19.36282159514556
0.1157457994069786,0.765651322372056,719.4496751609302,27.228927180566174,15.217285666125886,9.717395609476288,196.22572415020255,0.6270422315635558,8.476598511847087,11.336562603082978
0.39995414094672344,0.34721890786280796,362.8526186654946,66.01360433331158,21.152105115692766,12.157876823846928,210.48485244215922,2.0685561704616027,12.190638741928725,19.566671855578434
0.2656519201212409,0.5829429755222171,476.69765058479345,42.901668377993786,18.28135330981647,8.687193691153627,188.1553336520277,1.2035731825241611,3.073383029007929,13.15876254705077
0.575332892690239,0.812099965894073,139.86647176415357,19.05497613519939,24.095092394366585,11.780682005816596,216.1216346019981,3.1772651440697777,19.79125794547298,20.185368914671173
0.21335991454808867,0.6053567030418184,1179.450193320671,31.358304343640455,17.235959464055668,10.612835068475416,204.0575092106828,1.8943285995360633,7.43805363847321,14.893241178137426
0.27334370746910946,0.578183015852447,2239.3457133906445,38.78680020618793,19.244743106621826,17.093790383161423,320.7410010359855,1.04281842496269,10.205131964652075,10.164200522372054
0.42502991510802945,0.7103752227205099,1481.630099123961,30.86113616524843,23.89386188496029,13.692688419981462,255.11410903720392,1.5923721022734165,7.965995314767986,15.879558913484363
0.5006636407549847,0.874796529544452,1180.720079225541,13.807959269048604,23.578866900281103,14.864736457659136,261.6917746795972,2.0098649107960567,16.273525081916915,15.412445690209005
0.2573010516154746,0.8271694892175733,2018.4181589760942,18.351269226258715,15.357293904972034,13.933991607109451,264.77410021408133,0.9868906604470575,16.075627636034298,4.489628889150338
0.4679149573647855,0.8920534740208306,298.99137749022117,19.658428009935133,18.746103666243812,10.212395275363694,203.4373125572483,0.6426925458208678,11.830518508324651,13.216005314410957
0.19220177653451556,0.8676470630678162,1077.3935620216878,24.961235239676363,17.32491849225306,8.89093058545629,183.24005985650396,1.3266538045777148,13.114950429771914,20.14260015979572
0.40175699709091567,0.6973450969407942,109.81051764199152,39.75936480715439,19.570981905811415,9.643572640925315,193.6488455001347,1.5593196383606533,18.576898574571626,12.214664701176934
0.46099992857014677,0.6869470909715745,1158.8076414608993,34.44321167905741,22.029915316029886,17.864706798239833,320.1709213367356,2.3674820418401734,18.94735337158417,11.421851195438778
0.07760131749023395,0.9156292787469966,965.0909258655394,8.355896130809711,14.015052733061859,8.521120177500688,173.01202243975044,0.12218085606653928,6.81992132085518,11.48774382874701
0.41897789037973043,0.91185533580823,1165.7174951901827,6.153232417777764,24.794531276099548,13.715152977589664,265.70417720348877,1.152533563128274,13.572556103741439,13.791742802939567
0.5359058921589783,0.8861967811027904,639.7002838504055,15.615422302495693,21.115708311149646,10.487825203089443,219.13608744713406,0.9862091805295872,3.4107890147754425,14.684366093835235
0.456654968541774,0.8935075895659916,343.6667730136255,20.425344884797312,23.167974086600996,12.787904115388656,232.05104275174713,2.8977645850881175,16.88323306570391,14.87497748650401
0.08698077948117802,0.981152508877492,684.8943487065455,16.684904211276635,11.324141526686425,7.63531509793504,167.57061525698646,0.33988698848729654,9.831447551405049,10.426697912998392
0.24910915525312838,0.4521278234629256,1959.9333951383057,56.40968569319574,17.526306113170527,17.385487515668945,330.9543343204937,0.691604415445408,0.0,12.187681815533868
0.1787139795545432,0.7094081307951621,641.5763580712161,30.777522724257036,12.547970133871928,10.731514230894536,225.46336941279122,2.0082924928878905,17.326968809399588,19.378090719032112
0.19814796062594428,0.8567553636186332,1994.3371665364696,12.603378742657325,18.606807824106575,15.64595867469416,290.621927080845,2.7219374641089304,12.50540689120313,13.269410627005406
0.08407295346930578,0.9774831029416835,816.4247887062121,10.609658835617335,14.694371542122525,9.024456841157402,207.89627309353145,0.0,1.7173261489976293,7.280726951586005
0.46807391138792714,0.5487705661303022,1181.2158156357675,39.68026003248416,24.790140928703426,16.13280016985709,285.2001743691171,1.0300308133764955,19.938085202088487,8.68105150522096
0.4626493257359193,0.42717618579961003,441.7247382598429,51.39718000206977,18.923153369558527,13.058013474370616,246.92026269380642,0.59278181338907,15.843716283615809,11.805272606946827
0.4154558190570197,0.768346849462424,1612.8190986523182,28.13854482764424,19.575361599230835,14.1064584207984,256.81378960947353,2.3006686855428615,17.166572317761997,15.708364882130228
0.3039730058223281,0.8392965003038366,623.443884982382,19.49558061892275,18.942631333010524,9.546814780054959,180.98578085152542,1.8627291709453861,3.0141226318680587,12.947254925398493
0.23224368164103035,0.5599946011159602,2380.6610331440656,38.02799661262304,16.416217019742675,16.779035344597816,308.47729007822676,2.3587454583731757,18.682393505293845,16.44218443865166
0.08816406207332528,0.8408184145809529,435.09015477749483,21.52645328052004,15.189250565780462,8.34083998353901,187.96388288355223,0.549498620800811,4.832871509812621,16.868068192552514
0.25606137054040934,0.7864784123538803,1501.4917775185147,22.34812035398871,20.4150799918293,14.18912070866763,274.2975497566627,0.3924409477713968,10.476622802067265,11.196923496329934
0.3133693698721639,0.7918601117273658,126.11609041952535,28.41031387725599,16.329748835018282,7.958768976313618,161.25697137545407,0.5660979478209728,9.18720609251552,11.313563501162596
0.25982340645202895,0.7356900858731962,426.1191063314043,29.558960231863377,13.408572092962011,7.115684035614238,181.93226278078035,0.8802655658511431,6.2557937940870705,15.002593783272417
0.5134920374808504,0.8226653533866508,907.8099422148283,22.958028385001075,22.140466539711564,12.270851310327156,232.90433314659268,0.7861815885903956,14.531885801561572,14.794049266771506
0.08672170227724843,0.7474327457705849,839.0280686266738,25.741531160209743,14.68430530575121,8.794901515046874,169.58825545488827,1.2440585962606376,4.340992964033207,13.243484321330243
0.16143678150604515,0.5632450538018832,805.0416907391871,49.342913898559644,15.938775872167133,10.414071041965796,204.64178017666234,0.0,1.2729940553526746,5.03586637062613
0.171736738639086,0.7162251642500573,348.8908265822824,35.11801538354205,17.71751259787974,8.746384390635802,191.64766491796425,0.0,7.6567768242896275,8.174241732079917
0.10936115868130825,0.5087546547520834,945.3652323856736,46.164054144045316,10.974599789968012,10.321859762551199,201.2050540700336,0.10105520330892426,10.861889337196395,15.48290633859727
0.4934542845751765,0.6669826438234288,1414.5723585695316,35.789400914702604,24.532679443693347,13.180495041269468,245.47692200137382,0.15036681763865323,13.633596054356873,9.437555514724057
0.19929809959985034,0.8226985126921693,1605.042192832019,22.26379327151927,12.239953505994112,13.740485371133538,256.9309784222007,4.1051303482730415,23.051371613567813,22.541790006936708
0.2553062243745724,0.759860995934045,833.9173779802541,32.80890002552616,18.835440477084653,10.626973452795763,229.71823684489812,0.0,1.6611007111263016,13.697443705983162
0.3489002235755234,0.6335977145542704,108.92964243282992,39.82036759443867,15.879644260942612,8.960378616912855,188.5676649644873,0.0,8.32133828457577,10.348344390672926
0.457883310807535,0.8891422889521253,374.1627662649524,10.865471397892325,22.308701757911525,8.428858412295138,163.3875181282265,1.0744128312707675,10.797868158892587,10.93385235820126
0.08181068478270505,0.8590534961363,439.4722959562321,20.138923290010954,11.956343331867167,6.603600929577131,130.98143684281308,1.3271357223849656,3.2993161247981515,18.960664578915047
0.28296323722954464,0.7921866269089601,574.3270891551737,23.27173514552686,18.72629811024055,10.253231389259083,199.4028744579385,0.13988207439035505,10.079126314681304,9.289918491241643
0.06608099296453833,0.8892903316837624,216.25796720343862,14.190676945576673,15.82168064875664,4.2278527069694976,113.69519976579214,0.5051681287929579,3.18013647767045,9.666526968693033
0.4272893586616256,0.768781021038036,4479.380472439537,26.43620383758079,22.82953846860248,27.387356456470595,458.5670449074918,4.308466149258383,19.186672396923566,27.719472618669634
0.29610850694476964,0.6212989718349213,1734.3139904290533,47.25084825348747,12.006272229887273,16.92174812723243,308.86661276949354,3.0164300300097397,24.682474331611218,14.353306443885824
0.5599706880999705,0.7202265060996049,1586.081621568431,29.60123397676562,25.587021087259266,17.587091475771462,304.73731005077326,1.8427279923086943,10.025232049576074,13.736064604483197
0.3569682854180059,0.7951212927315869,810.3606848969114,41.2086168404377,19.362002923524038,10.911365988828956,196.11269038863287,2.6118989546291687,15.609726688141672,17.35562224410403
0.23156374472381314,0.878299762841268,2237.4785643412747,16.303634886398203,20.827421541385586,17.810315063209767,325.9246213388823,1.7255630410279976,5.527489557501654,16.039734336269547
0.38328713978413664,0.4358425194895545,481.76204816939486,56.62134279451372,19.05867476136188,9.085532144860357,185.92880265064113,0.4393266554820274,6.646912561748918,12.751002813202096
0.24181881668697724,0.773319012858386,904.6420795345772,23.522205931526464,13.187617730049077,11.067118905673441,223.50847219888792,1.411386214068098,15.203693260135655,18.066797490951323
0.47537543970156054,0.7750483854984695,1138.1430424987614,24.05516309321408,22.49793616636727,13.317977298416654,239.9830100534922,1.9985425510656574,11.798599715826457,14.760674699959212
0.04816168845076772,0.708032071945629,550.0998742418836,29.919154421669305,12.883451434839255,7.766609178836123,158.09418075654327,0.7023415738929443,12.074401496978286,9.945918883960765
0.22041865426056526,0.710468786921103,1720.3541750811462,31.591828213533336,15.25981445085203,14.173224886038879,251.29327378391616,1.5397323684800945,19.861319686892237,13.98870214788272
0.7022765786042438,0.6440383284292588,54.73633227295375,38.12160306427724,26.14077635738994,12.928096575524938,255.66130719924354,2.3627169797142367,19.905905149819773,13.724599759005834
0.3767408589433969,0.9009390634191468,440.0511342534684,11.684159127727277,19.239768898057793,9.819507082110258,205.61420574793578,0.0,4.828265679250567,15.738945437008475
0.23139857320803753,0.5509951696819714,450.361725133626,44.30646816446598,13.626360499126108,9.032081718684541,184.96227014357834,1.432824671900287,13.992473977971684,11.292434043607884
0.3913561133404232,0.9138593840853978,408.46683742293254,4.967776335862806,19.143021941933114,8.379943151976228,195.1242819670125,0.0,2.1786393202539815,11.693941091594407
0.2003684589538648,0.6593728447241307,862.3149920210803,37.89011278937324,15.520852663528984,11.444103911774999,212.2011734269566,3.511851876006793,16.110640292530668,16.787969147554502
0.1537036281033442,0.9323086685850294,1178.562585762044,18.860493804542692,15.326724461377959,9.89572008492305,200.01444898927937,0.0,7.59794587373397,10.64041582651704
0.0614571053462745,0.6339845479633143,1628.6014331522942,38.915952088742316,12.590279315865008,13.444504741985533,270.60578918654016,0.4526510238914831,5.483852027658351,10.897079007144603
0.1309694721630667,0.8113238292667927,644.0712372028141,24.15433333609453,11.52427175190253,8.884641414595496,164.2022530951274,0.6047222340443442,2.9413481741230116,4.519079310001373
0.4713936989923063,0.8067225207640392,899.4723391210754,21.104571914489647,24.14541645188092,11.111113754326563,218.5832243346157,0.6349936835396947,6.2303491247231975,14.64579579398847
0.11518786117509112,0.7032573692947051,425.7483176526112,21.70483525988334,13.42156564213634,7.742743827965252,160.70308784440425,0.701969945182489,9.881139745737624,17.22527779266191
0.13544956336187705,0.749896578199191,1485.1952530373037,28.346540072472383,16.011448007392737,13.782886212718994,246.25041877124465,2.503157851715783,26.564383862277424,18.398739243385787
0.28100779166026274,0.5404594304563411,1080.5266133285418,40.13456078390125,18.525305678901844,10.015377286322252,214.4317424100899,0.0,0.0,10.137122442869353
0.15076031602468914,0.8372587150201963,835.4608603759273,15.554923652118097,13.84838287252152,9.164554868398529,179.76451712179986,0.6437614060967214,9.86753765663067,9.592955717392941
0.29586450201401715,0.8582224743112623,1461.360654963815,17.095372420673367,18.573208505469502,15.162165580901657,278.05398157293394,2.5506924062404663,14.0818947449903,13.05166182206186
0.06538025142886916,0.7748356672047638,840.2256619172626,24.338291641183623,12.307289017300386,6.011366344577342,132.32851823839516,0.0,8.139406689953352,4.858765705672812
0.6385047052870859,0.8381153833385955,665.551680992624,17.734774513209793,24.15453524365972,14.08714381244515,256.04274197629803,1.3158111423596122,9.523733530690203,13.746570248944648
0.6301368971983743,0.42905243615678496,422.648923553484,60.94916080311651,26.404362167370177,14.977818201166096,279.19680073452696,1.7413294075728998,19.576735489887017,19.028510905971007
0.3188711848578386,0.717879835872917,866.2419152539929,28.056677812640864,17.485942085557273,12.316005455390881,232.99546110546117,0.8172091550256524,3.2993559255437326,12.766657365591168
0.10893338036848313,0.8847398124156396,631.0289213508559,14.944355418619082,10.04232353002681,6.859522106163329,155.79821665990556,0.0,5.183115291753883,11.151826846254265
0.4075604485241293,0.941201142702782,182.84131911479776,10.563772009719374,21.12700495462805,10.09586183364275,191.60294254879966,3.665543123606816,9.917088033669582,19.04200020736936
0.24581511982715254,0.8314272851314177,2117.5062805314487,18.831289803132616,15.029033504875141,14.699966400212876,270.9077518720767,0.42684412703116226,7.333064357896167,9.958786027743912
0.6771805329928726,0.7362311049787736,745.3463405154607,30.77185643716599,27.45108919247439,13.942096160012262,264.9592715891902,3.18343593043395,9.862000494844308,18.058434631763014
0.21286599026927444,0.7771897681795976,366.13523977540945,30.138831044040085,13.817879082313258,5.368804111518268,129.21571967740445,1.0714509707519302,16.18589774848761,15.473136482573256
0.4849278388869949,0.9349916765073163,931.5909570384406,10.445927981935831,19.537952827398517,10.086359602591989,198.39799504969042,1.0729711633150083,6.790087869733376,16.827191076849584
0.5964085638407788,0.5878433732231768,2041.2930919779399,41.86131397807176,24.820010285717764,19.201381591307207,333.12687109570584,2.472056752670566,10.305650594566044,19.242439419906702
0.3393708828230702,0.5618742398070552,1544.7476965394271,48.66612533098337,17.253636438634523,15.532988192813797,283.4456409089066,2.55998533961033,20.866540363220004,16.199937688592577
0.07864732355028342,0.5546499435871073,2134.2947534714103,43.95551652118289,11.320225085913815,14.986484266974951,285.98611613598223,1.432879183143343,8.180128144986272,16.972001330631638
0.2744298617613477,0.49083047343712133,413.8777893249443,42.6414143029572,16.216899863705574,7.286471766910427,169.49450537496966,0.33857266065577585,5.830510167854063,8.389858265052426
0.24904685603431784,0.5143097582458271,455.5903513559248,58.74845773651031,17.593261059149885,9.592234344609608,189.1166472891404,0.0,9.678510991663035,17.926926850221108
0.41733288621850734,0.6315468642201181,1780.721844412218,45.000786709849635,19.028770068669555,14.263337308089646,270.2672961422515,0.6218750338034528,0.0,7.863855950184076
0.2177256165689661,0.4056940944301384,915.4131686953915,59.73356425541188,13.177569014357797,8.663098911159299,191.4795678062682,0.0,8.266298068487412,8.371266113631629
0.3433912596238884,0.8746796130409901,725.1428111243348,16.2665994251365,16.96605223988756,7.268008458798363,157.01682277223838,0.320051058167776,13.994596975194836,12.431191620367727
0.121043096326135,0.832469278775928,425.33701008634415,14.022025668527728,11.459943304881794,6.106673410884666,128.49563873483842,0.8712917715415052,13.322342345621042,12.62860136123906
0.4811443622086035,0.6953312089444531,1545.594144998139,30.658349241534857,22.814589895350146,15.873809093410841,277.6794387723531,2.086915962010901,6.827132970184902,19.661645934621973
0.34382265582193544,0.7359564020760739,698.7929799931997,25.509222539558078,20.639927220443525,12.066355437994506,239.37576459161835,1.2806123139952224,5.472828074828162,16.195994477737887
0.3724915785259176,0.753448065480952,890.4124360702905,25.54237992419436,20.77675589488434,12.734955254799443,225.85611581971938,3.3825747264269888,19.730258262050786,15.331744736951524
0.5757545795238753,0.7134947414183683,499.55392795045475,35.19565681394262,20.905103985453856,11.170968345947795,230.81478585890747,0.9399758998300844,15.575896159852716,14.52771448609041
0.23656112669976256,0.6854648289235883,789.6069076422281,27.595443542130276,18.557645465977696,7.799733656567244,155.15017783556027,1.869798678567464,15.525866788370678,13.899183111345751
0.3818683930808611,0.4020241939562314,1003.3489550752521,57.206649364293085,20.785769932233617,11.989381245532726,217.65261757810663,2.0094155850576887,9.786220378344357,13.29817539333827
0.251721528917753,0.889832981206589,1304.0851730597908,12.154903342826861,17.882202922437546,12.69678638242066,239.69417671753985,1.7274205862327996,5.474019599896001,15.451581811563008
0.15710795258521157,0.5658220026496535,468.78394715701,43.84116465741495,13.46842485638,7.856013685380125,160.85784257732746,0.7566738679371833,7.609924234574131,8.53133992217666
0.54557971299635,0.8340532945623439,260.77391789533414,17.212137177181603,25.163373413217546,11.338590432631786,215.8168101576167,0.8180318166168001,0.0,16.25891308231752
0.1060471425216781,0.6611338650316416,245.8102753832239,33.915020338127455,13.927028168777003,7.421940093925594,160.95865295795298,0.0,11.877097952046832,11.502365219640806
0.1706980290621122,0.9646499196190064,584.6528952419121,3.3436166807724135,17.72327012975959,6.865177187063365,163.43764091602662,0.45748011189980914,3.3629942672254707,10.422199334243336
0.7441456626971237,0.5896204505319329,240.97214183926238,38.82050008730662,29.72606864121696,15.398572149275335,285.7776605970023,1.3183369324580323,11.941458546944414,12.65766684450697
0.48656576162595494,0.8716542583775968,299.55529458453003,13.883543204318595,21.768638088708215,11.602518587459574,235.59733891276207,1.8886602697347943,11.023929251304777,16.196080838943768
0.04777589657613219,0.9520581218530345,739.4360471296823,9.972584025904629,9.47006438022432,4.427858454989208,133.4929590764921,0.5591269499539445,6.641561082869154,7.281933041029491
0.46320399025555375,0.6322989767402537,404.3851973661563,36.80828633052127,18.55074100559284,11.089186495043322,201.15653366005532,2.3203977308335366,11.811800152290115,15.479208052890987
0.37805615098163337,0.6956548540612568,675.3247843154693,40.248810949199395,21.612810931965708,10.606923700677523,215.92662218786305,3.2424754957435993,20.84168340834285,21.070875438451232
0.10882207712468198,0.5759771658000481,560.0454276461635,47.57379785239055,11.905374122833097,6.288885381793657,153.41350161339798,1.4113349485040707,16.83993424398905,12.28912400727561
0.4514660968103107,0.7900467804353306,1702.0823090978297,24.62411710244503,16.76888749866795,12.209638901785711,244.76323398144376,1.0654829022763364,4.587970586000897,13.412462586567393
0.3921693565116374,0.6675557939340672,1257.6269438783902,41.13622435629475,16.526146803860613,11.76439153240035,213.48003854853735,1.2107319294819474,5.169722590939094,11.568226040254052
0.18903448352224492,0.9061154118316644,922.8316509055345,9.944516624641334,11.912161896953112,7.432035916310323,150.97838653268488,0.5786364353183195,1.6871601178608078,9.722913756579356
0.15439927627605973,0.8777999953415154,478.8651454923514,14.115078789268988,14.2790254476488,5.258939992374691,116.46337384593961,1.5714781848510255,10.935038009797017,13.662122915113667
0.16473032509475907,0.9339202094712706,550.7870611394239,11.102338334908788,14.86701079969654,7.953839142353167,167.07283479155058,0.9023131858173997,8.025793270643625,17.848033038334535
0.14192517570746013,0.5422225913678353,665.3685974437989,47.636745546283244,14.482534422409772,8.831761601756249,181.0383399521718,0.14931733357127785,0.0,7.785051808971211
0.100097127490457,0.6407105570501493,855.0911197305587,31.540050240329624,9.456469543634954,10.521506333882513,186.35677470820968,1.8543014661897665,7.975875442437658,18.026947382776086
0.1380421776897838,0.837291146916289,1552.876930552105,27.837639548739745,12.940274968731304,10.64760480164861,199.15844655744118,2.068433600412315,15.090589107044396,14.282883228099164
0.41056457235198535,0.6634298764637421,679.0230929228615,35.89598407848407,18.33007539169893,11.321755007638588,217.5097648104909,0.4477699267278602,8.84207248704271,10.150097445688385
0.11502035014388451,0.6091763875766242,872.4221869202552,46.862549938996594,14.078749771713241,10.363878511195352,205.2449308168933,2.3361898364494738,14.231423268345132,20.047467027861703
0.5759041218363153,0.4923881672203863,760.9366354521617,54.47826947440238,27.037626631362354,13.430580314495275,264.7812417413093,0.0,8.945124341322694,5.513624824059077
0.12749313009825025,0.944204867602064,276.06297162520747,5.4987446155728685,11.560856315141022,5.039173588418336,127.0004186345777,0.0,1.4888119331556817,6.247548975969095
0.31957577278878024,0.7290169063377581,112.24018822516722,25.578391510385,16.826756556356536,8.109319910346274,164.25761954649772,2.548513747360915,15.815882228732045,13.013697632635658
0.44253967876630346,0.2750454851390805,1911.1525870961148,63.8891540676484,22.067132862283646,16.901255249687804,290.192634243567,1.1169698179854604,12.247455932086666,8.69424056446531
0.29075902075882254,0.44300169831701847,1218.5817862294532,54.11059187087358,17.918683186413414,12.21599328244365,225.4270833341053,2.5444526484310446,2.7113666268491734,20.096684573445938
0.31822380340719425,0.8778082493127717,407.9602273848194,20.393537723066917,16.243347814845315,7.802238565035135,167.02796237668676,1.1536807672113125,3.2754403825846516,10.301554525027225
0.08202035145443975,0.905271004272744,489.21409859337126,20.62113222878155,11.278357748848421,5.469534446292427,123.20889414863754,0.0,7.354374679577441,9.873391638247861
0.2294557617497524,0.5372513859863249,1474.5718138579664,50.61524561425675,17.085321592531464,14.036714971118757,276.61330188495685,0.9208752599326742,13.883288594757943,10.13753529739147
0.3600731560245382,0.5636267253376549,1549.2751169076485,47.7866587563151,21.909319413950346,15.88654034790031,295.26607220681666,1.5496985628445987,11.667811872709368,11.805067868807015
0.35009622797552464,0.9264646236148423,1480.798085746897,9.645762389502789,18.37468352875871,12.725673510045402,244.44497297862569,2.771574067663976,16.6834731649473,14.86798211000931
0.4460473483427485,0.7809839389505372,1416.5218548803628,25.501497276729605,20.27797607347881,12.25162631834187,231.6468532015939,0.0,1.8074984087582306,6.566853044175893
0.47209266498262625,0.8432874083603763,1174.728249292683,17.7984816718671,23.85069550803933,14.269138454390738,272.0968576522385,0.37652672062758086,2.9670512276062704,15.7932078157148
0.13958152928291934,0.8224214340844449,470.1108717121538,25.22937109300607,14.948596752458885,7.329699666862872,154.0204688863519,0.35336580218099267,7.844477395770508,8.198216837500018
0.45391684179630265,0.6723225978453199,458.9344186800466,40.6743723277303,20.86987254961723,11.246998837564405,222.8614318614729,1.3425522037305349,14.461650656087144,13.293464186474003
0.3804739010792181,0.8618354836589233,707.8049288308619,12.002677546908027,20.35429237868272,9.597307716868825,195.3465171193843,0.03236707788740423,3.3218626206175195,8.813971700281995
0.20697688290818164,0.5887326892763322,1541.559500009993,42.28278434411913,17.110565862461808,13.013488059689518,265.2155557735092,0.0,1.3012973319882066,10.785478695552687
0.12031489404107347,0.82092435098199,106.99557101275194,18.094939358003742,12.48685802527481,7.531052587992347,157.18207666210515,1.3907940599819415,12.297183372162724,14.889286481576011
0.24196325604022834,0.6082139393013037,1234.9961475125526,41.30920007633744,13.939323432020775,12.330238261016447,218.1641099471681,1.0971474795315788,12.71391740713408,17.16058591803361
0.5206658508392819,0.5946384800357497,1121.0655409114197,49.50977607075887,22.363420978582482,16.28027287294327,295.39741287622155,2.3656075586911003,17.88564726599597,11.160628223679517
0.23842151561872876,0.8640208317702633,931.9509441947399,12.160057451892373,16.840096739236124,11.133779190558052,206.40596969588046,1.988866983665249,8.517094453792225,16.22323421558584
0.3669519602098051,0.8358079542831961,712.5721044325011,17.285239753464236,16.52632630684357,10.713443247946104,197.5991261690516,0.730138588209741,9.658061585179297,11.003067587153645
0.14006561545205762,0.7068162238849636,1703.4090019703706,22.710132008839892,14.18113613716876,11.326607117455595,227.90088197131033,1.4352126608234614,10.326994424911534,15.97676549979812
0.19457055056513767,0.8082491429056436,342.17078950157804,28.597724752762243,14.55309099774739,4.7723372386517,91.05505357069153,2.643936212375479,28.976590829046785,16.7714821956017
0.22717571150951454,0.8434971462639659,2269.170110032968,19.382961300130294,18.03483620403088,14.014219618143793,263.72909687944525,2.3075514966219197,15.777769897143934,14.945731608167534
0.1580940384466285,0.8443249961353564,174.91276110810816,14.583289359231564,9.572054376565507,7.0579373647334,138.2516214054217,1.9475384800477806,9.746585802860393,15.162738569659373
0.31069801668917246,0.38012047706096525,959.2213911215133,65.14339068831285,17.32282199367615,13.370902416730177,247.81789004716336,2.0907645571730358,10.56310573332146,19.097003735843636
0.49607075804896766,0.9183499892524093,1512.992072682497,4.732226490083047,22.372939446760824,16.107971200406826,291.53073341327195,3.248118705095931,10.416345489654438,18.422303134856865
0.4081391809993391,0.6213794323036302,1267.5892737455804,31.08185557186748,16.61180984592074,14.086578197931239,237.58996514217668,2.897708180594559,14.84257348894897,16.145098475675162
0.4673800507860207,0.8198166107022916,2830.251839757259,23.174377959372645,23.02021938122694,20.088367114812865,351.8067426146719,2.641005982565138,12.191207113839457,17.04551560105834
0.4627788964927249,0.8273712079987459,991.0031100549853,21.054207019149764,19.03497710917094,12.056022910606035,250.44043324329,1.1367771020239457,20.140856205268804,9.893088709755096
0.08591201661649053,0.3013478472298524,1077.085669882474,71.81573709991368,11.376498360889057,13.10262805944735,259.25925901887575,0.0,0.8059190055964445,5.340553996583591
0.29081201044108057,0.49389857731090375,1022.0620570267037,51.58413766803574,17.143964592629757,13.579346642300125,247.36211866833912,1.128880290747353,11.6192841345165,17.262338766975617
0.1448604673171583,0.7514709377768609,1061.480912482432,18.94161013152275,14.582353274553753,8.70519236901292,177.9682354720716,0.7145443190639749,5.933493255417992,10.088057705973462
0.4133350470568038,0.9231459778941765,946.4081325649878,4.685657072915874,19.478718865776546,12.670756985657276,224.8071581579617,2.339007751835539,18.233304294531777,19.250637173517557
0.5174724014156828,0.47563298900958106,862.5158531751675,48.00204296679416,23.169764559885163,13.864973528021727,261.1635828984023,0.2842394401459616,8.917705432271278,11.28034254461519
0.07545025024487488,0.7947634797908573,878.4744579761909,13.196620395648372,11.606406378294668,5.64524125046321,118.46598915262608,1.5649533171079395,5.0850783725088196,19.277148247599232
0.8189557586307386,0.42635207829504895,168.97243078658036,61.889159480000544,30.963781457909622,15.786625447382676,284.49356784542096,1.7585077954916306,13.648969936587187,11.711935170544315
0.13701100238211655,0.7615466853795827,255.7132200498544,25.717222092896424,12.347226344851045,9.009849606815532,186.5964609980786,0.36705936919693744,14.541491101047818,11.593638401284817
0.14901527755850907,0.8757339681261986,2909.743230422065,14.328224144413715,16.73659542032596,17.528061298895285,308.4250229791728,3.3588359591096504,2.959255697038829,20.04244631677695
0.11629025675880476,0.6950337547045508,1213.0470809132948,30.185432808741968,9.408436254342732,9.584592323682177,194.4845049146873,2.36435908624835,16.669286819687585,20.259113275058652
0.5335479805403857,0.45961160306342064,1793.837610997504,50.126416439766885,22.390390215354827,17.979746849792267,333.63731798376983,2.5694620204833645,16.718800092341752,17.533494269493076
0.6398117388857956,0.9265397308406449,1268.2006839985615,12.147592331802342,24.61603883858298,12.273370870947852,238.1015045078497,1.44009793547598,6.878665855696375,15.163061567209079
0.2005622374252122,0.6811511673583156,1327.9656022195315,33.93800898442525,13.233963788657022,11.00295019626336,209.49006258271743,1.1968980270710414,7.605595145942591,16.262514715783784
0.301139980999937,0.9298644224738757,837.410926708087,11.068850052802873,18.676146244626224,10.892596977976222,217.90805740197104,1.1059039485815385,4.9453500894484455,11.260934197346991
0.6093499174296092,0.8654969735563902,1159.4021056994713,9.268553966935926,25.810145095998273,16.538625670390218,297.38843758635556,1.6868305830193793,15.99813967904327,18.856948782972594
0.23071534057013393,0.901657486912208,186.7038935103215,14.136143812634518,16.230617595458583,4.850320974831893,120.2581541221115,1.4962136306141631,11.167951874741053,15.259822658521953
0.4775323068390945,0.5733160868101045,636.1849868524558,46.31031664784849,22.12868853540924,12.583254639762869,238.18110077430563,3.0307456076226953,24.04184939559812,16.62779351436588
0.2918149094745305,0.2967842202353778,813.9906984823716,77.29565956636642,17.27820315267768,13.273433014786994,239.6355589062321,2.3212842025022637,9.39918389642491,16.50046521661721
0.1741121051656199,0.776246058407763,2416.2729755887835,27.114415904741858,17.18558544461174,17.779910896010712,289.6284290850333,1.6212375883424803,7.249659816507176,15.216418050726201
0.23837112409190875,0.7534231038579418,1674.8829804636875,32.2575170947333,19.14524043538238,13.6527738927506,250.93949782427043,2.741499600162743,12.293598780448736,18.11201266712244
0.27118965130016043,0.5834552529842842,116.96991836784392,49.44570009963901,16.045602494198704,9.544350897764442,193.43071448474626,1.0777410838017822,2.41775764054481,11.663073618718808
0.053049975150219204,0.7900336397160233,557.4717787395484,24.11101362290473,12.381426958975785,7.4175284770783545,149.19606734582055,0.0,10.02100390057955,9.701313014508713
0.506900011433116,0.7983379428116948,468.04186773048593,18.84881385606348,25.681971168722434,12.557705732505177,229.11467572821215,2.072730524295419,13.156903997522432,16.683744153578026
0.45111204258734605,0.7893301003593888,152.0328876658967,22.568889534882942,21.097038887605766,10.28253383622172,188.57196884934737,0.0,3.7097166030320086,17.630267403116804
0.6784514494804794,0.754841376379146,817.5082077138696,27.755952176225154,29.13501075214605,15.249971385372273,268.23052124991415,1.4563731509426168,5.419478779072322,16.797967777721187
0.3482641635211845,0.36099877700150795,1075.1182134937774,55.92813229435521,20.256798733064176,13.968559642883354,241.31240002675497,2.4977984736450267,16.831187893189973,17.251553579119932
0.08205272172572847,0.8391554939407977,276.632808243169,17.370863490489754,13.90877136847844,5.4615104213166825,126.69066014422874,0.0,2.671741167854955,14.975020940067616
0.5346931464233659,0.6201217769135233,1571.4228052688868,42.55678218672471,25.55103894970812,17.245926078273506,316.65430613611534,1.6014218609293869,8.54334330941015,17.020955760933305
0.5627737751335836,0.7978557210174559,1433.2888157390457,17.233890974105872,22.77768811630124,17.783112753426217,319.75289162666564,3.422105134590063,23.163867865518576,16.865402345003613
0.2430802020011844,0.8499110990517071,1276.0852385404146,19.566977432302956,18.9373256573839,14.28928791919191,253.13100537655728,0.5543072852967643,6.140885124701966,13.874121285580397
0.26656954879263967,0.6271702251436148,599.4249279718238,38.65404673034804,20.885982324262077,12.187825802169876,222.7311532904899,2.646329481976176,11.637000384734465,17.522090099425807
0.2939332543710669,0.7168804415384931,367.176014476997,30.293814876778917,20.033036375400933,10.3608005002577,200.8932904567916,0.27414481539818036,7.8196224034697845,13.595369026227193
0.16340146457014917,0.6845185522862837,510.7933322622155,32.640951079856734,17.689344797601954,9.373299357160006,185.08957622065196,1.4095910277547803,11.468464685703431,11.482635313854303
0.029016928300985928,0.7638060252168265,575.1499882760194,23.669890776337336,9.055869770205133,6.52396803684776,136.62430839138605,0.0,6.710955232969289,14.584026724643849
0.2740495635159242,0.7094574321989735,565.8805475552213,31.06776778111195,13.95439951870249,8.785010086697651,181.9537933849791,0.16197054224631002,0.0,12.447342855758912
0.2408982360564265,0.900967642346841,2161.6807579408173,7.5125885147162155,13.846483298797962,16.106759461726664,305.7814662998774,0.8471985341231237,12.04445099283925,9.732614889989044
0.16862864567306998,0.7588757845915777,570.7861192184,27.504633582500436,15.445403939251708,8.960356422653238,178.3938276636855,2.915350870116483,23.276403187674966,16.109855019247327
0.23324446274379884,0.590962779772976,280.0618907912475,36.90638802716077,15.302506867671706,7.343527888595616,148.0580294669707,0.25463570729474405,3.2557644732500988,13.506069248343465
0.45096633381893214,0.6603480478108362,956.8909881812804,30.401989325541393,21.802416480520808,11.499244115765965,200.5970243922593,0.6123477059812508,7.06720262957889,9.173581527134047
0.5786082911451275,0.7031385700561675,962.2290637985095,32.772914082818204,22.293096292146757,15.475189539695798,275.26517582255605,1.578199981698794,16.054817913786795,16.321028781041022
0.31912791773448906,0.5198140143560394,97.9223783058131,49.82194314572222,18.625246213680114,5.9802416685384525,153.01976327608818,0.47881658119990794,11.000743807820488,10.565693350643857
0.20655994593862628,0.7894511166329063,1589.178755854409,27.901296626840477,15.892822352302966,13.619127824429816,269.1794844019203,0.0,4.175154646120626,9.314657279924436
0.41519991069853573,0.701988046044424,1504.373022951046,23.737914917398566,20.004276234073544,15.461857499558105,288.5093823355449,1.3415495190299822,16.38744220159414,15.388024157445024
0.3281757032141024,0.6110780920152461,629.0713321446331,50.04342105349206,15.173910941404916,10.183518551455604,183.56303598331448,1.747770146519291,7.442037895482368,18.3291467804598
0.4174083092264903,0.8637081995032143,1590.1715382090163,7.9599028695630665,18.488529382487318,12.098439204222645,219.7160941769641,0.42379553986575424,5.752102981595107,8.809145020357374
0.40725861296691385,0.6404846178381008,1637.9922058756033,31.979591656871253,23.931906446008135,13.340728817468474,242.9310418300258,0.8411328539253521,13.965964665326753,18.30380208083963
0.5601739298706532,0.6189352436276351,1735.2002628076812,41.85140487963525,23.704777893287392,20.50514259392439,363.40984280792355,3.611303348117421,22.51253843807913,16.81084425920379
0.5465710081910519,0.8104311845161852,111.10981534660343,11.902778712388272,24.506916911729487,8.242914854867166,181.12499882242543,0.4424650482977865,5.030159801720235,15.262895237000663
0.6903487386634723,0.6716828542492387,888.2689245082026,42.50092756744762,27.21234235277573,17.56101023344506,316.55167302623227,1.1217206615197175,0.0,12.535558173391648
0.3694768291435906,0.7275351161684129,274.76115947913337,31.447928601352274,15.207872937802307,8.203753941338489,178.28488826378108,1.9809505722060656,15.449289214697,12.831511020709025
0.2722177411442075,0.2119303786428941,1055.7560565296296,86.52370509553803,17.21416023843567,16.1675982086671,294.8610852915559,1.4681266753788293,14.71730691167501,16.556285492777324
0.28898095832596427,0.46435360719084245,1116.1601255089513,47.948776698712955,20.56912392020068,14.944177220190518,256.69113320948753,1.8042544749753502,11.215410069943644,7.41493536396045
0.16820541427966323,0.3686901625372269,380.51903538173525,68.0083117117444,13.051748557943275,8.095455796481689,155.8797842969081,1.338907950349778,5.10985893397989,14.05159554560926
0.49661755532103585,0.7597287351543529,23.84323087467655,31.04978183610962,23.510105380616082,9.44037258155087,194.99337872695494,2.6243201605186837,10.778578151191748,15.082671015275613
0.36104628744270917,0.6714303036706313,669.060166698845,29.698560936774463,19.29265530223335,12.263193926563984,238.05509134917716,2.2818517137783143,22.278343476565997,13.554227792320804
0.08578027899875292,0.6222298778099241,1230.44774129232,32.89273769118038,11.96262543770077,8.7351641693063,183.89452375121772,0.2375738649552513,13.606247458902988,16.925968517364446
0.08360736474303632,0.7477398414209517,295.31709755809925,27.97889065377311,17.940888556714448,7.959189779355438,172.1926311514634,3.2891130777035413,10.264857423614405,17.309497600925482
0.14129650879009584,0.5785119757028843,1097.7432554577756,47.69398360750169,10.547997082389267,9.728622377143214,204.00390476576635,0.7589989476712683,4.940609385424707,15.798876902609585
0.26192395826817555,0.7970443162079125,88.04175740112065,27.99371415102423,16.072959669253038,9.104454679157715,196.13291004448035,1.1432388922205414,3.347698459837531,7.350513780175656
0.3538736238307027,0.6802565679192033,747.9454814737389,36.59610878576718,15.78956541938897,12.431919598544892,224.38928590501482,0.094184623626828,2.575234280761398,13.301895028042134
0.3249099040885985,0.9011047172698159,1326.6537028120933,13.309530500214823,21.625979816853224,14.155940631428008,276.0578296969622,0.22046248638085242,8.584952685700774,9.88691491572164
0.2667460723006309,0.47372277557777837,1731.0142360832779,43.40313528929765,17.98170462570513,14.787319566359558,280.929053149839,2.2273896737766137,8.428107948232526,11.22669648498311
0.06852757369035285,0.7865089884649027,240.33972481965625,24.488380266663892,11.93394087567038,5.541381842259207,142.60925407245233,1.1848431516147324,14.103096088255587,12.424349213137603
0.11938663863304658,0.9117431633101581,1949.6329279494837,13.427021879241396,11.901322112851194,11.55246180747715,208.06851880329705,2.060015808247456,3.5561145490490187,16.74391958097665
0.20390587349651593,0.3527846944547173,1398.7831288017371,72.69269978092207,17.34078329573559,13.881625890191149,273.86437117718526,2.221753598173282,22.07692561082554,14.623098532458076
0.4154482024922344,0.6766389676024551,654.22831609759,28.62434182889351,21.591174229419508,12.338987178045487,243.19695278386473,0.0,0.0,14.594735279202634
0.3828279966219636,0.963355516122088,305.82918745229455,4.594561135415844,19.552913263416553,10.07440184238889,201.04307900324923,0.757775830272708,14.340759558103633,12.486342762400792
0.6182028403271903,0.6225841177665128,288.1281596341824,27.297112028820692,26.09655205692641,12.705271248802148,245.0447135428781,2.315370601094359,17.35376336082518,20.138432726495807
0.3856024173322731,0.7471656099678803,1610.9318790172288,36.32821517869088,18.204460345461236,12.54195863377334,230.97895981357266,2.3516015458813806,23.256862345593177,16.581627121601954
0.15023514644357433,0.8367422882178223,485.7929513340587,19.258716192140646,12.11306910320254,7.27198556591541,159.31035258406848,0.7066808727380872,6.3896342940634705,10.383252466640341
0.3414452887812014,0.8474497259834529,1470.9133294784717,25.990321422737786,19.102823666503404,13.911560877718223,269.49970960631265,0.0,4.7662554516175515,7.981868557124921
0.07612907314728044,0.5510677826301925,1003.2871066431859,45.37898788211001,11.30090333812808,10.310976042476375,215.42194462317042,2.02380717373331,16.8077757172406,20.654612551913687
0.3787066053290258,0.585935398682134,838.8820587028765,38.26696556874938,20.325295936659707,15.105981894709055,280.3147159793408,1.7048403206668432,4.497047265067436,13.744740704309587
0.1949560805748058,0.7000011649305143,2294.408746375832,27.726930983563058,13.265901527559837,16.134689601118254,293.2075000758663,3.3872005238238434,19.281638447180892,16.89078418942881
0.06276657007708175,0.4817563829849818,769.6025184086635,54.62831076500536,7.948439626429956,9.227346232992575,174.5652662546918,0.30622156211521545,2.6974556805988628,13.847675437221891
0.5588284595878568,0.691120135884079,1065.229437843268,28.75955306671182,23.812916898932315,13.964738911950873,268.23518150539945,1.2805684903885608,15.043283376767157,11.026299687357582
0.11772412754212357,0.7410555473981382,1147.7693074055064,25.00253737084776,12.56910252877457,9.032643637458,172.7525788747492,2.620056767988733,16.062330442484228,20.039151897741345
0.39939215586481597,0.6790818493658761,709.2000126175606,21.57197223330376,23.261972937969723,11.29117547923357,233.16333874585075,1.47784569252152,9.629262331757799,14.573461446329919
0.15548518652594034,0.7354865879819957,911.605974966074,35.07947777272082,15.812450901967729,11.95705065983299,233.85300384726946,1.2409834338358374,16.743273358422016,11.54784158174104
0.11152878317381444,0.626663209398461,90.91382289766793,33.72394819366723,11.661131674990248,6.160389843108272,127.029013943085,1.6292369351081808,21.328556625252816,11.683317070428878
0.6194562214626037,0.8489995964577285,536.1760525027254,18.27769972137749,25.59033916765455,10.0720930791947,210.9839406774419,0.0,16.794985563049458,8.595987480678517
0.26986175299458964,0.9072718807171427,650.5322384876797,12.044227895301885,15.324136016134608,7.01368908964474,162.6601933250646,0.662499463572962,5.256842945569398,15.660625086763595
0.6052819641999793,0.8673388103888495,379.16493932434827,17.295648153103674,23.321170412199194,12.978933015980157,247.16295411662816,2.5807657998261604,16.801983621591916,16.921432086252533
0.15420394538600285,0.49232221468757964,824.1598402409203,47.816540215267615,17.345009125137302,12.398388804457536,230.95497562898169,1.5478029867956744,13.62760596449036,12.413383574937187
0.14166511095342083,0.903515424678655,2444.191227609268,8.636482430205486,14.736365520856054,15.396832811500467,277.25414679391577,2.0201566137621647,11.998280956234947,18.045921000268294
0.5282616931554783,0.9182823681899872,971.9290745088066,20.478600431389353,24.512306832074263,13.19748231050653,265.82916431926355,0.0,4.287311750901581,5.793771179956756
0.31461354967244615,0.7840932081946316,1369.1912981754072,20.642740564908927,14.503354504557882,10.268061435120064,204.4104279518674,1.808050941031503,16.46421856344876,11.32421514431372
0.2117752234656356,0.9317674322876801,2090.0725467603315,11.149663516472899,14.74230835290971,14.375684344757062,279.1891073345545,1.2986270939275213,7.590536391133602,13.269865481838531
0.505566257061339,0.7394966570030724,331.06345400024185,32.39807277605013,22.526895042176545,13.142353530950908,231.00390784090104,1.7385862692673824,4.6159208536405005,16.27978102543832
0.21810477616439058,0.1946132752415799,721.6866581109687,71.83406794178143,15.449472865049135,10.694198062592662,233.41946637146964,1.9533114432348593,19.395456491437578,15.742585500232575
0.06416339384741217,0.7346143738219896,1303.39192496337,35.633954498106604,11.330266627552126,10.425960273402332,216.4461611770848,0.4811288605807546,4.785690256525935,8.01279641667425
0.18324019895718965,0.6893354702781306,457.95491070093425,36.5632937147809,15.541579413429018,7.953111671887369,175.1213932233492,0.06391088777274351,21.123391012747472,9.349355816009272
0.19527249082395537,0.7607260696075328,49.43823853987177,20.406785869893746,15.282145791763748,5.964743887045642,139.2342574395808,2.0551607108824035,12.368490593614219,14.727058691966866
0.14912799999328277,0.46992817048259733,1492.9681920255682,54.444156512635836,11.627148751011694,12.386432288899856,236.01495688711512,2.085387488409861,7.056811253236901,16.772170820946705
0.02107116688079043,0.7360842823181165,606.3257524608094,33.53176920424456,14.814670001455392,3.9220243011675935,104.4998797499132,1.149105399348496,9.10896830935227,13.867181882427793
0.47298702536517895,0.9139750326209096,1224.369561800897,16.257234516823107,20.3663286631069,14.698011041551482,258.3333446133022,2.241256424970077,9.429604970392187,18.768810146505892
0.6645256642974027,0.678229614494864,2856.1904734596837,33.353050650044516,29.347321554296595,25.77418569040996,430.197871670843,2.784030324218198,12.700107809804416,19.543330034168733
0.14129652938632314,0.7190275854041527,2468.218621852881,33.90701249640763,13.622914540229772,14.612107430459675,262.2886779976054,2.088013015554262,15.367571571770812,9.73462038880157
0.3368552035815511,0.788586302544067,811.1062821898544,20.42468510141535,19.98572918841404,12.807504216855616,234.57870407575882,0.7905822005653299,15.286383381349813,15.888545788664644
0.20030338598187672,0.9498175648114462,1292.1595080756674,5.1111629530990275,16.465139902236658,12.954421035923257,256.13016367650795,0.2231671870793318,10.35392671375427,10.33830191118208
0.23977254902163192,0.6926891744634367,354.25302653532935,25.452201734926,17.686804807332,7.702679901934025,161.93676408483446,0.2677742868397328,14.812970905433023,8.94419058076494
0.2305769920472979,0.9534425235142561,405.68116493723204,5.6331570878642765,18.489631461600794,7.074383986939149,147.4005021449894,0.5565298465223851,6.999169481368654,15.266271654466804
0.5823619807278937,0.9466587662207723,771.8468159913566,5.118477689984284,24.511306051932536,12.595832750988615,258.3029839998132,0.5399990557365424,6.071088624895808,12.00300069608556
0.38757812348532833,0.7999874930209442,276.02373921581636,14.295679231121614,18.2417141662904,8.177120627365309,184.73173526235988,0.46456475866056857,0.44795194428486873,13.39482303695917
0.16651409585904053,0.8376554593481454,2709.1144574353616,26.154797884628103,15.04872148891375,18.340797631671762,322.7549325218009,3.278673309630857,13.566879428045079,13.549871005677128
0.5087388891758046,0.7378944728270245,246.10341139681734,28.998938406121944,22.53385749417451,11.592825222489095,236.86202711580728,0.0,0.0,0.2629855065086435
0.11741754302409706,0.4053201837853989,350.4009445802414,51.599586120739986,15.38783717779242,6.8279124545460625,155.48633666351583,0.0,5.584616977833824,14.732353819644036
0.21774969088279186,0.7368381078480064,237.44025722345089,37.67226199290818,13.814622525353066,4.809308033699703,125.00359155175,0.0,10.322647429249258,11.748578692475345
0.4294183267742535,0.7253121111320543,840.6583434324446,26.56412394772157,15.966317862562333,12.437254774582396,237.4378839874526,3.4258567150481802,22.73450203827647,22.114157912625483
0.3168555266180042,0.6781898594692034,1360.749121742644,39.59687890175931,19.285591791108835,15.798032815156304,286.43898324434804,4.219250864384348,26.654411649159872,22.18561772892878
0.22605425539419186,0.6602576265854866,473.3393156035563,39.19949676337651,14.728165624858585,6.555075174399085,150.8926034833054,0.0,0.0,13.43857158701
0.2389265468409101,0.987477392499033,372.4841387043649,8.474392842750122,12.381898297101834,8.910835875267804,189.90404150700013,0.0,5.489542790649395,10.314488931900598
0.565682872879415,0.7793464899414464,891.1538366296821,20.130504597074236,24.80437916443553,14.567763077537895,272.4066623808974,1.1355675122808095,22.789922322285513,13.260339172357396
0.2795140133735613,0.7302791133935682,839.4888418475124,36.812135608532444,14.13631463676623,9.776049307417786,186.89025716204537,0.0031576956816170565,0.0,11.877689073455786
0.46241508629773515,0.7270004902777395,1040.993089162476,30.481956666301024,21.518638776015738,12.764050911814318,227.75542269943114,2.410822755860779,18.47774720616321,10.760951542288456
0.2367160635308133,0.3482632020245993,789.0718028269142,60.054799591983084,15.597001969959619,10.158603693875623,187.38497978862324,0.6888149861901998,18.61097349837301,11.581690488465206
0.46291777289600206,0.9181797641361501,918.7800853736624,0.0,19.664542843493745,9.75046871530469,199.33304776018164,1.529209047848945,16.032978107328148,13.759911020812378
0.2184954206786982,0.6098291748786643,308.7255411123519,39.01453548842847,13.69037671736977,5.908906324343437,131.30898497608328,0.0,7.183101982905791,12.785168223986783
0.07595770895482852,0.7160967570357661,838.5348548314172,33.83054359716445,11.72620791206307,6.391962167952484,147.96187546618532,1.2900589559662587,4.274821702942519,14.086786377861449
0.23725160853827829,0.8418736676966639,863.9736431264926,18.261450975854384,18.654914124985513,10.478716311161818,226.08340987188322,0.11530444699846748,8.219363690890633,14.35623361422415
0.47586434278161716,0.5302810848302538,929.0119233337454,52.65438615688473,21.703617732060422,12.099130170261848,224.32391079234873,1.6692544020997495,10.861729713253146,14.220730551027057
0.11614538518943998,0.8016013896398625,867.104315592893,23.295621853048704,14.633307321466416,8.502209272859092,189.46505838303568,0.6219075466707155,4.343333103917301,9.941574500455271
0.31515185853029026,0.5399362308441046,2768.240755124952,39.088206035488305,17.378282553100334,17.88320231334462,316.6066479897223,1.6998841930155701,11.87380756482122,15.088140372994838
0.15473546654647902,0.9302978640909457,455.28939506569634,0.10475335545647546,15.144396203792189,5.343332941321474,133.0411942876289,0.40785484282901346,12.337270021250166,10.198902441809091
0.11066966061552792,0.8572037141294168,2269.084241917938,14.337037603066129,16.048749029194603,13.263610857402114,245.79419353289643,2.5995379519099453,14.70371505480724,18.189136786015844
0.5360717468320256,0.3417277604981478,446.73484671570554,60.600757408890814,21.8811845328146,12.866647940343585,249.14245322173664,3.126647560391459,15.465764745508867,16.24524947836419
0.13285889632285555,0.9676215984562225,2531.8529591136403,14.488788373982162,16.35590357214451,16.24279068755192,301.4306772600915,3.223293651375953,10.209288079359164,17.79179832196374
0.24692106181105722,0.8429921523302061,841.0452474496609,21.841740450661653,18.454640655503113,8.196279173201102,169.2779387567326,2.373106763468292,11.127825993255716,16.479927826607256
0.3467443874576754,0.8430472474161526,149.75081535245627,15.387215102929456,20.161943839693098,7.601438326530776,155.96702737539033,0.9935218289848137,11.187271012751513,12.7121570788249
0.3662890128094601,0.4925227704190219,295.7492327187007,46.44417927898949,18.58791492337755,12.645184903725896,244.49927800529773,1.0238322859039828,13.988776102272887,9.311114854512748
0.20542254490764195,0.7952818417632369,779.6892330022913,20.882742183934205,15.18694523675014,8.11580292760098,178.54752509679025,0.0,6.0969730717548725,8.730717419271047
0.5912942571964763,0.8705275021915084,119.73084146419129,15.992760128546525,26.033921496583233,11.097329570298728,224.18549742182557,1.6949668393777553,5.901817141596127,14.168595230667794
0.30267328000870614,0.4794039310384837,256.39026801964997,44.43700114444433,18.510160701535185,10.292423288478373,229.45171986874257,1.162013451556911,11.600042456897594,10.000377942490562
0.23139342210538455,0.7786155453539447,679.1814173198148,22.98123353098317,19.367903761696518,8.810005533726153,193.76105888431914,0.06716221405693995,11.287607068902942,13.14353711268392
0.1940886771127939,0.7512682715544452,560.8264180569487,28.406985336283107,14.455781304256428,7.034208551397181,160.57165998761118,0.492404509472946,0.6816401781175951,8.12543111080233
0.8219887139769012,0.858140497209303,267.9963372265853,28.222099985224894,30.69081592728557,12.601655556021074,239.2101979709596,1.527191236499765,15.351544222280124,14.759904278260219
0.2422703057491639,0.3815220361338621,876.4837858315205,59.20760694613005,14.923967803429285,9.834842290768368,193.1301150653813,0.0,0.5882457437458939,6.433395607216069
0.3487762189788892,0.9717291026229994,263.641370354446,14.652592021791438,14.39562499585788,9.461499093431074,190.81976812697687,1.9526206085224882,12.72275885328015,12.329100009525074
0.033425855510366,0.7598416113057462,543.6802155646483,32.66030948216898,11.020747441515303,7.218489278852067,160.19935182812637,1.7093392913180616,8.069701682715928,13.910976512758683
0.01798641792716572,0.9111678937302892,356.1968118845701,10.414301616179683,10.320183396569165,4.906124137584349,122.36609467987648,0.0,3.2773002814169154,13.060459804060606
0.10618579604559707,0.8101245154683969,740.4166876400985,17.18367714700991,15.275503826298689,6.46131448702771,137.7153628086203,0.16809842219717186,2.528122191907467,10.51251212000929
0.34276695641921173,0.28847867987464826,530.9132427633377,55.329345211263146,17.927979126312465,13.227376547944925,245.7303312744075,2.2059096956309334,10.603734850953325,13.350888186402006
0.04698928138011517,0.6258463419411014,549.4772006470546,27.05053884133364,12.02504140193614,7.727013757913469,145.30068951288104,1.4117402533790437,3.953737433195837,15.526254041244817
0.2016561700470733,0.7957632188772634,530.8862372342671,24.807870675281904,15.78495080671661,9.930024781202341,195.6081398699905,0.0,8.009578818744494,4.619964576980674
0.5728411164383571,0.5713730656036731,1443.0339578944152,34.43962917510132,20.962680728033565,17.159058850989688,298.3303655992976,2.323769475511139,13.603988124155787,13.173432523271462
0.42271476050618223,0.8682331074050357,631.4885271734051,29.98005420177924,22.739805946437677,11.71597668320752,229.08927082783495,1.1268306242684356,3.2353007353299734,15.68783505692433
0.0756413849941255,0.5275442700267057,469.6666713025975,48.024245017974366,12.018568452817625,8.510848661070332,166.03671974929767,0.5357489187470604,8.79899128538571,10.964010720949915
0.4157868015440279,0.8649224172552309,302.14474013836195,22.26733497724509,21.679879471559836,12.82617421638475,250.06343842066332,0.0,3.0036935949201107,11.900934141928218
0.18259211903794692,0.7554389372565679,2095.822308046767,27.841115320686324,17.605255776167287,15.319505687652308,301.8505780971611,0.11657358157195263,2.767995644604509,11.112273493078074
0.33373802932129515,0.6856360629517453,720.9828147215438,27.179118948875484,21.950609336460406,12.919799677151216,221.5064000734258,1.3415963290922894,17.685047483749717,13.164618389458429
0.2691053871366342,0.7691112181505476,1758.2973849235984,26.094897026180867,17.107033275435267,16.641512049037473,299.5561589119706,2.66463703155436,16.47253229827216,12.661789515201805
0.5583343029305193,0.5600308435326837,1811.5221716148492,46.04361414013848,24.565615365469448,16.590187698290347,304.7604688576031,1.947319065238323,16.22605864325468,10.404444450143158
0.06675807046512724,0.8254865928014616,1367.3907570433373,23.233314619283146,12.92637950171303,10.456142474993367,205.97793885736513,1.3576703533648384,11.50652177308192,13.314130352067476
0.27949901718472103,0.6726159522170251,1224.5635475531599,37.6713718410327,16.709175941950324,10.13481318277418,196.65635403090937,1.3029338566604356,10.774631224922564,16.484019650988586
0.026711578143827706,0.9077253185690188,565.3932338977495,16.578543946776175,10.253748155042818,8.638874050726733,180.19226410536007,2.0003707773451005,16.688635589089017,18.522033131721738
0.22633449803648484,0.3715705833501922,496.8547021586195,73.52868981670085,17.041481454270507,12.04434443237376,248.41948018903435,1.262426859699433,10.010523618216054,15.37929652549732
0.5242195849190942,0.7091289795705857,1520.8327785061556,32.848690947804954,27.036100109732573,15.132728661171834,262.27144527140877,2.639619798728355,15.6759532988655,17.74501352391587
0.09468757774498976,0.6568984954650887,257.65322521224056,34.90740551678441,13.474838709121666,4.620522464100093,117.1860168166499,0.0,4.772858395444735,11.401692736697015
0.4370055710087624,0.500217119822878,834.0487411994345,45.78838489240097,16.789228712122338,13.227416309619098,259.28217226327337,2.7831403099743364,23.521627861224975,16.557292683721535
0.48465109852263466,0.8317875867928938,354.35382996709365,13.477230515558574,20.40424458122795,12.207905481610396,249.01754829471983,0.651401246966373,11.03786481585824,8.212194816687148
0.014945669459807333,0.43459945136887673,2235.308098319348,47.964571060665506,3.944723151144929,14.545733889100376,281.6013350384038,1.7241595297311494,10.862019860605436,15.885260150441324
0.33746260978746667,0.6385161375543071,653.426186617924,26.205436805567153,17.19514878213933,11.377356808315165,235.63065762484155,0.5876247086479577,20.869683860469202,10.984392173336154
0.04885767024459098,0.695732471770637,2197.967884294044,27.68104420106497,13.173442162350838,14.380115858270466,271.34998829941804,1.4423740926234088,11.770874763282523,11.948638080681524
0.20575306608042135,0.7499476945624876,1400.2653099859133,36.31448070516643,18.938739041503112,14.479818826221035,277.10739631139074,0.24936722622621454,7.346878872952779,10.357896737027334
0.40139561158827824,0.8186430535589164,882.880419502346,27.661852508700726,22.183424460274807,10.675139173425352,191.17187989219656,1.6723745778076764,14.166568488757408,16.98692315758189
0.4311832359893013,0.8220992296916965,1442.88390929426,16.295407351479426,21.84798477234952,13.589189767051792,254.20587424946825,1.3420754388903398,6.699347031202317,18.870631188685458
0.045763099699128916,0.522608051978921,221.0864235534233,48.64858319580267,12.742646770938206,6.036893411295409,125.26914392220918,1.727231305245693,16.41513109140537,17.60637171646273
0.3053036424956741,0.9792185862717832,733.9929699610592,14.14831873161575,17.086283213878048,11.009416979157109,223.59509198349934,0.0,0.0,8.27130533458932
0.5135586442837131,0.6934072424027472,966.2195315137144,35.914567676237006,17.569524684483678,14.569282300526547,286.2148222394086,0.0,7.601879959195514,7.747754560296325
0.26072033429028707,0.6398728190251829,744.9974321224944,42.36242727063295,20.45359485248408,10.369160311886239,206.57280734086117,0.6523119210137801,0.0,12.537311820134027
0.09772034634977027,0.39758074250452957,1698.8740623446984,56.918190209763935,12.202850154874383,14.494934969706321,255.06134752750225,2.971407681913153,14.47815082284582,17.98999912337755
0.26938622146564956,0.9742377716573913,904.0498071176867,15.02590980181072,14.746902294573832,9.279536818735323,204.39987627049214,0.0,2.1225828921237433,4.810553625665115
0.23988535624544555,0.8439439231604288,251.1882459053643,23.64846399451404,18.049089809007725,6.960359710136142,149.67161994628137,0.8568852215849424,7.6893134869800415,18.983888678850597
0.4791536415120809,0.865710598546312,1862.163875346585,11.197107750070785,23.001173587748198,19.555650902943448,338.9714027869156,3.687985846849978,21.481165624303074,21.782339025657272
0.3827600355554953,0.6482948296997777,1167.5158388276518,40.69932968539088,20.593609435642087,12.137476103555969,248.92634815856576,0.0,9.86664800489816,11.326907941520952
0.5558669395278214,0.7357531189000519,378.78056984797075,27.648593219039082,21.94523711914653,8.7884743745332,173.97621731377862,0.0,0.0,5.857097999895097
0.11717104188191828,0.6425473606650052,832.1123186014469,38.11963648739735,10.380294667923671,10.101218082559214,210.77915950996768,0.0,8.360695685149835,9.119709518285873
0.1217672447368058,0.851683300401086,1207.7456543043927,7.921511562331725,14.020556368841456,11.7036567609091,234.46636419017895,0.2426553863073888,5.463252770434927,10.431572944342864
0.19168020600769578,0.748327915220415,3471.4449635774304,32.961875943886,14.462000595072638,20.1402783994195,365.87407147646326,2.1225337646596043,9.253087134764375,13.188116524860252
0.3097109272528346,0.728747783456689,1009.8823531497368,27.281976567767895,19.04101814946827,11.34363900729843,202.27882422838684,1.0083455745211696,17.112811064778853,14.99938983263115
0.08962593202235537,0.5630984266720008,1656.2498566753113,43.617070083976465,10.483938167651116,14.924960954180747,287.727678350495,3.165963247207725,22.944800508333195,15.245846685002096
0.3297496574165964,0.7258042227570133,1430.7962231646761,19.435585223553744,18.003227055149413,12.188997560422182,228.97044664804784,2.92734252246114,22.52769900096913,13.743633314786749
0.20810082628910537,0.6227833738201715,943.9231660311856,36.21807278337315,12.824920355131434,9.933656879263939,206.80753875928667,0.0,1.7643582894202057,11.122248163064517
0.061378426106136696,0.6405570456514461,883.177433913248,40.84045129898915,10.829119854210926,6.901992919795105,159.3921096890529,0.0,4.493593244279997,13.517629188487916
0.05123569586093418,0.8875966177135116,1242.9048234742804,9.7162820022862,9.796864091985496,6.732713181595216,158.2344457067981,2.704271008840266,22.280613754969544,20.842276850618408
0.11976446458576079,0.9217270216317588,318.03399451730576,10.599081123416099,12.498244787493833,8.77476917000104,191.0903646813788,0.0,0.5587423480771028,12.585645702883642
0.38468771025301696,0.34049159023275266,1634.5597409812467,67.13798267225172,19.0016571188318,19.135408220394247,349.46700851440823,1.9188592284656587,12.150133596595426,14.259240813484412
0.23470005661662974,0.8118332575837145,250.33156727972144,20.128166594361733,14.013535850336606,8.520356207182479,197.61088611281863,0.6769393512877316,1.778088195092109,6.157567084167622
0.05244639712267696,0.7744029103885331,377.9951654326759,14.960740287531952,10.189266820163043,5.986692700241626,139.2978339200352,0.4377365219923669,5.338508385653235,7.475073193615455
0.5984254132375154,0.6632328951251005,699.7175152558283,36.10431449906346,26.728849221119457,10.790467396172824,217.34863020860718,1.7555861924044907,14.454482096700117,13.171155851118732
0.21775610219584784,0.9607762196183398,290.97187103605245,15.608187016656547,15.620195492529374,8.078646416425523,162.11890363510835,0.6277858576961575,4.528572131610476,9.569705261100896
0.3890460120876144,0.5983006841830962,154.89993656430127,42.83099077346879,18.014609793240833,9.098839710089203,181.60597756018166,0.744390604233563,9.337721500659407,10.949103765735124
0.4318919251440644,0.8678800007254034,1057.6582189988155,13.42363654423465,20.533936220901687,13.967631045534235,258.73201645624704,2.4597730487660954,16.194835109576026,20.66845886912812
0.5380694956826557,0.640167385793742,1014.6225402629332,36.16279362881145,22.848123620644092,14.165951609970094,250.52743536168143,1.5940337705540848,7.612632749432189,10.237757267262706
0.43699262703739594,0.3028294272038937,558.1983056241434,64.88905466581974,19.353416660563695,14.38815303393197,282.5756191380336,0.31060499555456633,2.3354438634187895,8.126748683530298
0.1307440642089208,0.7816915957455208,1207.6642698050598,23.959760619284314,13.265537368477236,10.38772517279136,205.22438019436026,2.369768434732747,10.751089594686007,21.067492459279563
0.5282962329332527,0.9291987010813335,1273.038592022643,11.261940787425145,23.696245805235097,13.548879589909738,245.7209747826206,2.2575466337681376,16.08131019560917,13.821885379602941
0.32328206969507844,0.4897404978068092,1698.0449717108806,46.28960387070455,20.537771437780123,17.389836420319508,298.49945007816547,2.675712962824885,13.014760375961188,21.075968683906083
0.043300191142358356,0.6752263428166851,518.8459720538851,37.72949136589457,13.126890480236144,7.445949215472244,156.49773855337017,0.7559711687847996,9.481644783028797,14.976309396279408
0.4188428471800596,0.9698508249211203,587.2772540780385,12.286331201101468,18.069257126164302,8.464458819182896,174.80184146421496,1.8195992817744706,4.971214266524348,14.568854354257372
0.33029553545435364,0.8087556819465985,1739.892473520935,23.176570027652875,14.930034490828639,14.171602509585746,260.90472039011456,0.7985180042749292,0.7578528407815535,11.264819868651625
0.1889304278648044,0.8524467117265688,363.972492498258,25.381380472426002,12.375658736165489,7.57038802227609,172.99097713849469,0.7740866008078404,0.0,11.12687470431657
0.19028683242821914,0.6756103263832582,622.8817050001045,30.41604390471171,13.79626035300253,7.189555160076255,124.37090317115886,0.0,8.136534208581335,13.367131386923738
0.37291360632589615,0.9722709161629038,296.1810151354965,1.6382096525358705,16.35741057812662,5.308847067532383,121.86739856550155,0.0009381132162503691,7.2259677375988165,12.409806952433726
0.12593905857556306,0.9794919097319964,461.08447784790684,9.580689080345522,10.421252664653105,3.5738246534100018,108.84061783922903,0.0,5.051126127119885,8.841609759308643
0.7387897588279434,0.6900261381397446,1283.5306551514589,28.322770464797173,28.848008066516734,18.849315174689032,319.32195462056507,2.374601970929976,14.19169563576269,19.91631318750613
0.13354193914777243,0.5965139679228039,1760.5686800840103,52.76222359476969,10.386215885672497,16.614695692561565,282.57290969543567,1.987089728484111,17.512824954198063,18.300227331672744
0.29265477024786674,0.8340769529609072,437.30542877225815,17.41667027397101,18.253034589925303,8.11528112656836,174.47288575757335,0.0,4.5363147657292995,11.783437177825242
0.23606234385812994,0.34904339099120596,224.0108263956819,68.96556565855758,17.155638352221317,12.00108848489227,219.77271575955885,2.3423686311471035,10.021675064416723,18.158932840207736
0.21837583380595887,0.564211044245154,986.3728695181983,45.843794893112445,13.946638665957055,10.62144706225748,207.93616702930748,1.5691037013356386,2.0432068634245617,11.765670105878526
0.20582888172363753,0.6288804507914425,1252.4912707767853,39.172759086358425,16.681264825359044,11.96331874379814,249.62886766586078,0.0,7.176378461468007,7.577118499148826
0.14502386686874463,0.6913693338271718,1401.1744340210262,28.02966251133082,14.20413340682082,9.786539008687855,192.9355691392414,0.0,5.246484820747994,9.954974765226027
0.4017188427328528,0.5770767831229013,1749.3794501480913,45.9183411914224,17.30514598353763,16.062190944249444,290.54496054554613,1.9611094263857827,8.762460799141632,16.179298624612777
0.6256348970869293,0.8535035427788786,797.0847461342333,20.373796787355367,24.250407404620912,15.025149043612455,281.4025051254636,0.0,5.1782241100009445,7.124221230472344
0.32912456699192194,0.873004377120963,1155.992837267862,17.575678215506244,18.510159453137824,13.765839535633457,275.24056296797056,1.3687764402537268,7.096468131697126,11.15009370220369
0.3601525814732559,0.8209571076967469,597.1283390858056,28.113351072466198,19.173556664622616,11.917938426832226,233.68806707495222,0.6400787868155711,1.7305085358652672,8.491712588042798
0.182936184307691,0.6827669093435746,1681.3156515351673,31.259804078074893,15.03917277583379,14.672008762377187,246.85689949171734,1.9434513411126981,18.565482726351075,15.410522412569991
0.16368770888957462,0.6939553018208282,409.3814103385381,28.24843143218223,14.654355559808284,7.797326854652287,165.70949424235639,0.02855830451868413,4.5427168664985755,12.300996096182043
0.33906022006683156,0.9286209591301606,1260.3905599640232,17.010033268927724,20.382952196463762,13.204023075833557,246.17726833025498,0.0,8.698388644478614,7.820238238337245
0.2738549069509754,0.9226508579033135,1262.609744186236,15.158108042379617,21.753621398772324,13.971460080386343,271.10173274914973,0.5892767987511086,11.003276015251783,9.61734358484655
0.4223526026370924,0.4030680477085645,918.5550019838131,62.615574081353294,24.370853149871056,16.063376777700977,299.564040846988,0.28327608221271383,4.4674836814911165,9.266430842121755
0.1846411993596306,0.6536529595054068,270.8541119793632,39.59880716082653,12.534673840791017,6.453939987867769,152.78537730126257,0.0,1.5994380230455767,15.604034679161007
0.3488683022007021,0.7657213870975677,263.20624057842963,32.45068234807523,16.8132703519657,6.823208020410602,141.42709165716695,0.0,4.682018010279892,8.278605742298678
0.3260303525172247,0.7538257961189928,439.82290489113893,28.006090151939624,19.824364104576205,10.97191216081789,225.3027939823934,1.8113899937617606,13.224877969986073,8.402405201663015
0.45947367331864747,0.6894397760827357,1993.9557422925259,29.55634225634632,20.907765441801892,19.204210995117922,331.10011704293936,2.1836312971445713,13.708156225805208,15.949872500819087
0.10157628060704446,0.5608749395645602,1049.0913344874314,39.32438318994243,13.748783269214933,12.385159900153672,244.12075675804752,0.34523008804844035,1.5794729277818123,9.793692786347158
0.0961941193164723,0.8279295565552907,1441.4371329273733,16.146789907880038,13.309131812757101,8.605955207314905,177.66125818101744,0.0,12.13864695538871,11.986151511947638
0.24133827286043344,0.779376816152208,367.8191862877505,30.66473086890911,15.559847378450037,9.150668001885062,178.89135783998526,0.060008975340097415,7.4791943660926465,10.65512933553336
0.27325425967093186,0.5230153742847007,1555.5934752846154,52.352087343958694,15.24388474972198,13.574201983050397,255.95235319335353,1.61310569473235,5.8381239054024405,17.484044958465564
0.5681891432666555,0.4674844569024016,1364.8529233330923,54.97389844372783,23.50975034038763,16.619077344164847,281.6720215359341,4.514252312985154,31.361954698961004,23.88537015243073
0.07674238674675342,0.48273074607385186,1476.7930248504515,46.76107376176306,10.88902140404777,9.857133839466016,200.1880252244741,2.4083704834987616,10.613313050027326,18.621247867479216
0.24406716335623244,0.6920949525355303,316.2078267221163,42.78928059147039,20.050802897402328,9.760543461618774,221.5589200560359,0.7528321997866615,13.745366576876101,8.50233060734257
0.26664959173004765,0.6412160214236751,118.41487626840087,37.867198454782915,18.828124361620038,8.631310872484686,174.83067655868183,3.2008096533012247,28.03789325168715,20.72960966256754
0.15815520900226562,0.7742326090472736,2243.114655339107,28.759692309417122,13.420283136175243,11.699392176465595,201.1274534322293,2.148101164457583,11.136072301770794,16.363384590153686
0.0799268350703099,0.6881887682304222,924.6880680622004,40.44612117243001,9.583457941769256,9.875453325743653,195.45060499185456,0.0,0.0,8.601175438374376
0.44824590138399967,0.8297744598218749,694.7880898232513,18.018927785096228,21.87683748232499,8.035192488293795,172.38505355631042,1.4851940704310147,14.932482985462084,6.59706509972395
0.4756826594750475,0.25986680288589137,692.5660668036473,61.29833325853126,21.09077641831258,12.493233108698854,236.40295984813312,0.7284735199263211,11.440300371157644,16.15549985623172
0.20230673275847744,0.839482825766603,1298.154765490591,17.025899626763714,14.430414651572548,9.334141667428698,197.1323887134592,0.771076813622317,12.368971380167327,7.29287790110894
0.1462846917174602,0.310971294933388,614.2900075261604,74.37339132834398,13.090995322860284,8.197107198720431,177.3379466098366,0.29034024064035463,3.9210040206260306,15.106013024181363
0.2309116380521517,0.964772385150561,1018.2002944613484,22.538881335534597,18.388947970127848,12.612261639898062,224.8553843290654,1.8739630337445923,10.865503428680825,12.055588040317225
0.18211441162808098,0.7260749187101887,1825.139163001494,39.833267370659,13.13188099872147,12.590765640805584,237.1844128309606,1.4837996682631942,13.55394985910196,17.076836199109245
0.11546840085002082,0.7617161144217093,1378.3412603746197,27.241646363909602,13.23110901617257,9.689444119349501,197.5766912096418,0.332593823075056,0.0,16.252881018402864
0.3420071165997032,0.7885881254667322,1768.8058115810898,26.812810019763905,15.798328148607046,14.748519654054814,274.38230781931424,0.37289906939319284,5.680269782707475,8.297807431574075
0.5906843761312388,0.42784819528162266,584.6565930221641,52.236004791530846,21.080007954486355,14.943423054641155,275.76187298882496,1.7222743156430236,15.418973235745796,11.72230344453349
0.26173692374681656,0.7639166398052565,68.2670100857252,27.723921478554892,17.654971563477908,2.713074655046488,84.44294804119177,0.0,0.0,8.080122136831026
0.4757010369977959,0.6110484738070886,541.973682471498,41.04309790530168,21.395729789123564,10.230181811699865,216.96060010870838,0.25780028920787146,2.9618141345187565,12.35656698537151
0.5813251761045314,0.73677401680735,645.6863353477728,29.037878973185673,24.762750299083258,13.683490492237242,255.54382714657066,1.2490165513357154,0.0,17.97809604420053
0.5267604125026503,0.9252805414394336,529.6212256602577,12.602612561361266,23.717897555902624,12.277444621625547,247.662201909881,0.0,4.090231150357157,5.863044186829482
0.17742008492227374,0.5548515611533084,3262.150170181792,40.60288434766046,14.624791630477198,19.6627761393478,331.957048851975,1.874993074613073,9.400701311272211,15.548121030803838
0.15757529272435403,0.6546816405789229,135.15131482891152,39.33532114961605,12.535586639074273,8.738737601917528,176.58494140420598,1.2575472684883438,9.1632107406497,11.774292531331747
0.17313382948913097,0.9449187379540869,541.7428382795669,15.243419641858004,12.19285478390872,8.842205303603565,197.7540838343833,0.08623449385248166,13.734718012096712,10.551702280397693
0.3725920394999134,0.6949628626566141,1092.2267530091426,35.88663541666484,18.68942164605823,13.45844070376971,257.0287431458117,0.8273128016564334,3.472556921765971,15.66922862724904
0.3649019654343843,0.8414385286362025,1720.6782025794355,19.56367568798076,15.466131730146719,14.654872037439604,269.3940442841674,0.7771756557653631,12.34829435091557,11.044181740494619
0.3697860046134065,0.5249451391402943,268.3897410938868,48.25058169153908,17.472074059080292,9.804692406940912,205.1145135473754,1.9983581248652176,9.024116901559683,9.578752678128726
0.23042739387783362,0.5639517855841886,145.65571063381185,42.299669992036186,17.377900843503085,5.618496067843404,115.62885396605625,1.5999151186188594,9.539794389432414,11.239397999638618
0.2646731886351208,0.6933271493267135,574.7398213443463,31.47891789923408,16.481036941075306,10.229005085184024,193.9170026907355,1.3696785532244227,10.180353198949348,15.26680236882198
0.5072481130717595,0.5924655770587306,197.43959826024667,38.539042947905436,21.48943397801489,10.033918805662978,198.38442444784226,0.7265146336053745,10.092347876299533,13.775168503270287
0.2904872962557264,0.7506593131086617,551.7126123669246,18.227434088161434,14.852083162120426,9.628314814165387,208.47215769791603,2.822443046121674,12.69704410502623,15.861371053666627
0.26114852650326575,0.7269398143886644,1498.2197917969613,31.345673837995626,17.5549517974529,13.252119656718081,246.65355000830345,1.9052530064926971,15.21322986815944,15.8927721627567
0.45848350126154735,0.8823592822403737,1818.2018728270978,22.955239598711366,21.40362502455734,16.75719288213325,295.75778148154546,3.401484460758171,19.498049862286994,22.08555736170229
0.21195267509448074,0.739666765792566,1586.044272037744,30.354485800709853,13.25780362459873,12.556205844655189,225.74803368208035,1.775589106199473,13.053510630492017,20.34531043088362
0.2763355116452605,0.9480189435127108,144.76693194427375,7.853260495303099,17.171235466748065,6.118328888781625,142.3659286831162,1.608109546401805,6.629305051321047,17.555603375710724
0.29239125843827557,0.49423246580709335,431.9805723457565,45.44506609366562,18.605501067413208,10.399615977201602,204.27567528583504,3.087178823458368,15.373347559149726,16.287731791752012
0.4868578050529256,0.6598915663033634,1335.3997110160608,39.76386016185083,22.975882723386018,13.962892961075946,243.85049123809455,2.791586903470983,10.446306668658798,17.720089103323065
0.14663588370332187,0.708854240195527,1108.7685705385654,33.52638688249287,12.974794354283407,7.863440433162963,165.57946911315983,0.07431953823764514,4.969877547034135,8.043420371006555
0.2857182335202563,0.49580036712781655,356.81589887322133,53.629377303087885,18.526489241392213,10.477427144758572,213.44100609965798,3.0217825051566596,7.73199007955251,15.357869372678397
0.3880943349660131,0.9536520403776836,1460.5339745714,7.46027552326167,19.885754665447408,13.277748974679225,250.10263185284677,2.3608012425531695,16.387327982450444,19.57979228731155
0.5738323381485838,0.8461819294738359,382.51354582010885,20.248742717090778,23.376162277427067,12.326571585471832,235.96083339691472,0.88542765442799,6.174088570703074,12.618972305882277
0.07871503461459584,0.7219009355763099,961.6917273855169,28.22365217771965,12.378843643745165,7.737732333733146,163.7840608015909,2.3482147325388643,14.18915233282431,14.569658441641232
0.5159524338528237,0.7138373491654837,977.2796528866289,28.094741472389885,21.28974477304655,14.324336797197796,279.83031083588014,0.7123239186361656,12.28874455998334,13.930484118294299
0.4956127665205216,0.8495132690096088,1243.6890643750085,14.71589357032644,22.780789596790154,12.356996755616635,236.81170651527813,0.0,6.933345803683947,13.685106109631658
0.10634073894224197,0.8957036602351468,756.6278537673951,9.67702140508634,9.97144221933075,8.87814278446071,173.14829341044822,2.115449104774121,10.151921716532232,20.101412889225145
0.1327524768877791,0.8949156045071107,769.1454685934207,11.11563102041087,11.661702982580252,9.349438562320746,179.75386170998084,0.0,8.95152748342248,8.94860211257735
0.4155819010952634,0.7577402455603401,988.699178345917,28.374760045796553,22.846967264395847,13.182504367718774,254.58051022116055,0.8577333419773105,8.000979862370308,12.972549957915646
0.12946744659475834,0.5927157067589064,1797.457245100805,42.05259010180347,16.775904643180837,15.224882539026428,274.3916683117125,2.9354411654333163,17.64299875193346,23.105668162738276
0.2640705905430189,0.49662199791825856,839.9721426512278,51.819144715864596,16.003009203740717,10.908451569424798,206.23025842199695,1.864594050474853,18.13920210000981,17.019632384514466
0.2518516223115573,0.9424920873582673,2470.078210405508,8.034402725626972,17.989481714792323,17.81677565917086,308.90746329856506,3.105635923524337,20.869484168547473,15.617968155980357
0.45978181108071353,0.6839557831115678,443.8113295917931,28.543405568625083,24.31240671950613,12.257335855595864,215.97857402880985,1.1484843167923828,9.01169179619052,7.262736199670996
0.16366203067492816,0.8875843719443957,3954.5594245807747,7.318185201340081,15.269256813352598,21.129733183404745,364.9707474158219,1.190824665210876,2.3564147041666823,13.005358987360744
0.3251177231389809,0.2618990563598162,118.95123539953693,62.64952424288479,17.153500537315182,10.376727441406693,196.7986202216618,1.8729476527576117,16.23400840443288,12.693155558879818
0.22397872137610572,0.716448747668948,1156.770703277683,34.472832649202374,11.951383098522456,10.897804499468265,207.53183046059527,0.736890321924199,4.5075303196994625,12.935985078877339
0.2732715658674178,0.8556397646638612,877.2400965796489,17.683408277075603,16.315655757627688,11.060906667354773,207.5402312744164,2.5797238811827503,8.748085243815437,13.421931986382612
0.22672990071605734,0.8629848294590206,1595.0495007281365,18.463949051939167,18.339858233547037,13.376089638659012,250.03257396391413,2.886766642774803,11.879041553366825,20.443943514373974
0.27637517844544807,0.8395125017520864,353.43600256555465,19.821704911544384,13.640387095321532,6.504566865805867,120.73009990832179,3.654215687195651,16.223981339285466,17.690692618696062
0.3586384388852693,0.8084610809178088,478.48149474167553,26.617959254711103,18.848340840342516,10.22521835906935,213.46020673122808,0.0,10.924971046451022,8.195077191512802
0.3007743349246978,0.9086684981945322,2063.928238768552,13.995625598795481,17.257637711670846,13.965912322118179,258.6233011925859,0.8816162440791133,9.886528751133351,12.834644428874627
0.3465556071513667,0.6060947727014087,2748.579044413115,42.001253056458836,18.25792127470702,17.842026376730413,319.01113574366207,2.5467516371081342,10.73473993690159,17.05115759948821
0.2732908225148245,0.7179842799892091,955.5460610923841,23.13186883009853,17.348372370047763,13.010369261509233,236.68788052985772,2.7284614106561738,30.98675686164077,14.57520069322474
0.4248670187832213,0.9139293412129074,877.9793077358461,18.971699067072308,18.3676638374902,14.170301831608953,263.5386632321867,2.230887537131977,14.13302992730184,13.724254955737587
0.3278224560709296,0.8329347945792117,1422.6177548304165,20.790192237925773,19.63713027329818,16.98921967709483,312.51675936842616,1.3911638204882952,0.30646003517930076,12.685767168484885
0.237727587036324,0.8070035455753656,645.1423742373375,18.05652029992163,16.60325648709452,8.294145682859984,169.87733903332114,0.23413386442896444,0.0,11.047585624360197
0.20225496269959073,0.8580191856288367,1157.184461346596,14.855684809916802,13.401339805355736,11.22053819323549,224.91315421064792,0.25329928881385033,6.7739523536545985,10.25461529534457
0.0501854361498817,0.8985524668727719,869.4984173453533,17.342418199762278,11.001732197484912,8.018506229046757,164.26589756797463,0.6189458533417461,9.784669541404488,11.200894808442195
0.44680396486192214,0.7844195779324498,799.8764472535638,20.602895502517732,20.726643961684758,12.097117456555495,230.47030537142018,0.0,2.8140885595006466,14.288432709838116
0.33013715576936414,0.7500238423737918,208.87635136853666,30.060166623838168,14.30887203114156,10.713523945288953,232.5457593770304,2.610066606364695,16.293482532943973,15.430094725131797
0.09968636150418418,0.9342277680751544,119.8508834246744,12.82875026832858,11.73871916525509,4.065607100151311,113.14564524069013,0.0,7.507045896301591,5.434808473868062
0.3947245712884394,0.6486503196994252,1568.272994834555,39.369118207079666,21.448041781015757,13.84706939795445,246.8866726744994,1.2772778717024835,11.476581217795571,8.658839783828348
0.3342985706150487,0.9111695636966582,1144.0222671453912,8.812768691806326,18.285093945643297,12.588217194919563,239.74321191919458,0.06572732471162168,2.5628327329582996,13.306446159314673
0.1878324624501851,0.8268353164437852,472.046762784941,18.214215502095083,13.363928813127199,8.533362707661041,181.06607629657685,2.038365250501111,9.908771298229222,16.348541215900543
0.8143856419150776,0.5935382785774356,633.9389500630426,43.081589335748355,34.51320937724691,18.135214222469735,326.6109125892324,2.364222885079858,15.115350845735943,16.166686144872287
0.22229889590962054,0.8982987329206358,182.13785408512578,22.534950187691265,14.625000344321075,6.970752007365132,161.03369657001454,0.0,7.939433921380317,11.764387462014575
0.027105958827049383,0.7940044514380205,90.27777229703959,7.856427404207775,12.544301609213155,2.538713675969074,87.61336234121013,0.055745707603338884,5.996158805470229,12.101046480109346
0.08163185533839401,0.6139241622173897,762.2604398894945,41.80845004456482,10.903587718153753,8.376706036752156,176.76681795675213,1.0546986072473639,0.0,13.925178906772796
0.22895678432432298,0.8031565941668404,292.5359691053091,27.579694610667204,14.147569002605296,8.207872259621078,183.25576042169973,1.0467785558194502,12.48111498996492,14.228846319708058
0.3743511101481286,0.5020156617743505,1065.2956488686236,48.90919041720738,19.221021079009766,12.466067685694977,250.5213153774296,0.6435543120208815,4.713193617539349,6.738914350810932
0.20854768917269204,0.9299601114743387,2135.144362515402,10.040912578789507,16.022896707674466,15.69028108393945,272.40558153590763,2.441059046949232,12.983039250925273,16.380707650362563
0.27841396922610717,0.816006303100798,1470.8373455931132,20.534000474666854,18.05575755646124,13.57449461081215,249.04072269162953,2.0509157143162424,20.650957615683133,17.474830919162233
0.35383975480952506,0.7137810059480597,473.3358720492156,26.34695081432254,20.320859186430596,11.681137054200626,230.56773118181115,0.0,2.8104434044873874,11.076909408116267
0.31773727146327607,0.27434034340216795,1233.305470292907,70.44647093919677,18.613898027624167,16.138176878463312,302.5141578025564,0.23852731436285612,10.97973675316136,12.526507790225457
0.311569795011167,0.663517694050884,1430.1169255295288,42.235570805751294,13.869828735128698,13.910247123130942,247.30503500824028,0.23009852570426959,3.9327246415841337,9.642570916410113
0.280613226583731,0.7980668686008038,786.4898520416131,19.689268901934245,22.11534727415592,12.7328321508657,235.23637660446065,2.7635111210423595,19.37669682257216,18.39623755411519
0.25829168159039356,0.8149574176510775,1290.1887634015852,34.71024782226532,17.793331250676424,9.267658079846257,193.8072852859918,0.6824453521594611,0.5006350111009432,9.907409715471537
0.28679792343468474,0.5770367907034011,62.34762629233209,53.69440872834488,19.53042899653296,10.10712858091689,204.62894185480468,0.8492090240862273,12.378242474643256,3.710000700587168
0.603612683370931,0.6923163673584902,2057.6325676610904,31.8775164188878,24.708337567890737,18.10338287880712,331.49576195577794,1.6766405934412485,19.154259585770475,14.668107350193644
0.3522858463372845,0.537081655270182,809.3575331190999,50.651905051196664,19.35732591960235,11.938704009523288,234.18919641955833,1.571455641085189,15.023170586080399,12.915618819508435
0.24947578680882881,0.6538917879583657,1983.867002058806,32.88429105615574,16.588824909798692,16.120653952517166,296.65243008219835,0.9657486302627377,2.7513339385844198,11.38050683204471
0.22105282520390646,0.5111159295143769,568.020791315383,50.481759648123806,13.948146261734639,7.6506285649839985,179.0093550457776,0.8165075735995083,6.853307456934058,7.922355537021314
0.6193698183753156,0.8190566033855813,486.66464977546434,13.876465541395635,26.786973198583958,12.626968136435307,267.85031627747634,0.8272068856303851,11.554038292440593,11.468001269117348
0.39596468020913006,0.7677051711075518,2012.0169910977922,22.97384590383853,18.84189903403143,19.553788357106917,351.8940829008795,2.280089476129569,17.849183769709555,14.358556887172755
0.33156407463172105,0.5682304469181378,2096.905441919083,50.25114591256357,21.500073868467016,16.61861256605589,307.9452719782418,1.1785442255304384,9.211708171289317,15.298899517384314
0.32706899566315656,0.4870967791334989,403.223323370826,50.83153425712124,19.225673564753432,8.487943422177013,191.57658248728546,1.7881988799621726,14.150645003541282,9.562038171435148
0.15499758619681342,0.8974567394506087,2363.7634651635326,18.12811217934274,12.210245346383394,14.523388333197943,277.1318793665308,0.283478219222846,3.315826849319728,9.20134511005546
0.11893925408599215,0.9180836319726035,1408.5305601079485,5.766761694821776,13.30655039656532,9.087704551341629,209.14645246034843,0.0,8.325688594458775,8.913221829888265
0.10427239750912157,0.8736410432658407,307.8232310384465,25.812837584724853,12.85267245101296,7.497453541580317,168.49468698743516,1.1958895958533136,13.056758165371292,14.257835645028997
0.0898455892615711,0.9244281020770488,799.7731330193735,16.702203151025873,8.754095144307005,5.241247660887136,133.43833527348545,0.0,11.32407716712045,6.128300751397078
0.048078777484615635,0.6710056921030743,1275.259673627422,33.664211557837795,13.623819085662515,10.490989206533259,226.79576669450384,1.192261422129882,3.8129132534323356,12.771797748782607
0.14468081195980398,0.8342996200956706,1245.388482517797,16.786216706932695,14.151174949757408,9.42160473116763,192.87103686936896,1.9324343471448477,14.701873661996595,11.174201493706153
0.5758628733149606,0.6107911167729695,670.5686710405893,43.32485162280338,24.242151083910183,15.117324413366726,286.32790171142955,2.142981210937918,6.307300339107195,13.103211630116624
0.11511948905562099,0.7177222073673586,626.6889332073011,25.30561235554592,12.449426845872422,8.613736196691828,175.63663009075097,0.5811682068682431,11.357564142758491,10.180872093133283
0.1610566697306125,0.737815904185615,294.6369758557651,26.837331343710154,13.473672693856535,5.838377314225358,133.8112135285256,2.1061663342489494,8.912265421686769,12.748628233229187
0.5341171671049235,0.7528609877448027,1678.780225871973,30.11127627687127,24.082103451517487,17.808442103271037,315.920817210138,2.4008647558934855,13.977323196248237,20.258075270834794
0.0874602686212135,0.820092735914362,1030.9638278070329,24.430943673184004,12.738257995206974,9.917204731601823,187.12613548147965,1.0382257880269332,13.10244518414546,14.425295303739153
0.19964476077082846,0.6517833632741105,497.52330405566425,39.6536363992128,17.03343464332809,11.455998948905131,226.2028132754821,0.9161403060703651,0.0,11.463858592786773
0.12418122733196811,0.8432764589640593,2065.081945517278,25.312752162927435,16.231804454668815,13.933537259344124,269.3676163987632,0.14896979661628085,1.8768878682116936,11.440226715812521
0.35322606826630015,0.6714266933640014,661.2033118332648,42.02332308155818,18.196806629681348,10.99355730060036,207.57722574695063,2.7964004764174843,18.938194969442264,16.71113471336445
0.09722050706940288,0.8660817598250229,638.5461263969315,22.410285163529643,15.248056703892365,8.32478668523274,191.1991324363919,0.0,2.0816074233664232,9.955973781583511
0.047934233350094,0.7144344124929781,2234.1441474862204,32.63427096719096,12.709755853652995,11.432975682628635,216.56856541375242,2.5583850644770054,9.676562708419468,14.782685974494871
0.6872411808047227,0.5795669354618161,190.58150881750402,45.104246696958505,27.940142351114808,13.577759588209446,244.56534760510814,3.2268889682336734,10.984965311267386,21.25453877704779
0.07935637457471337,0.3305908658759266,1211.8295088344305,63.53907972028184,10.19051196644939,10.256813611796186,193.20950710029382,0.8924818662394713,7.186958398093746,13.994021723819444
0.44678067967031476,0.7871379716829742,665.9019206956182,30.331395239003363,16.679303254101434,12.249308124640276,243.54895145048772,0.5892621430778986,9.180715020798077,14.329363148707179
0.31024458790345516,0.6111730412190223,422.8903030456444,41.743790991043944,18.229856713157627,6.333384464232443,147.61563811654196,0.24640228343381942,11.577296328052338,12.91561565329941
0.6885499042886294,0.5614895331885309,1929.9539274091912,44.311777503130315,28.162937832499214,20.03629527068364,353.09715236903196,2.6984168005184563,15.08459986362077,20.45129547311089
0.2107211034972496,0.7767245397206718,2987.428455599705,18.51159584248391,14.463078964448332,16.99871587125069,305.0061472231325,3.0909357580036296,18.638200638549996,17.04604135713552
0.04250079543699469,0.8439137014469597,321.07461966439314,13.620372672349088,10.869031029161276,4.81810991332995,120.01676162277943,0.22663041780834747,6.005602464192536,7.441801628755776
0.49274878029486074,0.7224430292989594,548.7370440685734,31.50353473359301,21.9738477949291,10.772544285055611,214.88473941382173,1.2512260345650696,14.660355852187443,17.56707744344302
0.1625245662768351,0.5890941241212396,458.7524239110628,47.89867383549035,12.612221444836548,8.44859103997567,177.35523983191365,1.663860513431687,14.590337889277079,15.240663567910754
0.4021665778984234,0.913520036701993,1337.0882749102257,15.69085619651937,24.343602617181716,16.128436855938176,292.20310159882445,2.468234468394265,15.739065482155869,18.215747784938415
0.25765813391315584,0.9365660766292722,489.3263251140539,2.0764766012808007,16.589687950671454,7.140441103712353,177.45731206735618,0.0,6.878736964440964,11.957751609381685
0.4315254085863356,0.27325078859920654,640.0225258709011,68.96987676767009,20.72570634404051,13.337316636041143,237.95532670076096,0.7391674309066072,9.897118726825564,16.183112209790885
0.2951694434580863,0.582738094883007,187.99132917385828,47.72259519406268,17.24357654927005,8.995520701744715,193.2593479394239,0.24425360744982555,4.01322652185501,9.376874149659734
0.20359157270591158,0.6975052995968964,1122.1230747756183,33.59691417955242,15.294779302507377,11.517973212694498,206.29099723249834,2.0059295401807393,11.703784842014787,9.831112477856163
0.6381050881010266,0.5938007494108972,278.6881152703892,42.12689856137043,26.37712727362354,12.663322865117653,255.99624823276332,0.7862990222901162,2.3800678888952866,17.14538787243827
0.3439725350937193,0.700430356224331,2414.4793130329854,39.945299943360766,18.2146201709361,14.980903075365967,273.29957308944336,3.1392490174872334,19.56150656263543,21.695720279344446
0.3158434744926235,0.8206117626810072,1231.5986003344028,22.24436879733328,19.04676496285476,15.710856146833926,286.0135584417435,1.1110815436121402,7.640790369646364,10.681181263338576
0.2960617565717139,0.5865994173976958,693.7410973620143,39.24802170615387,20.52065646034783,11.551602118359312,215.16498316704494,1.54674863475952,13.936469875387003,15.998224108016593
0.37504406106534044,0.8643343260156136,776.0475847554313,16.438948564284082,18.432264266585257,10.956924099434538,208.64456166817078,1.140241919606764,9.0255469165606,13.741412793845116
0.056588746292207476,0.5525306642024723,2872.006049560085,44.36163304334155,11.095791253059339,15.331584627153717,263.5689685290539,1.1791278581970859,17.38571738801741,14.996005719152599
0.12707377781258652,0.6560042804045191,738.9818804285646,24.682445595179807,11.799705463439516,5.7399108256711475,120.92038993229751,0.7515390359244885,7.734811703000577,13.20483071164694
0.2674866748282448,0.8175748453062084,1356.241336187085,27.69419549690237,16.08522065384997,13.108160608697723,234.09011832699753,3.4949928226534066,6.999262662032757,16.67245637682852
0.062488076920079655,0.369858190848358,503.10965123151294,62.64100545712057,9.974638314073239,9.750585692547107,196.1799643630859,0.0,10.35535135491157,5.224196659682704
0.2304678651678851,0.5868216263457408,502.32645438033717,43.99573541162514,13.903907156775267,9.177711152099693,189.59881091586547,0.5634296095232127,13.564667687850463,10.30615571138281
0.4607793406681428,0.7898634108538437,1007.5912196898408,23.178380947845614,23.837209335547673,14.556722248351889,289.39555872018235,0.0,3.5644052371296002,11.388725628372557
0.37034278940615273,0.7953538700883792,647.2896699967721,16.05739798032882,20.912415265082412,15.104161369591761,266.4356154061112,2.3049455860232153,20.661688236360575,15.75826494995499
0.28851510033456707,0.9503369848252307,1871.829807835208,1.820667241744328,15.869530203636007,15.079792265346818,278.80313256477456,2.4036202415811174,9.743591093393983,16.345725388097108
0.3723282510993925,0.9631694534064746,1059.1301777015703,9.80295712056337,14.87153589696705,12.105420662998752,232.36126953332513,0.013461681808213388,8.157697243020861,13.786375797942142
0.1484065826206158,0.9566201110611331,894.834549825978,8.545102629885658,13.901254070676504,7.378733267793933,173.15865377865018,0.8673712274480971,9.576105301887093,11.348755759321964
0.1119331597380647,0.8032369723539794,1338.9524697565112,21.628376615727646,13.038300281668876,8.332477707760395,166.75190457846935,0.6635709215914327,13.18040115094734,12.187382251537468
0.33636209522307153,0.4807476171655188,1769.936383014406,54.67975049313689,20.270998970523546,15.713590576961368,280.06520577579914,2.525751137673359,11.698731051996605,16.885550668415295
0.111754936574127,0.669424692898418,1082.524253695723,41.41541582465766,15.575057863346252,8.346691397487612,185.3482115817534,0.5297415202095557,3.533495174507524,8.052796949095328
0.11231900161527046,0.7459287714149208,1639.0371124267087,30.826770300588784,14.201117849615093,12.5169100190643,235.9166318144722,1.7438753250838768,14.56938221476356,14.026339637599248
0.22891565300096428,0.7979084357974887,738.2091592289717,26.869428846866022,18.590168283608293,11.441072474637071,215.592199147514,0.0,3.407531381211252,10.769052386977634
0.2133169275778851,0.9535615663123502,70.24769034293368,2.2646201854514523,15.445555662462793,6.184037065018073,147.54887963904446,0.0,9.269260065309597,13.827780571186185
0.5662723956629053,0.9297712513666142,149.41473821438643,18.23569143042854,24.17532597840439,10.7895621405879,209.1440539088178,1.9617010410076967,11.259326478494069,14.62640971942207
0.23233929312109372,0.5490238591565454,319.2980135594978,43.53037169914255,16.397293878232915,9.387535241020874,187.70248139354584,1.4808474325292857,11.911094671587081,10.883103579909152
0.1941078865409323,0.5320663062192388,1504.9155118291444,41.55928231876064,15.422135757892374,13.074845651966585,237.76140815113166,0.8620083147069287,0.0,11.96282407294911
0.20707723056993588,0.8487968117438537,1255.0848668228864,30.322056843053396,13.908811613856122,11.922923911467503,221.9266694823728,1.6414707587735373,5.227970546559077,22.7550166737284
0.3818701043819964,0.490957235822806,243.1256453750744,49.59488745472728,24.5156660398878,10.404778631200626,197.6697883476425,0.0,0.9046707491358825,12.336239366239273
0.1787249907954088,0.7507644394699894,2686.978987225988,27.134346983592003,14.570990831128192,18.164018837674327,319.598831622358,1.2109122830148347,13.528081243993931,10.5454915537656
0.36222385152477393,0.8014060891136631,760.1102468803157,19.289493373481605,21.462442984621994,12.459901728114941,226.91414780522305,1.0525207727314267,8.022936319901726,15.667134076382927
0.4260719968990713,0.8905432116196158,1495.462747997388,17.607553149114338,20.63286657843647,13.548248827627642,249.3096662469094,3.785991901076818,26.82753815358222,18.09519579188236
0.07390330567524908,0.7693783975010032,2306.4445902891334,30.583089671366576,13.252313350376172,15.103080449236579,284.17007096538157,0.5937443911686408,6.825054480859531,9.774338238170202
0.040164300727388455,0.8759180085515575,747.7924986064093,16.666099692124362,10.2351245335674,6.219469922454065,131.81846704642697,0.36541357739617525,11.118296430459917,13.187952164127859
0.37185449848432545,0.5468959360842991,733.2964108790205,42.504599542312775,18.340084378153847,12.946811392761099,250.71766606457257,1.76869890079915,10.94074354703539,13.852907908819148
0.4755095993074096,0.798045346216113,932.8549757920144,22.599621278985904,20.489648414244147,13.514100288807184,241.96138842643447,2.268160108643053,11.470114619821949,14.670770136889663
0.13152475457572102,0.5903235566556111,147.31610253205116,31.868451449771374,15.370903769133909,5.501154513308229,137.00786717502257,0.0,11.241160885143469,11.696807667415653
0.3158079276636536,0.5443927802925237,1231.3204401871053,48.83920785228998,17.93578833421346,13.559016408270395,260.6652249008398,1.1673382972055415,17.237722326774104,13.685330820717565
0.5301100485504642,0.7308098292705746,1242.1731004973876,34.58736389302496,24.86355443972232,15.959324902961985,285.0980540143531,1.1052407710793322,12.274261624172457,16.31463710586419
0.22219696188032292,0.5374026340370296,765.7336995942356,46.75121729294839,13.347345785625778,10.326072911671552,219.69497088224801,0.0,3.835834884047651,11.396430678829645
0.10154527094673642,0.8372106122071455,782.3503265814445,22.82983013852689,13.975769695457481,11.039833161483358,220.36163325385343,1.7740948300327033,6.89752922986543,14.072194765640145
0.05724083075419517,0.6376279616327256,624.4144911181623,35.02658341616052,10.106483417679186,4.685635047624033,115.31119120336588,1.148217573494854,4.913316594824741,15.257967158272816
0.3780824492742812,0.9032487777642275,1030.4698174536345,16.278962838527004,21.22741390785902,11.588398777777297,227.4472275242632,0.9802397589635135,19.4799097663664,14.837356108467452
0.15044706397406826,0.6875961799466656,1050.698147835484,30.183288062731105,17.571777541665565,11.486803916924469,237.6134146417613,1.8290467425983599,10.85667397595742,15.884025909457987
0.5450794583706801,0.8190203252406432,412.73203362601055,18.173097929076057,25.749301607806753,11.671950986171764,233.28632782129603,1.6516456981102323,22.66618352166796,15.016326472277054
0.2424563349100131,0.7947816836933467,1481.6246743889915,40.16151201282608,14.308475324278572,11.309426588181541,215.4992429169039,0.8207591096747264,2.7281818055059563,13.16978508031783
0.054537074096134674,0.6750664838855209,3275.136624098486,40.954910699974064,14.109622187621047,19.063278559447387,315.2329828294075,2.932506340184133,18.61050205205669,16.408199843259958
0.2726555446576317,0.7854211222844527,701.2608668769523,29.24590827352094,16.69006525756373,9.667214959805772,199.37352447640538,3.1187455388204297,16.413948235653717,19.61128779909388
0.012891939999352484,0.9323442300266371,278.2063918318146,17.47934126856601,10.059468382113913,3.4494702523245175,102.64333908884885,0.0,0.0,7.851781692516161
0.04086032480615907,0.8919322100103697,1387.8619676329956,17.87391560596001,9.753976714022098,9.608571450740946,200.61864239714254,1.437186638102286,13.249159832018606,12.353413733131786
0.22262518239925136,0.7600951767460604,1377.6119466769042,28.446732094963227,21.25037640329442,11.798342706543437,225.54750065663418,0.5031863816801108,16.276480137082878,15.575539408052995
0.38329955982921354,0.7237431640867763,520.2529440329902,32.09503807200784,20.892710024599545,11.543333155861797,214.3151708281803,2.956061526293393,20.068232328468895,15.046848727449193
0.47481345633571953,0.5513439267778847,970.4826217285489,48.06587822304565,21.64059761867927,14.197070329846381,254.60058535942596,2.7422622320484646,12.710673321333035,10.81411032739123
0.13735075698935179,0.49758747424631034,1235.1843061054076,47.48540120251043,17.372017615836786,13.617394937828807,252.55723061976096,1.2359768618237723,14.615709580489481,7.287946664445046
0.2634077190671551,0.6959653092444752,212.46278444841607,25.704363578260903,15.498694738778546,9.809646234272869,211.97159798142508,0.0,12.726446080433018,3.799307848691522
0.41611533319484134,0.7772262890252826,189.00953628776173,20.691498892877547,19.267695272418315,11.213846782962069,227.18149649020663,2.224318010724878,17.989115267615517,19.637451726705166
0.2222897500998906,0.7679042430491658,830.7401443948313,33.81372612639852,17.009553001972154,9.412497293178479,192.19352731546408,0.0,6.836940650016208,11.883064005974104
0.19770841607242615,0.9496107692200513,662.8608845740164,10.284380001045859,16.923465885896007,8.496347637952491,169.7516061463837,1.1987231536323402,12.028187775802788,18.414846397295197
0.4472999602155284,0.8502037439481523,651.8777604951871,17.812646305685263,21.28483273210365,11.07166645231367,226.00224760715633,0.0,7.9832781265977,9.342425990538807
0.21353997626038068,0.6244621197519409,1199.9934801979227,41.53152069322379,14.395827483653445,12.55506526050629,250.52292610779563,2.384195957958665,4.933106640027621,19.770177634780534
0.654708985675853,0.9441929548785395,463.3994157603678,4.378117070570616,27.549279225601598,11.891540402843432,224.72484412492753,2.111115731087708,13.780784732524392,20.437210789247583
0.29499464113380475,0.30978568125476763,1708.7772125124504,59.61499790815288,16.045804841984538,16.683556567215312,298.3016877722146,2.1201927052717484,11.68471689279212,17.172301720347527
0.10081209507479758,0.57984928558756,1585.2065956044182,39.84229209207018,14.090001877799489,13.304210332010872,250.12726044425034,2.193729350675438,20.52522136393642,19.82431395893194
0.059675978917939465,0.5906410952715336,187.51015184013005,41.17388651739713,14.209550998247767,5.733257730622116,149.11285370366858,0.3191136755978839,0.38229447183406773,16.225872050304673
0.39021720299682716,0.6542043635861434,1637.1170034074253,40.11936583526282,18.753385040401948,18.21634427638614,341.7519022517091,1.04165031999877,7.707675271660282,8.91752138275854
0.2848516667966184,0.5811571296246487,1256.1371439840816,49.16211346162303,19.176415790716508,14.103789828171545,264.3606840518758,1.8569477802642638,16.365537569067868,8.653540847503407
0.6598119972842907,0.8043480378903981,1169.5138550937745,20.460622399153888,24.09052257120171,15.530917779660518,277.7805170146814,2.0509600835681296,13.94184383951625,15.300986980783104
0.44483860329583874,0.8513728094017877,463.8850688284929,13.42590529908356,21.279280122165478,11.22946761383855,218.76383582426564,2.1681954326842003,22.276898173601232,17.815732460949338
0.4615443352089187,0.6743263365535651,272.33927966462085,34.69576907207406,20.246011104091895,8.056792897754526,153.527001195534,0.4604113377522181,10.469055540296438,6.33566093068583
0.23180512182494697,0.858410635953365,2362.3136636401937,20.734510006514192,15.921680898380751,16.82056117650781,308.2977814229265,0.4498526804675438,5.079219390609898,9.808150183372542
0.5028504643625523,0.7160824552791227,662.0642519957363,25.332317739039485,23.079450169508892,12.000072678689593,242.39191859931196,0.0,0.0,10.169233065145548
0.10041864289825424,0.9163975516628579,884.5938931220004,5.642971965489529,11.336999643979727,7.0417341672500395,137.75887822764534,0.27465649687163174,2.2194725221552956,11.059295781541383
0.4689910928953005,0.8858637234684814,1450.9210035026078,9.312002867497894,20.807870703524337,14.356547474880575,265.08157815273495,0.0,4.005869391230559,13.867539366295029
0.357397141781447,0.4238378731901668,2678.396996325873,62.738267004445746,19.377628819194204,19.056935932844905,352.58162514924453,0.6573212522993339,6.8916035632134856,11.057334114093344
0.4282385750062191,0.6878647473865495,706.9463499939684,26.65830570618443,22.352734729096028,15.704281134241269,277.74307997296114,2.2894699343094906,17.646514029934753,20.488599934976687
0.4994927221808939,0.9332780966225879,1595.332374156635,11.124650869445851,23.816268742845892,15.300705429900011,292.06007544548913,0.0,8.107473381884702,6.044312408580394
0.5405159072136847,0.6474999248123123,925.6046221434052,41.26100335642049,26.246558232093566,13.243544589913071,246.4023033514767,1.9735235262971522,15.523615408146057,16.621747298261827
0.3875783285917712,0.7965178627643974,443.60641250070915,21.817432386037883,18.796483990779706,9.833826122616234,201.46094167225547,1.8422368659092192,16.780373736193663,13.831155356672454
0.1287154219697747,0.8197732644550204,1393.6276925306777,21.191255274819966,12.047944014772387,12.026061617665915,218.61788424144535,0.817331551656959,4.80449622451814,15.22438733955429
0.29042284116203687,0.696401437504991,460.57100955260773,36.013289221663534,15.536557628079136,11.404727887123535,227.01528213045714,0.15650708310892025,7.963596716987173,11.968081061670356
0.2942849088345526,0.6233286142814886,90.78803682146818,43.620314371635914,16.042957338153375,10.400103921857145,213.63309810832274,2.892905259363602,11.436677753175367,19.31194206142487
0.22020691981236487,0.6285681170889272,981.6617322822314,30.582326834934477,14.424931667061106,11.228158342126555,220.20227263782192,0.729317590403988,10.86795176159212,13.356614921112651
0.07049615101514713,0.6924266643960384,434.2958434686444,39.39210930421824,10.907626092073205,7.8767742676562325,157.92824436821996,0.8987679517039591,10.735001258143061,10.58595413237074
0.25888923675653835,0.8890383952607748,734.4826192245041,10.922113761785456,15.731294068181944,9.420620156336843,191.9166302245564,0.9739366377671748,10.68861816089698,6.131226431642732
0.250468069837345,0.8605938932558131,883.1604627631162,16.69597607088429,15.740073657167521,9.077312116721384,184.90029126727816,0.0,8.273572597763943,9.608275507125978
0.2812175924875094,0.797573590722317,1965.3951735271403,21.06718559708621,18.77563714792754,15.055890348419103,288.03477295506997,1.753087839720549,17.17969215285578,11.18492936833286
0.1734362166024233,0.6249833446440758,957.2533062902896,38.79744328089709,14.13604882876411,6.065005595192369,138.10895014913177,0.0,3.7681806198596157,12.55766772483405
0.08979468689392943,0.8935780401592268,1362.458774415741,9.243421531078322,15.285267671129105,9.25966088680158,203.39915472540235,1.451180875539563,14.71738299941947,15.081745000323192
0.1402809861217853,0.8909290515200913,992.2462291314564,13.274821035842532,14.337820389733018,10.867605396128175,193.7365405325183,2.560836456521461,10.287642773583425,18.64776536172841
0.3669633239222557,0.7611276615084878,266.0982706914479,26.893344418704,19.423040918251402,9.28881568352869,190.24778394469567,1.407408073906072,11.025222645606295,17.201578819201504
0.4347257738900339,0.6180335403962554,421.60156396550934,41.12882728610936,20.892419153903074,11.605044415611243,225.79804822736037,1.8061300822977182,14.597884605077773,14.969256584854525
0.2590736721242585,0.8679933683388767,908.2198901212718,8.10973874011556,12.073571377620025,8.126666137839113,174.55183694810785,2.5812777474187247,8.672884224370424,14.889817057488042
0.3396146394033926,0.6374154936841141,1730.5989138856553,46.33761322925201,15.70132407189067,17.27780100920342,307.5241843546168,1.6577099874669232,15.841867668787105,14.671354465273804
0.3096661352779632,0.9347193760699392,1557.1648878244591,18.605771312016458,15.97320490015329,14.801545060486424,259.00030281823933,3.068437185831831,17.589965676237725,20.297480733456144
0.3981773489979582,0.5953814814875871,569.4387633988665,43.01579566387346,17.033246072879756,12.951277409842197,242.04362492447322,1.3409413666655536,18.718505886543213,10.434787903036243
0.8468108608220368,0.6858259674429208,514.5065016458561,27.944815746497202,30.539919387705453,14.854110051796868,293.9737436395751,0.7716181034424884,12.20745354097243,17.46034319913734
0.33386578462263516,0.7795897097207729,301.3906359384981,28.233208176685785,19.315015927935352,7.915838050488025,158.6759483941121,1.7948503403679459,9.001917783381558,11.561401589102434
0.18138616593327794,0.7111598907690533,1076.1951357141666,25.681080137531474,15.774637089721836,11.449102922224093,215.85042562385752,1.7604045663420869,9.321788038321886,14.838708690582836
0.4148755856456645,0.4854430866309484,1209.592064582611,57.2159486299267,23.76105635133747,15.800806100683372,295.1239707291926,0.6512315423040651,12.026786175023966,13.477095544042298
0.2528355943670988,0.5618553245380215,2163.0557362854875,45.52184271620616,16.354124213277395,16.110418161411722,285.89896243085224,2.8766507683238474,20.23529917945462,17.872430529997377
0.24613204798948332,0.7263361003756426,624.0548637883359,35.832181639408404,12.891726180151146,7.967289592091308,172.33419590658494,0.3916231950364327,0.0,11.736303299947018
0.25211661915532285,0.5253588754735206,471.53904973561396,48.3373762413597,15.659525954905714,9.702943683785403,195.90371640736947,1.576627525057928,11.681784632361278,13.659839967451788
0.1881754525208404,0.785486015154161,1184.1744282766406,21.235604773158883,13.055658009079156,10.484363837651916,215.09868971763714,0.0,7.417950888834257,11.481475542820894
0.14684090602926297,0.7102460736048662,1425.4649471441908,24.75458391800211,11.054811213605873,11.133034052423504,231.93784951969067,1.2020638962407297,4.395924168291585,9.504600247274642
0.13775155338170436,0.5172963471301826,658.2587043523043,41.494343152647744,11.245234273682268,9.246181904491058,197.05149377026345,2.695038472519993,23.493460047779234,13.72759464484604
0.04578301829514495,0.9032605423443754,524.3892708463034,16.845993681474344,11.704214055485073,5.054612998881536,110.00993264280224,0.9141753270827238,11.90616165086357,15.552655280183124
0.2580374937958567,0.8729808643897959,1470.4793586522799,15.226643198879653,19.20224570977393,13.071767677798974,245.35462008053702,0.9307594126106311,6.192100079512001,8.73299210218298
0.2216919793677824,0.8053295086236885,778.8042011895299,23.957835667674725,16.195244092974278,7.309140452908892,167.4040257114155,1.153974571930147,7.593455232803814,10.939923283546198
0.36793498407631786,0.4772168799319085,671.8922658307614,52.63840320047601,23.16290398657315,13.586939317222566,256.21400437933437,2.2989532073218775,11.042734881564458,12.44428823828438
0.2136762576853091,0.8491403879777216,197.50502144895873,16.76679622361097,12.265746125797918,6.532393861231481,148.52586178730363,0.0,1.8922351051201485,9.291299217560956
0.26418637453820976,0.7631152645569284,443.1334913224885,24.238716051779733,14.378545483600593,9.39271334951308,187.20884211684913,0.9062128929441094,0.0,21.26142074146437
0.31633636919285385,0.5127022385543905,798.2556209753689,48.329387972177486,17.127785698625022,12.248280671234152,250.240813443758,0.1973801464007191,2.5769751774615908,12.845221681940378
0.5042723760943763,0.7167156586118278,1798.2893138349991,35.012273856927834,24.572700803380084,18.780352315710388,325.14163387078975,2.381087771731387,11.06647948170298,11.076548050398253
0.08137067229818593,0.9378310922081055,907.5470200019786,20.177474163965798,14.09977377253535,7.751610643398091,173.11257803898994,1.5003322233500411,2.2288216519084827,10.764820150074414
0.5437983593767121,0.7697948082086237,334.40227925291936,34.37132493282148,23.186489143934274,12.294071713635997,241.9704387776713,0.0,5.955695767588475,11.068895509822127
0.3397316738079003,0.5355203880597386,654.8018777819724,35.246113273735304,24.023810612279043,13.938342724515552,263.68967161258945,2.147051503831121,12.163584310947336,15.65157074969729
0.3805364623654804,0.9209113030445109,1063.8644442527732,9.837826869257379,18.728196663644578,10.735999524456005,200.50317964179598,1.4838011800349162,13.288102040062766,16.36570845284258
0.4165984835249694,0.5840628930516166,217.10215135020553,45.856123925397405,18.89968417636764,7.779524418034998,164.59347786433707,2.463399558803003,8.259323054297436,20.309339663862083
0.3454776388903986,0.9485379130262364,617.6715126202972,12.599957248728277,17.023665834698118,10.784770133000187,200.38495711339584,2.912737316803324,12.778651281585994,17.746206062461187
0.21876437649217756,0.8529144116702178,158.10212488097412,14.069438737175489,12.7532969202881,5.481834011296721,119.16728900767258,0.08757593884563375,2.7923109484734967,15.47775015085351
0.11474676281833276,0.8744017649351612,770.7466922262525,20.59100486911267,13.9371794915286,7.902941665937971,163.97862003030286,2.002325783949078,5.963223933773034,19.6516905813493
0.1615575329327619,0.5056238587833545,1007.5176080079249,59.26088030609664,13.333584636637807,11.298169172180481,225.15741665818706,2.3845255070493545,6.3861151546096675,11.482364110812295
0.6676917030409093,0.7164126342048246,473.2133016199,38.8855312868018,31.482395553193946,14.909093643007656,271.0617259576705,1.7978787155772258,17.29635481692801,13.336703864645482
0.41280057944671983,0.8702570971830227,1416.3985528664634,21.067688070377564,18.40559839994659,13.23127765172693,246.72249206155104,1.2763863914226945,0.737585827596174,7.513815807357825
0.10398947533778839,0.8590547613909644,519.3604064987521,20.360209501798067,11.652113789131331,6.3914570173066885,140.50881965497564,0.3095012321661871,1.1749571023856165,15.59625610905053
0.33480037318289546,0.9263455104401109,1129.3591747897142,16.990985455232305,18.342114338579247,12.50264117981404,235.0955426617028,1.3290219628504631,14.880041386035842,18.26183645907141
0.056582295154403606,0.7533178775364985,81.03287114197029,28.468424143846008,11.28814502102893,5.878475776294138,143.4003089799821,1.559978448552834,16.092344307960964,11.017832592587048
0.33073341731054473,0.5030092453780075,2636.3521098034453,51.415812715613534,22.645372626468713,19.153351051971235,351.690588641287,1.8691515221165194,5.583013481032788,13.234048583485876
0.37789650657521695,0.8985009460969536,549.0662699179056,8.25553469897331,21.207264664137394,10.606029018714555,205.76180425995733,0.4280707696892174,6.198155577284481,14.049904118761757
0.3318479627543081,0.7835048747528331,967.1273029662354,31.265660241034794,22.146918341552954,12.617707045361257,234.79687635250286,0.5331332922508423,0.0,7.343166359242174
0.07232009217315047,0.433860408498624,720.7787776312288,66.09687251450228,16.038097390804406,8.012680494395605,165.68602284705804,0.0,7.375895246452334,11.791152237394009
0.36944020101999164,0.7748411087825339,314.5733874004284,28.417587199782943,22.96053916203986,10.38423744632591,206.42620153078175,0.0,0.0,8.81060015976548
0.2328385921548375,0.8508724304806634,1065.3967355800596,12.872065929650145,19.094798161169514,9.602155317337719,184.35717557047974,0.7121667102722997,13.217285089352885,14.97189229515327
0.19336902134666725,0.7940786640840556,1273.5391420312894,30.425328843223152,13.525710063114705,10.395835015262541,214.75920545373265,0.0,4.068252546009385,8.477927106198495
0.23707113827248247,0.7648762729295238,415.1209923833209,32.70155619208471,17.736695694373974,8.948862929689547,195.73178747763188,0.0,11.559780211426109,12.883527389662474
0.49567734476720515,0.93991338882514,2171.884836354831,9.335994346752383,24.731932273927036,16.6109426859647,289.49687095057004,2.729841093052236,19.23677040895382,17.757001807684013
0.3700961523704576,0.5148478190472705,1274.662697290023,49.456760238499044,16.838646693195166,15.431302633867336,287.249959466824,2.744219748998507,17.67564810990895,13.375627936072368
0.3751986214252222,0.7089875723613143,472.1580517111491,31.897770726602694,19.669180904899726,10.877192663957493,216.72283109298164,0.5175455105274519,10.168216184766584,12.190109114375906
0.21256282680919525,0.7993784817542419,645.8581673185829,20.85922898260951,10.597884676544634,4.590995180594723,143.50889369596226,0.1651383236204086,5.047984522340388,10.959324267675155
0.04290508788969827,0.7613426057478889,1032.7590517585097,28.921606809173255,10.666917435276769,6.0475057223487765,162.0323017888952,0.0,3.5515931429852987,10.042052058082247
0.25728904249142215,0.9487628792307081,3103.4241980307384,16.016296840025163,18.542637070966407,19.111634224678184,330.1688825080164,1.058501173300952,14.487466288500356,15.341181635340712
0.10084981242414062,0.6927234879418607,1106.4831187240816,39.572771901881694,14.1548024321347,10.29316366488355,193.81765350422205,0.520649622256812,10.74657355200178,12.292016897340726
0.261102181608735,0.6831238215592068,1521.4407849592333,37.976295251641545,11.533659340135454,14.813531744614556,262.8233371360019,0.9397847356779769,8.871760374428751,15.806561313345505
0.12632906407708472,0.6276162696690666,2599.1260106851596,38.24056939043116,13.843918401986878,15.863218052971568,281.07455569476184,3.3616268840901125,16.704386648544983,20.449552930564156
0.14020287058574005,0.9389962437860252,1760.0154253031008,10.173603981848155,12.671337909109177,13.475963580384924,257.1393964523178,0.6599250460342293,1.4458144185653614,14.071641449576758
0.27208274750876754,0.8939330889805288,1695.1973108550853,20.834973877867125,19.20714918300521,11.366754650641916,207.74817245353552,1.799214669411401,10.636026757937366,15.595273073063419
0.48411904113097576,0.7268157133047666,542.5116529541178,27.637779516503866,21.438509620625986,10.580522321428097,207.07115374275878,1.6794361064886667,25.772444738836764,13.368892456041369
0.7262782275518529,0.7776385080018181,532.1741426617389,18.519034586031726,29.180503426628697,11.693158242863522,214.43478621164763,3.093787156138443,7.1722330431482995,12.484029076759645
0.1658605153387881,0.7927588564081545,145.47883566119603,14.11308749045695,16.532118864118594,6.876709769643242,155.7013868963586,1.3367912460638456,6.378028417864861,13.547022422838475
0.17068640844375632,0.908456184304703,354.7090791496402,19.387831912994866,16.240179630911175,5.884154997041458,116.60483380413504,2.482312375102487,6.710513744755298,17.200754531511162
0.14586342953083872,0.7791395354629822,182.22069338897458,18.644756931666272,12.50086188298495,5.263649939028189,101.13756785148942,2.0789318999557564,15.781361448497938,18.095777916558717
0.4573235675330277,0.531236018958352,464.6585634609326,46.61632195696138,22.770269197283593,15.462604562317683,283.9074873404787,2.328147777027473,18.598051456796103,15.503162822207287
0.3184342238081256,0.7605704001409587,287.72658610954176,21.6576876186297,18.26790629424303,7.966971541145598,160.3554855936182,0.0,5.6573164837143075,10.760717914091515
0.2490716978604628,0.8042147914599269,1461.7362656869468,25.870825156838034,17.10704654971125,12.874051420521335,251.11695572915116,2.5058311658961303,16.981830789811514,16.296645691467276
0.3965828640267464,0.44792349062872866,150.30776209508193,59.02902785973199,19.108021570865233,8.494478113559731,198.10292409993906,0.0,9.059744580635833,12.861507791923056
0.21408661179059785,0.8434892809309289,742.7447940992259,19.332055534893623,15.968109769048768,5.795748238325668,141.07333744311853,0.0,4.773878047948628,5.5900910068739815
0.31842900441901484,0.6433454630043889,284.5797141878347,34.93927968165953,19.449253643746182,11.703315851838042,251.01400181775517,2.1071641723432926,15.973405260028398,10.949454913771437
0.0864959219402644,0.6763170858223887,107.05741033536947,30.582982258563007,9.732342820529215,2.346731701829011,87.34060048479446,0.0,2.830428312106349,9.567788962442787
0.6288899297023545,0.8935548857306255,1478.3948724859595,13.8703741754264,25.508283497037038,15.326009525388791,297.98601758186464,0.8588944956161635,11.064396891268022,8.89485158470625
0.5097021589551014,0.8819006157270969,375.04488743211044,10.791902121423213,21.533880964713322,8.089861783369864,178.0136518178248,1.0911538621290726,5.223178470693116,12.313485346240157
0.3197677221847672,0.4835435195049624,372.9739281697702,52.426029144945645,18.86781081337682,9.637304778456167,186.92603074149267,0.2558432648000246,8.420265492165328,7.45593713573653
0.2511959176842995,0.767789987261504,739.7668487353826,20.500832729674457,15.340670270215846,8.059829683421922,158.00527782893218,1.7131758454735402,9.437314674930962,8.340499044356545
0.09904278174494474,0.5820952940542887,1872.3673915356646,44.03627336640514,8.978308171385965,12.887935298058288,231.33551232832107,2.532265195859975,7.310185974463429,11.194891712037462
0.10162538735368054,0.9742939288122249,2322.5779796701568,13.545869556406922,11.56897959933725,13.596855205097782,243.0055950475477,2.401487620422889,18.877748683729045,16.798331099740807
0.5562630111051101,0.6921902664697092,2202.0841177156276,40.32121481126177,24.28518673661075,21.91705118316357,386.2919564933624,2.145200971254429,11.502742284667447,21.54023874170877
0.15455343365346957,0.8050347873589305,648.5454460926012,25.18552739745186,12.674502751625141,10.235834227775934,201.68977228091632,1.1670521596337529,10.8136782542148,18.74343511145946
0.4143390857111503,0.8392800014649693,1668.7450337142434,26.915758007580816,23.43352542773155,14.454098782325635,263.9846461931145,1.2976163634895435,7.329253655752726,16.608007688224887
0.01812187955234562,0.6012124877679884,1393.1477640515768,45.12686780291717,10.973554449202354,7.80329218122117,158.78678202885814,1.207963926488159,14.628505884273181,8.5009032380048
0.15185674787074221,0.8593452240461031,527.2474755089994,13.671456479026057,12.826803347068463,7.376735886568467,180.95534506249822,0.0,7.312324009313191,9.941860331160784
0.2826710421526896,0.7042965772037892,245.2556626664942,30.831530083289305,19.243842507785946,10.549977957810416,190.77868971332364,0.8964133688500864,4.742682604954652,8.967539907249604
0.23920600256075397,0.5964477606397727,1344.5936894059541,40.9998299411759,17.160663823423626,11.21856843942572,220.85303402791058,0.44470996745599034,14.040711534842364,6.481108526697563
0.2734298465356383,0.7925378506163722,1468.966503575536,28.820441022126186,12.149670549023014,12.360099667218122,228.0821652355503,1.8511282927776072,18.636526782402793,18.816032896074045
0.2544737659239495,0.6740076689892142,363.26676097942953,36.561335778318785,12.444526980043198,5.453990613333489,132.34133358301912,2.0560707906901854,10.7734803890807,14.909285266676454
0.6616929417612617,0.9301548963560338,1495.45934256717,11.585477252592655,26.21294076998234,14.79939215173863,269.0962849238586,3.3793675623375883,2.512287707886962,15.807712718073908
0.297090973103246,0.7500303201845157,763.5183034613946,27.098102412354816,17.083964857860238,10.59893813419119,213.25746274681262,1.2273137090832702,10.542329512079663,12.099021438802144
0.46021603001141637,0.658732166866597,3505.7398615384727,30.39695280319905,19.57379416012538,24.078133686444975,400.48382547774344,1.8935357859285926,16.869761513871843,15.766794861635812
0.261671934895861,0.4860284491063093,2302.8968678830615,51.3562746498401,15.222475239210617,20.024147248519114,364.0972725034678,1.1607601448236902,6.5464137441189685,14.208192596221977
0.11908931590360884,0.7115916042827871,128.00277798456787,35.78540746977455,10.342620218716249,3.8104841895947477,108.62910158146593,0.30711555641576854,7.231071918857365,6.552202701392155
0.31478852298466814,0.7057636931969192,2364.1955702366995,32.633758042051106,19.386942303460682,17.444335756865044,299.51977882263026,3.1242418289046228,20.96227008054905,20.494403062218066
0.5715154571512349,0.585459753333568,534.854964175711,53.31844039019114,25.901607039290713,15.010880221842527,286.50575735536177,1.7336817367085264,9.898062622134084,16.76173863675309
0.614130364721232,0.4539567559434857,705.5457816828215,56.04738409753027,27.741393075630945,14.243471533674985,269.43386043363387,0.0,0.0,7.798565125745867
0.3624506000321312,0.5954437636820791,1424.5241455901423,42.18015151705285,19.51665166606916,14.296067294913158,251.6531184988442,0.9874234097968835,13.78551248296576,8.37826316806113
0.6915266379858033,0.8227789357445958,1565.0451492523525,18.436145643746457,28.21506165759917,18.155261647493766,324.0630994836648,1.344112494797045,17.433831139185344,16.894649745491485
0.3005186807179702,0.7612593528408248,1442.3589896318676,28.530899105235974,17.237979945727908,13.25863615993731,258.768141493151,0.7748154963386635,4.37596055438371,16.37287269866973
0.2595300513271991,0.7187368330524982,831.7060349967632,35.95947785929855,15.858992172888462,11.88965114600241,225.69556384340694,1.1657530774427134,5.176203171276853,11.39734684174528
0.1533999578507599,0.9264211284769925,261.1726456164032,12.252452661634937,19.176567492187594,7.556387653432083,147.21839455713476,0.6853821975683012,9.108449399293573,19.720090124898178
0.19486899093494991,0.5036295464471761,1815.4297757444042,48.70133301028543,16.4064313290331,17.271887144055597,320.1090262489658,0.5431517256233735,3.901411091157818,8.558401075904346
0.2090035395367487,0.7112073225204373,1018.2846916137033,36.56743759407644,14.916178699545734,8.78763645866569,165.56496142895307,3.285019774862713,10.916524712839637,18.772545497310986
0.37820611617539723,0.7138540033606741,102.8212778140459,28.233836365711014,19.250531440143142,8.176062208432233,182.07506932041557,0.4588672108301481,12.791843671000986,8.432582027894632
0.5083434538059877,0.8859592100004631,692.3160178008386,15.43392863807496,21.35291058990311,13.292696503778723,267.33428656148016,0.0,0.0,8.396291800082682
0.10058522965223095,0.7793273674493892,275.4422916703092,20.527705071182382,10.625185045797119,5.76451342230048,133.5743370878262,0.0,8.55722894481917,9.979131187212426
0.6111322192500754,0.6906120208682166,216.75923171730946,25.141619782873097,29.68367559611634,14.061487010831964,269.70453806472943,1.7363213575752947,10.944872850303348,17.96742520940204
0.9025776437002162,0.8196508207063787,149.47625325400824,18.7504377123256,32.150834005643475,15.88088744106409,299.3416042974009,0.8332236694040472,3.8222247110822654,17.625318557612914
0.012695157219996379,0.5019826173277053,770.0220659606096,45.16137120359351,13.726614098077174,10.68074539675431,217.47538010844931,0.0,8.477780304709496,8.54920266932364
0.1276489682246331,0.6170762916310933,322.137984549709,43.48970278369297,11.528466715739247,7.430686879335061,150.16464588862237,0.0,6.065437966099065,13.031017918888844
0.11462176797470497,0.5433981031879862,938.5950118634678,50.176634870945335,14.175649670027012,9.562633291229929,187.88680444999108,1.047842646222393,11.951028046909261,8.772694647165387
0.18078202579610517,0.44856187291425015,350.68763190820954,55.05896484626941,18.689833696282463,11.38475515433597,213.56711737924613,3.322231666267907,23.336054619818178,20.502992095721662
0.0418293251177561,0.6698201476381123,1487.5134280873415,34.67242359398893,10.743315729409233,11.87022481903853,230.25635969195406,1.4363869130509048,2.392334970053353,11.361222013015336
0.24131447274835696,0.8465317703768538,618.5096734801048,18.72588004219144,14.661469996494747,9.186597875944889,165.97328900759126,2.096012621536414,11.213053382563,20.085216668491086
0.15077266535441447,0.8237441408450413,920.9231573363292,19.773430348041312,11.871576294637395,6.846867622107673,159.44927289687814,2.0490575999589784,8.609077165876071,10.868984743032502
0.08249330570722294,0.9434351786293614,1402.1196799920597,1.4172203221560942,11.377916809429843,10.301838218059093,197.18367213734007,0.9374497902545448,7.607726016594334,12.721684450350756
0.5199898340006671,0.6455465690027745,519.2298167305298,38.128367971874624,21.428479149876487,12.759673168486936,229.71953537489134,0.7472823991507047,0.7032565291560076,5.6121743196835485
0.2760543909221852,0.9101284184946902,1432.3438208017385,15.335845977751642,19.43264689454577,12.403447309166742,238.11538687642292,1.0434460561576966,12.943561299430451,12.277160378514031
0.3837923433865795,0.7169461511491857,3081.72890250483,26.104682545113587,20.273699453338224,19.281259311268656,315.38520160338214,3.4612660190795874,19.146631825055653,14.15926819774472
0.20960267132920074,0.5824567467672901,967.1188411191722,47.83874961885968,14.897459259055811,9.907062117445596,209.26660793430625,0.06682221181674908,12.432724684335913,8.303021081875574
0.2471137998323796,0.3701675230560446,815.561901420322,60.280161832836754,12.549969051845093,12.175582296181716,236.53756399201995,1.7305421841168322,8.602448034961984,17.32879385261763
0.09967735847818678,0.6376297156336591,308.8257908286428,37.552983680362495,14.916158250866417,7.642532531148088,165.64488717212254,0.6446807161226804,4.355596357052847,10.870177440109805
0.4273916167083879,0.9096190920260674,3124.6524176322287,12.243097808190953,16.81063815852718,20.962189950667803,375.0289375431593,1.309781103286426,10.8440970241929,15.332760160310366
0.2707179500399947,0.7935842013750954,1086.5205014596586,25.421596443517817,20.64015362821338,11.227861468822601,227.00585591279986,0.0,7.710321648436979,10.66348078871363
0.27785918028227446,0.33460813568377,1110.1095863440426,70.74070660181545,17.585482380859,14.385631280669191,247.23395062247783,0.9147981687146001,3.8987767401384934,12.39135285564083
0.17817076892620254,0.7927220337938347,1999.46060491333,27.73312222753539,17.67221129898868,14.990674073567453,264.304971228929,2.2598460151804938,17.43001733915765,15.596889780144135
0.2554177424847008,0.7470553620665278,374.90778117606254,31.949753322803765,16.440667954743628,6.202743803162232,145.11122727454753,1.8175795351844457,8.811002659153562,16.270321907068514
0.35604665128008145,0.6073076074771895,965.0113886236991,43.194116374684484,21.692539465586606,15.67172941800379,279.71679990435035,2.5259108445540814,19.43514971804778,13.20849247369267
0.3283893520342198,0.7356751795998145,823.2492236766075,33.66856521487405,20.04961908543687,11.416550312856936,214.39236516041697,2.6273239052865023,19.96490441851793,22.784573505066323
0.3263624838330685,0.818789561871675,447.05133189071165,20.305895454981865,17.931064104319624,8.727943518526613,174.87991905874745,1.62214945872222,11.101083428293315,16.084803884435686
0.43556635615596484,0.518806188095677,558.1877970130299,50.846790150228955,18.651833090214527,14.188468054358193,274.89184082988476,2.9929697532804376,18.43729977583531,13.697096105558206
0.06107046840570485,0.7487378179366956,681.2128428363161,31.021930054077195,12.310425074690729,6.812087038199154,154.29140724068526,1.5445334889461508,6.381534797928069,12.53374095035249
0.25161483537342944,0.7325112227806474,943.5390185732053,28.294800303726284,11.643894082092254,10.917464244749135,212.48275098164285,1.2830182750683867,7.512780345174754,12.167255571347537
0.18661929716571377,0.8009374869574716,591.6054859761269,24.019346949704552,16.881267918753245,8.618487724887451,176.72940284796866,1.081128116814534,1.0901064438694128,14.670143849103123
0.13071862547413649,0.7701161101631383,1570.6822173113785,29.93866516435135,14.939116594233234,11.455484606752439,231.85818750382603,0.01074228350150963,0.8068407488194387,6.57252080274211
0.2603865487608747,0.671928131459857,1708.3335357258738,31.747905099040764,12.716562410286983,13.310012316427095,250.3106933692688,1.6719442420939536,4.447098381183826,17.5507508240723
0.18780172196920145,0.7051561527192024,2364.0484459113245,35.90976157399236,9.915239810308584,15.260677138555941,272.03440260213443,1.3497539674369707,8.862725296352075,12.243143097895537
0.23431843458734483,0.8226862181939539,678.9281673871616,16.006316017173205,16.022629492444175,9.217758992534609,173.14455232789805,1.41340522398517,12.167855024259662,8.861733591861997
0.03210098214269667,0.619425775290555,783.4882989015642,39.25582804428907,12.308739587607233,5.627703479343814,126.49567023673987,0.40404397199778197,12.198186739993918,9.372057775132133
0.5270530138673587,0.5105098346498809,544.6647011111841,50.177870872724704,20.205472424754287,13.509709827605079,249.65061004743922,1.7050124980077563,8.491203365729582,17.613071840451354
0.3990129419864593,0.6440957888830784,1042.9369388814534,38.974219364649244,20.03707670250364,11.30277041691404,218.82095841819117,1.1997988952031535,5.905072209379124,11.761254800089935
0.3521043620468607,0.6672910585585117,1584.7528562066827,32.997742580031925,16.344467517973488,14.221326326816719,259.8082475034135,0.0,4.749657158198182,11.63263642676651
0.35498503301013856,0.646192583857525,1370.8638772599606,47.14856590042394,21.173162870857546,12.313718675712709,234.3066224234695,2.7132585339746313,10.24765897610398,11.337611532740898
0.23595300911254566,0.7176211728855573,323.2331642819932,23.171926344475494,14.188516858466517,9.502721433228027,198.3484395974778,0.9352204497810972,2.079112119304731,14.23009610240272
0.10527390103941084,0.5763546343879747,337.13592528446463,50.97244315926269,14.676287745335962,8.272075738651429,169.13679093104895,0.0,13.91660885325712,10.51614081354618
0.26435493500695295,0.7172151197316096,2055.3722240066413,37.75527380814196,18.10828057828798,14.54858300093989,266.2622972517644,1.1808514422129832,0.4089416527377381,5.918816846541413
0.41931906844196265,0.6832170360294602,170.89795230862345,38.58792096648045,22.434677598416854,10.45773300920501,188.5224103940957,0.38546734557190354,0.0,13.30632738659375
0.48554734219317597,0.8449635968997745,1114.3023817093842,13.925936101355886,20.618616153695935,14.732174437081802,280.4640931563432,0.887955517689636,10.502617702601576,17.485927969554606
0.1068355929249987,0.7193941596881349,1389.9889268168156,34.72778534659215,11.80531965465647,9.784324226695881,205.93558075806257,0.0,6.003043424078324,7.532308588487675
0.3938345952362958,0.6895487231540722,2436.0744302561743,32.18599220355048,19.675817832260662,18.410240086487857,296.8641712095679,4.5640567804741,19.046465679147776,21.751598698194556
0.10668964193936398,0.27429849719255406,636.2090109447247,63.874789397121035,11.540058830258937,9.198094806560425,186.82896165907567,0.7329282753618012,17.51031199934169,10.195356286848117
0.37602000856595774,0.7391572199690775,114.42918234991893,23.620230132776996,23.376909183232435,10.048588470378359,205.74891932948512,0.0,13.251573348868254,4.298134462698865
0.07009704135119456,0.5147691953668517,950.3734781234251,47.72759875729053,13.296819623899957,10.460502451600684,204.322856575105,2.9892815027716093,11.787655019025475,14.432643575351527
0.12452826287189686,0.615779249069586,508.16769546134464,43.42474491824234,9.646568457367794,7.598242872219129,147.49472181859528,2.0427869719086167,16.894971271013503,17.787552408676852
0.27167853433985645,0.6796384795926756,602.6276180818088,30.77335541454605,17.003386269958966,11.670566965314416,223.1788390881121,1.5824741029228517,11.747581315192924,15.154904293472844
0.29437910222422564,0.746037783530733,1513.7522426150822,26.146253650028914,15.265627312401023,14.46308156368422,265.32660885344853,0.4351006968320146,0.0,14.030140148035564
0.08257511223259079,0.7292037512271203,411.3248213672307,24.227481674251163,10.364299888547203,5.852344471731795,141.16948632785372,0.3520321960439652,12.209301562018037,14.43335956505203
0.17901608037598107,0.49371871039997905,2170.1964888330463,50.89758250100847,13.87184816888486,15.512764333031928,266.07550532340633,0.9609425302845609,3.328048881015963,10.130371700847462
0.43049000163006446,0.4846292247915732,629.5288771568405,53.4544880028569,20.89048547535122,13.507451990472651,260.68078118366185,1.8574895754417453,18.808826761753014,13.764986796171012
0.02948408286899073,0.9377641926516244,2007.6991028602472,12.007285269493398,10.571438776617748,10.124905975796228,198.4298293641282,0.9832873376131146,10.110315811635761,17.19422041559919
0.13584743689475917,0.7722075979568128,1230.5423691921333,24.522053427388876,12.516317281603826,12.084220587207911,222.68782411170505,0.6723651510242566,8.55917943175896,13.9291172698738
0.2272403943275046,0.8121432133081752,165.3540832265552,25.090157148739916,17.797544832818573,7.4121345820956686,151.16819885080724,0.7875424309561339,7.09854396404851,12.839807968531941
0.5203617828730972,0.5915616063977897,428.64288266550335,41.51379181205249,24.332125191293805,8.526756659541253,179.55367069196714,0.48270371150897073,15.563543536385975,11.052292951500517
0.32200247192526854,0.6659037386318132,1681.1453048735648,41.31257989393284,17.990313815247298,14.569886902746287,253.899153324435,1.419121355271434,11.161830368210683,10.880918331289433
0.4705876841158807,0.6305460587569498,130.02976733061234,41.9781477334002,22.12423577250183,11.42307033933398,208.84995526557694,1.8678474771263134,9.472873235855964,17.550409641829706
0.3400605336647969,0.8946504344539167,772.8396008690363,14.954689849792564,20.957933974949867,11.168759835078882,212.99720771077733,3.778842254295827,23.503458012469636,20.264430322151874
0.1494666781670072,0.8752908262637522,306.1017619368745,27.740540927167693,13.638109410250525,6.471129910701063,155.9973021880632,0.22797589053799727,10.421583315085686,12.65147964581651
0.3869370318392943,0.7951066533911331,1741.9897012576346,24.7143771121952,21.976864044981944,17.73789774812533,325.1316952180954,2.1529475471247057,14.617724499675475,9.825389433570008
0.07087759897007562,0.9118496123863875,217.55332384781886,11.27582088594039,13.349983296682487,5.938509560383371,141.68680945087166,0.0,0.8911682835307291,15.778943932724689
0.2248863919939273,0.5709601073211676,647.4293829290937,41.48895786789425,13.995104819062144,10.673548981365641,222.95373222425832,2.4388638844588053,14.011900593801887,14.280290090683437
0.2673388171600149,0.7130951296632463,1793.628636207742,40.5653807898532,15.81731259994976,17.489127431962295,307.29689824486366,3.0236983327512403,20.35467774913981,21.22117590140213
0.0934301382841767,0.740873089862416,261.50593002346466,24.790579490462342,13.807335479824099,4.445700618457863,123.33812285140127,0.0,5.285229083362292,13.105489054419957
0.30695819394983337,0.7118361088678896,289.0534506726093,41.33340868464377,16.173010510096937,8.549522520149386,178.33178521351394,0.0,0.0,11.928641141030427
0.28858475342124507,0.6528898067823795,543.7617374496733,28.732696781121106,11.947678288719992,7.720427311163188,171.54446966966148,0.9630646780720042,14.182575947252264,10.396275655275979
0.04075802956521947,0.7746193584780694,974.2480694961572,26.838448520894644,10.942834201619121,7.585576548129522,171.82369358918572,1.1166964545035984,10.537713869436375,10.451159900466084
0.31514706516009106,0.5367742539733822,1087.785285647885,49.42507325816712,20.083119969117746,11.092113695326185,212.60335565116236,0.5362497964928749,5.918439329561244,10.466400173464026
0.34714862449461,0.6037883575739402,742.3773671480586,39.80200699320543,14.672430057408409,12.49362900017688,226.39227591280942,0.08147430252934873,4.758433551937828,12.094286100232614
0.14110744836545927,0.77334886272857,966.3643178825603,25.44444654468748,13.221847366577762,11.103429496227852,218.9008679256165,2.1930942190946316,18.74383123937451,13.62026943167152
0.20446843181672053,0.9711639438081311,354.7170867452033,0.0,15.563532733091696,6.6009522447430475,152.61419373445733,0.23595693546886304,10.967402360187087,6.5220564950075
0.14925185277649033,0.6817481747423167,456.05501962438353,25.070114352811892,13.03143211531542,8.746716607125572,192.32279204066919,0.0,0.0,8.47044768192005
0.1321494946420352,0.8453248211252522,1221.9166451689523,19.946367110371305,16.966005855639686,11.96783856090457,236.76129052570903,0.645283435448744,6.423872831204344,8.431327501773854
0.3570503219897234,0.7663374204513488,1936.5351597248912,24.656230350242822,18.198747146191607,15.685923505195035,287.77001615554417,2.172332633402695,15.263198662412234,13.707217134978952
0.00471208907692364,0.4825387844442157,294.0848673310791,59.786207108910894,9.440624446945069,5.181327600876161,128.13035792886092,0.0,11.702533313395277,8.756551916479072
0.15686076165991736,0.24774473554914037,273.9043127490389,72.49617362954875,16.88339099329412,9.954292488319723,200.11557983752695,0.2670097180919505,12.179615677672693,10.235839143191988
0.13916565049466892,0.5970282638625134,249.42383449690752,41.06447822665636,10.867661943599362,5.034200372590897,132.96316753829228,0.0,5.937327486878209,12.896404891375106
0.2836614719262317,0.8346606422769725,520.1679129706853,15.169096589617524,16.935854940678922,9.828718698697827,189.87947895150805,2.4533462777576425,10.515830249032089,16.697983301345396
0.13930283792243783,0.6965215479908271,634.7263955376951,30.792453180330888,13.087598720354563,10.52639232860362,203.52750943410118,2.4008410685553647,20.37992799077794,20.12298948114156
0.37670117062173286,0.8076151491950633,860.5710538687932,25.395715802190608,18.703610764842384,10.187149727544073,205.4058933176036,3.156983873380056,8.246979431898783,15.918689449208848
0.34707789596160676,0.5668494818225189,713.7229645073783,46.707485473070136,19.263379802310038,11.286382704728675,228.385473139651,0.0,0.0,11.148052728950116
0.4068842486620262,0.7998867727234161,1419.0252111221398,25.930729587743226,21.533528789586533,14.170975413373204,282.0720427545561,2.240219668755829,18.202593634141152,16.724085739397005
0.32130345824107587,0.8829651232265066,562.0807826897134,17.011625270739465,19.187155148636727,11.3931650106178,228.6715572905411,1.3227890059518554,16.523264899897633,13.44013017882119
0.7722734493993568,0.5057981208974187,620.5456740725178,48.37730117896349,29.771148994773984,17.0804170606574,287.1366640137424,3.5120132719057606,14.678239637265376,20.096176256332452
0.21155552053580373,0.792049267041284,83.29234385474282,31.504354831167085,16.068928999224468,3.388562309890691,104.92634889497084,0.2994317561456452,12.468318318122593,14.524648322347646
0.3359953317795993,0.9635690109540506,552.2890830095209,2.7956429779784413,15.604465389791418,7.5492228915291015,172.93342119446115,0.0,11.862603108341515,12.363619647100817
0.24106621581898116,0.6454517474471106,760.1443241018806,42.41290961035814,15.939470916440266,9.430062009102013,190.09443690437877,0.0,7.541513202532942,10.83282530960905
0.21726839084047664,0.7251513413544657,588.4742217513016,28.71364212794737,17.97254546154446,10.690670966811977,212.2185531170112,2.1008539913019244,2.9368069535396444,14.166805815867288
0.12479904355062757,0.5402890120320591,780.8230554199081,48.44872447178589,12.22751215040261,8.734683154690131,199.451462332548,1.0809386168113728,4.100580218510959,10.730704189563642
0.14419614605906328,0.5504233502649692,922.3765709270328,49.66117567222165,17.44350893714056,11.826836859286669,212.02291950778198,1.1895509679916207,3.3186031369542253,11.823828182133191
0.375414274873012,0.5599510602417587,2187.5922933335287,40.81286351062963,20.41017324179416,16.164165499166607,279.6318744850726,3.1084391737433927,13.955977789072312,15.007533955293296
0.7192086810660427,0.6564410407965754,1142.4060153100183,27.859498769665457,30.635384129234403,19.259367113796333,341.4288976053542,3.868841499649441,17.036945655678,17.252359925691298
0.1263539711328281,0.5035591108095993,873.9475448771524,51.033078828991975,14.223161922282552,11.477366886658162,209.7879905649388,2.651588009262104,17.172189745749353,16.781257197291687
0.22626646633598607,0.5960725467619874,699.0162826394394,46.71940364730191,19.151259986359975,11.638058585694635,205.59943429778065,1.4592645496889478,10.427283597422749,13.66340256410343
0.2651950221517404,0.7807741874577883,622.7398183114356,36.60556583057115,18.602395842908575,11.051903365524971,211.37407328013904,0.8186247799964421,9.212930519150415,8.716614609656572
0.3568849455227659,0.7874332581334381,1304.702398559579,17.26770488911998,19.783156532584545,11.998117593573538,199.80378549380436,2.7087652693895556,17.467775598930796,14.214445873190051
0.2862393701156844,0.6229293387172389,921.2062283772403,36.0987207545689,17.751384954287662,10.971470081269489,215.2760488271928,1.120556612187919,14.88051306647115,12.181970913417112
0.4060071710483327,0.5793213326635336,1490.9832057621861,46.19685132732856,21.199520511748045,13.624783205195325,254.9530491569138,1.127187411957015,3.003015772984849,14.85216614354751
0.33610333679310567,0.9138081037961968,1746.750702910798,10.995395825071892,17.78326917070385,11.700076748822815,234.85743859193383,0.7072907025537298,5.0357582107582815,9.666355719896776
0.3031447341826163,0.5553554840999182,527.7404633653306,45.162307647447186,21.23694389108201,11.647816274330175,221.80440651208264,0.0,9.260990153265517,7.663534894342298
0.2906652698750285,0.8278245208872189,1822.837195901396,23.499489380264347,14.518456183115443,12.613337552218937,244.09735268878597,2.2180270349022346,18.250967958613366,14.793548424096674
0.5166562233623143,0.5004865204789988,993.3386685326536,49.64848496748844,24.36692963033418,13.56256540437641,245.33471493237218,2.2922601265883635,9.078477888049303,10.22875039291473
0.36302337223407943,0.7989267900679539,2007.7751204533984,29.137834039944767,17.237040496585728,15.8782723397907,304.39314829803516,1.1075035835415021,17.91121700645305,9.57107880863674
0.5778858954695981,0.6589971305354947,1789.4886677567938,32.08990595557158,24.38777087761274,19.2375707552232,335.2298619785144,4.297336519928755,23.918522224462507,23.03678452144868
0.39720513525211015,0.6390758502019805,447.81506209977687,40.34398984612536,17.04630999519427,8.755393058653034,159.9237710556085,0.8626376211397702,9.068522898571121,10.499192450573089
0.29003765234109885,0.705617463292833,687.6350688566778,34.640648959640714,14.737714246971185,8.943819850996478,185.70586749455663,0.0,10.043060605210737,11.02208986936733
0.14414234452207755,0.6471553612257128,638.648057912967,36.83346132022757,13.489723965833232,7.519436128728773,159.61745048881485,1.0544571818843975,8.207343776333675,13.112621515415258
0.18372519032200482,0.6806634161271521,1163.501658818471,30.631547958704484,15.100189011997736,10.099093234678119,207.60569767052328,1.121053836224216,2.2148833603777085,13.358694700851048
0.42779249903950256,0.5029468549767326,622.5195710821574,46.83335054167601,17.775967954766738,13.832752872134868,266.84599306200386,0.7986885165112034,12.504075869019891,10.189250912116863
0.0491906079792103,0.6005650724940685,396.7990006914619,37.592557438880554,11.953091043335787,6.373074665560907,139.09435773326493,0.9080451203713701,13.01080837143449,16.582692542868582
0.7349990219542356,0.7386525894481187,506.0564749379767,26.541905649275115,29.74878688950227,16.66299344197415,295.83898652986477,1.0007735509157687,13.900792349499836,10.885040748115031
0.41780837033898827,0.273492986465319,692.4285152451549,71.86313933915847,20.388645166604327,12.83615943577965,237.99869548105318,3.8465763085534554,22.47108786410396,22.571520740810122
0.5583504304228933,0.7280652654517907,1729.0612674152217,27.5157467067508,24.385780434448645,17.513533438239435,291.326469128991,1.0169999309784135,18.179626787947065,13.707577946182626
0.021938253858116628,0.6535939501349393,414.12624397244105,33.36179576780802,11.25091842763766,3.411580294034218,109.77807362420711,0.0,3.3053900241621994,11.784779200738194
0.1128782264384376,0.6559259432669282,1812.343840504939,29.985517401137653,13.486903577489993,12.90214840414012,242.41945203783922,0.0583182094649064,10.941537345420947,4.188393233533952
0.739171705471728,0.4084488093601359,231.2779671680846,53.328646898091364,26.320999336859664,12.101939749005245,225.4888216229486,0.0,2.6413746157525706,10.555578252499334
0.4279633955022584,0.5938064588159085,1066.6099294557773,50.8969941436436,17.852953573016283,13.472541426934235,250.98858283573475,1.4990688051458407,3.3565213467138086,14.84377164568255
0.15278213937201732,0.7239148870686127,411.2215919225911,24.833991297406214,14.879369543525026,6.424576796630457,137.54768875939018,1.2737905582490474,7.162786686656299,17.00500048389493
0.2673706078172983,0.9915096954698135,776.5400994235209,9.69491965115111,19.609795299951365,11.577344883215567,216.6637593093801,2.508960672239624,13.115211778751373,14.386672088534704
0.536874021922901,0.4404084654700557,400.86719827688836,50.455518204375196,23.648363641946368,14.688369606790586,274.3124310104235,1.6415192348494987,3.8969334711649477,16.52387511286427
0.4228093177649731,0.6736449865139231,3741.1122675693127,36.09470095822091,18.66907304715179,22.25008118616797,382.6578933321545,3.753016393746336,12.448358610560154,14.61331387577855
0.23620338845675434,0.928845629598918,1643.3715205611645,8.315613961685518,15.297149838847238,13.209438744746372,226.43270304373522,1.9474669215371656,12.61736798160539,15.425514619349105
0.12491158407120388,0.595597905085101,365.2166156914897,43.604448057304126,13.063073482751708,8.07488358269199,189.13775536519242,0.0,2.7174313502774865,6.317138126587006
0.05592229894089938,0.899864416563907,913.6891951345239,13.273447626145856,12.113904130008402,8.94922807060944,185.36702090670371,1.2275187481839833,4.855926069065449,14.34747178407185
0.442110496117059,0.5626451449043959,471.149692454456,47.02662915409295,19.659604834561165,12.092933536244061,239.00929511798836,0.9982780424925661,7.462256413056178,9.43563218223987
0.22959017090378725,0.8989907745659538,611.498503060608,29.946634574299893,17.648018392019296,9.946505360317389,224.16472948167433,0.42602764504305934,7.113223054995963,8.50305380642029
0.3250535902710056,0.7132042384194133,1158.7133542682948,24.647126523242076,20.727983094643264,11.829922509032311,228.07914501939842,1.658737405000773,10.765459797997064,11.686325875520282
0.2653154310645203,0.8699487386367437,640.2986295555556,14.995403776774344,17.34563395385806,10.276054276843876,207.6712984104207,1.0851474043380056,13.185458530861354,15.543302267756651
0.5224810279263944,0.9092949498432401,1897.1614750689075,16.160689059278706,20.88367130968117,18.699878900190352,335.8663158777225,0.8228501800581765,7.093407151933212,8.809031631363148
0.39482805727530473,0.6878988248155337,192.38175611351045,35.363143382059434,19.72271393373094,11.522489114524966,225.74735658842604,2.2758735080622365,4.1113220438443605,11.897858962031421
0.41775158472076407,0.7630990973295833,931.7298058543133,29.201004613908584,18.91629206792877,10.04563448619723,202.78833367208813,2.333310645554816,15.388804786155928,18.300223103690215
0.3737162484090986,0.8731461932903756,149.3184782873449,15.200780064397097,17.17318337890891,8.32905378460849,160.83129750083424,0.06534232550768926,5.797343425774906,9.27919545275566
0.12074177925517005,0.9178076946702649,1357.0933630812378,10.087360710575517,11.383955567633866,9.29645240583529,190.4580696175712,0.10364357024919224,6.885117707033408,9.434567366423599
0.08339302588432825,0.7300532534407681,1434.29955097811,40.68551730284374,13.0579218181411,9.98584204391151,182.3572695069528,0.9593733305712075,9.493221087015714,8.78762024630522
0.18518246386364706,0.7600764953991344,616.7264841076359,29.653663567876272,14.599192289272148,7.153586511182043,164.6451766744168,1.6673501843431429,8.541918060939187,17.50703872442474
0.3524512184651469,0.38016966970782606,1084.343633767809,59.034040933510894,16.087709940137454,13.411366900714679,246.76233949999175,1.7671584953499222,15.414893386562902,17.144601875038706
0.14540827315914123,0.7648018973061596,1556.5164044914256,25.39261994476735,13.545592649620348,9.221080831260094,188.44223153640382,0.16160371918325145,6.196621883900282,4.06757689114061
0.5012437390647946,0.7135453596166723,2368.794220615906,20.979405140180823,25.17430082189682,16.436300521836184,304.4587768603971,1.9934702305566125,14.230239911838371,13.465515661917852
0.19013328288214967,0.827574839324175,750.7754159503614,19.600955089239314,14.435529786550545,9.05852510182129,183.10962920157078,0.40756610374268964,14.25533776825778,10.92131940224414
0.6143918806850329,0.8875138298677526,477.70477014227777,18.08462078661718,26.966705554846968,11.710492999923238,231.2746986324013,3.171294365616365,20.92796787204074,16.245421759465682
0.12247026188315457,0.6333009408626636,817.347530943736,36.47091065831322,13.819943287890776,10.024614373130202,187.19061445833543,0.17428046674889797,6.256045892355154,8.133006995800844
0.6103472618194562,0.9584852446834493,356.52276724389674,13.063023856089492,25.59508822016339,12.44894093032979,236.73972177772512,2.580606410238059,12.812009698953615,18.004683963860383
0.23924400526826217,0.8798520064728644,1193.4757503346875,11.58340255862047,14.944213836589567,9.649364000247836,197.55236305362726,0.0,3.41592333033061,11.897947814754133
0.6827694184584742,0.668874067556754,2112.316793221123,30.023833453228413,26.48400174730171,21.50864458731796,393.7165431877015,1.631895830824552,7.457540825873022,16.959662933154668
0.4782815838745224,0.8316274737086456,1552.9544315731023,24.437128250357635,19.06584303703367,13.670427459309325,254.44402446971657,0.7624001063617749,14.880575326794599,12.942920051367095
0.44476052302927643,0.7195965225927908,535.3079030007721,38.24518638359123,21.3378634819996,13.752834533438723,266.1753479790534,0.4160312339486131,1.5196854639487727,9.656977690425009
0.29630024258909454,0.807580678715667,1015.4688779248628,20.872798391907114,18.155883605469096,8.901316523712536,191.2004276130658,0.0,8.597478088601527,9.606279878989776
0.237908737884084,0.4647913193012035,191.75237210905277,48.71671266394563,16.77419552394549,8.779077707443733,173.92878158438296,1.7109383896144443,6.099294101724059,11.05595190818245
0.3268919394735651,0.8555125047161147,288.0219321991601,26.024772628569455,15.600355935128245,6.91751093326729,150.76953451445397,1.8884556849255756,8.553532789031411,12.402486673344344
0.4192039882357942,0.7342009561088959,627.8263478470205,18.4674064564885,20.048769582523605,11.504490605706444,211.85458317894393,0.7498648760633667,10.130834917532397,12.277483517578334
0.34860619154110295,0.8349075538925506,1626.9646353415192,16.22361697500551,20.83823118391866,10.819699644999169,206.61040826942366,1.4638294767571267,4.654764694699112,13.45383627617176
0.28597886318960164,0.6803862646020674,1391.3477353132776,31.41907718869809,15.186282381635849,13.245396582865004,269.4484253209248,1.4295389487846544,8.647159410249872,18.12014588867965
0.2576553799340206,0.7736282455371993,608.550992354968,35.85476621449574,13.432605280130122,7.99093785437197,184.83364954607552,0.4190209193055347,4.249559297120355,14.001921213651903
0.1528278785867679,0.5612603045373905,346.0749789939931,51.83466103130259,13.441472373752948,7.265703952931825,166.99023584149495,0.0,3.422816722559519,16.27681013567196
0.2923341814347193,0.9147969204420685,1182.016130525664,18.082739511531187,17.62172890544257,12.001625160138445,244.87004687028175,0.7822962281131804,15.44528712891426,12.738606104999803
0.3286088071680914,0.9496016261377145,929.7974292954802,8.593966020076158,21.26511507426315,11.298522894819317,210.0468466288785,2.788239209895884,25.036396165380097,20.470032367951973
0.1546012967130769,0.49615199694657425,415.018419924746,57.463859431889254,9.94269543435335,11.091965176620004,228.40395101348463,0.0,2.96520562553994,6.779983313099276
0.2732641952371598,0.8131974948319505,525.8480313395588,27.818649574016483,16.875333162853607,11.95217171088059,223.83670680164428,0.6828259504752593,9.485584063674237,14.30857912716742
0.25929063595040147,0.9327184009973981,312.27926040488586,11.87090259408162,17.048170820290085,10.081359009631042,218.89264378365888,1.4670135495314849,16.452359212685266,11.638123417773825
0.21291824683983793,0.5434701156803334,67.19854187163648,46.211141024036905,14.528517681452556,8.203690380359319,191.40245931431417,1.3602350164414314,18.13911071313677,10.418017504490194
0.15924007669394968,0.8787750208929281,411.6709661139694,17.00837932639827,12.301220296132765,6.95780145607436,176.73083914284723,0.0,3.0732563156788335,10.15986477460446
0.06477462273967358,0.3912270932931787,933.7580610022486,58.53881953402951,10.866578045038938,10.184507588578732,198.64750599554185,1.8261367148449033,14.221813856285795,19.18069766978407
0.21374033255260133,0.4353898494564332,977.0527010063531,59.400149072093775,17.401802477185438,10.71289911034712,230.01371180965705,0.27280162639821737,9.692264136565612,9.336816076935019
0.369600461739228,0.7766140010463561,967.4034726100173,28.10936748801072,20.339630941422783,14.006667795620453,240.73068552332597,1.7691027396892345,12.563255457000873,15.296789379071503
0.47359117596214106,0.5695297378461909,1191.6054932696863,39.963867000062095,25.432009276602965,17.477185548328762,297.4145271265732,3.148528365864612,22.55689812694215,21.986867683604256
0.2718085276910483,0.4663769777755241,837.4470207979123,54.68997526920158,17.4922386213476,10.739344276453261,213.89403903333604,0.8627181164588482,7.759422458434966,11.609598489789029
0.3268808834175959,0.8465399603785458,678.1192549406026,27.63406782390387,18.46779048063365,11.913058879420767,220.876122609233,1.1746270850243348,1.7301435337253448,10.457782747974571
0.2955538301301816,0.5897892551012759,908.0412145704308,40.17427284622266,15.055792313702518,14.304814048966486,280.9531284980893,0.7492499117106792,9.039698113402974,10.098132771556568
0.4871511130422528,0.516589677821345,658.4435802719128,40.20762111622364,23.08438447694336,16.168438732529825,319.6242730595911,2.0410541564671023,13.946155264818081,12.851459477487424
0.3330883769089411,0.5968163649793224,2591.6508958887853,39.83230734826781,20.743565198697176,19.999427499810615,348.0310959080505,1.1879507160270328,0.0,17.74255270325273
0.11686360905991444,0.555647841389362,1292.0127126674713,50.813198333621735,11.962976922492137,14.082955603112167,258.09604927112764,2.942613382073013,11.562442754909656,14.970936790707821
0.06846340222364392,0.5566521249150386,649.3359094924692,40.39898311612204,12.250656144999397,7.894617824488726,168.2954323767658,1.1528211004478586,9.932645437541446,15.119807137020548
0.40712567728879623,0.7276992357403367,624.4800293373125,33.31532435967227,21.45781764504429,12.341126459369907,237.07288502428455,2.279171198837593,16.593010270876853,15.250720656145925
0.4164059373933878,0.7844680292995679,1284.346249060948,30.473806187258393,21.12623408691996,13.50360255776734,267.12151712287334,2.2371046425310896,24.15199412483765,9.998428465677783
0.20556511716438441,0.5239571258083221,758.5228462001427,41.63980054021534,15.826094752070645,9.247902708450606,176.87509572031942,0.9775288040187864,0.0,11.147638393491627
0.27889020678527604,0.6413217755056813,607.5179672443047,28.6094585680063,15.553409462636138,9.245696722284734,183.53653027079451,1.4065099502753804,15.43334578291175,4.290634026952601
0.595419289401683,0.4597872940025272,695.3187452551119,56.19012026298954,23.31712310802877,14.528565025803633,265.42009497428904,2.635679706185494,12.087384076821927,19.748862480922522
0.609156892909379,0.32276599342799683,799.4732298921205,69.4188910106983,24.90307729218416,17.836888688460718,310.15415516734606,0.8803833312406462,2.6270161635239706,15.463222373874974
0.6066931094995021,0.4180441991159266,2098.41815369998,55.70369098346369,28.075936633197607,22.815559920768834,381.71037521876644,1.9100123377269744,8.261075692330124,22.31154541526043
0.266758038663202,0.5278327327180438,1770.4659203379474,45.501235814952324,14.116820944859613,12.989161718832836,247.07962158940936,0.9118892276575334,2.898962731672384,9.412976409500967
0.18828755429071942,0.6216610297766476,811.8111230065682,32.452458743479255,14.630610519398621,10.584941005658496,193.49260286391566,0.7047287181426927,7.548099720346839,17.468725384202855
0.1289062277630237,0.6403986013735476,825.9711467842988,39.71854909489566,11.215692667589229,9.003490210931064,174.66129854317666,1.6079364516965886,4.836276849572707,15.843346804338346
0.516501060446561,0.7295001133124247,1997.3438463456262,34.387261170772476,24.255840557761328,17.1022778947978,303.2252609355941,1.9641180068152566,24.206722972546835,16.469814529335803
0.52488672508804,0.9217575917454802,1347.7218808536338,13.059204234913604,20.221347154070845,12.926440224468461,229.29648201308314,3.9994096177631357,15.104864230338016,19.58922662089082
0.33078266472750495,0.6145604498990466,1972.742763150853,33.78499851403912,17.1778324906321,13.731114223174082,257.19896068897475,1.3746346794188369,15.145590861359489,10.269931686065998
0.14229046152826033,0.7405994726953474,3603.815780130195,27.73278046782975,12.324381508241268,19.37966666436059,339.7969784826113,1.9121273321687653,6.779496703606351,15.844185827462567
0.37007450443430373,0.4587882321546055,878.1824709870381,51.97059982148611,18.957793643469802,15.779461216152189,285.40830796932624,2.315908540928455,20.978893938903752,16.751821917473055
0.34776945652164243,0.6929480554719042,652.6032666985891,32.71614275623226,13.486738548671813,10.349872450474676,201.32205499010195,0.0,11.53263667237713,5.6613312995074825
0.22727538476419434,0.8333441360645023,1403.5411291529279,13.999422235233645,14.046975335117445,10.546619565069243,211.6368236275583,0.0,5.039022898301167,9.66918258802019
0.24987858951999325,0.9125275865208037,691.0155492182166,8.203962040573828,16.80645100331457,8.813581106879337,167.92437360449102,0.575617830454098,9.188244903786643,16.183698177238384
0.23835488985241574,0.3197320367457479,1272.4045518833404,61.126385264728846,14.840949538558151,11.815345662745372,233.19016092403515,0.36027518748359133,4.64163174286864,11.2117691369936
0.6782494956225454,0.8063303340831472,662.7373163364441,27.10131542403545,24.303728952173575,17.582947835288568,300.86765523698585,3.1180013709275096,31.018735827819107,17.478765829695707
0.28874187982943794,0.8361230330945489,50.87864286842595,19.477031097794857,16.540407698219685,9.375368954928286,170.41692354963828,2.1084632474456466,12.031976702199072,13.409386306338872
0.2754463651902829,0.5150423449464868,237.71860921571655,41.77512794189633,17.46366292822387,8.735751320267843,168.6299422659223,2.791452214743375,10.75364194630249,11.376893305662342
0.29129852700628556,0.653175250869269,280.2274374077373,30.77628101380481,19.687950692420163,7.568749881921102,160.5475167144717,0.0,4.956264233787852,7.869875114666565
0.09404316335812105,0.8026141521254349,664.5281386254077,18.959408487299555,11.620917246692047,6.289347785813766,147.33234364343656,0.27673000208346,0.4889929207805688,10.148135339479383
0.2612390267305038,0.7331160158654446,700.950458919296,34.02359378235283,16.11494534605886,8.949825979918067,184.9376035421614,0.8703354037282068,2.087806547394881,10.072934065653103
0.1175289056198284,0.7159275578813922,1362.0270053108982,23.528371946638217,15.513631881539773,10.274259655639497,193.79504574585079,0.08663091167652337,6.714354474888361,10.94863960253646
0.13871888180779335,0.7950152889439053,1174.9893925967222,33.20708073665507,12.784909410141568,11.829502758197531,238.42698825454457,0.025952132443015974,9.23592121497026,6.211212802124913
0.40122758011189397,0.5871658320583227,1532.7512383658382,45.2173191091468,18.76707001081041,12.400527097385256,240.80683513639192,0.465902369229399,6.630884569064473,14.281935554167015
0.14413828640231324,0.37268894091959404,1560.9622003946374,54.14010985364091,15.012520304223202,11.394748896686735,225.44741486498418,1.216812828290434,1.657450129521747,11.928586661352895
0.051565311669373205,0.8901991030304742,854.4561249951976,15.975510681226556,11.209584186095542,6.434551549599154,160.17465815538588,1.4687769755051203,14.455152484394574,7.999815648276775
0.370787958874532,0.6347883094875147,1036.5942610774712,45.382358245948126,17.92762301685976,12.061056964981114,229.8331655394967,0.0,3.4834597194134043,7.815007079129937
0.2968984550792173,0.8622225223597125,336.33764173000253,15.631059871383933,14.071665835502033,7.709207106010923,144.7005684622331,0.6658657450541993,6.056007806012648,11.48461149461886
0.2888492033756974,0.6966936381222446,479.0505035176101,39.46123208353745,17.18859193205795,9.92596841369948,181.12380881744764,1.6869310612006456,14.14294414782593,14.15488473085941
0.7007581573985305,0.8331196954931693,1336.6215866379614,25.54026635623935,30.366761544688483,17.39653264125614,306.86858498411686,2.4180843521914257,16.075677651719637,17.401573054851244
0.13518876064891328,0.4794316668064145,1861.967707097416,61.51017834698781,13.159883000759613,14.513411005000037,256.80830987173886,2.4385938341675746,16.188279478444397,17.49680854966703
0.15458272667380693,0.5277100202762357,532.2324339896466,44.970853539934886,14.619347612398268,7.265010267736544,166.27185412210244,0.07060594968120432,9.183196682731253,12.744272697321662
0.03912693493607424,0.918253479553062,1344.7077005160456,21.613643687623863,10.244542160710422,11.240492440047394,226.20119275980377,0.0,2.8543585934328517,9.070488666910196
0.10005214918299792,0.8018198093439871,350.97701323006294,16.048157648431328,11.284889859435005,5.110484769427662,122.7370015516891,1.0415119643946777,16.85858464719334,11.010034271740311
0.11344141897180497,0.8938655746822256,2132.644821336496,21.26163508128532,8.486420642119306,13.370974951485048,230.0057575618843,1.9781445116885954,14.5200814664886,14.975060125205184
0.729319364210944,0.7527339703010216,619.6314455985248,19.946150087354077,30.066759289376613,17.723155538353517,302.2011755363142,2.6624493495058026,13.678393171496577,16.483385139342882
0.3217518596687473,0.9233290684735046,1385.5833506223892,5.309499023549605,17.481577011088454,10.512329946360445,216.3251010833722,0.0,4.183938835890658,12.538064312203904
0.19759990250185605,0.7023286394407481,519.6580575554573,37.796778625459346,14.894210625586712,11.049780150366841,229.04361122678498,1.6045528975962124,10.631238609104324,15.472435984337078
0.2635271466602841,0.8196538572538089,745.7480141677146,13.966928862385956,15.013755777390289,10.132954288776704,206.88022770245323,0.0,10.961404227523415,8.999347147341567
0.6155333314018028,0.7966218433804654,1422.1682454411332,28.715590390311796,24.31217126843934,15.686287897195673,300.13367906230417,0.0,4.046521979926791,12.568460438718681
0.5045691623290794,0.8522965978190691,306.3478189258093,20.239024223166417,23.55849810886699,9.6815048721765,187.5193288218913,2.7594668740342163,19.740049141598337,12.435048377390432
0.15523911134369456,0.5459201830710539,365.1683975452883,45.015969318863156,14.674709144496642,6.045791440538341,133.84433009967313,0.0,0.5223670461966607,5.999078461660351
0.1515869706492818,0.23579078764144876,1845.227392190491,69.30838957504977,15.486726410669071,16.719299806651613,310.44303669783324,2.403916873763007,14.939289564554281,13.169234586399059
0.10445035924673068,0.5847868537842977,696.676894500398,34.167457556223134,15.4548793753317,9.805764110473136,190.69595276695983,0.4535139822352634,9.962406264824338,6.969115988578524
0.3801299415231373,0.8606129852793142,1400.5885252786354,13.825526249137502,17.633848522476086,13.274752821949967,242.20157073155502,2.9395231915004736,16.932459331308607,16.03191500237368
0.18487531771349383,0.610679264623744,1300.209809295814,31.098842580131155,14.389145460886539,11.130442893548885,232.47994106400623,0.6827437497938685,5.5885735270557255,14.242472717130502
0.41143806602588634,0.6406030108708187,891.1613740651059,44.492268604172914,20.921802841292028,13.970441407387412,233.87443185733338,2.7704426755479137,13.03805705248579,11.674386478436665
0.34677634551404557,0.6576361960762191,1731.186108410849,31.44819644480681,21.205841211837306,18.086625315913853,324.240184129357,2.954589298887184,16.373473394442325,22.14894902607706
0.31585455149340264,0.8105963873649011,1439.7932178154194,19.221553245236528,19.959583095488462,14.56599726568407,268.68839051832384,2.6531524252704486,22.88570786344634,15.938102191399595
0.04297967962851535,0.8892087871028352,1451.3749248978893,22.273435781006167,12.230960759472477,9.756194259732434,194.6294203758325,1.3776953181931602,12.835605653350884,10.91923044469307
0.30376739286985155,0.54991662069373,156.31907925916707,43.97429402852759,15.393135815646893,10.178098309845613,196.26387160322497,1.8214185699395637,7.578666984567747,13.000680103353073
0.5284890087141978,0.8362797343875148,1109.8550526839754,21.35009909583946,24.09877112113773,13.919044501156574,264.5765525222983,0.6756897107704875,0.8170645828003993,11.065463920012814
0.07112466697639952,0.8318360781084967,226.9764666538633,15.199179501415712,12.166029244458034,3.6092062062406987,94.16907969591506,1.166420877697607,10.488868914954889,14.418783711043208
0.26568691556113416,0.6138562469238259,3347.7968392596545,41.59859915576387,16.07975498943943,21.71928881405322,366.4246742503686,1.804177047427755,15.699655147863478,15.253796277437715
0.4375294491064288,0.7829344845550542,250.57635854899735,28.49473441408157,20.486632211405247,11.499812435612519,214.373196811508,2.9898089406684702,14.62352803365488,22.69275632295614
0.19592451210147632,0.5133958776348516,449.6067323881326,43.494315639178495,15.937403968682279,8.710264646502495,183.40469594615908,1.780709871687093,7.012277400672115,14.530882671803225
0.11585033510004096,0.8815602557163927,712.4998726812458,13.382576384983212,14.580373697237246,8.132811345342562,182.7720541839146,0.2235033582410685,7.34141558730771,8.994217734061392
0.0131544732012982,0.6490553545220126,182.3407720123651,35.1610521619267,12.237514212435554,6.269556466413538,145.03966217106225,0.8081391018114417,14.098284990785242,12.245138102490195
0.5396758297140919,0.8894251310415077,1003.3060901956715,18.32907304717886,27.577009934687183,15.711510994448046,285.9015463616476,2.5353207809746428,12.736817009169553,16.212494621719067
0.18409225823965125,0.6676427447523806,810.4551610215815,40.87847024175595,14.226240158994367,12.087093150738475,220.54072531577498,1.7693834724902469,10.94060472882497,10.08229712602086
0.27948564458067526,0.7710091871387752,451.68150441580343,22.439363056332724,15.944508961013693,6.063317047556783,141.88566970111947,0.0,0.0,17.45248914404793
0.20585235906801866,0.5568789081873311,550.4352900326257,48.94472988719595,12.612459211318019,10.561355719556666,218.412254597515,1.4516891643260847,16.432700163229775,13.450863379862549
0.234946440636804,0.7104264139672191,463.82917787375465,27.98797309864837,15.27264970003028,5.415388580245543,124.80200938759036,0.2703229428483923,3.659358344261457,12.273391881358815
0.26049342007618326,0.8736875381944771,299.91370144867,25.970062522054143,15.78847776897493,7.091208841473819,149.54851692874345,0.0,6.002992192757059,10.063748281075474
0.14953771716310182,0.5673071543119429,707.8708544854927,36.67140446211356,10.199036731129674,6.64080959792691,167.02086311755482,0.0,0.0,13.671453721887447
0.11247073379326121,0.8780050687874511,1032.5927311054688,8.331650021268471,11.839467757438502,9.17694865824038,184.09160952964734,0.0,11.559925002992752,12.952125946992727
0.014650911050792966,0.5888527646336043,2913.0218097023608,43.369052917955315,10.514084632109544,15.970162551180161,292.2077927209034,1.1801656860150629,8.280107011222727,12.551413032563968
0.3239851896306089,0.5686064368989839,683.6742892788893,42.0799972482125,16.349279509238244,12.102420357973369,231.73284716338685,0.4912257243677912,10.858097361753398,11.460807205763064
0.26861906332806773,0.5201226131523227,1530.9574511604048,46.93583118587858,18.930922838615754,14.3549487010205,269.8642971948596,0.569747710216558,6.463043950469512,10.532169225944385
0.19850427730314724,0.6353255914399073,1751.070001266479,27.25865298448597,16.74474223396346,12.08137489102201,223.37520544080834,3.7560688802939968,13.731659023731215,17.884797766665816
0.3094819524193908,0.7890631479358607,1653.989305258429,29.864141958370993,23.727135339698222,13.725211367731161,267.6593427216915,0.8440285157822065,5.945956940414073,17.63602383866742
0.22928790543059435,0.8019599576392683,1792.2738034855076,22.887706710853024,15.502886068494288,12.34712503213968,236.07707665655116,2.366872237385965,17.691764056570054,24.2882096180268
0.03626114856271193,0.5019604639376336,2850.415644019322,42.078727333878895,14.181591541418108,15.794121202183808,291.36494119579925,0.18630489723433818,7.773208469612776,12.554574240126932
0.04314667214576458,0.8563881579973159,856.0239812549078,16.73456339950629,12.178501442648352,7.203930849306206,145.83303215503147,0.08309103731887346,7.922377868963819,11.715342179750108
0.1051116102648952,0.5070581517966486,1387.8786735655165,47.643607602611176,9.05734050680121,7.271023027493788,166.04917536021716,0.6543654303978819,9.931528424384247,11.667695230803297
0.24748179142765106,0.8259625232881898,1228.7270945784305,20.449796111854795,16.130735609170927,11.54729300710393,208.7130549788818,2.131885459635704,15.569385669548144,17.50694345624233
0.04932441527325601,0.8409839305929973,1111.0916561206234,22.987689348758238,9.307833431617869,8.269972758193196,175.8379379268173,2.210900298862075,22.180324211524677,11.463111108803195
0.03878168182103721,0.5622734702473046,1738.0349402730287,47.20483433145865,6.117857386202276,12.376768709334913,259.7799087353183,0.0,7.175813799511006,9.27692435521308
0.23859361252922123,0.800804084132324,1025.11298790993,23.058925171212273,16.39138018228999,13.087992760107305,248.84319049762414,0.6145490942199653,6.994037741519364,12.500023414690435
0.39351564518567583,0.7610575948681915,1379.7418100499744,27.994860423667017,17.479184107282293,11.54481062413583,222.04484543478858,2.393244167592388,15.655910818915197,17.810300308192208
0.04978295167736833,0.5315537524079422,622.63636773159,44.06836143671473,12.051107385562661,7.424958097051073,168.7463338152253,1.2885081468914978,9.021706944516499,16.776643373831376
0.02228170713274741,0.6470421979868842,223.42176668117753,35.08974197241831,10.297957262216915,4.46175988407538,105.34036296151476,0.6225799137500222,16.12387445790455,15.67529014844034
0.09592871702038379,0.8463646959995569,730.3084823536653,15.82348325814793,10.559998782977292,6.925656220626609,137.3647193687313,1.3345626250719496,8.412693849034323,12.869845259445567
0.2345431729813396,0.7899913040285174,2654.1714520545843,17.88004729498451,18.607550299566302,17.27860976175699,324.56078842646065,2.6378123044892723,12.188538273709865,21.488097264728506
0.47131509375874314,0.8806859873877436,338.35902511875776,10.590203572723073,19.704072679473825,8.749122101854459,177.600548268092,0.8388703581162948,11.568903926714412,16.334102242674096
0.5656163055650705,0.6202493657282182,922.8611114887874,41.179248578673615,21.490160413597554,14.77821839946178,272.33908934643364,3.1546000191520838,31.1853159347865,19.879309496940447
0.17660780351772537,0.7950338734136215,202.72302981730112,28.667100910485942,15.912986729713971,10.128136319536747,208.03567874661908,0.0,9.386753356358904,8.661289675744085
0.16303068005941843,0.9370634223301972,1391.197529654085,0.20814468210567227,14.215739286785107,10.900865533916955,218.49443913558684,1.3421553406893723,11.424039098955634,10.212065429500669
0.1432492707739533,0.9290712042261208,673.7406221735497,16.582132953762866,14.694428962356579,7.913078896363924,159.47581496529568,1.2268552580346885,14.021296484867172,12.890807387261745
0.17171349191634352,0.68131943302924,375.13102538973686,42.65089492603049,14.004752117002504,8.845217759025381,192.32838425476803,0.1470843948764734,5.6874046031264385,5.172844029429869
0.13736255563604968,0.9483370787851666,446.6111084871813,11.848266047906304,15.314363284217599,4.172317177674698,123.69998585965705,1.1451385092421922,9.71057959447288,11.277726795860602
0.44858692695951724,0.7345406555534789,246.33909151118,27.532537124455796,20.57837145104724,10.615585897774928,201.7510248414711,0.0,0.0,8.610252898707122
0.33838550224718333,0.9583974474597775,1301.964117018541,6.101711959141904,16.508659190914607,12.435715332018802,249.8630284343668,0.6161058165085787,10.08486915119337,15.107118025685015
0.34568781852673347,0.4453098371234131,1909.1512908845436,57.518388918626044,17.630775442247028,16.74087373002197,314.43045855946895,1.2945646235438768,9.779454251126895,10.251938392059774
0.13262022674315402,0.3498904600419625,508.27384093634396,65.77375796148941,9.917329564174091,7.963954791874801,168.88615316911637,1.9531041026800147,1.6458439029536045,13.322514925825681
0.3016630039266569,0.6776862417202586,945.8670372925192,33.87367962524946,17.293512609019032,10.540145131391167,206.6775878891049,2.2219718886549353,16.239455222342293,12.676220004355482
0.297158525977489,0.6193540247972066,1272.9248350586522,37.669214732023875,15.257589849445186,10.096597364974434,194.50034365094237,0.20047268755719805,5.131395852356867,11.58239685446201
0.4806570012074076,0.6006985001020173,762.5080084903276,41.55590065121322,19.544428581577378,12.058461339559017,222.24931039931533,2.3770537885062617,20.359495396584038,14.178495169398904
0.06565132728144689,0.8303077983295497,1391.1644417662576,15.22870731660542,13.30103846708951,10.248043325687904,186.40875081365692,1.9747798564737338,11.238453645634317,18.17515943203245
0.406528247496919,0.695214725944924,856.3609617878653,24.92154986377167,19.263040477050776,10.267129967629627,215.43775737169835,0.0,11.926697199792443,10.305265255551301
0.41001954523122497,0.8128787898199641,676.9961115433498,23.317197206540946,20.632787540875967,12.510437501336003,236.39770807488912,0.6288014438132434,5.260363830987563,13.062963591079228
0.11673754306426802,0.8873893926594613,1991.6740949248767,20.26686961402883,10.174655157718222,11.258385652026444,229.7749721615044,1.7203355663055397,11.186699066758136,11.811963308454454
0.17350444481633037,0.6212405795765574,733.4556803040781,37.262717858438926,14.573258632539888,8.69041550837654,177.1865589349652,0.0,4.4575901071566655,12.566054150838191
0.29596601704743103,0.8259903003878983,1148.1038018321153,23.94114200747867,19.10986035102226,14.255284112941624,268.35023892659365,1.6097689656610104,13.627104520700835,10.843677811644234
0.30147990695927557,0.9114307649913135,538.5733234398044,2.246242608191487,19.076145402500625,3.9786970003025166,106.75871371243225,1.3452967489447518,16.654955453204863,18.973839249318864
0.37897565542400996,0.906718256479857,237.6744317058085,12.043811294393528,19.10656824011382,10.142975926052438,213.94227740224792,1.1833756295962925,8.252993028744688,15.209143290264722
0.468760232046952,0.9429130941524252,1667.4876724203868,10.486686103432183,19.55562101461599,13.358977605890015,247.1900765152336,1.6246958478134856,15.41840845803791,18.822138641764617
0.20450467159062807,0.8411663995433547,646.1837368517956,10.081487256273338,16.82604810085902,8.548487931347937,183.1834510057921,0.9279855894307484,16.565099233552907,9.304992485754976
0.33437629571062927,0.8446812964783256,1251.0218511293122,17.535247912917868,16.354526437351982,15.247806725793009,287.0734485728441,1.8408736052641776,4.76050421877452,16.118958908365794
0.08505317811364661,0.7151523455733656,391.6842598648024,38.91227447364571,10.430208839715167,4.344946727207308,103.51879811557994,0.0,7.468245139818787,9.70997586226532
0.23758510339862018,0.6942527272155343,495.6812670419343,35.2991055289097,16.005779632111444,9.075374966844572,175.11635127496243,0.6843007959619422,12.838875267545946,10.693786532587698
0.11114233164408838,0.8027511288853065,1122.3662341196537,22.63430490797395,13.72259872244693,9.698646248175024,201.2911148873289,0.0,7.409894422777942,9.537466609785245
0.5029298044341214,0.5724592206704658,574.6549342912091,33.232868988397954,22.579268797727863,11.393028060770813,218.03357308843133,0.0,8.931899329013216,6.319729824587981
0.13909742834019345,0.33537345975119787,558.2660222447776,61.72253155042337,15.102130103437284,10.630824287161335,200.9628763080807,3.7356993531756952,19.115294874931536,25.51989569878443
0.49777017529818507,0.8488944484905377,300.5250940521345,11.26137432469861,22.261632504560275,9.794843128332506,193.62068111202566,0.33246958407612925,4.962706547785921,8.492019690015862
0.4289405294179394,0.7376080973021732,887.6791856523644,31.046369640176273,17.70052864730818,11.909214221268092,213.65269267850636,1.256694062895854,0.2008307195505985,16.81735213762684
0.11783323801569466,0.7751350912420383,427.4876861301072,32.9313722529097,9.291208560956452,5.027391356862751,121.30693843029204,0.0,2.1623876682595,13.90668164739539
0.28179114378675824,0.9392518646088011,1020.873823142042,3.522251805571135,19.08509013954075,10.543749849664392,211.1515065801054,0.25983055265014765,7.011205889256554,14.323370647324673
0.4675696866610166,0.4492135151157778,926.3980360556105,47.40758777676441,17.879418217241835,14.147002470370307,272.6528644640984,0.9338243340988792,6.138150499047046,10.51898210807146
0.06096487270157827,0.822951490010323,254.1286036768471,26.522436426195952,9.191758668269308,5.028651574766694,126.3086942470553,0.0,7.743871931861903,10.701990725179861
0.45669298348082776,0.8256192622714411,1116.0937215237323,17.826967824205603,22.592591066374766,11.52830669562959,238.3378501831703,1.334162512071483,11.743051820051807,15.911311852560262
0.10797177140685647,0.7793412392778263,1216.1299915829447,20.714856118815785,13.946818597885867,7.840706889736055,149.5674953197255,2.2070859782508228,14.98696346596881,17.120946524609973
0.5150598612724913,0.5719484509931011,1186.0348088592852,36.361232191109906,25.041897020597002,15.345574167359967,278.49237841976736,1.4453371764969931,10.424545119208139,14.13705102377815
0.20202434520827864,0.8295565491108022,868.2631173607297,19.25013291153913,13.682628918993107,9.6507573771433,187.83109205895568,0.0,5.596172709558824,13.193049691501386
0.47966202454522566,0.8179874657796644,274.33284922098227,25.866345813223617,22.40771062266954,8.200166771933093,167.59168597272094,0.43944537034646347,0.4165616510300536,9.104936358553823
0.18707493459672472,0.6852354360138334,795.2872473851796,47.184052949004894,15.811811067334343,9.472425596195722,196.65556356202433,0.7631141575301195,1.613152135725727,9.479636536728394
0.14904301422381155,0.7421731422018127,839.4066891196134,25.17840359835586,13.304849385871133,8.868103412634502,175.7477611328562,0.8500447475858157,2.790290436989932,10.006613686179492
0.37288301606999424,0.6503571824226895,3245.998235552524,28.81340117810042,19.055336327024698,20.56419498413254,363.78596177737666,2.4282089911744493,6.576604757475776,14.173015610253891
0.06722496199298023,0.8997355328552571,420.70733968753433,8.002280585788597,12.254151758394453,7.092338336414512,152.29705760991325,2.4593428513081856,18.994241398222247,12.548369003797802
0.1960701961124589,0.7452136581989542,1299.1332754230061,26.757028083482098,16.597659261508937,12.634814873941353,235.50738705911348,1.7265532351191524,14.525491540593663,13.656401728733734
0.23332459262001082,0.7569170067151414,640.442769251171,18.40746451045679,16.926194781598156,9.415675791711596,195.434749783806,2.089903761527007,14.629692179725442,17.639688995441695
0.36285715726333,0.4610882904443855,1130.70446923578,54.68931171149516,22.11408520977409,11.988695362075656,242.3757575500558,1.8576554193834403,14.563147709035839,13.575225070168058
0.49839956634368576,0.6312153162831318,1061.3277636419627,33.4435910542315,23.98082647281786,16.416671537162564,302.4684010107365,1.6588007192270624,0.0,12.422793935066842
0.2001110094285971,0.5443190185581007,1332.8449444028047,34.34987102226944,16.40412530907743,13.491491899378039,251.89158963774437,0.5551977596506403,1.5807007332093965,11.951116829134595
0.1281407070119116,0.7024786640816503,1009.542936260168,38.00737820346831,14.50778262669024,9.77106761901491,222.19117133572865,0.15797454122513832,6.5006040050211835,10.069478822500754
0.13401262364215205,0.7698084065397953,773.0054815425583,23.5344158065493,15.354793805006413,6.396478584652888,162.1735795867688,0.7136635115058774,11.69972290209249,12.527866349854317
0.16896324283424508,0.9354930072128954,1354.7075436723483,15.6587262078323,13.354305781980194,11.826368866810252,227.32202509896933,2.7970559674915565,18.57446209467705,12.790516997172773
0.46533042786516926,0.670038394620094,543.9637279964187,32.74349949258765,22.23789945968697,12.041926181645094,234.421687891999,2.3672751788100554,12.846425407138538,10.597392359810856
0.11072891630007826,0.7604024494327705,820.6305422020666,39.944331834499934,11.54092074652093,9.079887705669545,179.02954660819262,0.8508399468766058,7.572114696747836,19.79325920157048
0.04621371720319436,0.5752331974244774,640.7576628989702,39.39782849715087,13.986253485124116,7.403907199334803,167.21810874443463,0.0,7.874231381430256,12.197299800456454
0.42183024756338044,0.6799588575156371,1262.968689069151,40.90032507404438,21.577835912293786,13.38177104324578,257.2870980974434,2.365625267797162,17.13167584650533,13.649903984329985
0.10951118625055486,0.7836073628546355,265.9452254253305,26.60846309801232,13.344047683280213,8.9007546400588,183.35488493784692,0.44823358154829357,5.70250011681247,15.491928591359775
0.4516887970535182,0.6771748263808206,1054.6091877880933,34.774864506231765,19.44235594453552,14.439608080489581,260.51070757017607,2.347524562531925,16.176741480345164,16.921896333119744
0.5073830011175982,0.5450432930405256,247.90271506267925,42.95225754016219,21.235032711211204,12.306144338245613,221.9353742437679,1.7130191945498574,16.574178784275436,16.783421718840614
0.45831671527388335,0.7625506966008159,989.3647010614944,33.0669713772841,22.064065284447977,13.020168857194218,246.63584082001572,0.8525099319396822,6.0579771408230725,16.054430499928685
0.35319460820557985,0.7826794269992088,917.0450411447414,29.139399348659687,16.837381521302795,11.73125912150527,209.73315294316512,3.4149708710094515,20.454355198693758,16.20305219609592
0.15070171745009941,0.6327935958325248,489.64231908645473,40.745340248694134,16.339356369640218,8.609550292659536,173.74067923247873,0.0,1.0356937967735087,7.758615354900507
0.5606901989253901,0.647010184853704,1565.8796148578633,43.60289527698666,21.172325888480522,15.096206154376848,267.6125813440698,0.7838354855382565,11.480490378556972,4.564779409738286
0.04373167674298729,0.7703511118506495,1667.8314955064043,25.701879927633744,13.999568250746917,11.103395999833094,209.39054860335102,0.0,0.0,13.042761990382669
0.5320570141125698,0.5135380206845842,1508.7119752893643,47.974153415918735,22.90941747267015,15.17017190332571,281.6272713240723,1.0429710118977922,8.756983286843433,14.317384172819356
0.11878476101076056,0.8170877881652867,674.1859777361678,19.18819555820155,17.383412664266558,6.491243204426855,148.7505496702259,0.0,2.691491962346699,13.144713039211947
0.25993541111724056,0.6587427862114822,1406.7104982355916,41.32779956469833,15.036555825224907,12.796010250889754,242.9810016767052,0.035947701308321145,2.5487570576038676,13.109076725711667
0.40104280029825706,0.794864622176904,1344.4554041150147,23.106120846527016,21.88550491699857,12.315847731503869,236.00249557876535,2.543516584404793,13.437461235812513,16.729828485673664
0.3751059845352818,0.4537026262264817,156.16846299758973,52.980770306883,16.896939474398263,9.748281658137858,195.60265454024733,1.361410515621352,21.9187927689197,11.099784934120295
0.22966150399059812,0.8158089596634289,326.6110198343452,17.937372550710066,15.231412001623566,8.669032859770601,184.48010073442362,1.7609877246242698,19.825911162894545,11.25017126491852
0.3901568534438923,0.6609322145127935,857.9708229065105,36.94137567422181,20.65414216051623,14.965854477803028,264.59152093274986,1.5949462206732163,14.05251352416804,6.881649025678019
0.23444642958304715,0.7222349983925876,1014.2685310262758,38.16064823220642,16.934376022611588,12.751475975253664,252.71011773000794,0.5898959175092428,9.30271265537012,14.11721923462331
0.33934307395323915,0.30097430852401635,632.922604499294,68.93448419870288,18.26768711004425,10.759886390630761,196.28076570371667,2.512433571113643,17.707718811209407,21.261662041218692
0.11397667765919778,0.8673270519701874,414.29778475990696,10.079436601725222,12.626059679705946,7.388699229978796,142.6121812588494,2.048549665346995,10.18553994895885,14.70255956505028
0.024651248531023028,0.5945322331838796,362.62092924238857,37.553926945432195,11.032206951572778,6.432227634947365,153.0997650762099,0.14990223537129363,0.0,5.863641445086164
0.1491343958613418,0.855988955510432,2192.9089000716494,16.863245636385983,15.452793124871393,13.816476871681665,267.84513471304456,3.377208749782182,7.719047695548877,16.68749230735317
0.23189460333024597,0.8266765111859543,1094.4114709876173,16.003997149501757,17.321674805912426,11.74056825420931,216.96608986143647,0.5966945682783628,7.857781468658794,10.16465291879921
0.30011480961326237,0.6734369797382723,483.2094359191506,23.561241111175253,19.977448763933896,11.244814360972793,216.52040789466724,0.9259686074859723,1.3638811050801944,11.404263998888196
0.12510696049641992,0.8457661898700519,1742.4111370172454,23.341724378753554,14.646969053249443,12.334275797919345,223.14449192292759,0.0,2.179964241682873,9.426292823471188
0.3186030151403949,0.7480246092002379,1803.6078924615406,23.430554398660956,18.46194933911825,15.007799526235765,283.340184901678,2.119802561481767,12.442683313611798,11.71150965494909
0.14846025096178728,0.8319180040969685,1326.064176438809,28.993810101762175,15.873860099938085,11.096150996457204,224.16773773760295,1.7097176433396295,13.78543528644996,16.870009616207007
0.15088616043687605,0.8258628361641559,1028.4931517831362,25.159572769844168,11.670224237693564,8.607922989853444,177.438992221424,0.0,9.670176841231356,8.953344360269721
0.6003858997101744,0.676463683700212,346.35114443161524,33.344813965658616,21.771480610804414,11.117761367756716,222.06820306233573,2.259849358779281,5.8777646851243155,15.310384938778883
0.5819142073040557,0.5516357613959868,855.5721385355488,39.399449931471906,24.815039028928123,13.971616327954722,256.214621190512,1.8236833860669779,14.042958134859335,16.08431294338679
0.298505859218632,0.9445293468694349,1840.0708511846135,12.392848140815708,18.893794322323515,14.186767122564774,272.66677265155795,0.9406472370668846,4.5491808129015245,12.809796608301514
0.38693042813336803,0.6321510576051761,1123.0312432402327,32.53835001482878,17.377482787657186,12.5319972023103,240.92072497364637,1.420091364137134,2.971979497444954,15.66860931077315
0.13676013644035936,0.5928826375831315,75.19743123840708,42.30144039481214,13.297507145162585,5.280325094326749,131.707099950125,0.5872800329639272,16.711991604435944,14.613038414337753
0.4289601549285559,0.7744977720662575,523.1558888849289,21.20457903393381,20.31273553002791,12.17524530432759,213.4595405144667,1.453482547671328,10.754233922553373,11.76755713839091
0.09717525185128678,0.8411320545335669,2274.766415941613,27.931976701251138,9.942981167284858,10.997872056705562,235.2024014466287,0.3960211619813048,0.0,15.049454990644435
0.18089432954616225,0.7836854773489929,1290.4178720940547,22.94521870460756,15.052439707346892,11.416999154049064,221.97794711055207,1.8241934047650896,17.686641881083126,13.15681917333101
0.5602510765028126,0.8730018841215441,477.49793283391983,15.495992248713026,20.452715288817142,11.645662782824862,220.20212894950214,1.9743312049880224,16.446999784412455,18.83961748572311
0.2559384300996325,0.7839356268889591,265.61191573460275,22.1898671087847,15.336330780406648,6.161546700607445,126.64809646485756,1.819959672279021,12.54388953449112,12.379116607894442
0.5131292561107034,0.651231214364039,469.4339431683148,28.131540760139714,23.2272799823507,10.980461070988026,222.1592992750391,1.4547146071556865,11.741197087224513,15.644128265095338
0.3626226717625719,0.7172553155293437,800.5700396590454,38.08168170805849,20.12347401308619,12.226186922920645,251.89190280166676,0.0,10.642098280207104,8.912874332134539
0.31217735460423085,0.7526043595124293,903.0177437622064,28.673722537008736,19.158788388206776,12.369542341783237,247.1347709109617,1.3148675290884098,2.4973439409016978,8.770516062139246
0.45293313524086054,0.8293415618578296,820.3289420475576,19.6364850577436,19.658097470827528,13.10925514197863,237.28214701810768,2.0366644397947304,17.050228738955788,13.6895670248879
0.2908155372082998,0.6007949294387148,614.188491758883,36.641011523770246,17.38014433850377,8.895498315677987,152.540178549468,0.17135971703221387,12.486539118048263,9.140966463668903
0.09698076403061984,0.7653932198110358,180.78916147695548,27.861297383896016,12.253396608857038,3.4478328700147265,105.93869520205553,0.270161700385969,7.866547391071989,7.6771208828469835
0.11926556832631569,0.575676005065294,910.9502066543337,43.57398449471432,15.622447985203335,10.041571265950017,203.25682720617627,0.8337262910631268,0.4863874119138121,13.581650575713539
0.431124865733723,0.9227111068228806,1896.661711942879,0.0,24.033959536137946,16.789959175375266,296.63984291104015,1.92042017831129,20.336798226908222,17.164229286570283
0.10237960344861746,0.6851802146986115,1567.6008324201775,29.72151673607746,8.888306619495403,11.43772885314649,240.5233052793702,0.0,4.989356172001297,8.75978518767024
0.31296189634210114,0.16477052510548723,230.40741856044994,79.68781451456026,17.227454512275802,12.928075596340815,250.53677885170765,0.0,6.408149891101965,13.522007363204846
0.1986261563533373,0.7158342943733166,1103.930449802178,28.156358549041713,14.686425461383852,11.13066658967225,219.0850778092438,0.8010578760093202,9.450086395174022,10.892070308029894
0.13022887336057343,0.6970328704864704,583.0542532972687,39.03595816208791,14.456635754478175,6.1142705458187505,134.0158401939258,0.3955726036438832,11.529523338689,14.933739653640924
0.5129240063951845,0.8601005498419085,262.7899044321212,14.324143272941352,23.71599262334658,9.264616215781095,195.2789188458134,0.8851848962109987,8.126764949212278,14.04977128754162
0.6925637516770206,0.8031489604001223,982.2608356707661,22.5654510216501,22.890202192119634,17.091097395148083,297.240833176851,0.7622509456648425,5.905221616772132,16.487901664721704
0.18933025913765686,0.7217048611180643,667.6808545744598,33.509827306019616,18.780976432995665,9.20445084413201,196.9588756610744,0.7299749192134652,13.41043831590515,7.867206735234872
0.4642316483709649,0.7009448960064437,2523.8981405147997,31.3757388985382,20.663070467915347,18.911881253228064,328.56947559829,2.87406151845098,28.795738732520782,14.065589063257049
0.3659661428187628,0.7414141163682105,1522.0218250431094,29.837325199997423,22.435384953639414,15.262320567229985,273.9956143715587,0.5192931821053326,0.0,13.5079698319376
0.5129330328783845,0.7007291339997306,843.6269424001514,38.943150646477356,21.893591760803705,11.643385003321974,225.12683474287545,1.0767858963206007,10.174033590072852,9.727603364636739
0.23358170351238927,0.8727888127340109,1821.3981476512952,21.861891367934724,18.46683631681028,13.305185037672146,238.79465092424667,2.7306116145207233,12.963663215955151,17.23745143038987
0.2181494100408389,0.5477631099387738,252.26680822636254,48.44311483587639,14.135604984454002,8.863747357829345,199.81285502295293,1.0326712151988882,8.959418065273924,11.473578493987892
0.460044104427584,0.8775260391888822,798.6638907278874,6.067110175709695,22.480578873774952,12.265765739250842,233.5011795100504,1.6598606543257945,18.360057875052856,7.8882848088568664
0.47636419136808694,0.1964954300840357,818.7212151872837,82.00305142486488,21.46537876746742,15.688445617585947,272.9078833680821,2.8504241291518744,12.147665856245876,19.357899755573364
0.3188124219419823,0.8311990025228714,485.8917395379733,18.867775206227126,13.911747156494528,7.788415810644636,168.39432374929564,1.074224421186685,22.831731344983385,18.356518038125678
0.11790214927124289,0.7370154277307034,204.25080726875746,22.44042696955003,13.433991324265268,4.466956110120772,102.75179376665693,0.05643714085937068,4.565588852988002,9.735368061613222
0.16847812056468656,0.5860918239837613,355.97626752320224,33.24907805430264,12.31565953366784,9.218773096503224,185.1161041043128,2.298601158798593,15.858869141425814,17.546421011804604
0.07424466246612191,0.46707929084260813,1460.1157393194799,57.50524672272131,14.597314325369904,10.747756788702217,209.82675434004122,0.035687056240436554,2.4289783777079017,11.543275551570744
0.3116880910785666,0.7484834343316266,894.9357619082205,25.496764609984115,18.962424269884814,10.273881583949715,196.20857013390108,1.491353661292125,13.06275314368234,10.111119668256919
0.18029606633072975,0.7606401128241799,765.0285204402907,28.703236723678014,14.92542734866193,13.320165898188574,248.63485020011024,2.1297706498735263,11.111072527654507,14.222483258640667
0.23380206475046109,0.5415569544605784,1374.2941908291975,54.44215241702923,16.129158049080427,10.596965632964825,223.62472094381351,0.5665698594562775,0.0,9.125795384201819
0.2436177717042185,0.8680615741574411,1492.609642329434,6.46772604308242,17.27454685931717,12.707571173814863,229.7232143714645,2.0618099914071077,15.69663777969808,13.570241887168894
0.29653851911995854,0.7008929565333252,355.9106174107095,30.905599661986106,16.210341827388454,6.941882441853763,151.95480437246744,0.014116782191461952,0.0,9.201221224599854
0.33994136417963855,0.43614778364391665,1070.9695195017505,50.991650517940755,21.29413432733407,14.409458640161448,252.20928383739533,0.7349551232609577,16.91004485769181,16.508716768945895
0.2960783325748552,0.8550669633373241,1345.1261865841466,22.589520518504905,19.416599079599568,12.708135010501238,249.96057493135373,0.7262726068822487,1.853674565665841,4.846699162367434
0.4417042863810716,0.8803370783874566,2581.046127490101,18.81067345013598,19.931801145936756,19.769740787231765,344.40379378777556,3.282589143170642,15.472637901818596,17.470669929668574
0.36011783040343187,0.830795829931162,272.1949672232801,24.02496596532155,20.19536630465801,6.637800689285264,171.62823562793454,0.07284373155425297,10.448127248772064,14.240747347863849
0.32863372327233353,0.5177047342957852,817.2284651034236,50.77929318688229,18.389895860975322,14.456994571398212,267.2549534289411,2.6078916753015475,18.902115401815305,14.868535802316682
0.4592669686650151,0.6038112976537033,960.983729803173,35.905961058558894,19.403967327204423,15.871794165120143,276.72155683064074,2.4042960633071493,11.556879843768005,17.842294917951698
0.5331304459947127,0.49915366965424807,702.4711507469406,47.75615916598268,24.273200386391213,14.737074271511277,278.92115334655136,2.5917052930668154,8.009817912583017,13.06656862620156
0.3055174919270628,0.5581245445452153,343.874844843069,46.187422663604956,18.255618840102482,10.947555445240264,207.68417568915902,0.4760190794799515,6.429845994341669,12.02981243785055
0.2756700204437677,0.8670681436552772,587.0926512773121,21.242838981903326,20.45964346974141,10.641161835895712,220.21150442505842,0.0,13.730143580753268,10.74007778756368
0.13585680551711338,0.6888145598926451,614.1272124814362,32.11543303231773,14.465920814870497,9.324438865130446,168.72350933649753,1.6765358207051964,20.17912668416796,12.714085315474563
0.46858208420518654,0.45363553487267333,118.78131849487569,46.11125808725079,19.096499207812148,10.001150454099795,201.33091288577472,0.033364202500950735,3.4765860473542203,8.635422741890181
0.03260660967622306,0.3650669388135441,166.85312238758047,59.353319207167864,11.44740699165213,9.596999990181267,201.75707926602058,1.643566882407463,6.183561216463811,14.861521878749084
0.13952291744494336,0.7051090172063919,53.01689053141456,30.278990210171273,10.697424857286643,4.426210826810622,111.64025202183332,1.0120716531461578,13.534644433207191,16.82461508644886
0.5488552023380691,0.9705954263566674,1481.6132146199354,9.512816240820706,22.05696861137686,15.810455139972852,300.77773749127067,2.277996030992966,21.219044456546374,18.413609423554583
0.2446149652087557,0.6687528852264097,1167.4798691877484,35.45234036304026,16.81505950828015,13.933363787559895,258.5140387010998,0.9023048303078371,12.252433818681707,8.211964306687781
0.4077907321086761,0.8102637153689028,321.47166909246795,24.715031104229034,17.407281471881063,7.9762474206348095,180.6209325385987,1.9905148760033382,21.330528205867445,14.745028857380754
0.32082102070617996,0.833405760493602,2004.2066658265019,21.45818494424998,15.94936073686401,15.770649747987132,283.84061647281993,1.645653195888052,15.529009178171592,12.254057984305053
0.40020596434484246,0.41598456927827376,276.72211117575273,60.12018294751668,19.530864811243855,13.712603494756637,237.18542383422093,0.4348167041731157,4.24772578339654,9.87664722441598
0.3201144466301364,0.8046928438114292,855.1509942788693,15.399446477478829,18.285001059688668,11.610246368933653,204.2641753763435,1.704048342322303,6.415916565196408,17.951570348331977
0.2582418030685574,0.563070332724217,380.57629234079366,44.09136965521004,13.737829524566568,7.728490578879532,153.6964141710702,1.953089268683951,5.955609638255048,9.595382323908742
0.1942030973028173,0.3694133442326654,1743.4422798143644,63.35456434239512,16.931659914232583,11.88032118648551,232.0662812042764,2.2018503826975726,0.9241623739102955,15.37462141340241
0.2565196434576343,0.7275587599082216,20.276636701751457,22.61948253964499,16.06969835266786,3.1771987728588797,100.71386310935436,0.0,1.701707315109266,21.71661624830572
0.37900518148147216,0.759385263105241,1119.1471852129791,19.64943052629136,19.948104099400112,12.079643475720035,243.79369141491512,1.078240566030841,6.814691204748041,12.500080884164696
0.3618598483644641,0.6009668531149962,386.1689738594348,30.263977460126654,17.87891807300104,7.2585026024156125,153.6083116875641,1.283314100103653,4.985588500601979,13.903307464926018
0.41987806447609394,0.7765225746990374,501.9579516400273,19.044345112764802,24.428331347404523,10.831845936478434,222.63623737472716,1.3370166677977031,7.386055467424504,8.672072692501214
0.251101072429253,0.5941108717527525,1093.8817545071017,43.42917905480581,16.198278527981717,12.802803374161728,253.2023782430387,0.8244864139729173,8.786905670171814,10.733439386130183
0.2303902049587979,0.753690955457364,751.6922984188016,27.1738236854111,13.45868042659353,9.185469968342547,184.27697269787606,2.33152541363264,10.497005768483206,15.493837231341223
0.3647762303402297,0.71752178082434,3434.0221464111405,25.556346516929445,21.977228673293208,21.24133704129096,358.5831185039003,2.881666362791279,22.185903142891515,14.955316256638213
0.07295014098542876,0.7353808448000629,2579.8775388452877,34.41727314147282,13.622535131365753,16.143230449215597,304.78630388494696,3.024595492542482,19.6280085853029,20.829137894695734
0.4907093428058167,0.7951773184260108,552.9430625282454,13.608432228725784,20.815923215340717,12.887012871118785,252.51869935900677,0.2817414991521181,11.798490508229527,11.05499467994843
0.5521102298840536,0.903430123963472,1324.0665634676782,14.196588206209032,22.527171764272303,13.044339237733574,243.74222340218031,0.727624473673999,10.631450518245508,12.63825513501154
0.3724665426620854,0.8743293158080322,608.2501649452836,8.125193018950942,18.137018598226096,11.011429526359343,220.87045537543514,0.7644070624287752,15.34934443438381,14.910053611057752
0.1863279434549776,0.9505724680374281,2264.3155721208573,3.536716101690347,15.091042876388391,12.260390802293188,234.40103176789563,2.513650988242443,13.285574814761127,11.885046939381931
0.5272730899612951,0.32955181795162997,1876.5262977174011,60.46860878986865,22.019231003183094,17.6376892460977,334.3163480694689,0.788672927130388,9.863454483420728,8.713800934756456
0.1516024481342694,0.48014700051393666,521.6379253828351,60.672549806792986,11.712520351671415,9.700967938094516,196.9749470728546,0.0,16.721069860324484,13.321975145952592
0.1730886208256056,0.6471693151243838,824.8794347664666,39.273106640769015,15.53421607712177,11.667248540775295,215.1906394440157,0.512235694528987,5.865951895887532,9.314805510628148
0.3637476284837643,0.8043792114639841,209.14814084858796,16.915460898713455,18.601969808896456,8.795962960249335,175.40903717352552,2.3437325188015397,18.2744568590447,18.21093044213077
0.2205230653623986,0.5981933161394603,1403.3925594040472,34.35238066576994,12.991598584240347,13.174122898591618,274.8898353631611,0.0,8.475102982871128,6.830415153334556
0.18076636481994648,0.6472258408178108,731.0922126582735,33.307935667799335,11.7386873406867,10.338954565330411,194.02945679989048,1.7973070812362102,16.54154942984139,18.295931378734608
0.04161693788398119,0.9830270795090587,3170.933916942797,4.117644497721765,11.63319803086649,16.379325157288292,305.63066985613256,2.696707864021067,15.076301697125572,13.519418031859797
0.34538138182414774,0.7485024269174124,2157.2929404456527,23.336675738801915,18.486756677534473,16.380992271874838,299.8154431261862,2.4482166411380213,17.585242288943732,22.55533837737755
0.5517481460146153,0.6579388847126634,298.37971760773945,39.36896415485172,21.33095990223238,11.991495741967157,237.13147177619874,0.042831067811394785,7.465907409525148,12.746462534592263
0.22210352356125002,0.9194871325180087,1391.7208474066656,14.678483830065778,16.866299316154027,13.124857579594003,255.7599222475691,1.5719403793230322,9.838862255745516,11.668423217803404
0.16254887087394995,0.9334311987198648,2165.4537592588963,11.75216011080742,8.487486617399778,14.198025522882254,259.16410074534224,1.9231256428350818,19.4931551401443,11.296640676210282
0.14102250609052483,0.623926072469637,684.0302466934309,32.77555563919541,12.109019569928535,5.20184881403126,135.55600367467602,0.0,11.764116532302674,8.38975645151228
0.07027793743760702,0.5459690589369204,1908.4118235817114,47.1969143149285,10.970851323153036,13.613994623369155,241.36491931095279,0.9737033833300643,13.195999313732926,9.215058610883371
0.3005862371519371,0.8197163168229964,532.6828928540526,20.718239062302988,18.39315074518924,8.925414141861785,173.95603053353514,0.6575880274937436,2.8348942577345317,9.470760711214222
0.3887304066180146,0.8129083739683214,712.8556752098784,26.897339586214592,18.84308321020337,10.871097518852592,216.38863490826452,0.4959807020334419,4.175886628352416,16.76799375997252
0.1969810089461538,0.515212261352862,134.29019005884876,48.57797553890131,13.794837898932073,6.33289793041567,140.87539377940772,1.7595470633509651,15.119669719213856,18.657978855641986
0.4162199038931016,0.8879531489671096,722.6349369106018,8.368013527541713,20.838136554233987,10.44333495120369,191.82026822957224,2.7356153097435625,9.282087732195432,19.2381100436939
0.2604779868124702,0.7496937354486801,1586.4894348999594,33.07331311189423,18.21548931723957,15.566243827220505,283.60162901515946,1.5113434257866039,10.202630019182365,11.311828359514827
0.20741419047312323,0.5986882317474782,1642.520146555072,45.23175519841709,15.459138058788774,13.525176256310901,264.0267325066803,2.4244130820584946,22.87799744202922,15.6857931775122
0.04391822426551331,0.6124092789362018,1926.9282688959288,35.875073603550405,12.380380284055803,15.506944144621698,267.4616215638836,1.6221777927040752,5.401171173751173,13.52492452201329
0.3195898144334155,0.486637567255258,208.81921845404423,55.12739021210201,17.850197535120433,9.466579445685365,198.825237445482,0.631567769869486,4.580496965814984,9.409458974916852
0.24953042101124234,0.893119622370413,789.6240823746094,18.63537442157996,16.603127953505457,9.00099719541383,166.5749903580042,1.9254685986876967,10.276884558942637,8.119855924066231
0.303259086309744,0.765064251705671,749.2992341333892,16.577629472883807,18.270865724674305,10.322511528313589,205.5732173462791,0.6965521368141055,4.65932108990202,10.641760765137777
0.2724050356737804,0.49053065967912074,270.4035448240067,52.23635611680922,15.770508833133682,8.427264703896572,171.5863148463039,0.8590254575744731,8.788156092516907,13.738741767088722
0.07238148714777703,0.8124988457301123,1212.8097512340003,18.511092737392953,11.169933381833621,8.078809578886267,182.88594984648523,0.7007591427322071,12.857043429666753,12.991935532089968
0.22115874254487178,0.721802551415212,330.69855497465693,26.668648304692642,15.169593918648735,10.129719222541894,207.3715257411831,3.1607830393584755,11.715440216230178,15.556343659897614
0.06368769640030905,0.757385784569958,543.2087056103559,22.11309804854842,9.134843777754087,7.72293805669653,168.71118532950317,0.49069761878577606,9.064924049812593,9.554703528533748
0.4320325590394301,0.9505396977429234,123.33664264652265,1.14586704708306,18.526451118453373,8.336001038110018,186.1901930069586,1.4596355589562562,23.423250082179063,12.462170273478392
0.1396031398742919,0.6931209901903906,2904.147809376923,37.831538670296915,12.621916339199569,17.9797417691808,312.1738991429963,0.33782392138014083,4.460740049678733,11.660313701987972
0.9330144566769709,0.8430055192623324,570.2351200460142,17.183727869357543,29.775912473554328,13.017025113308762,245.00286454444273,2.3079964372840993,13.130668244367252,16.6456282919637
0.12785242573108735,0.6805190358594089,1413.66749135809,36.46272478065322,11.475774458251232,11.808319864407991,227.84845831539621,0.39140088497769443,6.846271963144328,13.171572841434221
0.3712165112912998,0.8371177474061993,1030.5010528979255,14.780658707830995,20.48271818158893,11.914869461955725,241.5371285655059,0.877857564911753,7.120653781374075,8.438494371413888
0.036121458097801054,0.8102402918587229,474.8689440773318,19.059366798660317,10.182863285159362,4.78543956107537,130.1022342011015,0.0,10.143581223517472,10.010022486478986
0.3242404665460974,0.47754950014945496,1424.2849950217553,45.4165641505299,19.889926962257647,16.050751954297922,285.46012822715846,3.5364163792364622,15.779770934903713,16.061975603198874
0.1199261078423347,0.8430578767392036,204.63170307804575,18.29852165096006,16.367757019997438,6.349229590394037,148.52320075960168,0.7045266474327471,5.844221067205463,9.960324171064382
0.259892578615682,0.6101522621350104,448.04736095986584,33.33307879907017,13.914955842249023,8.208658751948871,166.4753011765718,1.1698313422334463,8.632806801368861,11.721555968215124
0.19967474793862264,0.8379568602005166,660.9418205251733,17.919337552282975,12.492562616952043,7.250779696476051,158.2520997536916,1.2640549742841194,9.220515626893238,16.681107886299134
0.4449900626250479,0.6998448618058264,732.164682969714,40.80256500837966,19.653709265532157,11.503683673135985,213.8790722968442,2.0136612363236512,4.789906943749246,12.901494575984245
0.06573128895134016,0.7148376256213618,1766.2621589708258,29.88740522140296,12.154859913159221,14.167906797684726,256.28802413960625,2.986948988013632,25.682366747369706,16.812323417635064
0.5975145965318258,0.9641352614658271,704.2665560230424,1.0466516290472336,25.22783620959084,12.83257962894073,260.4389935954129,0.04425598381379736,7.339903354504079,8.834521290412514
0.20530755987635838,0.5479191226856955,855.0259009978005,46.58165309384212,12.229689089145872,11.989644258469603,227.0972734183769,0.8757523386026927,9.960252665244074,10.787633521368772
0.1415714075205506,0.8344158082983135,1089.7923649817824,15.0568554981511,13.398822666938853,8.538140532916254,183.13109304437435,0.0,0.0,6.274068981342894
0.30088073058749293,0.8936344983820036,1328.622744905903,11.34551693078854,18.30622122074894,11.755206799525087,230.76735755771156,1.0309118099181656,12.422735116891172,13.740634905293573
0.07295998821337844,0.8875102311944039,612.4048371883034,22.520463089537195,9.362044276217702,4.668097342432187,124.98779717918056,0.35974189059639883,6.538857062241389,11.199006472862392
0.5557873351083997,0.6802347106171988,1590.4466600379974,32.28344012643676,23.42167857385886,18.686428246339077,335.601153289057,4.363956202155929,20.442000943994024,21.462561018449815
0.25405816431228084,0.6674953114784944,1967.3703302512988,29.774424218387598,17.396208234052423,14.323936895825,252.64290220947458,2.975199239474003,24.20835296594823,17.115753921950454
0.30862494396598517,0.7795083981253765,1081.7899290909802,29.98094420025337,17.71467464167362,11.323231644487628,236.57004197069256,0.9103926606765386,0.0,15.420694526451157
0.16084171879029563,0.9589448621083333,317.93178265712703,6.370171564865821,12.025264757537137,7.204501317970459,153.75594669100673,0.2259291219660759,6.065987672680933,5.703117542659402
0.33940274977311724,0.5573927699721307,1380.6388644457247,43.63309190041566,13.955073439843606,12.128497085412775,240.8994939447506,1.3391474929902627,9.737718029605212,14.736542214469234
0.5357657259877704,0.7117720670690675,1127.3631597635879,29.276543480078754,23.6961077457288,13.665324044818922,273.76328111301933,1.080859195298443,7.787197701248748,9.343726880234588
0.27892711329405395,0.5502290353395046,2903.454852416562,37.716080082880815,15.81855958129357,18.687698910257357,319.51396304878506,2.9174602014345217,28.638732879077157,16.76880210210827
0.31299902907704663,0.7677054652197393,1665.698578758202,28.572747895256747,18.98954814663592,14.207853136680267,269.3656579495566,0.8538177006836954,10.084687512579094,16.900740904232354
0.4456771638413859,0.7731817374221597,299.1227824849701,24.6086716972173,20.705708303963515,9.03670679477968,186.24258124793747,0.0,5.380524488709988,8.256705371772282
0.1945231861971297,0.9546220179257218,322.68839141301675,9.365945314488211,18.682975917688758,5.707767065241173,134.4389436689824,0.0,0.831375729443776,9.24589241106222
0.057761706519384934,0.5827237634487933,857.4981665424664,45.2424300368212,7.04407147599893,8.394576120771916,184.90055769203957,0.0,8.000897891344998,7.429344788179684
0.48119088277308686,0.38138620268145135,447.1952495812198,60.66739819711362,23.05020606337814,12.281178778598683,254.40220333817038,1.9119114288045371,10.22231190885698,15.719215830432937
0.10960154812630074,0.8659103466221088,429.7705976557171,15.753364718095488,11.957154081943386,3.300119456446423,70.33022911376473,0.6841701105811481,6.581013891001643,12.714238976562543
0.5643270790796963,0.9868772268404724,445.5288436844094,4.288864083207754,25.7831844384072,10.129279112310442,183.87731003576204,1.2899469189923605,9.338695287390795,11.523570394061952
0.11657999548861557,0.6853332381660858,104.75968726207319,30.623469777249174,14.42842296764982,6.65907935001686,154.85368843723856,1.8786525304042692,14.11608728603164,14.713315182417405
0.39771050096638044,0.8689544184655968,1052.4246471334552,8.612584455477037,20.51351654707852,13.114674539993004,255.07078983304632,1.6624290970158577,10.703524262610562,17.05371739144759
0.16660751958248887,0.7547761019311803,1403.2058276998214,21.459599077386653,15.024845433198347,12.60236053188441,222.06247354793433,2.180711284686803,15.958209068155421,14.31694086190477
0.3544803021773889,0.7840055909654847,1491.3695067509814,28.85970225557749,20.54523181152477,15.059519750975376,270.002067765258,1.602964467191648,3.605998216980206,18.307203918787003
0.5506474000892012,0.5357448329422746,537.7873904945336,48.640863166452746,23.285394495307408,16.557831877319533,301.925900198515,1.5312786985133628,8.718225110963283,11.899901806357745
0.41875155371646994,0.9709858764315276,551.5410467841581,3.956498272063201,22.541939558897656,8.805337916925962,175.6771532391561,3.825445334258047,19.012537381387286,21.700789152920414
0.02630251103981207,0.8156649794333747,146.25354633134052,23.041710965211273,9.451518672174672,3.6118993353179842,109.44645458883164,0.0,7.581483380699549,7.298521161483205
0.20771205396851528,0.7195102879168325,112.46879076288928,34.07234143943828,15.269789668155093,8.423055670373985,191.68960892002303,0.0083298799534689,7.63473471011975,16.391346623489213
0.06763341214038036,0.6507184747424505,1429.6034236974594,37.190485349926185,12.412151830191634,12.101910743799348,233.2647389795711,0.0,9.984085914835529,11.228130710226164
0.4288902237311595,0.5960123722253723,1412.7402602962068,26.985043820777197,17.274957309330773,17.324180973781097,321.41184767111224,2.9289720135433432,8.879855781294975,20.817485244658233
0.5053764605539579,0.762030086297545,631.2670201139646,28.775962794239163,21.151374295706287,13.320903035070321,252.64294194612594,1.3059033439186207,4.256884420905617,12.666003251890073
0.4654183553943184,0.5386522217670034,1490.2111486480244,40.153369441073394,20.671272633209625,15.30764540924412,294.2309578987183,0.6279506434546698,9.906724733866351,14.141744709158246
0.2853370055987634,0.5432713706999681,731.0634926236282,48.136267311381495,18.812716707412697,8.36492884615065,171.29120716681854,0.19193437675934277,0.13660521205304121,13.672538019972057
0.34309981695166714,0.8408921281254645,1509.6161908258287,11.136808471972856,22.630551610060383,12.275185518795517,231.02276795184707,2.186752375450892,13.335862213868179,12.710329128851228
0.3055603028832954,0.5626445085302577,959.0461581961304,43.01780607746821,15.750244114136724,12.922912739688815,243.16338228291877,0.0,1.6449203719997656,8.032441646378796
0.1778719564164481,0.596377859318351,1021.0930152749389,44.06614273636566,13.82023306630651,9.682800619499599,211.55425034124244,0.31448128220011595,9.555279631734324,9.114408578601441
0.562955003507155,0.6298178506005147,2200.3529897124617,35.15390269388444,26.03645921319006,19.108751875338847,336.23397859847313,3.2879693149050415,22.446744633881487,19.990188854041445
0.2511423086878011,0.8767779813334284,554.4381026647842,18.155738811692526,14.123632193842958,8.69650105810621,183.64884124333014,0.8631654070105556,10.096114557867532,11.96519734102814
0.18024211928035241,0.3508392560220887,1315.9685549878116,50.93958393635525,15.89933958701249,12.629560979207609,224.384107021969,1.829036651714476,3.8090265962557392,12.190167255918695
0.21697826872420228,0.7800888280675635,342.5936760381302,25.672773442240448,16.583606602427786,8.868256659901224,195.96712255117825,0.5238778667569498,4.013109000561794,13.922736088269087
0.07920876548210537,0.8012101483455076,228.2851393186954,22.85311445234273,11.403540914044804,4.744441849683392,105.87948065534384,2.0877251379885546,14.893590202694432,15.214817970023528
0.07368419920803153,0.9802892627284279,800.104676082172,11.794533445622054,14.733637546600411,5.196712638510766,117.94725469878242,0.0,2.073536143028396,6.2715562569465115
0.3422752668554859,0.8799976137043577,1624.7507346519794,12.735789479662639,21.782051901253144,15.616835550369228,298.1195932781178,2.7917958220950068,28.62101756971846,19.063742098767875
0.13449340025107476,0.8725537826209321,2178.331501737825,15.848930718274021,11.90524250715352,13.412257314884144,250.54967590079474,3.47363203566234,10.997271757258321,14.753388729868899
0.46870081729538654,0.5475710130703079,401.1090649934418,55.65981403569455,17.189613795276582,11.95997340357494,242.199790943416,0.8182138479348111,5.652085423385483,11.852673908469091
0.06681613834615177,0.5932622185976197,195.88070671169424,49.236113085458705,11.92876881673318,6.682500280524392,150.25163200899286,1.5585987434417716,1.6729572361160123,13.815255650869073
0.03504271461253102,0.8908222517681946,593.7821458020021,8.877944854724102,14.586761975775882,4.356219174510322,103.78504221679906,0.0,12.233340880583821,14.009090635052756
0.4897735845093143,0.5575221367579388,543.067137054236,53.75489397546654,24.76873077169561,13.254655369619025,250.78504163676052,2.6091197411606277,20.55382830473329,13.368251866578895
0.18367922590715935,0.8810512478795687,156.6423955994986,15.077923645962645,15.36661910239944,6.418644891047311,160.49568833157804,0.5649273837942942,0.0,8.447890197841742
0.3868058210102377,0.8649454558539907,277.59850212278667,18.684113729403492,19.862785463477643,8.050888745450205,168.06588322417667,1.0943893394933337,13.454292975473294,14.189065783216043
0.25211167332667495,0.5352832639184557,953.3872100931457,45.15024722850837,15.31373172155338,11.110521987385388,228.96480059435956,0.3698774315147332,7.180230762209761,9.716721737931598
0.6312633943698865,0.6586546587752427,663.4083695742382,32.02340476772487,23.993191722178604,15.227943184258622,272.06859271397,3.311493613108512,21.366772499306332,18.709991705479606
0.2983208726504963,0.5651025890105458,1113.9822295390113,49.54853703336878,18.826797106115766,11.854111024792727,216.81423820198216,2.0257466793992664,9.749879548363094,14.117395828724277
0.6290268207205931,0.9698460265273834,926.6342663853816,1.8743671619268207,26.318140508406312,13.497155658985193,252.17762805631727,1.0208165185442004,16.50048531325471,11.303180736200005
0.674047054816143,0.5240951557902195,423.4204527496814,52.41316461171562,27.99201620199951,16.24698221812342,285.1959533544857,1.600863478785612,6.6077076388371,16.824659059330614
0.4578578184694988,0.6393870881074445,1036.396287190758,39.30888173891597,19.4234888623631,13.410293406623296,238.59341718058153,0.25895889687040263,6.4087987620671365,15.209825847495772
0.513179280400246,0.4837476517430246,627.4441135179995,45.29371966848562,22.255435568177848,15.559128083514537,295.93162574126825,1.379779153172278,20.843295185761484,12.838611693327804
0.6873278466966987,0.56123681962291,209.89189091134654,44.94063870243768,23.86532192704462,12.731306699645184,244.31046838129168,1.254600054213783,6.445909076228116,10.954449743866395
0.5280990627386415,0.5972993634874335,716.5168721996358,43.69164798246612,20.155068470615596,13.791570472172426,248.94256549289284,2.3093249425362132,17.846249195756,18.837541271061035
0.3105719708550323,0.8553729140870808,1630.435433745834,24.046171861997532,13.75060625468482,13.599462216406664,265.749470159391,0.034153270871659425,6.958576535907632,12.462842719093642
0.2840950693189962,0.8717868843462849,329.08710717669334,15.816264780139095,16.11183419786107,7.365422857206851,180.188004719645,0.0,7.656632560983644,11.44001543063472
0.09966930931716303,0.7743164027286203,322.7951670576035,24.90385233269946,13.743271814388269,6.67875032813605,160.9245283742176,0.0,2.5389023788299934,9.671547196047484
0.345168817126789,0.7939924337102282,754.7827358904569,22.23461386631388,15.580259301426539,10.789898483714541,201.91164386880982,0.0,12.671162649432123,10.797699503612014
0.20080750943156914,0.4241542399645917,636.7270844902522,63.514752823210465,16.115551714908964,8.473432517802195,175.09342665999014,0.0,0.0,17.82517901436101
0.562014067924622,0.4386471271485697,122.01907207218468,58.55726518719855,20.257802032141026,13.651609073923662,251.0219379357832,0.9178798137503974,16.733348599636763,11.224532481109888
0.4312888444813774,0.7817621646001299,538.0591581192383,20.821293096505368,20.244942766102273,11.153296973046958,216.41753676428968,1.8622910567032078,12.192156251127562,14.576851712656616
0.27630823717668324,0.9252006416310057,217.11777019993994,23.94678905015835,14.974827753116092,7.105996186633591,170.56605999051152,1.3300229578120988,8.309987816399527,12.922521984321316
0.295997331474153,0.68532392007815,259.81904596220505,31.421095553046996,16.925397110268246,9.539311014463689,180.07612867213714,0.0,3.54903363716123,11.153390342030788
0.26421785797288194,0.42872743195282265,286.0752670428693,66.52473920250281,19.419820017657567,10.115259692418869,193.97167782104597,1.0377025148394738,8.22187907929579,13.924845727407714
0.21044874476134132,0.8144411454355367,87.70901266508974,16.121274060680047,15.800308523220494,6.007453186547501,129.2924018132697,1.6486189266826816,13.008310488470048,13.551265329010281
0.15440757465195834,0.681964102850421,1866.9201932132196,29.413754201377138,15.3420233502849,11.56333125082025,212.85891659681624,0.8768507805580279,0.0,12.610174561028789
0.05078400908081251,0.8280777870103767,428.01070340181514,19.55214222104991,16.20879203340709,6.5749394609431695,153.43032480163956,1.1026829975685581,8.954645509461583,18.65554451209325
0.3549055636653696,0.5016274924973934,805.5351168429963,55.19832929413812,18.139378266597667,11.0004911008036,231.48082465767885,1.4919705810235442,17.644312845089193,16.624097873234735
0.22593842750964063,0.45190178750155635,162.47847215327576,59.76548516040076,13.851134516175225,8.25079426164733,178.35627021280843,0.0,0.5480113645534992,9.584063387016839
0.4704022511670409,0.7088149017580171,1034.2081947420031,31.424497329995855,23.572625994458217,12.607038405849025,244.9433226028999,0.8201103025929083,6.294052420299838,8.341794322334408
0.23366164372490678,0.926742858637357,1853.7286345260736,2.4376978016751547,15.596343362099912,12.333703250897939,238.6452730360185,1.2675639549048703,13.148473468740796,14.884353797479388
0.5559605915530844,0.8771972995884948,539.0743248996315,12.221932215170177,25.38431919948702,12.151363641830894,233.6136449722435,1.8332990733352776,10.073897218245552,14.138593944324858
0.32665338012949313,0.6661567542484228,863.0828771585647,41.13510974719276,13.17254945961353,10.894775772691025,223.1548202289088,1.216943134258086,8.792268939504114,13.592097750169724
0.3888505118137019,0.4269713418591576,1713.6971640855193,58.62396985893613,22.623680369569275,15.66283990980424,286.88362681026183,1.5926153370461738,4.42989849211332,11.429778347583742
0.35648964300043506,0.7640262742728687,1058.5731890305499,21.80189877641203,20.488803916206063,11.469271183794538,227.80775636848438,2.6650070393435543,18.798157887064907,20.53552669002842
0.09933001614997519,0.6671040222801499,726.0842095750994,34.57692192164803,11.831318704326778,8.321097559093236,199.8962611544597,0.4331437026686988,0.0,10.244545094075798
0.42876907202198766,0.7673640738063093,669.1996131660092,21.150199011363803,19.894038229654463,13.2788889935496,236.0843380086118,2.7338626100849988,17.976938531612255,10.464012601327859
0.6422219244267371,0.5899165620559952,652.3178984711163,34.21695399433232,27.833477289915407,16.359022795257715,302.9620723380668,0.5863563490408115,14.945676704353168,9.103597237450986
0.11894183956676131,0.7019803443644101,540.3273776896327,29.74019464012623,8.947340849064117,5.678781605198586,135.4609929857583,0.05386429720567354,0.0,6.40813955692873
0.30112141484856486,0.7999486100417615,678.691988607978,17.67221377507129,17.7642223891511,9.07797814004852,195.01211494464235,1.3978850891020005,11.044932625320163,11.262834579770393
0.34849345426258427,0.47242748573308535,379.7207919966621,53.31711718884541,16.014014620065023,11.532755954478262,223.40757853418796,0.6684170810679304,12.468426153050006,8.40680421158913
0.3427668662549676,0.69930055730889,416.5661355698746,35.567888671035945,20.305093291976615,7.7859695635165584,170.31544463234977,0.13862123837850165,4.430568056967454,15.030159983816361
0.3914188014355333,0.7388484169902155,590.626033391987,22.41433228568821,22.8493902009371,9.0301452245973,190.28073847115775,1.1089963113932138,12.083562097992747,13.52025343883051
0.34746988253996836,0.46802236402333236,1329.8695368392557,49.17831098987016,17.818361257193633,15.266484412155977,272.0863872590228,2.0995533316259887,18.420493635443584,13.959969851809664
0.19685924217973352,0.7974310571723674,1253.6095619412617,13.717199522427002,14.37560510179162,10.685518189415568,214.4985548980295,1.037696769772459,3.3257197475142757,12.196408626743624
0.267231269186773,0.7845975201860895,1485.6984134834552,27.55911396245456,17.286094708834568,14.58843683317913,251.40899988719326,3.738580860043913,22.479610159597932,14.258513910757957
0.010912123169785685,0.8016283429372709,631.7903729142791,27.25196444831138,8.78369680474171,6.538914892704784,134.9919612467598,0.6997536190409159,0.0,12.914527820524839
0.3239817741058796,0.7283351887552424,1803.6107612781304,25.464343636212213,16.131987227970928,16.28317318736763,297.0008656327046,1.7000607914478054,11.737282892156184,13.008520519360243
0.6771057771739942,0.821615361595607,2648.470763011895,21.71586561920327,29.19813490980498,22.129590941530957,380.1453293632804,3.071922178120129,27.584940721420008,16.598947386549366
0.19923080821888323,0.6338027783773011,1291.2871434385195,38.027474142693976,12.892303405684306,11.696362695663119,232.27942605879505,2.5808645611675836,26.360871046717065,16.08746535295196
0.22028396264293026,0.8253062666948974,868.4724340334726,14.553157058412916,14.016940742716699,8.024557390898218,167.95626985422592,2.346826120724081,14.121803746851459,9.854358248233485
0.6098450670877472,0.7986685129808262,1513.3688095349444,16.464123219339204,25.14514085718394,15.197156438414245,280.2829835179128,2.017029264891544,13.920290457760709,19.130919862778857
0.2193246635467459,0.9119349270477232,1681.5008779340933,7.1516335300103,14.733946074014703,10.512382444743015,217.24827379075617,1.3991396196074461,4.691204288375124,9.880788185080341
0.4677598949332522,0.7046791321233202,870.1402520297457,33.07428110036405,23.429387014463064,12.140138550633962,231.80448225613065,1.6359628292504196,11.083662204902902,11.646716433227589
0.2644397676291508,0.9290266198119674,764.1065771468242,10.146124801005307,20.224433667692846,10.66355033038071,214.68624572678175,0.0,3.059061112943728,9.343570511362595
0.29005128356267684,0.5818173794848494,2358.9560055552993,42.22216363541629,16.95346480709798,17.39073627935593,324.0789403862464,2.968537086356341,15.391585516949574,14.295801596117078
0.39700584863373095,0.3626794551606332,806.7396601525321,62.89229300450274,17.115596091048666,14.001133819461357,258.5801774904754,0.46469009476371737,10.712923214836275,12.38607051829963
0.26018876074250846,0.907364575700116,1389.794305904489,13.331033930105225,16.05232314249368,8.559560331273904,165.98809119821232,0.6886006653503637,0.0,12.533092272040722
0.39024776475593687,0.8367987729612304,1286.492483894742,31.72138034854025,18.805255758962907,15.108719956414577,281.7466695674956,1.0622298308918503,10.397950486922381,11.853251957708988
0.36014342094643464,0.6035494610947512,1801.3635411780508,41.670241983282416,20.088788876491755,18.309248931414302,335.14862991870933,2.157079414186863,22.81994821241984,16.05211503529297
0.11785546354406132,0.672853045859486,1645.8202620638044,29.826254209766155,15.065352245922771,14.475712800171486,266.4458217012772,1.3264210910669132,6.503539146514058,9.020149850947028
0.2662886107251463,0.5060224573351939,857.839623088634,50.142141444588376,17.034385927188634,9.763015672971317,204.54112755512114,0.6135723039933487,3.2011054154415968,13.029292290914869
0.07594801129855908,0.7097451422047873,579.2641356390455,28.24515333348897,13.580053416875476,7.20952153404654,147.06707401577626,1.049283318405383,6.828740167822132,11.217923452957786
0.13036350253738785,0.6916589177377415,1472.6774806343992,37.56179513879073,14.400029106782137,11.94869885064278,222.6881816677819,2.784885599680371,14.585391771870132,16.956558173595845
0.37676074195353504,0.7439408415113611,1567.8795830763793,20.75652232504663,14.487242210685658,13.77323745991825,261.6216920262568,1.4099849607556099,9.847813676086265,17.338384506916157
0.08432070308305746,0.754778568632079,597.223988223994,26.83148227287958,7.224293656592904,8.420223250320662,171.4910771657524,1.2543341243904957,4.1952109348863145,11.298677051214458
0.36311578348582085,0.6756147427068905,270.9557533188333,32.47000045406819,24.815595740600166,12.319985417233488,214.6991876076796,3.121249846449505,19.225814541742682,16.231466373941124
0.0717355514428006,0.8456975003388952,587.1869857133072,21.780796212236332,14.696009478643754,6.571594359322515,147.00807857267912,0.0,0.0,13.986322612091307
0.35255690231390957,0.6215642419547747,2265.427365458746,42.282178519876354,16.450980215176564,19.289412934932333,324.0582442968862,3.0464861061856663,19.838404658296028,16.47404386478292
0.4250958896186441,0.42842368927318714,228.74580368050388,46.27594155005155,20.838831973368062,13.26159388885881,238.47641543590274,1.444841139179315,11.483173214142095,14.976000273998796
0.32223283069243835,0.5133885654417363,550.3347196678164,49.32429264912391,17.822498764772767,9.471235160580253,191.3780126390398,1.4813005738469318,8.65388082198996,13.259482961765757
0.24336073456868765,0.8783600798417414,842.93695734934,21.570935193095313,15.983354685676476,9.723992323179846,204.52055176055165,0.6108297545174057,5.342351615304462,11.39386393105886
0.34902385992688034,0.9689302935599587,1577.5476353643078,14.191132447729611,18.618249985379265,13.30286055994473,250.3658080669729,1.959078184835097,9.934459769847079,13.652942323994717
0.0701250655487731,0.9041941057022926,746.2863860050996,20.600608381164356,14.075410173426377,6.021632424771106,139.61738865824978,0.018558422414864217,12.494496571979694,7.424775709277978
0.21532667193257857,0.5974028177014061,302.7884820730613,49.78920954371237,13.024041487537028,8.601824934342748,162.56598922732474,0.6416643888020575,10.612681666200737,11.707150847777733
0.1268817635014794,0.8003438277960578,318.408971083781,25.94844750494228,15.095200337449622,7.742865834375538,163.37875397619814,0.0,7.109365589214789,10.143468707740631
0.4106599258064921,0.5296430377104393,1264.4511599978212,42.62265062947615,24.14540791497153,16.357800818985424,298.3887534950109,1.3553724472803987,3.7136719084194025,15.231652726343668
0.07907874351108903,0.7525053671607138,682.6362075333182,26.25713920488403,7.7809012571184315,7.424840277693544,158.26212141755124,1.2138716210378913,8.363978258584357,18.085582758061765
0.3304140789248023,0.7487224494753225,778.7718039682454,28.70831485631258,19.78752733572677,13.697445161518772,258.2899506197058,1.0696391750309882,15.789435614772664,14.152881208836588
0.07628542946997618,0.47970353959898343,1006.9901012632532,61.27610746685516,12.888067966486243,10.865161660712248,227.00298020931592,0.0,6.169424617314312,6.277138038497066
0.27573669559470115,0.687167797377939,1678.9698907782413,34.22781513637518,14.700636055280233,12.119906963352376,223.3987588888958,0.8262266833042826,10.51428478632186,12.336588832121794
0.1211435860655347,0.8180217659808353,572.4988184790776,18.839486954888116,10.936576218932387,9.167227266433013,191.41703888265872,0.30517677812182065,8.268222707047803,9.431273155295484
0.1953738949847288,0.621659938965924,323.8655863677956,32.6104891558748,14.501467368089378,6.149798472082007,138.00729018889228,0.9318861867524824,5.738161100928528,12.136190689224245
0.300736111465511,0.7786479727266399,2173.9325312521532,15.654676785927407,16.378165730643012,17.051710922166244,310.75464463538265,0.30215416276986495,6.939980435609981,8.488550155024233
0.3023364266939024,0.38309792456111674,765.6939479055134,61.58648123566929,15.471738543740482,12.608017658448473,241.6830610466216,2.7725814439015504,13.853601501155046,15.88329339394619
0.22971288221138353,0.8616692518182063,246.63918893410525,18.71312095859992,16.54975515034136,8.924492984386024,183.97401071870524,0.36277117066104175,10.821470405279797,8.720612945482834
0.4232258651012638,0.4887508429685882,832.5932289282006,50.72812067765771,22.88338213136345,14.07911131012018,267.7014750605126,0.7934500963066693,10.41792584721027,5.1274186005232085
0.26345767601121794,0.6375085844955793,381.69280780991824,46.00829169402315,18.234491559062977,9.768832414515314,200.24518569135603,1.2084917293374953,0.0,7.339610503059323
0.2984077871447141,0.6983436614882984,975.0855037873148,30.98910579154159,19.922453726949158,10.175652455456877,194.8085797691379,2.3774888497806845,7.094220498293314,15.152521867446438
0.14131484439140435,0.6775704261908975,653.8782100396903,37.66978119390426,13.447788709966966,9.317818560843621,191.61806648916513,1.4213560689050477,0.0,5.31901643238084
0.07112961305298404,0.6855329447754213,187.71293711994736,29.414239796799016,13.082689318334054,6.375182829892117,147.56931121447957,0.0,6.695691849403396,7.238509160078291
0.4780481538959831,0.8129433320876968,2371.2781611116625,21.956299599696816,26.88107511032642,20.12122418149444,361.51211228163504,2.5738134712507024,16.981278723913046,22.5333978586197
0.12272609077569419,0.45963109675456404,839.9706900878018,53.6792982676193,13.31870970009805,10.881831080917772,213.68748485572124,0.7644770273600526,11.8695186288193,8.452521885836006
0.297082005872355,0.760190436451286,709.6745469174484,23.78380259955771,18.019248606353923,9.453799596846212,210.70370302542756,0.0,6.220541837887245,15.591286722386869
0.1350506762983888,0.8344746191615484,764.6254697712028,12.879218138201082,10.830943857202152,8.188339459811871,176.7626637887647,0.4404860270240566,5.012086453078044,15.016538832836114
0.29047817391242786,0.8900848700829612,1091.6012471483448,9.521476212139934,15.508436040836731,9.921292484034156,201.6925905568629,2.221164991256595,12.728099597200258,16.359574444446313
0.3354929663191765,0.5127771829691711,2409.946281747305,56.85143304528485,17.919439859732375,16.856117989926375,303.06960917023184,4.101252844606755,25.258328548021517,18.50621805553974
0.12924795545331494,0.8269342571370909,481.7657811195771,15.806785446390652,8.696757415997322,5.11939673876842,129.52187043837222,0.039767659934355326,0.0,8.017233224584745
0.2678860605654928,0.37589965033330747,848.0461081400616,66.10104768101485,17.14722270869093,12.881242749881535,258.8962899939844,0.0,14.276676111853664,10.669313362318118
0.49041079369962626,0.16560554037485198,77.92075464572888,79.02591401967933,23.43860065190115,14.811048130658447,253.8079447756516,2.8851079773053097,9.065811537735211,15.121218624487918
0.09525976736266913,0.30258203530915306,850.8836094729631,64.30500234287669,13.241140143471183,10.203981557672286,207.76037556105442,0.0,11.268954240578541,15.355463769908537
0.18648726216272998,0.786395410119263,639.2870693522905,26.723989655949445,13.560642110388303,5.484865159277483,140.12322331211067,0.21047594232890504,1.4159762352259033,12.69093993899381
0.3444650839344252,0.7257257793682426,449.7872431830958,33.477604563854506,20.086015711256593,13.134884860204316,265.69213048652557,0.42962801583242827,7.999100478311677,10.856499809248568
0.23350158649738462,0.475367335669697,679.7475933451828,54.0991262383629,16.7946756054151,9.514933832164573,177.9091370138563,1.4134921159723697,15.657795144435902,16.134805700400086
0.13873777868845102,0.16867860787884023,2573.143364033501,81.23728400839495,11.63631540298931,19.3156057236956,336.70175018947896,2.989444231884094,21.86609798127663,16.793154024965737
0.152932688050711,0.6821427872793907,177.1780568498697,34.41466392318921,13.136982120468073,7.824778816062163,165.23122366062768,0.0,7.778279548248316,9.040299700316718
0.16247630097253807,0.6284590841755486,2308.5075201290033,33.87729334006626,15.45774758941208,13.383430171382845,256.63293577635943,2.506544846049718,20.529421846637426,16.777121770191865
0.31342301705944137,0.24712387922381734,412.3336004089623,77.19772305825224,19.58728272569039,11.693707531683275,225.98925419401493,2.976801714928937,22.978953035699888,12.734619058139014
0.4292720611217991,0.8204979812095322,376.47661056296624,21.911007327357783,23.760763905698255,10.217987560141841,199.64753515629067,0.0,7.092328000102163,4.474179164776025
0.03904375278819057,0.6012897261308671,1591.2982714611708,41.53089466203349,11.466040037930679,9.439214432826828,205.1271031971384,1.920544547576672,12.639612216650953,6.708901274227674
0.1367638628151101,0.6507601064520651,1540.9816937787955,39.40794321902238,14.269289188326864,14.482780136942813,240.873948833008,1.098649242166221,12.386412774418021,9.412209421841805
0.21208886474649563,0.5321998388090223,2495.9695479853917,48.347208694345,17.833089181967207,18.010810797143563,315.5345396377597,1.0760967136145643,9.467626937675325,10.10387780534085
0.5769638099488369,0.8913647962869008,789.3293786756544,2.3308247347163693,24.896120540177048,14.72177533175597,260.23053153053974,0.8226079272797919,13.928516108343036,8.460238589262671
0.0763932619332588,0.7121097794488306,1163.969929968824,29.379086878965552,11.074384580263247,8.595517686351451,183.3298590443161,0.0,6.29804174323878,11.388466554662848
0.11725691018091244,0.5677084176794766,773.2185551083974,40.858003054963426,12.05035346585299,8.312185265674385,181.45153179338877,0.20369036078355124,5.920822459072095,11.937689508940235
0.3541928570682806,0.714926462789459,722.9445922046482,34.95841675061455,18.726511322676423,11.024031646251963,218.53403686332754,2.5165110973460383,22.954420398624283,19.268111633211557
0.19675686981085616,0.5083227056743878,466.8585421920648,52.17531316508471,11.960489767949568,9.597226482642544,186.11179312733665,1.538588739982346,0.5378844110040184,15.225429647481592
0.18206095160625668,0.5345386207809488,671.9471029048614,37.12198553012299,13.687968062167345,8.563843702418485,180.5039173846612,0.0,13.168372362928855,8.495835799571541
0.27597279281373466,0.7346880759278174,1501.980962440781,34.33420873209626,18.644032062569217,11.868455941764857,227.24208644547744,1.3044811476031197,6.694205119007604,17.716429408644185
0.635019650989426,0.6506091962105195,1593.8576659699072,45.892648315792044,23.736378977533647,19.421036026310574,337.10643085178197,3.6840559368819052,14.551714593647755,17.141929396023055
0.16467458547561847,0.684693174181037,1419.5372811906527,25.809460864397305,13.19765680830893,9.274650770034759,186.0931618590176,1.6590295915350937,6.8337679025984155,10.79479161801334
0.2531883054240019,0.5984265801753252,1467.595538680925,40.79432799265055,18.807006480531,12.638976555053965,236.58741420033243,1.6742687877126328,10.312219173276668,16.681377516799422
0.25281247152757186,0.5004484876914261,1611.3287477184952,49.9617947941921,15.729664586489182,14.313239368224501,279.24039817332664,1.3879031817304843,8.16066454317156,12.811420435770167
0.2981551079737845,0.8520180746652236,396.39649350657305,12.75910898252554,17.134363640142382,10.607993932637477,198.99473956124996,1.1542323120583573,14.524761826070973,9.191897186281277
0.4691558036064087,0.7667156583387171,662.2031035785235,31.89064142434656,21.7530020935341,12.517682484610603,254.47733614976676,1.358584098187991,15.951033389506751,10.324767928673474
0.2666920631324917,0.675069308204242,1769.0820597593968,39.16549209821549,18.387635212386858,15.111529772811101,286.9126997594222,0.8294735399745309,10.805081977514229,20.97666358744265
0.3137398414558138,0.8749730873318036,704.8560867248773,19.7486788451148,19.434040921897438,11.80421498675027,210.0508238143521,0.40948433368088955,4.685224449262078,11.776343777951402
0.1594917923563319,0.646826321129545,1735.4030302376448,35.68983004047223,11.677053561725264,12.282166701129086,218.94579098374663,3.5056339302269657,17.02566545808752,19.626467205353542
0.25241402312881034,0.6673146013158753,751.6970715747809,30.124493893050293,16.341084881695842,12.608011286571037,225.71647542768687,2.0410270758630324,19.68175122457676,17.2649484439247
0.556046961383767,0.3655275077441758,1361.9228345869935,63.748518975361286,23.46536926283207,20.670911214562988,367.27953573188347,2.472462586424276,10.336710075076425,18.46052676683856
0.14935752629710744,0.2944351469906004,1956.9696595798391,68.99761837699037,14.083888738701058,15.001709564255961,284.4406293431553,1.8410644609350897,10.545334778947364,17.11252488713422
0.07504653087497018,0.5217385863568934,1043.1827934070645,47.27646477050671,15.732354917977684,10.407299972188968,200.31769067458714,1.5374086175534063,11.279661229063569,16.74050713228227
0.6664490438908781,0.5829669066262368,1094.3208294504393,46.20801135501788,26.96302591418711,18.125321854612103,315.2140099271631,3.135402641356398,18.875763790564264,15.681558071419168
0.07438345587525305,0.86538227709267,1434.5854054619856,15.652121685359276,13.625567063124803,8.03443342828876,162.6836966516998,2.0464591316823375,4.6135794470660745,17.289764499014908
0.055192652392811035,0.9046124085861871,583.6609669073397,19.99604597187618,9.351282038964875,8.069196937310544,175.44467689854625,0.0,3.4118754785429584,7.584686809990181
0.1539359843609678,0.4579864687480721,1898.0873727315538,59.705358705569296,9.263121743037875,15.202378949893246,273.6034015368115,1.5361112465750173,13.371735844502926,16.815153442331077
0.31034598903685845,0.9100590636516666,639.0584369990568,11.72170154160766,20.601822620485166,9.1113726837832,190.23606637936308,1.1464396920455946,9.422539151440915,17.798460692601466
0.25864605945880165,0.8240268810771335,732.8359917765071,19.373650991920744,16.223841260727283,11.1056168421258,224.22961981424956,0.0,0.0,13.520176975845795
0.1194776426994204,0.9564268924593089,209.2393768457136,8.428125680209162,10.657901144145333,5.895535008744144,137.23393932730198,0.2460266468938826,0.3224524486270006,7.475488307617027
0.0811865394449621,0.9287955881482381,2090.715898320115,7.650054241552022,11.799607588086246,11.383039428519222,229.6915653331039,1.7009706904267161,14.122926686084375,8.09071553249752
0.3838760427459625,0.883517396235105,187.63163373341436,16.442770914555258,16.997385101606262,7.269237342851751,147.4794182068934,1.9388593330974304,15.187704727452912,14.434402138655582
0.14821417589812996,0.7920028257860304,338.354480381164,30.08208065365708,15.717021070245204,7.541800559750809,175.84247942035856,0.0,3.4907468624422875,9.179388294173405
0.7735088253014225,0.654538365550315,473.8308268038914,29.291799830645353,28.262522317020608,14.935945257424146,279.09929165556025,1.729596344055347,18.86259995370483,11.659398362407579
0.2431160912404707,0.5383314133697555,756.9802942912287,48.28360739325889,14.625280539803967,11.145990682433684,209.70334697226426,2.3385791349107357,13.468121043539705,11.452800095043589
0.38354882032164056,0.7737277252076047,246.69076553654403,28.16859537949018,17.1262025378567,9.543155639393168,176.10131600779863,2.2600132727230644,11.660283029614334,12.641852342600812
0.4348100541592704,0.8580556346513271,1808.590516500295,20.49075177941846,21.176773395014482,15.329577063956616,287.8154707922062,0.6720623668478247,3.49900999184484,18.28600359318318
0.41627875209029247,0.8267429358053574,1323.2443521544812,13.714905774821993,22.828347239600173,15.528846775473653,293.86031258453147,0.0,0.34010384014177397,12.85723224833755
0.34081162572966933,0.43561808218619197,1291.6220799523157,61.74927060124446,19.881754442647086,13.405881462798558,235.67841441444656,2.658583767493366,17.401761819996445,15.979153677941088
0.28988680362123875,0.6541970097935303,881.5926350820347,36.25472075422636,17.107525744481173,12.651618896665699,240.28344778733123,1.3672036258781766,8.432105820472827,15.671907242316763
0.3969612357843615,0.722630775863529,2005.3773467820286,31.98068285937528,19.96734922007916,13.327024594321058,273.75186125486596,1.2178013455808423,18.540318975716623,12.704088044010641
0.49927724834876863,0.7963935194126086,749.6099929679626,30.212081458567518,21.239694041341426,13.242759819508189,250.73223885678019,2.0391111398970634,22.084638559763626,16.33144487564871
0.26486146338244054,0.6807661412807519,1141.7803870501857,34.41099983894433,14.369416569139368,11.064844201509093,213.5931931824373,2.4216249062041086,25.47980194858071,15.062188951848503
0.2924123766561572,0.8846236014085279,1452.7528439756554,20.50169004081773,15.16886215643598,14.905121821948374,282.3171490839346,2.536485914917778,15.280452336402186,19.685284434144727
0.30772220587636157,0.8096139750897945,393.60446087427584,29.30895252834016,16.532756331033895,10.302594075906903,203.30061783488773,1.9512522573829345,7.3317450220056415,12.28745570685832
0.22971463573813197,0.5424487099648739,702.8665672148541,42.456116163744014,15.991029317586378,12.615130623784056,240.2351027524903,0.4662728845876829,3.8746285420143978,11.657840159464069
0.43708453101337286,0.5745571803869164,639.7600419758764,43.70727456414616,18.46122404317076,15.293426495447196,272.91917161554903,1.7270376573785824,7.3517181289405285,19.25062556326647
0.16646461806601368,0.7402307267333879,1229.4221800993867,31.64954488638654,10.887843532963831,11.92947536767181,234.58424969068142,2.1223245584577857,14.150827962463358,15.848146019150025
0.25043410097511787,0.8313146576686113,1289.64779672484,19.014591675785574,12.939019619381718,11.309332150502433,224.9726781116079,1.909737529400604,7.6785088404913395,11.925194698850069
0.44047172622448183,0.3829044652020869,231.38971777794148,71.20604590925622,22.16234135221659,11.418229464008935,221.02776535350426,2.749094205412592,17.993860107118323,15.695068926993205
0.0838401771467809,0.9490369067195369,549.7099551844439,14.751222653479797,11.069774236911485,5.932568790085659,142.7610284638904,0.4478502838555062,14.914604617946692,4.810135406512998
0.27600263261807617,0.8069992516300128,280.0422170469086,20.882515406403268,13.730648255815252,5.921448818415523,152.79009940429268,0.0,8.910282055840408,8.784798697298903
0.02539728814405467,0.6765538808006349,1431.1762865471912,24.815362718719047,7.803093981060307,8.424960414716562,199.87857817504278,0.0,1.9945831473983655,15.461726092639715
0.3395109822188182,0.23910447669549204,716.2993914989739,66.71783583053684,15.535529458018981,14.69958534248197,255.58644176245008,3.098551790414173,10.311801802820503,17.826571904117035
0.09778667987261122,0.7835324308364466,86.77631116474001,28.69019463405739,13.290751751966665,4.8156612067807645,123.85985665144813,0.0,2.2399446384016604,10.125195439768763
0.13528496997146353,0.7260483794579153,549.3307056367487,31.141250922159074,13.63768758472906,7.944395287124024,169.55640154703516,0.24765315795168086,4.242289781492895,10.363459287096319
0.3575072705394552,0.841945563966436,101.64343439852126,19.695860400603916,18.62650212671921,8.95280090026712,189.43292432314485,0.07582398142550284,0.0,10.51517899085827
0.2957429106158798,0.6595265326054275,1172.7727361542782,32.3189134730764,16.31920523340946,13.237682147020681,254.87720437268717,0.2709742944937241,2.462055891786742,7.816160644517544
0.2531170136358231,0.9693367380976254,698.8908733473847,4.669990787907969,15.905858581100293,8.723072833620272,172.10944758067188,0.0,0.0,7.535697365435958
0.1300204327327038,0.7422739255515699,1155.5411153046043,20.531774864857734,18.71354085230937,7.7724935562186985,176.88810683660654,0.0,8.202643062367024,7.153512696983351
0.1499137782728872,0.6470000821431034,795.5861420221316,33.337904392251694,11.820155188440577,9.225363512130498,172.25268313016812,1.8250448883813792,9.027616584733861,18.06828389923881
0.1324682858702341,0.617000250761834,1238.503069476522,42.867694176555894,7.9521636459521,11.181887341178307,216.0085421679814,1.4532800439498779,8.613730919895737,10.889428909337006
0.31662971162481796,0.5752911655374631,1351.36028397428,38.10731835835233,18.05117852140086,13.612129755688297,254.97468876680173,1.3225463033430402,11.073012904291618,15.81622373536473
0.432311614132261,0.6974200533931594,524.3798245677588,41.51036231775247,24.8125494708798,13.28824034253572,252.3665075394469,1.9877292069782342,13.774168610112001,19.678890144129152
0.04887501297739929,0.7598795547187746,314.00435270190843,27.405331799102495,10.043041026759717,9.366465377592416,189.73576448499372,0.412915421169589,9.728196512845942,14.539650995739663
0.1832225549105512,0.9265300408228632,2240.989154809655,14.214002801783339,8.300207731011158,12.938748818637505,236.07051880087857,2.604220043504571,12.759697925160975,12.023969132741769
0.38595535158179706,0.9088159947650222,1003.7511987584944,10.201932630282265,20.613440534227145,14.539365433096533,268.89793672241956,0.5763874725914131,3.8518342592519312,12.27122782795399
0.627731415440486,0.8061091704263602,1718.9170799009999,26.31425319022503,27.463211769987964,18.16666174700709,332.2134957241958,0.6051084048166848,2.6090439077893857,11.116510608700775
0.5156335112176562,0.8255853610756103,845.8448268555661,20.899556865571284,21.56434987690765,12.514822865781056,241.78754926166323,0.6185278014907029,12.976396412833,13.484942637622336
0.1957585589294551,0.7249890569776631,864.7312562120148,26.878542150558804,13.226507355771867,8.396509944514197,179.9346881893021,1.7882830889083794,14.70704589832923,12.689478582459184
0.3441134018811362,0.5381145519106291,377.9109247870105,47.34823492537674,19.47048665624364,8.515150387316766,190.9867911547574,1.3525914051689574,11.208903529457194,15.444145333167588
0.29886496369002896,0.6004569843396785,3236.738887762889,33.32079335574397,19.577565367983997,19.11246653573149,318.259947957382,1.3009659582134803,9.738356091823015,18.4854311822219
0.14440472581375935,0.7457762516873906,1075.7007172847343,31.31449242964215,17.948206291525015,10.725775944786538,219.5502008690132,1.7814851957848983,9.9460599287118,12.679412487299786
0.37468205267949384,0.8664630990513341,1209.1480030883367,18.266672682874827,17.575110144697337,13.86213070733045,266.2376397862559,1.0381611734234202,11.13254463692345,18.167521639446495
0.5262481621075239,0.29691635161668695,815.8674217611,69.90272592566613,22.686515076702612,15.401241405594183,264.2819697309629,2.09463377280121,18.706619850878337,16.187731115546864
0.39389034294111175,0.7019232876556254,703.0240438034351,29.903789936942605,19.497389567166184,9.827120302534961,182.54373315154623,0.0,5.948286292668844,10.94519001123617
0.08328463172974118,0.5824291950451316,633.8333148129781,37.714113501759506,12.94557605899556,7.5133465227977885,164.58075590068796,0.0,7.194126703580469,7.995409720426347
0.22862054501368456,0.5802029287816743,605.495325560033,52.744389409427406,16.24139150261764,10.892664477994563,219.81507904921452,0.6953664748039996,10.657700411440423,15.012798990926992
0.1627725400349731,0.7955162284614187,1879.8361035501441,18.28408064820151,14.324329129400631,14.19720982867909,260.9942580304858,1.9322590158109025,24.04095352084289,18.494670567013404
0.08104550526194557,0.7224924435256567,1812.9809834640296,19.773744644225122,14.44053518289068,13.551879409923757,267.92337176890436,0.9247859129397392,16.252232339347007,12.368783819395707
0.2908442391423598,0.7164257234398358,1213.9825259431002,29.81324872269932,18.30739442935039,13.996107761442776,256.87787630296555,1.975505979283245,13.388048817682826,16.866964903574686
0.21288520585100806,0.6754690714681495,793.8010463541433,35.93567867378838,15.495801969440356,11.404673850445683,216.61651896762004,3.013766991565906,15.065412971399795,16.429726049943476
0.36877326138231203,0.5979889634520534,575.987693897289,44.29575181769326,18.70369588747068,8.21112027627285,178.5675884820519,0.8796763488230275,11.226064925637246,12.27694915536704
0.2619132084561385,0.4882761173716983,852.1933188535551,54.325458900917006,15.785791854299818,12.250881504387944,236.80280188829965,0.19928467659401217,7.52358048682814,10.43075454278469
0.03871525079738293,0.3648848721856066,568.5471653627187,64.38442172663616,15.436084458799012,8.618012007302521,184.7586917737441,1.158988639738555,8.905287841855468,13.938123410561916
0.1782238675838675,0.8006700294064278,724.5687318803605,33.840840835371225,15.02218078436959,6.0210649269687835,159.5529400082553,0.6642526521248714,0.0,14.174102921625611
0.17991512005232113,0.761508847412376,927.3593922292512,26.135090632246097,14.4066237722636,6.92625356787763,141.72216182554425,2.94002005269251,19.52872071295868,14.10008008238633
0.3619832181392984,0.9081335647308707,1622.0676659949258,16.028226906504585,19.564539388634916,10.983965332824635,202.79077276347152,1.6690920898326924,16.734369967026154,5.413137345493219
0.1817958938460786,0.6410616831996357,1065.2467473675783,37.61968789789218,14.203837757727179,10.329856068807368,203.9831359777688,0.5820675710323953,14.717513187057808,10.36300854653028
0.24074165335280603,0.7940728449363369,782.7232084653268,27.51085348357337,13.639468690272736,10.592522499255729,205.28002778419648,0.5538067522733727,0.4055883884083764,18.105693636791074
0.3130845580244198,0.9288578160228297,538.298434535291,9.171136402820624,20.91427488517019,10.457369287272897,197.18531740379933,1.1356921822602333,10.861950262821106,12.053462945369379
0.24942922403249243,0.6052591813783834,1128.3254068374424,41.485804078953706,19.07824256278707,13.704892149918857,246.03979353669965,1.9248481856691588,12.244787923686694,16.717982541093974
0.23419781044376178,0.98260195236614,1858.70012692955,3.2576222217357635,16.359674049671373,13.707726095997248,265.4396195800864,2.204119885016934,7.541290010257458,14.545858382538169
0.10135252840869233,0.7396390475709983,157.5068562265189,37.3435795530202,11.487830712201536,5.350638209102672,139.28204383587038,1.4586317082151739,12.165748194719514,16.126941291362083
0.5776089024322453,0.8462860532175224,523.4455755393319,18.039861048630442,24.792794125816098,10.919471050684328,209.30046489620472,2.0974587067215635,16.897642871499823,14.121613395121878
0.04354421184625824,0.7911552625859345,1079.4284723537928,29.593792366557324,9.819110397296154,7.557105320863991,173.7686786052848,1.520901379821236,6.847982650289224,14.342569487092169
0.36054665620589643,0.25551263410529196,638.986877485624,74.91521964674482,21.16159481778297,13.308917644500518,263.95220033866974,1.1996800665183194,18.86018317728843,19.227302189008817
0.03818416621994783,0.560637674410017,336.5497459845245,45.73699125294311,11.708735478302103,6.130899078234924,136.52250584057205,0.5273559680218429,1.2305733623833497,8.345608379716072
0.14300463057498097,0.5422834596621546,1772.1319800595911,41.49048812171088,15.498205905268858,15.517283474325252,296.26460953486924,0.5831076738349469,14.243826153307975,13.206769659688048
0.330564390913301,0.7651588168187142,1430.4122858492563,18.365490059128614,21.432976972538643,13.228884546822064,241.30636439653892,4.38461585616664,13.463780418870073,19.26823961356041
0.4642839840478194,0.7312215284797488,327.34079060133394,23.211892739019408,20.863467458462047,10.34239470548372,200.55551164198067,2.1875148371264452,13.582534535039224,19.492961647318957
0.12467437775331203,0.5204097117561496,1286.3882064476536,50.15495378163359,11.798004366461344,10.654826694431955,202.74998795795955,0.19892701909149824,9.751946794240277,8.136789282148058
0.20580896200801313,0.5980561554971057,1665.477099668835,46.68284886979556,12.009584368376263,14.116408593442145,260.3084644632535,1.998619140935983,9.223285556696602,14.403806991234095
0.27087242576532666,0.6803525784324342,213.79286119476853,34.84293465724991,18.1691965524957,5.024550113115589,115.9048781827171,0.0,6.152821597591153,6.115042949373662
0.6368194151132607,0.5565701052963413,576.507643631685,43.16439850824243,25.21879882017801,15.926109922399753,293.134297058027,0.7105548488156952,1.019103932383132,14.814572898443984
0.08706823755850075,0.7293903183638951,1296.6126063363404,34.60787036174432,13.669152568125204,10.567577992872227,212.20131953922294,2.646019829927816,17.618140148686063,17.390989328595182
0.30837578915915237,0.68229133525364,2295.944334453616,25.551078778859868,19.188697081040146,18.111904376072697,340.83462508089974,1.4719800583027567,16.19067107610183,18.447616049997766
0.10443178391238829,0.575199028870986,683.5889405250172,35.651748985379584,10.701826456963953,9.175295639660455,184.88278750388466,1.3915396645026474,12.477744222388976,12.632663224899183
0.041730255478613844,0.7567176992331434,637.4533643118168,27.430240396024292,12.318239864808653,8.447289163779017,183.34239964563335,0.9201904403585643,13.307990905902564,14.02670945779058
0.3856502877980195,0.8825246418549086,1213.439296520127,15.920481510571937,15.10508304479147,9.321172015657522,192.7181494339097,1.18667531195489,8.690081585839717,12.042186404368401
0.42406383041879653,0.9865855968905038,1801.2136054999983,5.184930408477958,18.679831941485663,11.428180750909084,228.98696989237584,0.897134855356739,13.384822106273212,11.411041398284516
0.2698339771975075,0.5231484024813272,290.20792899668874,45.69660237551411,17.802838197465547,6.8206591708471445,149.0901136283804,0.45165304529898465,7.309604370966639,10.541025977899148
0.3173028822799873,0.7332746849165015,204.15822172131305,30.469494521083853,19.85774941444001,7.107428874246776,163.61794810451056,0.7487693328600284,9.288602799926654,15.86823038786627
0.5560496098069879,0.8740826770092698,202.25374230397483,18.06585781858743,22.148992171990283,12.12036523839858,251.27363508361626,1.2973318789005934,7.450104216791228,9.6056401419919
0.24169103405168063,0.9126518165877622,373.8906294027351,13.151093536517152,17.340313881737206,6.366355282754591,154.88375356300895,0.0,2.8124864886544683,12.937855555874236
0.4598393600522276,0.4955127650108213,2627.072303683295,54.94400572477684,23.609981060923516,21.52912941359652,366.5127577211522,3.7564688368890007,18.57661376110799,17.460366541539095
0.07185353233314928,0.7005622218659133,821.7211340854074,29.23659316177242,11.992486610944967,7.120182119566595,156.7558695187344,0.779780037822611,12.502592567586865,10.119119227704761
0.1199768165867037,0.7753314837935115,389.2792007300626,24.859682588502466,13.261165142824433,7.685486566848535,160.72658324141156,1.0063330011034604,11.090614265679912,11.999891658191608
0.14783913532448834,0.843949114479665,767.1955459405717,19.89102858535356,12.54703170450568,9.423500069283659,199.78716108731007,0.0,0.0,7.820872010705134
0.1038094243185984,0.5529177881517943,293.7450246326256,46.9510132450701,11.607895748030119,8.4927818477693,206.55466989115126,0.0,1.5497878982482565,12.47909431240193
0.21596461438327288,0.94296222207988,2590.867171997315,10.933343252086598,13.678183133898305,16.010698092232882,288.88634189559286,2.9583038907740846,8.670394177056451,15.142418032706606
0.11992404999579989,0.5052689007200758,529.013963990026,50.225138482679064,10.241907284229457,7.964718928884774,181.58564013801308,1.50888095601108,13.020962644213936,17.76171354415843
0.30994507569989094,0.8165437747549561,2517.522714187714,20.946453459273513,15.633217189315953,20.293866968819486,366.7665416182162,0.6941889167260931,7.37613707764895,7.886625524826158
0.23995933249922333,0.9712663715371462,935.5076125219484,8.390070245331394,16.61189676207836,8.489264694018326,179.94218061887653,1.1087588192445845,6.260093213867822,10.713451364742063
0.16156540344842693,0.5607821881212722,697.3937840889162,46.39047725888735,13.324732097865748,11.94656343371183,233.19947859610514,1.9518446602859707,17.81675787658869,19.761981236206466
0.1661066246953663,0.663108217942405,1036.8562951059766,43.95915898023143,19.74301084452521,10.130330599456991,211.23237913186122,0.34552726769997116,0.0,8.315247767594073
0.06169049988763433,0.5448690725387009,2397.1405948817455,34.461546757202406,10.439532740849964,15.983766966339427,298.41126553220806,2.234862021845956,15.100093056040388,16.196082187246805
0.17081557109537968,0.8305674438687234,499.7269059556202,14.719773188168226,17.35191609152479,10.684397588778861,199.54024890373947,3.19746613678944,13.17460600549941,22.831041001407364
0.2568129625052322,0.34713574006851905,522.5290622484106,71.20831334186191,16.05007835369279,11.981873851321243,210.0802583410396,0.07491157674617344,0.0,15.573587638659346
0.1164927293420494,0.6516814756335891,339.0794195103812,35.25468250670393,10.86408534438257,9.601741130226038,201.02183425372044,2.4560293549117143,14.968660368525311,17.66576891544434
0.3390637377511276,0.7586026644889313,193.1281624112396,27.226169910466997,17.00888322177753,9.140204387130254,180.5890896318267,3.3372724479943097,23.950264513715993,9.323687817397184
0.2691104024011383,0.8202271609689235,616.9946543203899,27.07291581921457,19.62037343391263,10.137383080925302,194.7342374035676,2.058794830480552,8.72184315098518,12.100504727888792
0.2513758979984569,0.8701823830111856,692.2856862261419,8.21146410542174,16.11869798150726,8.643488458372355,175.92110573873754,1.6995769236498113,7.790342241930028,11.170150854905373
0.19174219360990039,0.853621486271535,1523.5927213326152,20.876885718289426,14.998888139489013,16.041408901573533,287.41826497613573,3.429698633030745,18.177957406087152,19.737137324113956
0.24644154941324908,0.8743130935187353,958.5133923437832,15.640321563579047,14.855379780809557,7.596478181227597,173.39667985337618,0.35971123679729555,3.798718789621713,13.124139452017157
0.20246377515505048,0.7256202088695457,548.4608140908997,25.510879669997642,17.2671472016,7.200205958763127,149.7980484988725,2.0134639347020142,16.396310187479806,14.138758819974436
0.059813990192946836,0.6257977344146306,716.2086536646577,37.073123203913454,10.592763392983318,4.1619038586084365,105.40138020289449,0.0,0.0,5.540381214956575
0.3087446839720523,0.5607415903810072,720.5969096549978,38.650948561409265,21.837459725156933,13.387432981240739,248.13056177570533,0.0,9.24953333830339,8.748165405234339
0.2213546391069953,0.6626326736997796,188.92394757242502,37.265033679095914,16.65069583057771,7.703785090002587,154.63536951903703,0.0,11.642426591888054,12.659686959636575
0.3740544825204512,0.6139871818810098,512.0867215438628,44.3753525127383,20.063464964498134,9.611730200922105,186.5993581264861,0.05951902287920374,3.4162787917131716,11.632176946197141
0.16242358394194312,0.3593981722479409,1359.539178911344,60.593147340299254,12.38838960255761,12.673811213726932,226.81562946616094,2.691729623213233,13.33736598408694,9.953516816756212
0.16519987304147243,0.7626819105526238,290.9445468804533,24.061187234592573,15.892580587047654,6.420321296224905,164.63818634317755,0.0,0.27430953314432216,6.627549317993778
0.19838905951845687,0.6349998274699619,554.5483720881376,30.78456583977406,17.32908135224386,7.699971860478015,172.8936299910609,1.2319959018464641,11.569228210073696,11.291370281991101
0.21232645396068314,0.7800330448369213,644.0374562397906,23.320239272686578,17.429676757651446,7.995754003994128,166.25226797953997,0.34307120549132275,15.018882038749899,9.332978930860305
0.6720260696946204,0.8985171603492034,558.2165462985411,9.346851902776159,28.032721378852894,12.588950991450929,240.29505766313852,2.804176342001597,8.25985012809112,16.426135961565
0.285946865130334,0.6641024660105915,1334.2526729653162,44.246682855471356,16.8353173397895,13.179156639178377,234.78571729730098,1.7813537168413351,13.7811279862203,12.320513354606028
0.5117948399718418,0.7998164836246627,3639.832955941985,23.710700569848036,22.503291638033076,22.21817099008096,377.1977103160691,3.98956908713748,13.205559014606303,25.09215228441095
0.07538860017382144,0.8061977600815904,766.2780864306491,21.20905996147412,13.220103282384938,9.778658411433632,185.6901598242038,0.9905808661331104,12.777101156387767,16.015464731832445
0.4099706756802182,0.7854723014287154,668.0715800383425,30.787433478287294,20.06974386722764,10.904869004913468,213.5253013894167,1.0642315525446304,15.389477356100157,14.418685520056428
0.22827482571951338,0.912673319334849,1489.0630383310906,17.33786251190237,12.668411333124457,13.552634003643272,253.5768924824612,3.41633101875793,29.425213600633043,18.504453310617304
0.5652053502080336,0.9671835336035354,3335.347245048715,6.029751234641585,23.83053101444502,20.044321315161547,349.0181159436761,3.3976487589682445,25.54284458440288,20.27282503954134
0.061202012937409865,0.6963170347185166,2782.482507005423,32.60861621110464,9.0745768695895,14.435296838366693,269.37911910715763,0.9130990212551612,1.8367535518850824,10.725115680361258
0.14227168473512597,0.8569208524507835,380.6519753326892,14.28298310201332,12.460245656475452,5.9659534094735305,136.14512855067386,0.04394241422126899,1.69094804790608,10.610601161274905
0.3773261068102429,0.4142955423648496,328.55810227519066,51.256321166063955,24.87815944330005,10.180103226925059,192.64809279420888,0.9735490204031193,7.939367031752377,8.032067439420533
0.21470831744213653,0.5714288957833857,462.6651848580993,46.776403535250914,12.216169751626646,9.17635124916808,180.51831779922648,2.702745265169325,18.579968468696812,18.270496348846308
0.6015554020792528,0.822847783544559,853.9405538665085,24.618299020062477,21.60929093906901,11.675871427605292,245.39136573030555,1.1850960951530285,3.931869589015781,16.00675399027233
0.2982167662917336,0.6917969004641119,2090.8633837758202,34.02597886132832,16.15869127373426,15.425356782087567,288.4320829365575,2.4478078494710798,6.120370231005877,16.785019006827632
0.2791773343264757,0.7293740603621139,890.6372253156869,31.758749988108864,16.872818400124174,9.686260733655017,182.17264777719683,0.0,5.650427233815419,1.6125904867562575
0.13154014168039724,0.7262485838897624,441.13210908901954,29.170954451997726,15.028494176612618,7.89779994377818,160.34847303709287,1.3041752166209408,10.343773529031434,10.985791313100055
0.36406605433519335,0.6330691660007537,773.1669884818258,33.1050954355878,17.362252553893025,11.452728485053527,208.50909193661198,2.9279270090416976,19.103541876942298,15.296924210758677
0.24511921351032476,0.707512744429129,2992.859593872446,33.77926170957375,17.73009291810331,20.207818029148576,358.0973568283343,0.9410449198765751,10.732945280357502,11.374922032920523
0.2367380679430203,0.7990675309806143,1051.9596135819631,13.906606436920624,16.36249222560567,11.314090015824561,208.0050284376201,0.5882264965825091,10.251639980727859,10.606672825711565
0.38043089620944115,0.8936669509004542,403.51209598770805,8.03317386868115,22.815850852329344,12.841154447345925,267.01963787573726,0.0,3.3072069357937894,12.636237873579983
0.2135423060370358,0.28644052034661527,182.72321885236943,76.6604126087867,14.994989182372674,8.547450308559414,189.61280681710863,0.0,1.695002341542927,13.594315443030323
0.1567753952044467,0.8400232132788787,1604.0859322421193,22.54179955733037,10.986358735297683,11.930539985283806,207.4498716469849,2.513157920048081,17.857133565458952,14.882214305310754
0.38486180859329544,0.8230882594717177,368.93735933669626,16.12948506433705,20.024838024777164,7.40245938402308,178.48704875307052,0.0,8.554475414578356,12.298998490006639
0.17249324623353293,0.9306140566947264,673.343604354323,19.534485837836737,16.302726807350737,9.551008237610848,178.3737794535793,3.35908880262442,21.23643945151029,22.02845038470308
0.1064771350837061,0.6055911542397263,1283.6392930760317,35.54186903522725,11.936195117645562,7.928189707683491,173.68412663653746,0.8179251728963681,20.074722312580356,14.69686271643015
0.38726461443879345,0.5358033761500429,369.36942148116424,41.108334963686055,22.21483652788525,13.38353824965472,232.28217459511643,1.2791437734363726,0.0,14.288134873392954
0.15085736788306678,0.9314568058335856,1637.7679090573731,9.043600003826558,13.987222841831114,11.299070779057974,225.78822326605516,0.0,10.613333420793518,9.913148912467562
0.3949088146716095,0.5984048748918708,828.2666596688109,42.41658484810125,20.05289561847005,12.422171465672763,209.00320149223487,3.701671327026731,11.077080597493573,24.90327063042269
0.6855139451494285,0.7085502152058119,3146.564053082744,20.417023531720986,29.97226526187234,24.270686754397794,429.367019576716,2.687736014878605,13.80390888103678,20.666284320774032
0.5661453221024769,0.41905640848244363,355.89130590220833,61.72895808971627,25.749392993922946,17.04213264550284,297.3322872162616,2.5842575539114367,12.335463293481489,14.511070732708465
0.3581225943749895,0.3982906969489825,1233.212689376156,56.571715337620645,20.0610765421622,12.89485180479597,241.35403710767466,2.9688195132040827,18.829007886270695,13.495009130145167
0.23062114420916888,0.8831079516680634,648.1268555373664,17.648830440907616,16.645518001129386,8.836050822218677,185.55377472337526,0.0,1.8616202222165565,10.467670606787028
0.5196242753080573,0.7864486849642877,1177.9781143456903,22.736669228378574,22.599949878526616,16.209885189281422,293.9107087539418,0.6710705648014375,0.0,11.33639413805684
0.07500042962823382,0.658741499932644,126.59477108969416,39.0637707026672,13.022775260755097,5.114493693282052,101.57844789446482,0.28104444721398913,0.9747084469220271,9.42267367784109
0.3526348900188095,0.8282522770420497,425.26245218420075,23.943121318498527,18.97813831413557,10.280287831754011,223.4450329680712,0.8231714612198147,9.815761703797868,14.229281544302154
0.580623329857776,0.8425938643753563,1491.4189725764827,16.31786624946358,22.739572297515384,16.06020194245442,288.8988126349927,2.133570978458968,19.38248522669887,6.520077019591184
0.04238224714323887,0.5974336029899716,2124.461995924108,41.91381990719333,7.631141430367037,11.349413346517007,209.7919773349531,0.7882960240389509,4.676398809161167,8.708441372474196
0.018571452685329823,0.807557670651106,565.744008788407,28.156160582964937,10.210836830543444,6.8761953345193385,162.28212224738616,0.0,0.0,5.8466482412650445
0.30133621764174373,0.8619541356853746,2140.4131683927617,15.492419675421983,20.543373731201964,16.10466206378015,286.6366791215518,2.1000837960218184,17.006512324838305,17.025477343297258
0.06789215053599465,0.9413869643916599,700.4483926205924,3.564954126877451,10.645202579591468,6.103866669308651,139.97087266981563,0.37737379123432657,10.372429089641964,11.369137737619948
0.10637174684654663,0.40562747736556237,801.3619124498625,59.582268301272876,12.566271570924133,8.615204693924708,162.7175733461099,0.7315029256125101,9.170398630178923,15.606398492133831
0.2677168677222906,0.8659864798625502,1998.6767051569143,7.073934114486455,14.8790496205738,13.995135863355891,250.95164831720015,3.4234900188937125,22.04347685284831,15.083293299781307
0.6416410418085889,0.8495191145060423,614.1101357586826,14.309477787992584,27.236030349498563,13.204459350316442,236.69515257045867,1.0328846673325827,16.02817669961292,10.942300979053883
0.2036785292103333,0.5859978465273248,550.9876264556673,34.36954383595257,12.337098481814152,7.2638231201754415,172.84410757594193,0.9556447533662299,13.52189123551347,15.135870196164834
0.08850029012237737,0.8885498801245592,305.11976253855875,9.879757689566478,12.493529089464676,6.128505838781143,150.5351577100879,0.675734772426847,14.211284833157166,15.155243761899468
0.3049396955344683,0.45095049731588677,1128.364441408411,59.85909543668787,18.012565158725206,13.467127786132812,253.56814929813322,2.927597373834263,14.27603461477768,16.512186196628672
0.34721541170995135,0.7409940366696876,142.0192105345663,28.41631361535244,16.96814676819996,8.19192960155214,175.653936444173,0.0,7.684003236258279,16.210459357876516
0.10225588923085703,0.7839971516674815,648.6599226091348,20.049156521448026,13.189454144353121,8.578492264730347,183.08776514691772,1.1847748374103728,12.53353122384004,13.010090790070072
0.20354512597193788,0.9093480045993191,102.39116774579468,19.813218964494414,12.56268915078362,5.462195031237572,120.57318309083794,0.027864592120450893,9.654846627362424,9.807116004771704
0.0869828236007585,0.7871715801727257,419.53265955366555,28.18009002450448,11.67642457620963,4.509915752381106,124.40320963407824,0.0,6.83029458871543,9.442826405564986
0.29592003255064814,0.8906682153861303,892.8772662082772,15.935930070660419,14.415178271216675,9.595072353674713,189.73340055726703,2.466568642797672,16.045243738321453,19.336765661212056
0.2517598127162103,0.9403165750090979,442.8651463516565,2.4103873478590367,17.095281898340982,8.379792786404472,163.02143488114783,0.8783784083691745,7.332009562878137,5.3253511927173545
0.22776097892505773,0.529249014255289,291.0148721709642,55.7439695830592,15.765000984500286,10.358794449632613,205.20635559003347,1.3450709372115544,9.408109480856151,12.987582618112896
0.22386084193125866,0.42813092418395143,1626.6158312130349,59.71412251517882,13.313223951859651,14.630721633728974,281.3535212778467,2.475843697392196,18.78430043478022,15.44036589400644
0.3389296856399858,0.9262958260187029,1046.3262806263876,7.294642010240409,17.293397380721142,11.668854198103602,210.49578712507267,3.3104416735009234,18.737310167849916,17.300694111456952
0.6182911005511889,0.8554511320000232,774.6466531696914,17.643208258943197,24.990202693482352,12.996165926632534,263.83683823320496,0.4346468481358059,8.722266790705344,13.729392142760945
0.032479949554519,0.7327782322235794,877.0019143714964,20.492455911831826,11.249762989828948,9.329049262413681,199.31831317635385,0.7653195344095935,12.549231470928161,9.500434181268421
0.2487861141721712,0.8242218896439144,1257.2918551292053,23.59045478376647,14.542958827583176,13.067020357275807,257.2930975886062,0.03989694029424351,4.83593575363313,9.348062416935043
0.1113095966550729,0.6539964831527526,328.41565886086744,45.99734854877439,15.208017154866345,10.273361279480017,217.133268991246,2.065352768847283,16.47384324862658,18.820817671336446
0.042772109811612904,0.9445315597399494,364.0443125446371,10.645283960628536,12.720213362468032,6.502525104855025,142.77857410343213,1.5049947177138794,15.112112823467932,13.326000925596835
0.3062159628977048,0.7552872215626478,513.708161272306,34.80046597649924,15.518296284344284,9.407879797442055,187.47955130360822,2.512214276517749,13.723826168218723,11.272911102877067
0.48338153422014424,0.8244183952886834,1169.7348420616502,24.916824000794477,23.617733530368852,15.334729908508901,283.54431371554017,1.4778271225724804,6.902765224530172,14.998649361602107
0.22471459958655587,0.5751828206807107,688.4884701210336,41.92915709430441,16.800484096596815,7.8445025427299,154.33651092152076,0.14008752607118802,0.08226567794307726,14.263720074569353
0.07882947731532562,0.5252911162908379,3455.8840705959956,42.73946360497626,9.320084271314423,18.370140600604966,316.75129043935226,1.160153363868947,10.321835131866942,10.097532772858195
0.10870179565337597,0.7241483710550253,981.6986939124536,19.06100755382797,12.047730254869666,6.648870205848674,161.89465809317792,1.2018515548159852,8.601021101471055,10.6291845938325
0.1335677295355753,0.827373392823411,871.6760687106308,17.25791955639466,13.004811488034477,7.360183835818046,174.63944706159376,0.2308839442756403,2.1958810097639425,13.914895901070564
0.1006478149454313,0.7712183147570527,1335.6967841723117,24.978334235644105,13.712997110790239,11.249299089753778,225.26716398614462,1.2683516746304462,7.827077407869736,10.458199311097282
0.3025239148012579,0.5028450769300914,1550.3943504585657,44.431974666523026,18.50629992436378,13.936103852432403,265.7273695804191,2.3195637976357695,16.58488834804248,15.241863957932527
0.03428005374870827,0.8589530790708997,1515.185425178452,11.796342898575887,12.041650401588708,8.808538517041864,203.11698648229375,0.0,5.9776378934994785,19.15471058414871
0.03634471514332848,0.6441626819265175,214.69034717846003,34.790488713002695,12.018790589096533,4.48789823273056,114.02973230327798,0.3928298351212156,6.149709985386552,7.006413321175868
0.032139548556930124,0.7146356662998988,2771.4469486834314,43.54602062193654,10.235781101831014,15.94919876468247,290.5099686342671,2.0464558207712087,15.15267243779435,13.866199134406989
0.3226012592775209,0.877277662100338,1221.678742583356,10.470591129493112,18.256704160002208,11.729493251339235,233.5971707396081,0.9377938614435267,12.656798621225743,12.791286532859962
0.23441890079326624,0.8723763403158884,760.9436315249084,17.96586155944893,16.868763941604282,8.707486945622243,182.8701836643663,0.0,6.4348126264299665,8.638245222587667
0.1858013768448137,0.5878324680151245,947.7640272673934,41.11840794484042,15.907357635944761,10.162480777381784,200.06535682176167,1.6895095551664636,18.686073143101538,15.366936758681621
0.21482057401688376,0.7691451921809155,3892.5546616796637,29.407376855300196,14.210819645717448,20.273503927334747,359.1587139243393,0.8312004961507016,14.195243696123057,10.843695188519858
0.12162938915684321,0.3838730846552973,1727.4284411264573,55.57670990559476,13.364627570368858,11.005854933740576,206.2015702957789,0.7915101149560368,3.3064893898208405,12.930234890289341
0.10021380220018072,0.35414287574986175,2070.620768326283,70.87854554652695,12.90008022907616,15.361868891889314,272.29316022866226,0.340162510309993,0.0,11.576304360864768
0.2147615095330452,0.5896589595843836,346.14737933085985,49.5806718835743,12.397321725144893,6.973251039706057,151.88284178131124,1.1273041511679518,0.0,9.615368851730079
0.1415048263454201,0.9517200272444536,428.25061012038617,4.8427173129521535,18.129981489499315,6.365624858244785,143.50226896623985,1.1064709656078495,5.958309764084385,14.81005908423061
0.3947058533925978,0.7055217649738936,3288.8236104744265,29.874086181453865,20.239804279651576,21.41383347447982,375.3576473935011,2.0271697221710907,25.353180809830334,17.458801367545536
0.10398978596868472,0.8993624030507079,1284.5670646630583,14.266365601404123,14.46439061469836,8.65878190985784,178.20689063098942,1.3192490974718578,3.3883171312479003,7.386073751019295
0.25233927043203797,0.6687874519956685,25.50415105464591,27.29348289440586,18.14293578921613,7.377091367747379,153.24705117648188,0.9125076820952607,14.716881458164778,12.930637889215587
0.12755062002387216,0.7310047053543856,340.63821639394547,15.81992682436181,14.287792571276476,6.077986097661946,129.78738177413115,0.0,0.0,11.567095996604207
0.4806410216307786,0.7452739032843924,1304.359201494281,43.643078801934564,22.1013214733616,12.895707964859126,252.56621794074346,0.0,7.957881270887028,10.40278482193595
0.16862120449285217,0.4941309370006721,1358.1085272909422,47.688823246710356,12.23851119391201,10.506252262999547,208.4721383945781,1.2486977025072357,12.44080085027378,8.239090228054815
0.23803830749097513,0.863290612558807,1720.0577552362333,21.744456081906307,13.221931957612338,10.41354474469884,207.9505150604072,2.3760545410359963,14.225756013559907,15.778015405218623
0.36416173557659176,0.8293940321591543,1119.941114920531,23.832324151334085,21.140744411128466,11.84857353968911,228.93292480113607,1.716313637149722,24.940987367700828,7.606340549047836
0.2682701542981827,0.8096225799763856,1552.4496930638695,18.506488676394937,15.347535920343997,14.991244962293205,266.27748632894105,2.886612295019988,18.518004585707153,15.567760449722943
0.5101549146295667,0.9480770226660991,1033.3298203070372,1.5094206253103302,20.39096922744259,12.987976916640047,262.7191201828117,1.3342580116704315,19.596310027995273,9.23835374073511
0.3386898663307648,0.7599416709708047,2169.6876590090105,25.955365555245496,17.543429146954296,16.986700678974945,294.27679275309765,2.5341750972724877,23.34186190977652,13.248465669860078
0.46023811266234416,0.8166691146691588,1858.4638614835596,26.48986452215618,18.708770135002204,13.678206130722733,262.750453879702,0.0,11.578360076793654,8.695154879341949
0.26082126871901,0.5989357386344174,1140.372669635363,44.86232105641472,14.03913031912139,9.711510022992105,203.0444450171159,0.25697741997647267,13.013016632058871,5.770202607269711
0.216203395206324,0.4923595442732476,1964.853008526755,43.47027150629247,17.05140890397203,16.295574381304814,283.15832731938025,1.8169611754857558,7.62971795325288,16.827654906795885
0.15087666756752047,0.7024619586660907,592.8472778878061,27.567528059197755,11.693845472831487,7.545242996961186,159.2977079863246,2.2007570665410165,15.0278306444014,17.56365660885127
0.4372089541198355,0.6534965351596848,1148.2258729497546,35.05632856181402,19.3241239754827,14.711770404159667,281.344503494699,1.4315039866586123,8.393822103572745,11.999721523538344
0.2548808442598516,0.8922765742041342,1842.41394951927,11.156705175077136,14.728431201931599,15.153051400824953,273.11529819536133,2.0617122420480776,7.133783985328271,12.221066672189002
0.2822127670699325,0.8528488175324146,662.7041158974139,13.099002826988393,15.949507483774958,6.447568921078064,149.92887142520195,0.0,3.3344949144170783,10.516282359187056
0.40179516211376115,0.8617437400462035,571.5013239968533,18.1785693936729,18.91512788614633,12.039102391163954,246.67988634467866,0.0,5.379044950505724,13.169865927410012
0.3075864172290976,0.7269499112125767,497.1106034572385,29.12327599854553,20.40346152143032,9.102003727610702,195.7199763447431,0.6368591827681398,7.630144879057539,9.087940559194317
0.1916626208675939,0.8692956556231622,979.7502922431532,12.552857102654823,15.869235270424554,9.562308842210898,195.77938685915433,1.0191370225224607,10.405133842244513,12.205279862711452
0.24105934732573694,0.7772390307952489,402.80165790660936,25.87445712985781,16.09595453948215,8.27317081596546,164.4773802373729,0.0,0.0,17.075493764211586
0.15885594575197234,0.9655110683152923,465.253251513276,11.099221902034309,15.818270811195765,10.111492621466194,198.93438401855124,1.641657967236199,9.933015520877845,11.036511110509572
0.17561439307113114,0.7257496652465742,2312.5776064511006,24.636096522979187,16.951726854954096,17.366018367297226,307.00771548951735,1.8941150051091296,14.975433562359202,10.426547059358338
0.19644211178099075,0.5980669127731953,999.8122555446724,42.64731744335439,16.793120119475052,10.072284946740389,197.66658700436992,1.6103378927371081,20.23406661269487,14.953733489532045
0.3458871015612209,0.36099655585336793,711.1312068870444,55.11578476869599,19.75166038250492,11.986488493931928,237.25222526878747,0.0,7.029581447862203,9.853546097630113
0.5748099166531473,0.6060600114826966,1007.6880045686827,44.00679184522225,26.367339304242638,15.875707086802155,288.0299210843034,1.5663161116210405,16.671363149338607,9.976773611796254
0.5399238627829165,0.6117372045705424,469.6419827431458,41.45926205408352,23.893122648158357,13.109507594054142,258.54969295873366,1.0987058031117822,0.0,14.902308915168055
0.1641283957779958,0.8556100049137386,932.0632835878512,10.85092945371353,13.389048625888687,9.719333760239376,206.02156125764958,0.0,1.0858712114556202,6.933475156399124
0.5455374570940795,0.719003821469893,347.165653166942,28.467522204278207,24.48672410064462,12.824030490519146,241.06301765766537,2.696900752150206,10.364521391167365,17.23732355689386
0.31054513163562375,0.632305014629835,589.9341946452587,38.15995744634995,17.248948413235215,10.217998763701921,218.26819123791796,0.690999932124368,0.0,18.715988980304843
0.3647404829147091,0.6012148231034535,1550.9895821686848,35.42221746734454,18.701845095612804,15.43441646753464,272.6468298310785,2.4240813661946587,11.517150356037618,19.40204981325235
0.42867618652225153,0.5424445172514919,228.7217486859612,43.90750655926055,19.53392982281451,9.973652736625477,178.64033170411247,3.6985419080319653,15.928634474118423,19.610829945529073
0.7164733551564451,0.8716434447721698,872.4697831471791,17.125332845066822,27.641989397833754,15.846991002868014,274.1657158636166,1.8216373603343743,13.175455629079448,19.76914311165555
0.19819009183238925,0.5458300608768308,1280.3886241725536,49.02247368048841,15.33718830137959,11.513173567298036,224.51891390991474,0.0,4.70342364960345,13.33434014705819
0.0668395832971153,0.7508602877640789,1285.515140108208,24.233469347198692,11.624394446995844,8.725928008160741,185.75282211687664,1.5163675721609888,11.287310528077033,10.040386974204086
0.3595311092332237,0.634700248006012,258.7775580328603,42.239594413318216,18.962004329228094,10.178098519215924,197.70955669546333,1.0289753630070857,7.804449379244883,16.191950968356505
0.30787496534464,0.8727988554837601,1750.5561398941863,20.267295119630255,17.41160073222043,12.099040800866032,225.6640062157513,3.926813499301042,15.168289415800373,16.119954415614465
0.2918611904403681,0.6952666750962537,1346.611808352631,24.672114855824823,12.90833304939853,8.850103069752052,174.21380756624035,1.5767839308897627,20.013781025348415,9.924111009305271
0.19692890625916346,0.8937282612517352,212.40049083030715,9.416843757486157,13.406589265654663,7.381175805522428,173.5037345389289,1.4041441645378163,13.291090151529097,11.403929627065091
0.1866209797841671,0.8671191842188656,535.5044852117383,22.77330766667166,15.092872962015168,9.73006953774119,186.45819736034022,1.1697023495117511,11.697136563547378,14.495809891354233
0.07383927803908319,0.7507158373117107,1486.9997397501986,26.66307397086717,13.86609718473529,9.843575996004684,201.22782886032172,0.0,2.770358156422542,7.983698782062812
0.14787840902610996,0.6740697228419028,1230.1154045681649,41.91344575964369,10.960570448497721,11.209303267897917,208.89871355268843,0.9929279833709813,12.396926403362404,11.065621433862532
0.3214569039718613,0.2096457116215528,1085.5661865035593,86.79601757526436,19.109220360918737,14.410202962250187,262.52755589162405,2.4781337936310357,15.49325428593553,20.68065577345489
0.266573843122577,0.660244343434635,1759.0110065047263,35.13829994748985,20.020680671571142,14.316581120948719,261.3732225843187,3.9018794725318573,18.063822558229383,19.69924930907437
0.10912453354955048,0.8430047913484533,909.2481556807529,19.160876188932136,14.60137100265178,7.4762651260549715,159.20712913279473,0.0,9.511119997145727,6.119027198690858
0.26861020198567165,0.5142560712351699,2429.144702155751,53.73015748620465,18.50720322994968,17.287707588598373,311.8140723619993,1.8159325777854463,17.760674357861102,10.805909642911258
0.6313262612648158,0.888009300511902,321.7645466287826,7.767585814208565,22.90365837965431,12.866805292067166,231.50667457423705,1.2068824594620369,6.010251370184342,14.51012574573487
0.3213755382721843,0.8455011305259885,1308.9571868815237,20.2423746280088,13.816820104755816,12.021501362190449,232.910245627045,2.941830638553646,31.531996464759533,22.944879093352398
0.543983661857825,0.5212394815766423,1756.3804830031343,47.38373929479437,22.92212364733423,16.511287514950162,294.04777339995087,0.0,2.107074656498596,2.529401662408416
0.1086001194490839,0.9839474270167651,759.5886783525667,15.72713281125064,17.67372429086091,9.221413670805156,188.3373717911021,1.252587336871792,11.256299513450696,10.72752297494944
0.10152802517635001,0.8749519597574448,196.03319927549424,20.28875268915451,15.753631020920889,5.668155711863387,142.61029692743537,0.0,9.924045527266784,9.697435445606084
0.1452877496463498,0.9135685873361193,944.3608619969906,8.337491453213548,10.998971464658492,7.950145853447758,179.82850049250987,0.4349897787546916,15.84961395733692,12.044253207897665
0.2795995551558044,0.8638208581849698,161.94368159888646,16.373081718507283,19.69094258244024,7.237713310432634,162.94827463136278,0.0,0.0,6.976973076099962
0.24828872280786973,0.8104996742252993,357.76966570377454,17.83445564552365,15.618876009478813,6.79500615265665,161.95177050556043,0.632611902621679,17.365148986360587,11.233288324721755
0.029244910834232345,0.5582774452815756,754.0269090208066,46.296559451399844,9.207181809583913,7.14150747744976,160.61749641322712,0.0,6.142214817645071,11.047965462557155
0.3506389214982353,0.9005625117059656,152.70049376838375,3.864843544704744,21.50794259228548,8.854596230638025,189.34766963118608,0.5021295138195094,8.470238596931557,12.828617539469656
0.5252426048328084,0.5698020797784171,315.56256247698326,44.99929591271103,22.321390919622477,11.767217281845394,200.78238214897326,2.9643890017980365,16.62605242558292,17.89733408713828
0.34604642939631786,0.5482525266401744,1744.976505009837,52.56262671284207,21.103736499923894,16.143821655281045,302.63099014457373,1.2680665124396344,7.108466471428438,12.71622991843158
0.05659256623024612,0.706606224853745,309.48677403106177,34.39626340377018,11.580666015713643,3.7277748852920265,96.15356933955526,0.0,9.758763518392396,10.890868293566758
0.1858834204796901,0.5071359883547675,1100.7848110090285,43.47254099149031,16.05051290346713,10.333746261213177,198.56961356247635,1.4899904273682374,12.634850054852773,13.322502536753422
0.04615900924913199,0.7151709946497603,597.5322541762424,27.227903660672713,10.417447737983615,8.98384110182714,188.97427584463378,2.075382371800904,14.131039591338034,16.47712720817597
0.34360647385718956,0.6257165854893125,324.92549636426753,40.370724158902604,17.95178608508276,12.044552099434792,221.30270238939963,2.2307744344935805,11.976364638944727,18.359642086505538
0.07024519027479183,0.86398507224437,256.24390467858575,12.277447275425548,15.616925126764428,6.355172347359142,152.2937902503814,0.0,8.644164930874666,12.906226582077634
0.4232757067120194,0.8453066718324492,843.7876237492636,24.354169330373196,22.384630956120258,14.679130290701185,265.79458712233776,0.632499902652069,6.872227572835168,9.163024602240563
0.21182273322068834,0.780081930657534,115.65191085695272,29.229414161138568,18.953644063310467,6.469086630412217,144.78544519988975,1.8855686186604592,19.147342978506618,11.961987343949005
0.1347231625918408,0.8788442350190508,1376.2362725481241,22.275711903346078,11.256288386666455,10.243231067421068,218.41354347731243,1.1925925825815762,12.93015340186824,14.085309946872673
0.023017455906073167,0.642547473295511,2654.413085051438,36.266883549762554,15.127393486749936,16.61202285618127,283.6895538113585,3.222380986782351,30.435505379399324,18.488257131255104
0.4349650532287996,0.7288107901146447,1741.7718843618884,22.942297410476705,19.988192398117295,15.9454760215355,297.2162540849266,0.0,12.088569046436508,5.234695422503811
0.21264812774984337,0.9452552009308742,1098.7756770537658,20.240430156777172,14.240796798452164,11.327429135338082,212.96899827717243,1.872413426899154,17.726474489504863,12.794029315768867
0.08934408947491723,0.33288159880053164,784.0070072592811,66.41713331134491,10.989136086069628,11.833568260554813,226.90628765534638,1.3654996045091492,13.165895603402713,10.815872023197798
0.1714850919625777,0.8570739054206417,743.5744352075151,13.46819953435405,13.225619056461197,10.274858577201657,201.9466283430498,1.135575713549602,2.9769256915895532,13.085058193959968
0.15835331781862907,0.6899590329468022,1655.4239811781033,35.980351891366674,15.597087936056225,12.103975894628354,223.36645776348675,1.9706309006850362,10.159792182798006,12.417346458287259
0.2876212815586159,0.5406015996216971,452.43642958214315,48.16388975149156,22.643400586690124,12.251761820384305,226.85232879979424,1.104333390813793,1.550662924783846,8.00718987129256
0.18273485359815683,0.3415523519168979,1288.06669003424,70.44661750317948,15.43432143946986,13.9038237138758,269.51585852533185,0.0,10.644046580264835,13.416467581007122
0.23217517176305003,0.6288570192073167,870.7558288415653,37.47380118546376,14.328004630704315,8.871115486523058,184.89137156931127,0.7694455714782414,9.081327840935229,9.24921488643502
0.4366853579118368,0.7863431640165036,707.2298651189128,24.13887750708378,23.003433025826837,10.568032777359731,206.89622318823152,1.6238076510567285,10.091380161855065,16.253153681383125
0.14297108893788701,0.7956154213838109,1580.1200314606322,29.956000649158096,15.091657029953472,11.60003942413041,223.1219821538324,1.983737575129347,10.838173791200825,12.74694246295202
0.3773496345261954,0.7361897223023748,1330.07203900512,21.350638175070987,19.03873244369556,12.055972642565504,215.46019433859544,2.662104520788919,18.11299797457969,14.115697094673092
0.30528168344495055,0.5058997050713062,737.6548934589244,51.97888990943792,18.362680037485806,10.332503977118902,208.19314598318311,0.0,0.0,9.308541140043845
0.06063197139873903,0.7511071334916047,1681.22642179674,31.705750533889184,10.538949713399296,14.166254709023661,275.38080479126705,0.9617049575881946,13.823016814684719,17.796076888155174
0.32704361405125115,0.6880377654962295,36.07887511212121,32.14958711089222,17.883603697453253,9.599232303004928,193.80973014048598,0.0,6.674467475601488,12.676083350042
0.4329489343885165,0.6857117429935968,184.83739682133725,28.54309017654903,24.132131483881547,9.039311941327174,181.85285482121267,0.0380322698523321,3.0745906402139274,13.613255206789614
0.146037260546737,0.5564333422863337,879.940836237007,43.89510564047849,13.084883318809108,9.613793541976758,198.08621344082496,1.1657634107045498,0.0,12.533325969207182
0.4180608747414554,0.8864524992628534,1204.3314641459633,7.872617116873091,22.56164406690753,14.92793502418701,269.9199219766427,3.0033389397004466,29.894075184015822,16.49568788017889
0.4546985337763191,0.683445610717917,1089.197315709737,27.628736773361336,18.74136470387218,11.857081558676521,233.96453781193307,0.0,4.789109152842214,7.142478221419214
0.6438576932423099,0.649813107584651,289.6243940657895,41.571964515417775,28.519074387194173,14.046799087564734,261.86320924463666,1.1546654609957843,10.259587459205314,5.8730583916963965
0.26920438480307296,0.8413397732977453,1083.2474338552606,25.701079504215762,19.299614788640078,10.164562015318975,193.39719150758947,0.9161167643477537,1.8962355075797417,9.951371833808539
0.6170116963593719,0.6643245768974404,2591.3100715952537,31.16099478615579,29.070576727112794,21.242089876934493,366.81697862783534,3.682776938777456,15.307465486176792,19.322812285859342
0.2997077644355524,0.6959642742135297,1834.2987099622603,35.618061751926255,12.598613175348088,15.348014665548668,286.9231325129433,0.0,2.5227631481458026,7.283794802932225
0.1886656385865739,0.7546617399067005,1067.5382569210788,29.568291903252774,12.582245953214196,10.223977485760875,190.00595689133806,0.5183294221113364,7.289568409339166,12.903208209812275
0.18975889959978942,0.7124902031751885,590.7254271579503,41.44319655159988,16.66686617249989,10.348076589850029,189.1813737028076,0.8646274668615808,9.087812099689993,17.017229251691056
0.04909190479478929,0.219524042714722,673.6573528161301,70.01602852098019,9.62198966783666,9.787228738133138,199.23050745149988,1.070959295304538,4.81239145313471,12.76197893968037
0.363341533466307,0.8061132865067078,640.5711014061901,25.343748678912583,19.291235397097545,13.495460303826166,249.82664571902453,0.1865393868145786,5.299640077653737,10.283683385433353
0.6277200983380333,0.5912501987151103,952.6787865665956,41.00171636216752,25.942630346327192,17.12309632100312,312.96885799235133,4.386333172541153,27.85326591016185,20.306950533920762
0.35841621517550754,0.5689568193251994,1108.9973930355925,38.00342338827376,21.21995931854544,13.883036066702745,272.39043596570804,1.43067768410287,16.04413862401109,10.916381274523806
0.10271228319010989,0.42942787642826086,2020.4621038562864,56.906855738247934,10.794326269849709,13.6101251009126,245.6134715457,1.3429733082434991,15.7072978573127,13.91278107865181
0.3014677437464024,0.9273647519476468,980.3126616963182,4.570214093845403,15.334301734785772,10.694143144199167,193.97365938491225,2.344705421954263,12.751193756563675,15.49663333112977
0.7629464152419017,0.8155791626180722,1139.6949560179517,18.502464658243923,27.67097359016745,18.068526114758118,328.4354617974477,3.8445507115001365,21.992458434849667,20.67335732597182
0.4606575439250589,0.8058598136416558,871.563605961895,27.416155133619117,22.42646979133038,14.712834156790064,286.99942849813647,1.6230652859589227,11.568359580504465,16.348106780676993
0.343612367845518,0.8918286278360752,988.9757044027524,5.81186991222182,19.836365840607794,12.17341522000698,226.1748777908989,0.5613634812429689,10.408360399000685,12.921285213653704
0.21595114320747189,0.44461320500071855,1416.24556588927,59.40177379991028,13.093074348165995,11.655595617188535,237.6430734191405,0.0,0.6572155943190792,12.506671731177894
0.507966400175874,0.6008450846142231,1184.242537049,49.91620958820589,26.131970515646564,19.217635260809455,330.2191048948464,2.5526681425457394,6.428908946859984,19.753254546210716
0.07200601481755976,0.5782312292116465,345.6952267615037,49.96328578553858,12.338445400263398,6.298447911004049,144.42470619975015,1.571628526019272,10.008044130590841,8.014503985368176
0.45652031351138617,0.646200057916869,1526.4162809602499,43.40160893607162,24.11104825551552,16.748501098103723,296.62625454055274,1.8835032510901157,15.660152095945872,16.840326669258825
0.35146022690213136,0.9510051457391112,688.1088632062598,16.437934369623523,21.32812126967756,11.743979426965815,226.7264606907945,1.610111609093453,18.384329877490494,14.578789127180853
0.4002646580833908,0.7704810819467296,948.2661950398608,23.61045010143827,19.939730567640044,12.749654362631743,234.68376722878682,1.2566219431062775,13.160604871554451,13.885272954590304
0.09343249912785496,0.7790423639352756,1406.841657317792,26.8085481484891,13.992418166985521,9.663602849751,202.81480993153292,0.0,9.965532031663773,8.228619110750031
0.1459022950171526,0.7453185233052216,1077.2590976591318,24.954667833128635,10.8657827747444,10.118735189122894,173.3526804316096,2.9111150229624823,12.473275803154436,22.36068750364373
0.3468173136484767,0.5843014987007072,107.78845382367331,38.676940211463844,21.11116774397652,9.860345346230103,196.24144947909934,1.6246519430619157,22.94976793174004,18.271255909073723
0.2472296639592003,0.07386110117194382,589.9891240323269,90.50493492829459,15.264826781251365,10.792015861626737,214.78431439411122,0.0,5.1706113924486585,5.094214547263218
0.5898474269812127,0.8429440197045978,475.0070613369399,16.13685074499184,24.52866761025515,11.792235736096398,223.40561032498638,0.7084046756531116,12.610934167474767,11.51648048781242
0.20556159845675678,0.46989339147892584,466.9351521725452,52.267301061171324,13.389628883195527,11.047145323840866,221.94998119905827,1.2504533522044492,5.325780216326795,16.296563024304685
0.3330654486885555,0.625044522363749,868.445742142557,27.288488359703077,19.894913754986913,10.436186683261893,215.7853842634055,0.38218231303271594,7.7752475532718135,9.532950044591686
0.028065428926698166,0.8084306760050584,2112.7103890986086,20.11023302207502,9.49315377255568,14.670546436278656,251.02439112190459,2.7843173947369264,9.913092304319878,17.271948133074233
0.19198337506849572,0.6909933820392281,1679.655340685716,28.38360165383746,16.56563742852376,11.489832265074668,211.93986982987536,0.4169813264331039,8.401141224608365,15.393908788852457
0.6485856609821974,0.7563790489762974,1480.477290893163,26.323882081046012,27.403457404306153,19.459658028234465,349.08878778468255,2.803675657280099,15.932926391659086,8.701446119958202
0.3453067563376173,0.6587138764339929,456.7418529513714,28.442639967556282,19.994261618234823,8.672234698263946,196.02848919950077,1.3722954392718385,5.283610511427236,14.292386514547733
0.20883371843428936,0.9886599034455814,209.34905258538834,0.0,16.869803857864774,5.511779863914253,123.2138229831937,0.0,10.23998163065567,12.463010745975748
0.12431825808688365,0.44490591261353785,1525.1230334525267,49.97987174062904,14.960793869112926,16.720506362900874,307.9214719254258,1.336628386658705,8.896810418884566,10.539111946343668
0.27314165663968126,0.8882951604264139,1062.0236373957316,20.907090317670864,16.194614438816586,12.767828707196358,230.79214902740395,3.4136678929201514,10.242244116267697,21.91260955777908
0.42342392325745165,0.9076672740193531,372.95339344852056,16.8155589113004,20.116867770995537,9.516628059583788,205.21161414331084,1.3167420885240222,5.192606190422105,18.887025790232148
0.6337776720760507,0.5415073379608785,2837.2020411510607,42.43999413430775,27.29912378869986,22.27613109906587,390.06250880455667,2.8768358113006522,14.32082163906811,13.704171416665519
0.050947542524897166,0.7670803142327045,331.09387046820797,20.599334404335753,10.778309590831297,5.475951638374569,135.43980890988067,0.167868214951275,1.451963784743949,12.4606957897197
0.1360812105273035,0.49696608633412,1969.2843812327824,48.79073884355959,13.61539951441558,15.00905507454234,275.664549981895,0.6859083379298223,6.600813086167811,17.205239832794177
0.6151640255734058,0.8494107649197844,750.707093802374,10.92955207518647,28.58865651830959,14.461560659095028,289.0192172249745,0.369392614777164,13.304795761701783,13.637440305858874
0.3122551066464641,0.876722092049089,1161.8246140068927,16.844307059921853,16.454038429997574,12.253209804527131,231.1000614019416,2.8273816788970474,17.4599892250967,22.38797754345161
0.3865581190242812,0.6744770532216516,513.6349447913688,29.303120112672485,19.67975272913127,13.650792398687411,246.74456409841,0.8658477473236322,4.721228393984678,10.828561938170978
0.08207269515340015,0.9731841168634873,423.89991224539403,2.0207133263902435,17.149276556987207,8.68472746039033,170.18282114490896,0.5282612847606847,0.9782962617166051,9.928548906508567
0.28981994740360695,0.6292989528289901,1413.8586292688776,28.36876088574606,14.779224048590825,10.275913355821897,197.98531571468388,3.1786759882912126,22.5871294859677,17.747607058239968
0.2741533450002507,0.7888749102840626,935.8692299103526,18.52704632377217,16.706354418622826,9.567274433388976,192.94065026001942,0.7210684114087309,0.0,11.071096418441112
0.7589556868180837,0.9228667114555206,488.15038355950094,8.44171894748307,29.626073665587906,14.847943715980561,278.0357778171014,1.6253016373317999,4.893768154283233,19.317472947657542
0.16733791421234104,0.8073361958995277,228.61497566936174,31.20071595617295,16.716329984325274,6.465350923325768,142.81934599000485,1.7259423892311831,9.68943651441856,10.450140593474163
0.3930418517385167,0.7897598955003263,1570.9951890571215,27.50503123464027,19.666669081181183,16.54738660876867,306.01395011064903,2.092332937836621,16.99426765408801,13.274406403679304
0.18604190073567767,0.7743673314089545,1035.4495663507894,26.387417188615256,13.027838674107537,11.463389711201105,231.83043969583616,1.0082686207484919,6.299461210299133,13.76036708514187
0.6941875146615565,0.4943547775504577,109.79986949056274,42.526097120823124,24.773041938717483,9.688560778433644,190.90834012138527,0.7203246580984193,7.056840476346294,14.43491795829744
0.23020935744815194,0.5454795818807286,305.7891396527434,39.147432194431694,19.706750804415265,8.343438539474972,179.6510009437287,0.0,3.2017231305941576,12.899145604840244
0.15045419717213637,0.4377908942777187,1106.6263673227056,52.040116766860734,14.148080832674529,11.95444219441724,249.70291135689104,0.583001059396143,9.338902967733798,15.919536429932236
0.1332239919364692,0.5499956413297636,442.6144527811949,46.721981365369295,13.858286154130575,9.592410448060965,192.76694531654144,0.7511544213406318,11.194568683579185,6.82721267754183
0.6481213157027819,0.6041284221417892,969.5440154721917,32.953207835439834,26.59289762652672,15.850622186553995,293.71919048256973,2.5869229037356756,14.805622586422883,15.442046678140459
0.10411977553907985,0.6708629270374237,856.5407178401746,38.38424224832812,14.279662871162346,10.826561645618549,207.72061965185856,2.0512300634452147,8.967413309844414,19.159150338728157
0.0687350014591179,0.8588205874822604,1001.4219001114973,9.222172599202473,8.948154507432667,6.173978454291474,140.04677036302203,0.5156526913436603,7.4529292408207795,9.816725051052344
0.382560698576542,0.6021665131608485,1151.0820973851312,33.14030827877106,19.914028931990217,13.902463487106735,258.2610055888153,2.0356047020759283,14.235453446686911,18.476754013157063
