geopolitical_disruption,supplier_financial_health,supplier_distance,supplier_risk_score,po_cycle_time,lead_time_variability,safety_stock_held,raw_material_delay,production_schedule_instability,inventory_holding_cost
0.24395464376443093,0.899083769567031,586.7870637582481,21.441634606469847,14.265187899993018,6.0418486079091,118.69263109545699,0.7908411081391722,5.10670256732021,13.854263074655835
0.28406091873844963,0.6613505592960451,1114.4563327613416,42.23699519021822,18.0577798998462,14.64115365963686,270.7091480047646,1.7323160492729166,7.325461634289432,8.417930282893886
0.3902720399385139,0.6603723943164553,1557.9071615209136,28.99450631519079,19.84632784033044,14.284534409704872,270.2444953468845,1.2160633072155294,12.398538787321742,10.80108970017119
0.29864681446248165,0.7034053776703157,870.1899316575359,29.863667791010556,14.970152354404313,11.358900993705573,236.0931267611235,1.512089873157605,20.855566676258228,20.727634293638893
0.41835336214606494,0.9403366248847197,1615.9045759762093,19.976687541860066,19.473757822424254,12.058204080924737,213.00848734062615,1.4022785490539658,18.35952364569243,15.338660182826379
0.49963164721546416,0.32054169679685146,523.040533733234,65.81535828480976,23.73191658364877,12.55079767580693,227.3813659172977,2.084562096701275,17.284133361339954,17.045445901342095
0.3039632841398589,0.9670071664277426,1769.4245469736306,9.386467594249456,19.895068175124404,11.104469348509959,218.00840824640565,0.0,0.0,7.528312205701927
0.15089426689933477,0.8875229790640529,880.7215863721757,20.757591467535626,11.967514209935501,10.094831426252217,185.238587729037,2.2118160558187414,4.524516806313493,12.246908771596804
0.3293798647231175,0.6996607818681942,1465.161085827424,25.869721100370413,16.039615628195843,12.954804550530003,246.0441897664631,0.8322961473238359,13.650001121771544,11.2876598755923
0.5237398684560446,0.766365140914178,532.0030380077443,21.828649830576992,26.995466592003226,13.315641010163022,255.96464060314997,0.3981739901943304,14.689563200421423,10.794049521602755
0.16127411465867025,0.6569413719846326,850.6669055411702,34.75678110529986,14.012316973476741,9.62766766421566,181.6021377237043,0.18973683326256108,8.527620453164129,16.217743644497027
0.3274650438666328,0.5393683056566793,2936.7947034839603,52.979970590175114,18.369563967309766,21.474044870342663,373.4365267556247,1.4634096729405712,9.325737116510998,16.71534244817994
0.48761242462451476,0.8464956045832465,845.8239211302143,24.41422232876931,20.71152850540957,12.105472683154089,219.45998089716082,1.1980128508524408,16.553556450389724,13.321815740922055
0.21620560433097472,0.7510693562425752,1548.4602825394231,31.502589774103715,15.83558056535514,12.568634154103087,252.28377100092933,2.4712950571740793,18.65314908809087,16.37537605474498
0.29178582562220173,0.8677801458349356,1683.1568802263162,16.703987131501947,20.724836993635396,13.87324040328942,260.1650669739432,0.8756693759094918,14.189903907304775,14.463595722041134
0.22819733188848898,0.9246219552350223,1240.0138364719276,17.931872717246463,16.21366383492609,11.7227246944877,219.44023012764518,0.0,0.0,6.043612403474864
0.15634583241166214,0.6151328440736097,1399.4151999644941,39.37481787918358,16.03857230857024,12.87113183122303,230.68556366534557,2.167578475328799,15.38701346147378,9.654896457920582
0.14563365400354747,0.8362276465294386,533.3374374920422,23.129351874212567,13.69880906316134,11.726863261192392,229.79444585318836,0.02802803855715119,13.984967889895401,12.300234339054306
0.3281252531586547,0.9170471708204007,396.11543376416574,17.52594950313697,16.15152494771848,11.030893168709932,229.04275255167315,1.5620609035734279,13.885485766625536,14.121190250498943
0.313299117387217,0.7621669587353482,323.17336637510334,35.38907405137189,16.46600459609444,6.3703026177464555,137.83950017417823,0.2659198065954608,10.804902884495135,6.728450332245652
0.32894420762061183,0.8679051750029599,1076.6398453445788,17.106911326824477,15.988000839905634,10.977000517779395,210.2585611059718,1.0044354598945318,9.199606392104776,6.226446106246479
0.16357224331793252,0.9665288156185813,827.3455113974553,6.699355489595599,14.524879250121682,7.522815893733068,155.3208313989141,2.0513754481276774,13.735877403976495,17.8100390108375
0.41305495459492536,0.8992202329766196,1022.7371168397925,21.045555846046064,22.774151452173136,14.783984335461849,287.31469074244916,1.8686793897720266,19.487355270957202,13.107032983824208
0.11293331963858236,0.8886849861316269,274.36618126575365,22.37761414156614,13.145354875266205,5.617993276638088,115.1834944598955,0.0,1.6510582574654507,11.200782050522339
0.3648103431760136,0.8604922571076751,452.6358685311188,15.338824398357662,18.504694942139803,9.968104996941435,212.37750718212376,0.0,1.1618044087010744,9.208719921179288
0.29892066136433687,0.6724758169088222,1518.7110877919451,29.45200781888468,15.893737029533675,9.81727814203658,193.48719124607743,0.0,2.608929876143046,9.897283080678099
0.09624516671128007,0.8943288456849714,927.1928028618576,21.10557621918313,13.11702089347235,6.231163273027762,142.751297896754,3.0593799894354263,17.354751970089765,15.871697802240718
0.395987313395504,0.8977543270994148,885.6389905355319,6.49347369307579,17.42341872930035,13.787080732008693,253.39986448295863,0.8075452196122068,0.17973632177511867,11.789332975918484
0.25349054600379056,0.8565663079016431,673.7720227731207,9.945025146143859,14.069061493568654,8.40598953777767,178.4858518814865,1.8588311509492876,16.090619255695525,16.37829758655084
0.6281818928514328,0.6970670409084582,417.86085873272447,31.422490744195215,27.504873856566984,11.89606415823364,221.1429748241069,0.971074684583172,8.06306430797172,11.600501151121259
0.22661914083185933,0.7176894366324181,1809.7550508564627,30.920149281728136,15.110008396115289,14.228788360418232,274.01565677215024,0.2369477658446375,10.216237363933097,9.593898732295571
0.5606250264600108,0.8246055067464697,2017.6008093283274,15.485743561431732,23.420717275466902,16.263209788206243,304.9381172510347,1.6313431314693658,0.930022893241004,15.900971503103392
0.1640564553357773,0.612906680228435,853.907080365282,40.94772047132675,13.763279350768935,9.414897577485501,181.3893732645151,0.8805931599124134,12.809987772074397,14.224022596173167
0.0688624480669468,0.5494094382257891,729.4933117488911,46.885501002861375,13.173303335165544,6.610216473083017,155.82791675158563,1.0931670640659066,16.05714297602927,9.320447018530711
0.5079425083905975,0.9097662898154241,2117.7159902627645,10.719094446340439,23.02956805581367,16.341712132174766,291.56074338029026,2.8725888924774017,18.68309473991825,17.094745705640296
0.04625077045058682,0.8503425375865915,464.11167222771815,28.636492513046054,9.670106377932843,5.484288400669856,132.7806609106621,0.0,5.1500949408395424,8.428711570499665
0.11893728837457813,0.2884793008930949,561.7616663234489,71.18566896965798,11.559247775467451,11.172764558598505,232.84297735248697,0.0,9.326016496684254,10.041153927874015
0.43580332116414594,0.910120768156541,1469.404278621246,18.73157604852024,20.50486140740958,15.07242070886034,269.345968953422,0.765909306562099,14.420778519952973,16.2166739310141
0.24392524862993042,0.7226203897016836,554.0679326712794,22.683099983501855,16.702570701135542,9.765000377983124,205.74050006804276,0.0,7.614632839217081,11.076901921039232
0.2768931445268666,0.8614678421426578,817.2891896802424,10.143685144908067,16.851308726175816,9.480520504061706,196.77905935044862,0.5104808803365506,10.030129426242818,17.76893692771064
0.479835745865537,0.6820100266003434,88.71116446223033,35.919410659213725,21.746913274292254,11.485811796432118,220.34689555197295,1.269279862809382,18.361828822068993,13.831983246228823
0.4232122092470457,0.7884711691915935,2050.2363024712186,33.31188321985795,20.672872349296423,16.042888993233742,294.3173705737944,0.6533843603822991,11.419322369763089,11.134085374414063
0.2031280864899692,0.7819558663509971,1383.9192474913661,19.57429313354836,15.005753352060864,10.291220423899258,206.85242559165775,0.0,0.9987043363975028,9.940952601818573
0.052897264407406976,0.7087543575488587,1724.7080363991527,31.928991053109122,9.761665805057296,11.994096291455238,218.32791125078165,1.630536558954128,17.855355745354473,14.504230946630095
0.15792929255959193,0.7987063864292889,364.9581378044977,16.940943997882407,16.162334138667347,6.575943127348184,142.5719084740259,0.036453973661741856,4.527209445449406,11.0596892180171
0.17389174406264576,0.5587748940866514,2353.1190828793688,41.11714653612811,13.382670691182474,15.846099441958172,277.23896777978183,1.977561676466726,13.07666174888081,11.968002127968342
0.4552325047221421,0.5974721806697931,760.4048727464462,42.19306033375967,21.639253719421674,12.792817686492265,239.12607758249703,1.1346834354413042,10.073135878883342,12.13722801419953
0.5640587698096096,0.7804342161531418,1827.9120646081426,22.297864479403426,19.980798753163498,18.816307075696358,345.6949590961275,2.167665713250344,18.51500219128074,13.245975952418789
0.08919630954948148,0.6464057632294649,1055.4198102394416,30.295861793499782,11.799559162620408,11.17830608043998,223.48486922286415,0.43715855434737383,15.492898755670678,14.181762537299438
0.2339890354013085,0.7967624515527678,1428.9997978637648,16.651790907177972,13.65054755820665,10.528834512909802,193.6066269186443,1.0203576972206376,9.203537999445965,6.773888368602059
0.5450425599776015,0.9287365340320012,1115.1429455208145,1.9836714397987016,21.668020460041458,10.530494882564126,205.2237463676687,0.0,13.656310550562425,10.470709054362885
0.2092531689413234,0.48711738964745743,550.5678814126524,53.542353947801786,20.07570111746665,9.497524390859823,194.79911447209037,0.8042086362937715,9.039776109027974,7.456012228347046
0.3996442644059915,0.8649999601158139,178.45786194071093,20.137908716732433,20.490158411411503,7.645964540707185,172.1303529136699,0.5123599594118468,14.06027955626226,12.577613914207326
0.3734145063194637,0.7399618976192198,1924.690418439659,31.366196397007148,21.78740701408433,17.770121107475962,310.04414623295924,2.1830488279192757,14.724360669347703,14.260907357363704
0.3619444339374875,0.7862946240076691,44.639029982828085,19.687604849983572,20.75921801507876,9.553120751353893,180.9224930326661,3.2160317003408614,15.402008519076581,12.589695552057018
0.21604299064489343,0.9090896387320958,1540.7492855357316,18.21168896698229,17.367560530118464,10.86044832061199,212.3432957714357,1.308748821582526,19.84549062516387,16.09856372269432
0.12510978300763198,0.7489480385343916,1923.0019807039293,31.128569869459042,12.729601252004604,12.026997730318142,236.09526266508624,0.976863656981313,5.968030634023277,4.892997564163995
0.26730226900100523,0.8775271444166004,228.53603654265544,16.05902903573095,19.89536074884819,5.621301231409783,136.66798333747872,0.7718862075814126,4.813499439481587,11.835457062751354
0.3925602709342212,0.8957467562058734,576.2663221461938,13.59864822517515,21.507381370508515,10.55315485817772,199.4505480672501,3.461240010556856,12.564758564505812,20.72667155498285
0.05128730414767465,0.7183008177401511,202.97041454487862,27.107349058206555,11.364852507296472,5.2149007792395965,145.76969972339705,0.008572519784422028,11.370627675149493,14.151626438637813
0.6816644924045036,0.7572540141547389,484.3053614693668,27.807947895717117,27.56819155902781,15.099846239911912,275.5095381997434,0.0,12.517236497166625,5.1695296072407135
0.024211150100058833,0.5603932465341608,1705.4329182523468,52.65084683851552,10.331813919576474,12.943432245511254,246.08858641668897,1.8154603067806157,14.127490433889596,12.990579204668029
0.04150542797091383,0.5389745963461173,1417.6001662951778,52.181569406932006,11.142114069005599,12.198144126229733,226.35248787622436,0.6490764130711789,2.6769399720945355,14.873650115601079
0.11519921241583758,0.6261539953352828,1286.3149243793202,37.36508830167916,12.792778840222452,8.5410215782827,189.18040365788596,0.0,4.966106071325379,13.453722108877614
0.19455375389612842,0.789731054682919,579.612893096936,26.617312387409083,15.626911109876191,7.610294834520269,169.87289144331476,2.1675514044932074,12.157108862932306,19.261109073786542
0.26448596600444013,0.5061133841537043,52.645787348397675,43.94264517855782,20.09209675293193,9.960763606411597,202.55808838777963,2.3811620125419553,9.372305064747819,23.63764912388666
0.2562274533820433,0.8198305507308727,262.7310497590207,24.865586321247463,13.99525810063361,6.635447679555877,138.01516696021832,0.0,2.555542184069555,8.47392135780835
0.2816921886346191,0.9046572384643924,673.7236801099199,9.42656282487788,19.32701424288309,6.877463695489426,164.10225769852406,0.0,7.528678256485182,11.11714573031166
0.16759708002585516,0.703638262898455,321.12712760441525,35.12383414552742,13.453458033223843,8.611479932691935,186.74122872014854,0.7248183099237869,4.873429103777529,10.774452274006446
0.5912049948167846,0.5970175995075558,1552.237039456806,56.11377699669199,27.319451166949225,17.976297148716874,329.7937912061451,1.0067857112526144,10.485812260765908,6.591623013113976
0.20750380004764835,0.805760686453478,2402.915638951004,19.63147605755134,14.52070427516289,17.025327890777522,305.75021193856435,1.907616732653889,3.748855931908883,14.499033091576921
0.25345658923641035,0.7493638101784461,1049.424901988976,42.17127363013,17.161922083990767,11.880582234691834,227.46012188181115,0.5913636617267294,15.761359935891074,5.495315688399259
0.10313299175986462,0.8407081162266516,225.71071663572735,21.78944697851624,12.260636296405888,5.240645429656905,126.78875262738227,0.0,3.0429421073642744,8.437514426933873
0.24122872836060696,0.8813580527799444,1972.856833090588,11.929647083495258,12.569533962258655,15.347955944445818,303.00931860979586,0.0,9.351244419870058,5.595525645921217
0.5120450375439777,0.8745955557433299,886.1810900087656,12.309119149428234,26.279079691187412,11.244419142830651,213.2418244632377,2.1762950792556106,14.648605424205655,16.75730910241357
0.5349037096546614,0.6786136912426932,797.2177828954312,45.749545827399565,21.4870855143226,16.12997269678402,280.08714201752616,3.479158397144452,20.929124176345322,16.36231713622808
0.4259009638056911,0.6203478293805574,1210.4145276848174,41.633638779265326,20.815289817454907,13.493807239447415,248.67454693259262,1.5358439465172313,5.483453818685094,8.483985764722192
0.2852554767664321,0.6768321580608102,273.85072843770337,31.254341493697886,15.026543346810655,8.437700095062777,171.23423147117126,0.8893506090284489,4.754607515180244,14.820352512169201
0.24787248292333505,0.5083307016483434,587.5971587668072,48.23293379643458,13.522808770108467,10.03116679693028,213.0659703186801,1.255877987232499,6.334244878720892,11.328440402793186
0.4316679645245102,0.8544448899451499,755.2349277082977,20.253838793481275,20.381819433734492,10.903568546419764,199.99360421013253,1.544234146386788,11.30367371575103,12.564279028665986
0.1970520448002358,0.5002257702534955,983.6796233262107,49.93607730112024,13.739278595865352,9.925661471027134,193.27201358507983,2.8868003238972912,23.177979198110975,14.283729018982859
0.37517806759442723,0.8186792513963145,1058.94545252995,23.04836310570255,17.041821647247826,11.39116446979981,222.77269868938578,0.0,7.166274199356844,13.447228560948341
0.30607302242294726,0.7727085851918161,1208.8920061483846,34.32428181600794,17.58096033111931,11.115666318756212,229.41792332769117,1.6478040511048333,7.0895143438407935,14.93106712927012
0.30324768504005073,0.6350779291797526,495.6046420210637,32.20313305100889,14.617378679805608,12.15410446734799,239.4428900761913,0.9949736130211969,9.4165643283918,10.648168639092436
0.48446557454412287,0.9627377873759271,142.19536706597657,11.576750774986118,22.362586960432115,8.65603519140018,196.0307013771582,0.0,4.596830825699215,4.257893344445876
0.09097264733509326,0.8446547937849661,668.3169359262463,18.616580535942393,12.019662545382372,8.873248212635122,186.55665219740504,2.974338104537984,15.143026913658197,24.967747868236334
0.325338840592838,0.7884637105946606,736.4378996378605,21.543039316186967,13.172658945818393,11.142272568840724,215.09789373183054,3.617627101865317,19.393425778362726,24.982170004428262
0.6046215741333603,0.8118045296210635,134.9810841175316,27.298463173053992,24.06931954723432,11.89661262871015,237.0047547123742,0.8199549984270676,12.098379600406169,16.3791935395761
0.22808291410575965,0.7168662794532047,472.7681872177737,23.174906675788023,16.638892873097497,8.166796775371775,158.83034230536248,1.5798931441044464,7.719940484005601,11.840217779659643
0.311867577054864,0.7253203769818204,917.736990671974,17.88899928089483,15.66959765645856,10.701450962260903,193.42291419147062,1.1469968891054805,7.858532538091879,11.364650598015865
0.27347695300348757,0.39986838147754805,537.8098291675958,60.13451074083142,17.86050821395881,11.883111360714924,238.00930635653714,0.6792927831683593,12.627775147137505,12.900228155393417
0.21105905693146867,0.8408129668472595,889.90057787037,18.63593428438216,16.141834843113873,9.75184939851424,198.38340923745244,0.0,7.344813866779998,7.318439101907613
0.06881685718489745,0.5401158271005975,518.307175809346,39.62533930854644,9.684978575718027,4.707653826536137,130.25484551248704,0.0,11.39555906807758,7.031802353468808
0.1078420704249405,0.9025056241026086,1273.616797083927,5.221731349840054,12.671487154011542,6.391546417953807,137.34947188916237,2.558593666020171,22.41362325206389,20.772159849923
0.3749653616765385,0.6799011754959015,345.2819269047678,43.4620610937129,21.024116208608778,12.971053422725998,257.4136393819677,1.0214549883402868,2.283114352417569,12.388216390028088
0.8163422381037169,0.6698889678361828,804.996745884484,37.02506713454195,28.655711491671887,12.948264114022347,250.9275504824642,1.2917168808309079,11.608356461375639,9.869685240661727
0.12357063241739781,0.8040159486517424,835.4681567608593,22.736793236702077,12.677644695272367,8.662451782948857,179.62557292907636,0.0,2.460216862240731,12.85800201061291
0.1408222075266004,0.7364565314604707,1510.5164443002047,39.69513671335484,15.821033424127293,12.174088264960334,234.68480314232576,1.4538790669794834,4.82192092782455,11.913002710483166
0.33763164232582527,0.7123971756221781,613.3057093582913,35.99456665933181,16.72552692862721,10.704035067081588,214.02980494559077,0.0,1.0540330795058677,4.061936336790405
0.3193693559984723,0.5447397732575335,2380.281428498594,54.81980425952301,18.902550471566045,16.942503233842153,295.5702268093344,1.5246565735472162,9.59478454807471,10.40720393870844
0.37477326653094034,0.6750436566918869,2319.5179347153958,28.34630125714757,17.21094944668896,17.80123158287101,313.16832822921697,1.0859143908622209,7.871054137597825,11.16530568610911
0.33338728049763183,0.7281401428064281,366.47395460654775,23.38042419679804,18.01275820605078,9.312953654417374,193.00552829071233,2.0904904626515766,10.327518409451162,15.886104335525502
0.16738465523547452,0.7248642606130453,786.8866299786226,32.847592720406,15.078069810034656,13.532231490243417,248.73213319282888,0.005476534633187979,4.953699162940396,10.528904192397276
0.2863602886983326,0.8423943161687948,249.61105357082215,21.257007635287415,12.3499536375849,7.399640021048073,146.30041157050454,0.0,17.233230989446547,13.683310625376246
0.35683426641709576,0.6118683781603157,1141.8154489585409,46.18015614387097,17.852210498190125,15.431127969335204,284.41580718541707,0.0,0.0,9.288901354378321
0.5581949104795468,0.6644026600082803,531.5423515435866,27.049816222691472,24.81353661636143,10.418221480427444,214.6336639456846,0.0,10.685884586605289,8.603040782167032
0.2406864018990516,0.3947107471925127,876.9606255851642,62.99401983253208,16.46884826587308,13.583504926108706,264.43792018086856,0.7574443693259969,7.937905910581047,15.628750844762981
0.2521283849205236,0.6029296201340147,654.3226153689457,45.68267735504015,15.258452853738843,10.546629291088074,213.52254500170622,1.9000816016607676,10.410932170856846,17.686305154359875
0.5635616256451391,0.4043645264327894,4160.338653306276,63.28805295510589,21.879876629966137,29.00083978667856,493.1956693087447,3.3826359532750407,8.439493432652418,17.816216998768464
0.12932092824676783,0.675737232560668,716.2230277805155,32.15017716350227,14.48995297055769,9.105814156045541,196.46230303968244,0.15903249360488902,9.449946537290485,11.273669976955661
0.46826207346279874,0.9149152990407209,667.1423898817524,15.250698944315504,21.061738361526334,13.895969105638581,259.236094758428,1.8604067442752896,5.236789490471258,13.225050126479301
0.1830446419482492,0.8859251746754956,1580.2147635081321,11.388448819378631,15.66681045196424,12.08731689696595,210.1205866311704,1.5058694163640416,15.16294718756252,10.278187954834475
0.35466815032203375,0.8835357535774426,1739.8757365450213,14.017051768794504,19.62715002908586,13.265590167780303,260.581664683455,3.551812022855417,27.913902436390444,25.471238464843406
0.31527514788872324,0.6766491759617503,975.3322499088587,28.8868924669528,16.987042126081107,10.492024066097859,198.44717807304116,0.750795674205512,1.5891638788560973,10.25132397535157
0.12758667085044484,0.7329364653963307,1773.4535325196555,25.242389467636478,15.334790257250422,13.902536749648625,247.22928242328538,2.3383553596603956,20.19522436342859,16.730866540029062
0.19196946073904333,0.9116902323413605,3709.748480276481,11.743067447381964,13.61068129840376,20.674688361478125,349.08625088901005,3.7586812735722197,20.161921918024554,14.850660837003609
0.28413911856577007,0.6848514578067129,626.6957305487823,30.908685059206483,19.484385912448055,7.952277517508296,194.1299420834841,0.0,0.0,12.209354843739167
0.11436165842242949,0.7615435388022795,279.4743001655261,22.667124292516643,15.5016265216558,7.263353396704701,163.35577781401366,0.622711036243765,1.4667598702373486,7.939204316540583
0.1495061040879871,0.6215904358243641,1078.2309608431215,32.558875514916124,15.837881951180128,8.889085209289174,172.92011405661046,0.6450022521128354,8.471142221644048,16.64638137464603
0.3459052377387791,0.8281950453900098,1660.0915291316878,30.267924857194174,18.286508636736883,15.321367586453364,272.9863494723164,2.277250875649215,16.11491973076167,21.085357370281706
0.261017620339726,0.6174188964804765,2251.1490370502347,36.92948460063582,21.619598797229123,15.97382010275702,289.600051783432,1.9972146992066409,5.08540251883155,16.689953915446438
0.2448553811054104,0.8448710314642564,1223.3712630658242,20.611435035873075,16.425073445813748,10.924438267760706,219.290611793474,0.8356616164933912,8.501171934241755,12.43379867745542
0.2822857856577212,0.6663607817806247,820.4320426000878,26.232669858522016,17.53925759913595,9.665323901774421,197.7727819059378,0.0,9.117779801740614,9.437754639485444
0.21734877498512223,0.8903638124487423,416.75540483703503,21.655502544160278,15.389596684151838,10.075395923912984,191.84487444841625,3.153586118102165,22.60722206950519,17.74133327782752
0.25852184560859987,0.558157090887835,1930.1155348965137,45.60166507252908,14.20351318610231,15.802018761461685,290.2017468587079,2.3615580892915355,12.382052520837274,17.13160059664794
0.24720679593541348,0.4646645831007936,1013.4573849352755,50.96081480630294,18.770316373154866,14.286741606973782,258.1892460083638,0.23773023139201266,8.143264818350927,10.86356079192829
0.13592776931001252,0.6845598665968883,146.31504976151,31.21390665296031,12.253387373422438,10.414204637381843,216.68221976786933,0.327686599388638,11.672923329876026,13.764330950415406
0.5568774544154433,0.8474614526674253,2932.3567408640374,23.075518548761988,25.76115841246071,22.272604300981815,384.6520305375749,1.2546056353553987,14.28070243751495,10.38161971117375
0.6676802830977464,0.616587600756317,296.2945579215768,24.74163878820752,29.011113294080744,15.3683547094426,272.93197966341893,2.7951348018079227,20.6377252838773,21.572084207749988
0.0676713353847233,0.7472483678521323,1681.842356008452,23.626680199762706,12.898426145716657,10.335654540568035,211.92435937109053,0.8218792407339219,8.855050041104448,10.786721818508136
0.3172040452226466,0.5891907226372376,952.3833712229687,41.37741577464266,16.546162578769557,13.780278187114682,260.53662250457046,1.4561460122944088,10.35199536396471,11.40272812159586
0.5205721832162397,0.8334986341315215,159.28392347467693,19.332067522006735,22.332148069381628,8.906875474992363,178.85447512986033,0.13612380500446342,6.905063088792438,11.428142222806022
0.32544045492075485,0.8858972709325007,748.3037319099079,27.795805434467013,12.781859011656227,9.876184993168026,205.44369543973878,0.446836146444799,2.9685009907698645,12.3967478563912
0.4526504893754895,0.7145841487210922,628.1404212199618,28.99945926286104,21.08332692165405,12.551554086527558,244.56448240105308,1.9811820804978935,18.485203287373437,9.74294492101568
0.24812650167957623,0.495792109057135,202.837391267209,55.329845145166125,17.808582917389373,10.275488118458073,216.15054376096617,1.7366087100936347,4.294412056534089,12.898192414464827
0.0892215885774973,0.7239073555489581,1139.6824215016034,38.90662393327352,11.755529556273585,8.072335561541975,178.1864187446914,1.3442298945292122,7.855368018521492,6.844424813670582
0.04680098181556564,0.8622564162982661,1520.1306021409878,20.74999296209819,9.989863960874487,8.690376619537867,178.21618048904568,0.0,4.818785916538264,7.972878739373369
0.32650901432198964,0.5783069820789096,789.4748848997297,39.58329125649144,17.56723150983074,12.301396061630363,217.6156424971508,1.6662523355190066,14.013406836758628,12.26770102098466
0.23386105457965312,0.8190071525485418,614.5244501436529,14.8669183406965,18.277258305129365,8.262346055196415,175.8016567764133,0.9366713871035451,12.034328123425173,13.2340614229284
0.29329167709047915,0.8712074973788345,1203.4826323013099,20.318426649475914,17.22356054947505,9.66369659753206,198.37349121397764,0.11223763274864518,12.893881317473964,7.9172068131794004
0.32584569387566037,0.2675180126829983,28.802320953456267,79.1485049768124,21.861974699708735,10.852231186854956,213.29543722137154,0.0,5.388760569024389,8.346856734317221
0.12513738089299023,0.717931356379072,558.9744549528061,33.11599340352912,11.98696751255531,7.512384404829242,132.577022049886,0.24348943514887744,2.384028491447381,14.520386718452645
0.24815900109876296,0.6329201934525721,594.0701026166028,44.20442335894926,16.6384385977316,10.332911848827072,211.78197731594656,2.346062558520281,13.659066576501964,22.057732784169037
0.41876730875098594,0.8795276978420283,809.4896698472501,28.80224243290788,19.602378867520592,12.76242808259132,232.31591865858107,0.4965179084580156,5.389083852781926,8.478581486589125
0.5315500907658868,0.7644605639555331,189.65361516814835,30.38542066595512,27.437725096663147,12.344422023221947,242.02355846377174,1.1935071584176176,12.373695950517678,16.041538108819115
0.28499117214666503,0.7163600011432198,103.75885239256954,25.024435568140618,17.484189926285346,6.416555412330541,163.25517843655027,0.0,0.0,11.163421878329764
0.49469960814466146,0.8422396600873262,324.19736148946487,19.45373441966291,26.6236424780189,10.604376700731896,206.5376747014059,1.012714101665618,8.173707801040965,7.315419055666059
0.17079762547612207,0.8587022933838614,1126.7651645387975,24.567869563058224,13.429685527098412,11.50797100911358,227.00440546152484,0.7747889748047657,16.212465991844155,9.563461666517151
0.09770090633480621,0.9103316404144636,585.7784655450208,11.826253407958216,15.49768101008028,6.225908634203916,143.7164073760088,1.2131899726931146,10.752020545445816,3.9494768145224928
0.05164548490209507,0.764640687221053,322.1701130371699,33.71086612417002,11.527143867099367,5.523821129650254,138.1131527432878,0.2065110145435065,0.5613800793869865,11.486976390125866
0.32812821320230834,0.5849842720864604,2632.982903557792,42.01673102227661,19.8765165191489,16.98286772845153,305.7774669733227,1.39074196791528,8.864044786447543,10.246481926314987
0.1718601194187228,0.8749492219603887,614.075242112552,17.926307128299186,11.857081029649969,7.4630387295105916,156.77577783097746,0.8258937270122273,0.0,12.466515128812478
0.23265379937489988,0.7108439512918903,813.2919013193157,29.270339182010627,16.51317288279111,10.572796588936491,199.5425266558764,0.07985798987530779,5.025131542837511,17.912500739843964
0.12985766029823903,0.8528023872112692,1910.18453440291,19.04546685259115,11.108200631474576,9.334863029677884,205.9276026467455,0.8990343356582566,16.83454414733434,17.026999857888107
0.09779652045736298,0.633699492422587,906.1908179182997,39.02928282081487,12.959105812844133,7.6970898759098,169.8418779858781,0.0,0.0,7.698981036559476
0.11861578841183525,0.6292649538287219,1194.8371450183113,30.32344452333144,9.928614604219575,7.60114770092737,172.32236470001348,0.0,0.0,6.973653343759252
0.4443441547398961,0.5945048746375284,398.601164521468,39.28659481971707,20.92043782935455,12.43408166694469,240.5018540323937,1.7584409162759713,8.767463581351398,18.27504690802386
0.18035483743455097,0.7932214278299102,847.6038173550577,17.444031061040874,16.70009501011718,6.341942863296185,154.88682408993753,0.0,9.606581701647562,6.985595607655346
0.3802816196857207,0.7230636377808382,2411.551782529068,27.888729562782764,20.60214825013143,18.055191907591862,311.8682057912701,2.1260528162551457,22.027399186004903,18.288500341755125
0.06696152756438149,0.8103008165786547,1086.8627392471592,18.097107659595085,9.20613808992777,9.245712506390934,189.5175020405604,2.029532677932429,15.359191464794167,23.28142820860566
0.2290073404533058,0.8333980305163339,974.234408552378,25.053283134707833,11.92841074565845,10.052654600099144,205.84468014774055,0.0,0.0,12.026254683403984
0.1919448341675363,0.6637804984865322,664.6654587204769,40.37675482163966,15.792510015109944,8.921996756412245,196.75664730405632,0.9488836364384059,8.684410182620072,15.924250245944584
0.03497046698601967,0.6477252162978384,246.00443209362942,39.506201304861925,14.036659265367316,6.864292999474374,179.69515598712132,0.677245147391964,16.656108000019838,14.897202838951113
0.1714927584151397,0.7279591785596141,1770.987788647013,23.14542777356056,12.359426886638158,14.02253859432963,264.41326513536865,2.6480224015083644,14.037586096607734,14.948761022038681
0.09130777425126428,0.8413190644683237,764.1764521249105,18.790610311783155,16.47750251263433,8.036906479162779,163.94258978591918,3.080386212762353,18.02390737692659,18.571537211530018
0.3666980040518771,0.9311764435389877,450.9826100193123,4.458158522590482,19.154463524958928,5.475186077964677,120.17136030245881,0.037830599226880146,6.354120416902828,7.225269546481405
0.45657505944828636,0.5438233555401777,219.88100496924844,45.31943107162853,17.49698941885843,12.14424365009196,223.1155074151857,0.7251451343044738,0.17126574138294526,15.682647258047986
0.6671149717480449,0.9598020732904327,1012.0435548368265,11.854919240007415,23.55611358027412,15.11165397496362,268.9336151810609,2.8161993809555197,21.25453108692321,13.785117583663324
0.14338743196235013,0.8446641972165552,286.81603769976965,23.94074386508556,15.124584097801579,6.710473866908751,121.64628368044303,2.317136923599317,18.537356441879567,17.895807788842934
0.0834121088876518,0.5947152957305579,1781.7760270192289,43.839847283545005,12.344438803861363,9.867501391580605,191.25597075311077,0.39208706459760656,0.0,14.375371712066656
0.46855923231056223,0.6714983548291626,474.5898518370382,40.85750588544557,24.678422739350584,11.944009066256942,236.32754300723556,1.5613836407667132,4.592276471222361,12.428531972691253
0.20058075434801959,0.5742494139759374,861.9370073008581,44.61633467685292,12.618269325304118,8.86273535154078,183.695027664993,3.5309972416737945,14.275488341017276,16.66450639220797
0.24983327452365794,0.7128455340941753,1071.1662399830614,29.67610057147274,16.482821459419007,9.415140509161288,188.64086163438043,1.0945228627718253,13.119837682381675,12.227228325855284
0.5047925381144583,0.8889666810872549,981.9636580162078,19.36130125064412,22.63333557563817,13.124586189808102,230.64926633973425,2.8787725286077075,12.75952976356891,14.519636556847027
0.4373517725352685,0.8971937565976316,1523.684062816791,18.78494240709653,20.647765267267225,13.826012013747768,267.89428000206954,2.8355161937865017,18.348820271424003,17.557983268052233
0.23025018512210765,0.45460827675054777,513.3051823839902,51.46439660083213,14.991040170758707,9.011949862200785,190.29738084221572,3.2019946416578544,16.8991035899612,15.25407617683486
0.39645667241251364,0.48870429817795985,817.6928304667939,52.91152445683396,19.18601805923588,14.075343182788522,261.0008312957933,1.8608806020949908,12.799381173295666,12.118533593239142
0.08998771827704447,0.638267931300062,1242.295671903942,36.08431931131128,12.59898460548686,10.76650630039974,189.47240238219155,3.02876525462465,19.59473816640854,19.212621829536698
0.08255422393860194,0.6675847085407463,2256.6929188121717,24.874402220330815,12.66901765414148,13.088005991220596,241.41236483212904,0.8219385335075771,9.649424741035542,13.907520842378148
0.15067178874971948,0.8260359174969755,1448.1817838541892,22.857299885838803,14.271940418949473,10.348185671274189,209.55996891935627,0.9469932796575183,8.693113740794248,11.486940216171698
0.37328195057784236,0.4065583244403883,1642.249586161415,51.93713989141247,21.744023782260296,15.731426655488589,285.6857260593208,1.4218317366137478,12.322729092959428,8.615308037184995
0.4087397258837533,0.7806118557417554,626.9891396129697,26.386054029910813,17.81593612251639,10.398401140243394,207.89539778535433,0.0,6.084860385941923,13.512581870301961
0.21930425568146444,0.9409137723355205,1086.4349711423483,2.6412289789971153,11.85923932302714,9.887196553988804,205.1624099255141,0.0,3.951665143526032,8.654795901752193
0.03785541272663455,0.9757779342479839,2038.6506256014445,3.5816505325777444,12.98031542694159,10.019735450449232,201.8434215102874,1.3865711977902002,8.39010776562941,19.653373050713377
0.4408177547382989,0.8355264535036301,786.3465837077456,17.634625175994877,19.133393786639488,13.611327525791442,260.66666321679224,1.7964855449540162,21.588156269959214,14.09402324701136
0.27984942792705586,0.49510754934808154,1091.1699235491722,56.44894441022939,16.237284060946042,13.738672933957968,247.6446031065162,0.7722370871195847,5.875423889165285,12.337924879985383
0.23838147535877255,0.6585318039565482,169.7705673193182,33.064562343981024,14.73533760420376,3.3427708436661216,87.91384509096156,1.925632515602717,19.537505034212728,13.518826997043208
0.043690565650991046,0.6200021767284272,1329.5128130103367,33.82494932639802,9.825239497091232,9.960633019775678,204.1831021193681,0.0,1.5743542666586725,10.730227507252474
0.1199660531959114,0.748616126223038,966.4965975892986,29.446274049894555,10.082623253447936,10.3715269715001,212.39698918788315,1.1082754667720363,13.483974441961319,23.20039073208941
0.5723343693836153,0.9482925981168715,1267.3367708100245,8.568798225812294,23.169304059120954,15.134916420708977,282.21348426891075,1.199305867012759,18.716014617944253,11.951357694123619
0.37525925661242426,0.7610849878591186,639.2691451609171,30.455153895926014,20.68014363986967,10.56541843474257,209.79713830835513,1.1522849358125093,7.921607308862482,16.70969789351235
0.6381552760432855,0.6836245928742762,127.82917437675984,28.414386895492463,25.946019021862185,11.837543434439848,224.32274213626474,2.2713770631888215,10.748547474037686,15.950343810743702
0.24973099599507315,0.2875546874975855,1374.5287194096984,70.1743475359162,17.252289156890658,14.860003518185314,275.0099128449656,2.4230467418728745,12.546038864097767,19.57899678904026
0.34100721809625123,0.881572850412587,447.4254020935349,28.0062774465031,17.533016457516585,10.702408076031766,214.32912052713155,1.699413493576568,11.700815801041994,8.452873207896664
0.42420700950603724,0.8024545400313058,191.0262855179683,21.582696602010767,22.410867219214794,7.475883858917379,166.5312323599842,1.0697489719676172,10.88835257999694,18.509036648483892
0.49044889456476093,0.6951272860149491,917.3249986988585,33.37219630715772,21.24449861343195,12.54064822883138,264.1811189987574,0.0,4.800014051848087,11.023076338567938
0.3855849727355836,0.5719570686980543,2454.874251444996,35.218662526987,15.422509717337801,20.43635356371589,347.3372656007172,3.97622380145769,18.80497240782375,19.137293789246105
0.2769959753949154,0.44772013303269226,390.10666591066746,50.44029158709693,17.558146970725478,9.981551926687064,231.9832101417852,0.0,14.772709289049859,12.70992969608369
0.5271899472554669,0.6341586964176716,463.51776169576834,40.224320832623405,24.71451821944403,15.081837604691701,263.6593531520926,2.0332878764022593,12.13095737834657,15.514949999294947
0.38999767338449987,0.8036562832297488,1423.5888476961384,21.02144579681151,18.631463809774043,18.138518195843613,325.9344602017602,1.7537501901179025,8.914493874774,10.940746546957008
0.1301806854368723,0.8794393517290655,688.3920256991015,18.922623147388006,15.652929670738635,7.35103198405949,148.31705395161202,1.3112308645100696,14.397479295943054,6.008237834391875
0.03508319587513976,0.4844161613201746,1371.1064033490647,53.52723891016725,9.175695521468834,9.021885742085058,188.39072390524916,0.27669448171801975,10.338956924340174,16.169912375017063
0.523590292036515,0.8832992520538029,659.0836820382822,8.912920135768934,24.431210926647537,11.537088644060924,232.87755790945135,0.7774158363378512,15.172110229890652,11.274990717412756
0.21124022117803776,0.7002719255099383,576.5675861932092,37.052058117229635,18.770557413765243,11.312867708596505,220.0188424273778,2.8060233906459398,25.863412357830427,15.176270590509123
0.272424907198842,0.5078106935130539,407.49769599035506,43.08361286671315,16.88408464871415,11.354527189859365,230.0487121375426,0.0,6.731360101192826,8.394350040002687
0.21328768586837793,0.6193735340421669,1030.8584552769432,35.43177240716785,14.879225974663397,14.241174052347969,259.38078867119685,1.7608143395713958,10.601986130569363,18.795444465205225
0.20289188804900957,0.900048183772712,405.1984041822256,15.14308803812698,14.86095385027711,7.175017921594484,137.12662741402974,0.07708476626821037,0.0,8.722377575724028
0.35579761692293205,0.6520507913240495,548.0606105159817,44.150543820868435,22.151531196976894,12.30096502136607,240.78156664588357,1.8314816530097282,7.636669520298641,16.51180095755212
0.2527855261620131,0.2068871177754416,1762.1472576887259,71.3607776395728,17.12520330163268,15.140038140842728,277.4069553577926,1.0350854112949253,10.183150486844184,11.583823180133578
0.17932213056999474,0.8420938683426811,3170.9362027008065,19.94997411625647,18.771458618687213,15.171061929912664,272.7697893298899,1.9580799183026685,6.927610440364894,11.13077184432742
0.45907708619087056,0.41002200100687164,1128.4450335003355,58.87812225353326,22.035429930659806,15.376138379331303,276.5364603655505,0.6049242826961094,0.0,14.216165406118254
0.17899908151436786,0.5220448405929604,1809.4446793527618,51.30276423549575,13.16738371805171,12.479385758398971,241.25660372777074,2.5414731744010988,15.495032172362091,19.66269658449588
0.3457081590964997,0.6141908247966668,603.9411294701897,45.642978516695436,17.475690106986075,12.049968037424945,222.6041915895947,1.624644991689455,15.382376062135886,12.023656335894454
0.5076989649403628,0.8633459362929822,671.7595010729352,15.278489413621902,22.815688654494966,9.112817511861241,190.44471077353623,0.8921146983084984,7.3360685637880625,12.117015546331958
0.7530324010141247,0.7758887567890785,949.9334378780993,30.229258095297673,24.743164793413747,14.937931247326034,285.95533889946006,2.2131602024251937,18.336578823335522,15.823926867021463
0.1521967060089666,0.8573937133569258,453.30127935813306,24.486174392008575,12.85493797678291,7.584846987082818,184.37340625237283,0.0,8.082914819620356,11.33537432693509
0.27425521446529777,0.6662004827162964,569.8369128335842,43.96175244989119,15.95078469353291,10.6226379447009,223.38483454813613,0.05701542162991868,10.97422825201297,16.0564102710964
0.13241609568444507,0.6316723940886227,1338.084728590331,40.65910103063206,13.789981902948858,11.441961145596714,223.24687151361675,1.3378247035293407,21.21849110609532,12.372950873119372
0.2838666412794342,0.7771441493826103,832.3868162097549,25.844211107328242,20.980302472788754,13.840754073255882,260.1879620978859,0.0,18.070133203345478,9.009867129084352
0.16149510616758178,0.6984365383651024,729.259579552094,29.767789179066437,14.147010631007904,11.173635674867212,213.60204985155676,0.0,8.658355582521882,9.474054685706616
0.6272279762473258,0.6677349268380586,701.5795083691334,27.60892292382669,21.835381231930413,12.453403934837157,232.14462425639778,0.6864413077545225,5.4465142814742435,8.889459159768972
0.27073103128665066,0.8913544963381556,326.4772807577717,13.38832766627351,14.940460482412345,9.796357330679362,205.66567794479496,0.0,5.309179432607839,4.833514988039953
0.4266393763329152,0.7571456486198529,923.6114456335706,27.418580305345774,21.190560132064704,15.300376001459869,276.4305394386553,1.543446070795761,19.040057208819384,14.259904488307495
0.07230178517374886,0.8108026416783332,453.5748783332692,21.480300736785477,11.993534148701116,6.079905392803999,144.8595773029569,0.8245880581992375,3.8322274563341043,13.643300681745385
0.17351632422594535,0.7996864809964632,167.84887128149765,26.016806674392445,17.5868191502738,7.066493969472482,146.3723144680291,1.5986072747288476,18.63273458212854,14.003875560127312
0.2787074185914578,0.9059670260826957,284.43937094108105,6.1921012805247475,18.887840061529193,7.434115576061704,175.21486013398078,2.013434190052931,12.20411646062247,14.845466184581102
0.298372029950571,0.7442760351593075,712.1002651258375,27.105285484213297,19.319531696319707,9.521072246530494,189.59151706145485,1.0022733921182687,10.14472332586892,9.809493523122686
0.3008503173551267,0.8497513380299858,1261.4151593015222,28.49622712295283,17.086991749573148,11.62182177524651,235.20711833534725,1.0712383134559011,5.246515445022254,13.435303109370752
0.22413688370200466,0.8869158584224248,1503.257611613681,20.15556653949288,17.80166416565187,14.463137326488079,259.90882812457687,1.8557369900196097,5.804321947121095,15.148920038803746
0.12744193664417902,0.5377169058215614,222.31979302781212,49.68642912212308,11.394202163709894,7.758330660652841,158.8078549835053,1.211031011559705,8.44994400843242,14.452253045159997
0.2791084479928187,0.9359118249068938,1172.9309730208581,12.721347633492002,18.91429981840794,10.566519509868971,221.77811046161324,1.0849358003977931,15.85480167326891,13.683367495772332
0.5065268922175599,0.49085023900963126,2554.8119373511663,48.99631920213985,22.098334499124263,19.6470349135876,338.44544855695875,3.5569752509248524,15.718098202274112,20.07388711712529
0.2971845333157523,0.8856467278964553,1556.2980300801328,6.521443230535464,14.533626520972756,10.971618928599025,198.89528142526842,2.534321166005725,23.19989046412566,20.292146890494788
0.2583509088512709,0.7026313152653212,897.0592986922695,34.04882457818109,17.64524612251152,10.758489779812654,200.9779413297759,1.9451189008402636,9.916108697035183,16.57938835927098
0.1793106418996187,0.9568441940979946,953.1400319725344,0.0,17.277853284719242,10.208478086755862,211.69425811132064,2.2844319303677096,8.796591939565209,17.15290905173843
0.4471054876698191,0.7064544256980938,877.7575803362911,29.791322374107672,20.364433449113548,11.34198360464054,227.73595950212666,0.9998684373593794,10.267658992342882,7.272136893729708
0.3836808314563755,0.730378833993684,536.1322599377951,29.24760899305679,22.717544286896306,12.43654163629435,228.92311371475208,0.9826638710364688,12.326015423116306,15.617150307275665
0.3094391934856747,0.8877014004691793,1608.905831594507,12.870921780738787,14.424098008498778,13.013732787057128,238.88880479386728,1.1935304763304315,10.71456148792427,12.090260904558088
0.2784128954231005,0.7214170832744291,353.24585049780364,40.92937780597752,14.56673591202479,9.086028756276576,193.02058960707498,0.5551647186114564,7.975425852405721,11.625544978070918
0.047009763307954804,0.8827487964893344,932.823971121019,24.67432224146021,10.881791999194595,9.512053125118795,205.84000232870932,0.0,13.014801054706698,6.181295407483262
0.19682290219895535,0.962840626536924,164.54662082090456,13.508402280060654,14.179044783118496,7.300084609255752,158.8132737441186,0.0022849920767690213,5.483712705767711,16.275333055938372
0.15455524409312663,0.9752240202550357,1711.2770873686509,2.6032043466849,12.529614330209716,8.984375830227979,190.30802160778794,0.0,2.647966072955467,2.577352864913623
0.12880565605034994,0.8520415958680704,904.8827526962032,27.923333006700936,13.487496838895195,7.443246966644283,170.38303516514412,0.6984173866672139,2.1288218304206303,16.21038081825435
0.16319623835505662,0.5015487099505362,205.770072281008,52.95546179857024,13.022725043215708,7.38555729436226,182.31339173389927,0.3157537237285257,12.631193342065792,12.06486600905631
0.20446328483738344,0.6918879322110647,2113.0401992373904,28.02018780223912,14.393632793329116,15.181880619306728,266.1710494775963,0.3550818604637844,4.2919373263842475,5.171823275969094
0.08336194491462662,0.3113910022714213,755.1017736495105,67.1383943520533,12.640898763566408,11.98722066888767,223.12107595067704,0.8446179795700008,6.737956976846484,18.22073708216721
0.06893934297000068,0.731055130658803,256.17763672959893,33.997912508398386,10.388409809307293,5.93198367628802,133.91502180317266,2.366928397597892,19.7271106157391,17.458617453587998
0.2639736188054245,0.7651107455043684,2707.9888446652253,23.1456387013953,16.387304147497666,20.114666334385973,359.9952365029371,2.898722713352976,26.865629827298466,10.171857375354271
0.09646449456989085,0.1868656605016399,660.4208381476952,78.88475332821636,11.120534271528093,8.965703845461068,181.96638046140436,1.374767396479705,11.755729155072874,12.169548557954766
0.23965046240041635,0.4702051508850384,413.56900997124217,54.26391830624734,13.580020726490348,8.515310781955062,180.8521201165699,0.01936960844293001,4.392487068448458,11.651968292712356
0.18979570433148493,0.7968304425458176,967.3510455097991,17.780989163176415,16.27229695763453,9.259140061704635,190.10553045731714,1.1396006773424985,9.530140333504471,17.98871523689715
0.288550672923689,0.4747646130009807,286.51035240317435,50.920720591122226,20.629355704776252,8.869044889825227,183.05304460628523,0.815325677318522,5.983611285590928,10.810569749598667
0.2025283838875734,0.7574316493238618,536.1359179733709,21.703838685636505,17.192353587337166,10.167922438298532,203.59280231834163,0.1962230354643788,4.005655313515859,2.5498251404700607
0.2927631179634711,0.762951411225482,1947.6087904722083,30.677713068240216,17.982510112809408,11.209055908416081,228.43484577552883,0.37859868671039154,4.7619485933597385,15.323558571311679
0.12562663453799972,0.7477618980634227,673.3860920577869,23.161152046405885,11.857608977978058,6.879902996476712,143.4926884577601,0.35190772541467574,10.96127129168035,12.374375789635408
0.11950728040207384,0.7621441240491343,1123.5244911653258,27.866047356234855,12.413844561686364,11.427846180240337,219.93313079429598,0.0,4.559147037163035,3.302338219990702
0.1890917107000363,0.9121106332221305,2007.4007079698265,5.9592639180402625,16.841335288435566,12.89802228504315,231.31755681765213,0.47571940069947694,13.699439665844615,12.217386935751113
0.6230287464329333,0.6169505779071087,656.6479313743549,33.80726357265367,21.012745126776505,15.062426350078798,278.20196453249844,1.4919280909986712,10.386326564022465,15.07551965310202
0.1768232864769678,0.9198650325797747,398.1746592523148,6.302741021966875,13.694061713136493,9.673057454388037,193.14057320841613,0.1616191849972547,3.8113309852760135,9.429899022284774
0.2333098552562293,0.5568036311093814,1278.2648788938047,43.43979743075527,17.300978220894265,12.867251932850593,253.70121031843786,0.8083967136944941,14.622961875310661,9.539143503633207
0.33166697819882224,0.8727115026029619,246.06999331672685,17.357872865585733,16.015113690601545,9.661177899219116,194.86943628279275,0.0,5.107750098131671,8.170806021009476
0.10102323621988776,0.7505792157038936,359.69067767005095,29.271647062607727,13.372357473988266,10.345090860204834,200.73797156904246,1.9862413761291915,12.312794169035582,13.9895420493522
0.19350923075496132,0.5187295653374521,199.93841743804452,39.45316346107785,15.591709310405413,8.262378146222277,171.46857171260692,2.8938491778755235,16.743199925581823,18.298784192797033
0.2241683358777793,0.39138503223421994,1910.0554660096548,58.93215017877187,12.695543536419498,15.212412809379915,295.4204342767705,2.2922302568258868,21.50216859319524,18.095655426756412
0.4429747202175065,0.8497364841681553,853.7503865204898,14.770855876315514,21.24832422572353,13.238288711633908,232.87352456512144,3.0873021851870313,18.879597399685068,11.274761016706563
0.27487428359405847,0.7097269173745853,1312.8221501632204,33.79546990013861,15.63696655384842,14.261926477547968,257.65373615706363,2.453666299817547,21.06208514388777,16.90208120601033
0.28252440790373773,0.709882324721279,381.6534043916363,29.772409119688586,17.89530754936051,8.901502528374493,183.88261836561807,1.0900088072022627,8.186913218014318,14.18886145917669
0.26248373128885444,0.7900483841628393,1091.3966808995276,23.491490397252036,17.90167065400389,10.599516204030994,202.62847859466424,1.3673782652389739,15.9165325970993,13.925869805288409
0.5035530176666099,0.774607314966007,1119.214230085863,21.56059696054408,23.386703309211548,16.667409383529762,304.917957480586,0.9383802927514053,9.941945353120367,11.131383572935695
0.31924735524136355,0.8753546774417119,2698.7688398705122,24.841317578198428,18.12636852952028,17.904153673167738,317.9974507164069,2.8926244434360036,20.98337608364648,21.49099227922151
0.533519845836558,0.7811747274268843,1233.6886511925368,18.276377415414395,23.915738690759092,16.49468620157058,299.98014204986214,2.5281159085934313,19.945694817773543,20.353497558858813
0.26107955387464993,0.9082748659266656,1500.771017921286,11.25659211465562,14.17485866903424,12.175079818574519,233.80447863140063,0.8279039459209329,3.6035181384841897,10.971122063988325
0.4461383005847603,0.5609477552631319,905.6939961075541,45.052694292682965,21.09195394689256,16.34875793226408,294.200915054988,2.509231390619771,15.3967135943994,16.023844510254044
0.43227723276734487,0.6714754611626077,36.787103827143994,33.31040618428916,19.21396432573961,7.879412351539581,155.28294792085882,0.3752136730143675,11.286844454810083,13.25355491541276
0.46272738596037555,0.644547651442985,1021.2491391351294,33.17103145659699,23.63126215598349,12.71358593740199,242.46471335296624,0.7239547932237509,13.478246021580944,15.657770967307364
0.21371872427211372,0.5104011207772563,708.1653613890286,40.005481447989894,16.709444418765724,11.330831577692383,202.32838530644503,2.5037527365070757,21.28218332999127,13.812811311582612
0.3853752110628194,0.9402907357423779,681.0206314068133,6.916289028727196,20.995182976810227,8.606667152221748,172.3803974670278,1.4231158008741012,11.216101829008867,10.41919220419953
0.2768969954544993,0.71878093858063,556.5463072327145,25.51279132023732,20.349407997890445,9.944354651996669,204.0573726401766,0.6129472752560643,15.152836806671461,12.354853791408749
0.11064193023661147,0.5877208643630736,681.014725169246,50.50124517088855,12.10609332631459,11.272784449501305,230.98864209960388,0.4863452519167712,3.659348159589322,7.845125189310577
0.2433528448262852,0.5424417506627186,471.7782722150671,57.50372208334559,14.98580641623543,7.2797447056727425,182.6903318379095,0.06190961757248731,0.0,4.319781563783121
0.3106734453102335,0.7363704567279349,1402.1073650973303,28.472700504507852,17.05963070024095,13.679605571045581,250.91154378164313,0.0,3.611945530738616,7.5388721794853835
0.12839463025789546,0.3436942352627691,330.5410439261465,57.043736124855165,10.00539294077098,9.519935049112561,184.14777943448732,0.4297582285853524,12.698244336073689,12.325886422836128
0.25155212463035975,0.6827345287410804,2464.3848318362257,37.24411294186462,13.24163687406698,16.679546005010835,305.4160255837644,0.5801377224777404,1.8895150342855374,16.11117521607784
0.5165550927998779,0.591836413180133,1319.269388888673,36.82934035719853,24.156083337933172,14.483758570954896,285.9560667126099,1.1234262088548237,2.144414771030524,10.682271532697369
0.13938156837341492,0.6534647445634906,1668.4228772006625,33.44231772131251,10.694258947487718,11.67108677183774,240.39374950517515,1.8794580386096165,3.9152872150490445,14.325845762669513
0.453822235476795,0.5101599915798762,353.40220148922447,45.941352951894686,19.195730756899756,9.96283427118987,189.0917220154292,1.7821076217290095,15.808151907874267,14.92190421712574
0.5750447851224506,0.8589924620576209,524.5351235720454,15.188150113794322,24.172679873851344,12.187545599559867,231.40809211877502,0.8587866280660182,1.1971228858593976,10.201168454959472
0.1435007917845899,0.8240506366595849,878.9274641520444,19.061841443183607,12.763064589139415,8.116209610886605,180.24681699475332,0.0,7.745151630084923,7.818508417985948
0.1436067644778679,0.8233124139496304,815.4234729899122,14.334372997886943,15.36147382753883,7.6615969481125425,174.12106574605173,0.0,3.3595670817991117,11.004954851968465
0.47707049433164583,0.6477550696126232,1321.598853013505,33.191975426565115,22.047684968294135,15.768931975722099,292.4525988742886,3.6873983427594696,15.896602452798504,15.626201025598563
0.1737119924601446,0.6989019227219877,817.9707749450363,37.19854819433829,12.745862453159216,11.802059250334178,222.54340291492147,1.4729957592621938,5.898371409928954,11.380248172474333
0.09762512018504853,0.4479123168307212,2553.1382674562433,54.52010678336431,14.38389402411237,17.368874792357186,316.36277406443105,2.13019259377023,14.552224578465648,14.717717845197178
0.11096091879197216,0.752632694338636,360.3444395460774,27.88962671696662,14.23160573947687,8.873785660955592,192.4002929631038,0.0,1.229210928762372,10.967383486228899
0.5718941974825725,0.9716601015718772,295.18226544992075,0.0,21.475388061916515,12.345428197618421,225.86122220777096,0.45048166794423605,6.777062623306947,6.580464436262119
0.07150255848143938,0.7813778100694779,503.40233352041844,29.4149153863662,12.29209725135605,6.020229705477625,153.60580457326992,0.0,7.007031933866073,9.607549436581484
0.06316773099554346,0.9348548180022411,682.1020854204876,7.435466928982705,10.14903969571829,6.5401672464399665,158.0221038362462,0.0,8.063306170821209,6.127432802138794
0.25083604256341463,0.35469323374942535,1770.1791171773912,68.6974517343902,14.788025478485029,15.103059751486212,269.12628127697633,2.121105492802099,18.156024030240104,13.250161339595419
0.5351052237499807,0.529086809064021,1069.8504914982923,48.153561205226595,27.116659916374534,13.812175041946377,266.4317239127901,1.4142321787993384,11.480570441632967,15.901460430578858
0.33332391649607623,0.7987961237540007,49.894874746335184,20.29808171691331,18.58164068930548,8.201962323273719,181.16057140395026,1.0868124988660917,4.096799733916368,12.495494694407741
0.33972367344707444,0.5606162856920475,58.057994807162174,36.15558630995983,18.058014859148965,6.8882784841028855,161.83570378928033,0.0,7.328636674601372,15.007210231510836
0.6597044487461476,0.8799185249428814,733.2727710965319,26.681562542281057,26.662513669244934,15.270636765254418,294.8192820232231,0.21257501522060118,9.131318272225423,10.314844970815658
0.1476476576775542,0.8615053996054843,574.7556029280321,21.480750400743332,15.439671967597443,5.536374863597516,132.94100516326432,0.23398243531595167,5.028133588453414,13.488994556606862
0.31422354901214905,0.7959034577821423,750.3116942938788,27.684060798052204,16.45237977339684,10.62358467440125,212.66898327424784,0.34667809809662875,4.947196750313841,13.251019370569656
0.12597291187566115,0.6762212808628633,682.4860634848,43.234223249605435,12.087622858009524,6.356482633716795,118.9599569541501,0.9348132857949873,21.115140070000066,12.297372379942866
0.25262675778132204,0.6279390948272678,2306.8674525858423,39.6059165266902,17.629011860825706,17.883928627610203,329.4171563798968,1.9568699065125783,6.362223784532913,10.945216802645703
0.25547158030177286,0.6608855037393053,1589.495322617428,42.28230492037128,13.354010926563584,12.928900707502782,254.1293747884436,0.3885261436968789,9.022476434501954,10.65593670322801
0.3336510540522455,0.8547616118323738,526.2114865764655,15.678578646352221,20.322820033124717,8.87171665470687,196.6360928684503,0.6162173293639386,12.695026549371502,9.942231274523639
0.32943189092447295,0.2961000321475388,806.25212573044,72.03888977088754,15.025437803464705,14.40598106624602,256.72291192199503,2.485885813432533,13.23721704761577,14.500457694121025
0.14622375645711758,0.5683017824777643,638.4536801838948,40.702356039877685,13.164060294277121,8.250976366207569,183.3850993510647,0.5141119072905808,6.213863869658186,11.75274273916822
0.10944361603329451,0.45321516155451835,96.73133792331248,51.69134148267178,9.538424654497685,6.444083955377543,156.8487522950427,0.8817155836914261,6.519529181119834,7.855576148005484
0.12243374616874377,0.6555892418406037,547.1124110458697,36.48197111161704,10.948340330349907,7.3363449082133885,153.5360074958051,0.0,5.001111564320403,7.3784679576260555
0.6188745764348573,0.5838870534278038,553.454756879291,36.11317064169904,28.06719812808134,14.941642519307893,284.684282059259,0.8384220970968543,12.85115120182348,9.059861639824195
0.18193563526669035,0.762645452568542,455.5564397827266,28.00903038070463,16.637306629336702,9.738175738094059,200.70304318174055,1.7141450563078244,10.86554045572247,13.52268892246728
0.11005919060479662,0.6156922900477941,533.6194306925244,38.02790284632718,15.054124364676124,9.427918229963197,174.43865571215758,0.55923819364267,22.789913469885875,9.093611529682132
0.4564085427940005,0.6642948697970638,648.6054369146237,25.275658554325858,18.512237002773205,10.586305713807132,214.639393911806,0.0,2.7363120372859404,7.89271369401037
0.1761113052109823,0.8976933133542413,1134.0284367356105,11.919292369323674,12.300670313871231,11.199639807085902,210.32252847200522,1.2838398401860562,17.022935189072516,13.615989843149638
0.18644175405620447,0.884444021147945,487.62804427155714,13.674764580917989,15.340788989067375,6.052375742261545,124.02631698780759,0.8933169049461137,11.29289193164806,10.89623764535564
0.20689906962469773,0.7062731069397037,1953.1318740971092,35.69960269961788,16.60311172097614,13.629444076446324,258.1071939023613,0.8997536992245337,9.14138040261501,12.263803108707151
0.30595990608795287,0.47452169779909203,356.51765727188933,53.7190369605506,16.049970282001574,9.775496164400797,195.97913543503734,2.829497470078014,23.671795352100045,13.726649329387644
0.4393342323265035,0.743575388000907,1730.2969682893408,35.315576915034114,19.825513043074743,17.74566821229549,330.22315889474146,2.027196914337943,5.108406429067777,12.582725427650622
0.15696694698233177,0.6478093171580525,1005.7949324494504,39.29770943389941,11.661478382441022,8.237795405552173,175.38412229368748,0.0,7.125892292332923,16.122485340727927
0.5050397022085158,0.763230170525111,271.0078626721405,23.539479301568573,25.942483136375976,12.529921720099495,245.73401906886264,0.0,1.4181003083592247,7.907785747030417
0.35830594516209324,0.7411342093942949,635.2498337641558,28.00612435213081,18.007737030945297,10.426793026374737,211.48998905612257,1.3169526861436336,8.087871069048662,6.973096488568564
0.1967363367398091,0.6847393603389749,2366.0086139939935,31.633217384934547,14.980993025720757,15.216134687620087,288.45159386122924,0.549554254259611,4.783205556858409,12.400270274143779
0.4512389687240004,0.9391708320297331,362.7739280930295,12.91448939788987,21.448263422545264,11.570680994962295,214.69614147403198,3.6541436551690296,14.79745315506408,17.01145212195552
0.471458318517816,0.42605812988251174,2411.0554237041138,56.95387904789008,23.997698869893018,19.65923078280552,346.8738280432096,2.817266432625418,8.00616481538494,17.77470678220341
0.3261853580478449,0.7448354936206958,1157.3218981957637,24.822007404342763,16.249700821931302,15.345840181297538,278.78024368874105,2.404068769488782,16.560196255581943,15.741566945850424
0.7214215325008806,0.7339272956940595,1018.471380101419,28.98954574284722,30.37205998097432,16.585581381887803,305.3205545667047,2.040419360670355,12.8323280256177,16.75067712196497
0.49120913004530675,0.6764304215933558,1109.0885798019058,36.427165384371776,19.722786819889286,14.370566208118621,268.1166238894209,2.7004104440953443,14.298685206547093,16.452157688455564
0.34416976704628927,0.7393956553816972,622.2630461584835,23.422283324138366,20.935684691712677,12.868234715085954,236.883142066431,0.0,8.795873440398825,9.320343209894972
0.4913346709759323,0.6961994085010373,377.36010086061447,33.92709704313016,18.852767604188816,11.228282281905217,215.0448988293931,0.08235237027950748,7.589083590870668,13.649642209298202
0.5114779676323982,0.8246580411110235,834.445891009441,12.887360819248762,22.57783788707375,14.243954346746516,280.1443422865867,2.1761803464657747,12.370539112970055,8.786024350611685
0.047550755873553056,0.7512002173775367,1045.9025647034784,32.91983715172974,14.439643340244615,6.446216963222053,129.74974326621793,2.4758177917846913,30.157889578275753,12.213081324738216
0.05025859397448933,0.8792950476699306,1195.9358068963463,18.49934976356611,12.650977065853542,8.344530467181192,182.2616040763712,0.0,10.089943579369567,7.524715231271216
0.10647712568589152,0.77943314097638,1162.3092099672335,32.9974324902348,13.504412719429785,10.771688045416164,223.98978364857263,0.0,17.224003540546203,4.9214682747756
0.4642340361126316,0.9092701032158019,1381.9143842958965,7.582708511700691,19.509020619567444,15.169147291039904,283.3255808906224,1.769242734922247,10.002196318655589,12.984946354536026
0.19912888177502766,0.676131736781695,3039.9428117810007,39.81540233372974,13.508619556038976,19.92441018880792,368.5762353450987,2.3827714716844337,15.779581491888667,14.222689182481476
0.08450168290260743,0.6907591705796441,981.4986982430506,37.51057496567268,14.801333714627503,10.711785223570157,220.0619348243046,0.9725954665910431,2.699035555510849,15.355589181843651
0.16694922505976686,0.7935049445381291,1884.2032406680974,22.673394755528932,15.118409609008134,14.865424705809984,276.82260772452673,1.5549475158056871,9.567398489395455,13.622552790898986
0.31391331482267504,0.6796605267552724,1227.6062491760836,31.94733582675095,19.628331364568005,13.675877491420371,250.47086678712668,0.0,2.080203626834751,9.360966116496583
0.3907372404257884,0.6385076681927108,3254.926063585188,32.10857958020585,19.916018635606193,18.523657911913464,331.88154315051133,1.782738313548613,27.108479487478633,13.317330203702838
0.1638543895012978,0.6774994982471253,878.6615392977911,27.295996669146263,13.532896769505475,11.383520500855209,227.56962671470907,0.7771224680826905,4.646103383801908,8.786818609947636
0.35517532463479096,0.8028339992301895,807.0065651445692,18.9887684719178,20.412706376820633,9.82427573921019,197.39914033175563,0.4243510320602477,5.5272350441988785,13.733259264177946
0.3637720979383461,0.8750893539193072,1804.0077715052191,9.96307993524757,19.61300851737059,15.03675065494186,268.1229937316822,0.05962215412096539,0.0,13.779286304354418
0.6001741981966855,0.5998163053337383,1805.5639226772792,48.99514493791665,24.66443495274105,19.44457890784039,329.62645695754145,3.362690169302777,21.11937751600544,14.770227421265972
0.30138409289552465,0.9609492109515695,664.2567397045354,1.0043113980140426,14.706588209305314,8.395294931883612,177.78349283206393,1.569434655756261,6.776611572574193,18.783754199910554
0.844224763603197,0.8462971467518694,1195.9147992162,19.577734182862226,33.01343568471908,16.809298340963792,287.3363130366412,1.6708450527845597,16.276108856269918,12.164164887571365
0.23090068253945492,0.9375084784808467,1391.8663339630775,12.802762571149316,16.65256968676514,8.644654481987995,174.95439033524477,0.752189371005159,0.0,9.62292356993566
0.17359375786979053,0.6665276253324903,1337.2484168680562,36.80000987981563,13.127319848449059,10.043273841794132,176.33170291814338,1.239101676026169,9.348290253611204,14.516135205166652
0.43367545225960963,0.7588012351896681,1110.3389163727052,28.934331884924767,23.20039177474634,15.076892299892394,284.48356979459834,1.024436019657219,0.0,14.247222469246354
0.5582146084266786,0.5852824736455612,151.28370888537492,47.05657895914787,24.442990208800214,9.920196388386092,210.34341291750326,1.1349813311133286,7.087360540694651,12.623660952248406
0.09678222914856828,0.8640910458733068,1350.977837723324,15.002195059219034,12.946353406904361,8.549810493066442,179.03663799862102,1.2761061078383666,8.668360177934519,12.151411039641292
0.14901276044395,0.7728411857319211,1395.3420173536665,25.88204651257816,15.493110163588423,12.018608983832788,248.5937250760898,1.8281248759545214,9.31734218220047,18.087370838775612
0.3118149251954397,0.771339495797799,1142.9126075698387,24.111637813369438,19.13278637049659,10.600532665784284,222.481857508927,1.7397928942255254,9.458090247948947,12.479584416992733
0.4504520677903152,0.6637325043843769,607.149893059251,41.77670256165699,21.848650653019572,11.583776555973953,228.55450549108141,0.9218246756304224,13.543140049308452,12.098254497086876
0.09941091372697197,0.8148321780959641,2208.916811563475,32.164433588737616,12.108102736084307,14.178123920024344,261.539715191243,4.50278733239011,33.88342092227415,26.33833074100688
0.2871116810911284,0.8504551460389875,370.8334902883264,12.489368055684249,21.145120335747265,9.000427971723873,181.5124383870256,2.5048355892523233,16.71587836480706,12.250839172249233
0.5869732563053821,0.6942567460416776,1828.0559207874285,22.361388643227393,23.206729765906527,16.03624970837241,296.16865636918607,1.0785501974391258,5.013982834671458,11.320426912376158
0.32823751747081964,0.746360780227124,366.51374442779115,30.673187624653938,19.69788161475865,9.791711115795982,195.46339832799686,1.1377235062298936,9.871281221483159,15.919714551051335
0.2729112002234095,0.5598043686930771,1676.4439782456861,49.9694712388016,16.655061672840585,15.484080456931743,287.74350887055067,0.0,3.228654169623847,11.584000124575043
0.6751988944487091,0.5088392137241141,381.945055019867,58.989357331072,27.78939961614407,13.137448398596272,253.28626211727254,1.3111388084665239,14.691519556855543,15.959899790883213
0.3942381008617035,0.9581943709341545,1609.5415525737346,12.45195837200938,22.322799158283132,14.885353273615248,270.98450662612726,3.4753715279511943,20.34079224600357,14.719775883063956
0.44687374850796424,0.7472294575335215,2543.0975628235924,34.72825361541909,20.548686858761524,18.49122110432626,338.32617472112383,4.7262518913303,16.01603282476148,22.77897478385848
0.5620829957429613,0.849242019439345,2549.6332458843126,26.868521914840507,25.25574757784136,21.012857952928282,362.9073567242001,2.599215537666367,20.886539589287416,15.642418771199287
0.384664516944324,0.5732480505738347,2183.2861403923703,50.73156430650921,20.147727484627648,19.453816539654397,342.02063358126924,2.746553301387567,20.820415903304774,23.683634162474057
0.2384618526804491,0.6531948088509713,874.6333690270885,40.61826975422833,14.678943328454592,10.374594753605548,195.84367530083955,1.9547586220375215,20.294178005989444,17.315029973348867
0.3991122287873408,0.892674178677098,526.2093961201028,8.248276104343569,22.494003717121934,11.45437290153319,219.10942617306858,3.279044527251263,15.53397360485096,18.130655483118026
0.3292217843945704,0.6092494146481794,771.4097042835424,40.125743402472075,19.65292020121204,12.85985926895667,264.47987359410416,0.0,6.504868884575563,10.857695489759886
0.20227491792447702,0.6424054781595461,1734.5341987273293,38.683700060936694,14.187773085088589,14.980432247004499,265.7026180163653,4.672693856431099,17.766892050092302,21.84459790387031
0.7354013949979206,0.7584210828380601,1336.057325573015,26.24305437860649,30.592222429424176,18.733091455396377,335.3734954346867,1.8615781234294748,12.190088453535413,16.750990331990444
0.4026615029632686,0.7551833899158173,3450.0192888247802,26.842965118332383,18.40369827393565,23.775222511671345,402.0834261526245,2.032476783503536,15.114833822009372,12.51229023607678
0.453930713632701,0.5476915964733152,570.522724313682,53.54389663584115,21.29039931504726,13.36193429066085,228.2899993447533,1.8531993901314296,9.232518703716423,18.728650494830518
0.4051437627781962,0.6750540292600873,2659.5363007455107,30.460978948150327,19.270146400342675,16.791975663151593,307.4693391801423,1.041500216790314,10.877700774322252,8.629568670624373
0.08132591765616638,0.3167107471497099,819.2284599764458,70.49129457085937,13.53577191944414,9.294345712475089,183.8539430977223,1.4802448261785124,11.760979775373213,14.315743542069114
0.3763773733725502,0.7573070369895513,365.1918093386249,28.424574795336547,18.450067623247488,9.343639507687419,193.34500477872467,0.0,2.750817716498679,7.527160598903199
0.18997697939753433,0.6579870715827502,1083.2333133141647,31.49350161136084,16.266390718860446,10.73654820275971,220.94541266711437,0.955206579703303,15.808183349169376,12.516498826690079
0.13975092866529681,0.8892948513107842,1312.0143343632035,9.580455890761524,14.682693501810489,10.584099725453635,211.10747972368543,1.6812043829147276,10.552603686154159,17.16706718919851
0.267662567541786,0.9186318892995835,2048.507106812611,3.8165545956366653,15.941065893718305,12.706888768684271,243.88631998930902,2.790377654040854,16.82575423955353,11.838907872374715
0.24529500404115914,0.7745104956907081,568.5617020921636,27.721940537580146,19.791810283941583,12.604538466992302,230.3886777668138,2.3316688348105914,6.9921590930817175,15.320737149853542
0.6160752426083786,0.8508657660330807,1082.976747829637,18.105856990017543,23.911411765762534,14.59882608233336,276.05064484358,2.899050783090958,19.19215849255286,12.928355974046006
0.1940227560154299,0.5103443940212423,886.366981891321,44.94011738820432,12.032540728272226,10.138005260253017,200.17323876589253,0.4719383204668057,4.503284739819592,10.341698340463962
0.16230623857571227,0.6301546863514749,662.4333363581787,28.90555260618698,15.769854237730186,7.752815359305728,146.30794431658063,1.6566411423301621,16.412619416696693,9.81442331941214
0.19192702361069963,0.8700331712724285,2480.081530812361,18.860569094725896,10.499359708692571,13.468609582905318,260.30158803069907,0.0,0.0,10.485357155772562
0.4490111999182814,0.8024422770656818,1325.46316082331,21.91155859608705,24.208913650618314,14.43140246418335,277.8008654920754,1.2108275548951781,11.996794974544315,11.74855918733976
0.07486119230550775,0.4059090413096096,84.53106328356357,54.89971892288174,12.075037560690427,6.534581458110199,162.8299464272377,0.4226017644585816,0.0,13.297872024505867
0.4032848520028975,0.7753995702350133,1096.0246794472748,20.39383905559467,17.22815115046196,12.083936014418285,252.96727024033652,1.1385760440419705,12.633644668071206,16.532114443122907
0.30538099865340257,0.6472757159939599,192.6497811961354,35.55230974342727,15.737595961380322,10.834635909946353,220.2548841254729,0.0,4.125986796141438,10.031944325335001
0.40556166475720934,0.5835944748402868,1017.3294700379043,44.82647969307048,16.87086426790021,12.8963007959811,248.5842331174019,0.8900875731659316,10.557117838401167,14.906183889183707
0.26483113155895555,0.5795227246159231,229.41441349720571,41.193039862460175,17.386544194380974,8.575046417084069,189.5411736758117,0.20803213911860646,2.8313159583199896,14.667456278186489
0.39738694809416797,0.9291201925215528,1329.8429413218646,5.436551036577878,17.280845360369682,13.585364923641455,244.91052238780298,1.3748281862264382,5.752817251293924,10.67076127875569
0.41607793667792425,0.539797149809913,189.5230308513995,46.12763174193039,21.406126478340006,10.347417432282711,188.49156717279214,2.2787092908254136,11.942321589853162,20.001729923953526
0.16236087927707007,0.6527988613690449,384.26458431005705,41.47583981304904,13.449373679019603,8.736152017058481,176.27219217083297,0.7366980105117391,8.906852003223017,11.73092765742729
0.07530922653662744,0.6695743026713402,1547.1512190958226,34.93965071580043,10.932002382991497,9.259294474400015,201.66185888953038,0.6050478785526722,10.303044842514852,8.577489662736038
0.40378983958389975,0.7950234692778002,874.7683282332736,23.790005476469428,21.113437923320678,10.179191210276883,196.0768768323088,0.7355888219280431,9.461573421611416,12.734359218392225
0.38252924032413504,0.41149806441285447,251.55037975771893,56.33682941895222,20.81025366735956,11.187902809358881,222.4746480169744,2.1033266869461813,8.729502755271282,15.042031319024463
0.3087315985518217,0.6365590454888191,2376.3694987717145,33.261366853183254,20.00989570788645,17.29245710398579,315.1198295869417,3.061113561098023,26.43285133403889,13.431748485126231
0.04463412421489743,0.8303653841591395,630.9524827217498,15.652628343908866,9.848296432911198,4.927221634393723,126.350975890325,0.0,6.6640703645975075,6.696851505077095
0.33872524798674347,0.5747412984215582,718.868280693358,34.96401280830018,18.408512274346727,11.277530189271872,206.38662928739365,4.42550846814356,19.59021132970123,25.97571416215873
0.13490505779871143,0.8382086348100758,771.1745934487938,25.467352049028936,12.101972179904964,8.566252406884526,181.9208435643897,0.0,7.12110102583242,10.835724569421284
0.4230520195954244,0.7329098065926539,1408.1574227331814,31.35038828690039,20.9022754409792,13.655061262430745,250.61038429898096,2.6819221423692765,17.007624964502963,21.150188097377523
0.618463704142107,0.6437407344831122,671.0278498931812,37.475768092784385,23.90501323301241,13.313167685694268,266.72612720747026,0.035116120605083956,4.263798301730699,8.838070876247569
0.4459911149614075,0.4836104501374108,795.2012640005948,52.95297332151998,20.301584413034153,13.766545127889097,267.8669615476886,1.9969424785656915,11.523826666605515,12.587469165188498
0.22731578205566397,0.8482186963657233,1914.7098947799866,20.357964308209354,14.844893531849474,12.190380403773702,228.99277529746448,2.1394489768067166,18.482152050926057,10.298678692582593
0.23039478801252578,0.8109827543090883,1754.8105364155285,18.338820660907448,16.346591588367566,12.325280919900306,252.53657858341762,0.0,13.639238157313919,12.903930734013054
0.07604782527042536,0.8260192288278031,757.6509521609813,19.031957759031204,11.907105566229792,8.177552844531357,176.10040676088897,0.49291653938658264,0.0,12.464188192905212
0.18334716891870095,0.5965298672004912,778.3377785158495,38.94126856504271,15.596282434504964,9.830880213852366,180.74683789336405,3.34386243787503,24.528127631415376,17.137020429483435
0.2852104977017609,0.4485886035139973,47.08647046715839,67.18414576811526,16.916269278252187,8.650873277692492,178.98004633732373,0.00682100624766524,5.126931642023745,7.63907383707096
0.5295959343005476,0.5560132242016325,1003.9140250120835,50.059820029133505,22.080393023894757,13.712869551020521,272.0458225449305,1.4682130413823689,12.056304884667599,17.051141385559752
0.18137786437994252,0.6542497284549219,1588.012915602912,36.956935863183986,14.917012404013509,11.368656203553817,212.3314580251546,1.7867338676626285,18.905147121068,13.934991277127125
0.43514505718735297,0.2881282881122247,642.6446238896126,75.89837544554821,19.04425854290215,13.505663284564305,251.90255021710726,1.5040385096568873,0.0,13.260505627715531
0.39127289256670694,0.8106760052218466,2142.2285613599124,28.237600752575897,20.92013794572638,20.287716900315807,340.7172903270991,1.2199810428356563,13.953871217614498,11.247640520612025
0.08064545376380255,0.6397819070728429,166.91853010828626,30.51700682561912,11.44520596816538,6.404148950661174,134.05090459456613,1.649587266873029,18.01083437616422,12.90158968894566
0.2835106699937568,0.6663345021097195,408.6876574001597,33.91562840475046,17.496805569242987,7.223841880832536,150.01523077344854,0.8454644871644857,4.938774245407196,13.764029721262904
0.3707360991713588,0.17379184452788562,2028.9728513322523,79.27711200844738,19.708450489174496,20.062727623596857,338.6669319060381,3.981474289679685,13.956131993450818,15.704365035340908
0.2549989436657883,0.5609077377770413,1544.5296578580053,47.575943344976615,19.578064560415786,13.39528712022311,244.7465659563221,1.92653339864702,20.905777675489723,15.058545245624574
0.6127101255869059,0.8423571575132021,155.59795129737222,18.06789209734965,26.080920542798204,11.332319431262,237.36762431394033,0.7428321609359171,0.0,14.723835578861312
0.41898797420053285,0.963063987297705,191.77985709419377,7.83158556776717,20.621137261152864,7.720482182816677,165.44650708225922,1.0414351298596003,11.258989496337513,12.34931165695504
0.31493090581002836,0.28723860296402065,1344.6052789477994,66.84178159678144,16.488531005529797,17.747369312250967,324.06575669288554,0.9389180721205121,13.871214020439027,15.509973962203897
0.3058546372812606,0.7655763668238653,1152.4806302687577,31.34280279877766,19.251136241892524,10.810408327975509,223.07181508871352,2.352196771392578,16.391782111818323,19.90228936536245
0.5021990128576236,0.5844073474770608,709.3873625534795,35.186636513424254,22.01456428061555,13.387076405041642,239.7217814269065,1.4651780574332856,13.683875179700408,16.373692179175045
0.09619821072097685,0.838124962327462,2092.784923934429,17.43197953269172,9.35399497617152,11.387437898188969,212.49644434857507,1.0950078741835456,8.054933473860833,11.12575237792619
0.2123421166006864,0.787992526885221,502.93919971036263,14.862292608349591,14.918376470494499,8.799606951703478,189.6522915501608,1.882491741769201,14.843570426488903,14.599914280490147
0.29259595956696605,0.569602638717791,90.88556160439634,38.58756529965753,17.69787857791058,8.728550704717087,174.58543051562086,1.2469097028683562,6.445295832205184,14.154584813896857
0.28998679331929983,0.5838586068460829,1407.6915843617653,44.03861271571205,15.612658437677123,15.376319054666668,287.6406575362464,1.36012167491657,7.545764431693311,11.991054977897164
0.15920478287661116,0.7204660452980437,1633.1977956182295,31.8388273729793,13.743758961695809,13.537111350372907,269.8298944659701,1.441190069797944,10.94248910005163,12.09365694061617
0.3456242317666114,0.5132173758903937,528.385847097949,47.24447770966129,18.497640120867082,9.975106342827546,185.07276626830586,2.058864896273968,5.536240259340618,13.457222193187754
0.010416422927863345,0.3213031934138576,310.62220891889217,71.7026383234417,10.148594784644946,11.807545219267443,223.5438366605769,1.2598724049994363,12.924690186307012,20.78036281563914
0.3190885930488483,0.8683465771037786,96.94075886478718,23.619022497156365,20.446498565652117,9.021536890032179,183.34033962337327,1.8350420303328687,0.0,13.774332918291384
0.02573075636180386,0.924505437174816,861.9560764147984,11.448373977866694,8.020153186675673,5.603119110205543,128.78312214237891,0.0,6.814077326866403,13.206026826385372
0.3367161756901021,0.5302545157998648,1110.9848018142488,48.52925785998322,22.48550931062368,14.245268491639855,257.5992873079423,2.080992264800565,15.608328813570413,12.594273816650498
0.1718149227134357,0.7939844700863488,1716.3627711040738,21.278675481111616,14.229702427453477,13.384610044451323,245.84794251928625,2.455597435248565,10.849787858755278,21.244318700470043
0.5336808850587027,0.8926102784126149,1161.032299732933,17.799513550122292,24.502444594372495,15.368110364466201,280.3691482073749,2.43158687740929,8.55651681468248,14.943264797337113
0.18425657369503348,0.5587626242831848,564.1980903290493,38.74106141439013,14.862086875451547,9.641253199338871,196.2676460064202,0.0,2.9591513898175146,10.158930721607264
0.4259059824210775,0.5554618791375201,1004.0438529823292,53.98760492451956,17.195602416996554,15.151867110955457,286.81211509076167,1.3601642583132436,13.63904337699581,7.902242330825317
0.42444646584603,0.7972618040229069,1776.3559035783203,28.9463639515795,18.498006336178996,17.025271003491294,305.1278783642694,0.8472893386413138,10.117652931516167,15.468026285742766
0.17355142621320543,0.1599268181050966,1100.339523452366,74.61195460083579,13.290233896054556,11.242553068610933,229.82004550217374,2.136702180438336,7.989143177303309,19.341414934900143
0.1314284602829853,0.973292397532682,1602.5038791225345,3.4585918445552037,15.273151143308562,14.087426618488923,255.39339850985115,1.399980113801199,11.128325925094572,9.93813549264034
0.23449613073705433,0.31005060375195725,325.23178351544425,69.20168948254798,13.09376099692693,12.55437652994997,226.30201957313335,2.91826918331578,17.982860674317646,20.820085624526506
0.2178861664450674,0.7464840115960724,1369.6288615011879,26.125183437935387,13.735679307044519,12.789663188378546,238.797407481559,0.2928318468277471,7.269177788128683,6.720216788757506
0.18567235467911858,0.9617092744583007,1162.4838599498642,11.169163042361191,14.971510547534477,9.997544087806567,204.5880878628184,1.2515266008645947,5.073149818860705,15.025018040683161
0.3561516774789333,0.8147082055024657,665.5659019825688,19.87927976969755,19.849504832539207,10.566695565194584,217.10510050936634,0.834804925890457,9.117733354757474,11.223102989893283
0.12804235597586908,0.7219279325490643,1798.973989722488,37.6505448611845,14.08650065305973,12.730090555523125,255.55369418907227,3.7355127676973523,24.53077613024912,23.34754354838782
0.17949258972419518,0.6820342062242178,3014.7601048409783,33.658456403326916,12.519304515657447,17.764223297230203,319.3653524982899,3.255501091017579,20.70681295994563,18.886327130789315
0.21183719216963057,0.5545483327779486,149.67876729911214,57.19342570502836,12.09994708385808,4.6878993320365625,127.84875003888673,1.0911613680261334,11.422045046641733,15.522308135293727
0.4827529779094158,0.900516419312028,692.3592425937513,16.966898747481636,23.14694373416146,14.247242470518001,277.39643073158464,3.254260302335738,26.230454047862477,21.848920764322486
0.18525741979819865,0.8538076888759772,815.0029934121135,11.410286309921382,17.497683378034424,10.70341861667851,202.75881026879176,1.6230544532091673,12.331173458030582,13.184541581006645
0.3863054206547382,0.9559486609951294,862.6487244041737,19.397103427804588,18.967032285617083,8.840918088438782,180.51236133267255,0.7896737520347136,3.9491496534107196,11.887474585553804
0.653262272605416,0.5372398969515918,513.3733838354364,52.14180404870932,24.042183846167333,15.827991367849805,315.12900262307664,0.8294008622818214,4.123894221812802,8.739956902147657
0.41887878999868816,0.7748994970873601,184.1466501439426,27.15978338754249,19.61220910503752,9.37586554387513,199.2018725811527,0.9772798065616521,9.789255110958589,11.54312654385298
0.2464855888875706,0.850489196673881,721.4919673771261,21.689139580342843,16.950264868958726,9.186280080996518,192.9012043019115,0.0,0.0,15.781218870864556
0.2820845249990463,0.7629651624280493,819.9601937287401,20.38790155838962,16.585826811422894,10.78304833738636,220.68263350405266,0.8516762050186183,6.851790456425885,14.396537952221948
0.37537892472729356,0.5627970785368934,672.7957160087348,35.32638237999827,22.198860401211963,9.17618165702932,174.28595339904624,1.5039219293811463,13.336555975674012,10.626006202528755
0.5148994856871765,0.9077777181311428,834.8872903754786,13.091256830690368,24.722428580987987,12.80479840240035,235.6037117501886,1.4589172115466909,16.691393860027087,18.541620939623925
0.3072082556233288,0.6089646960411503,1021.7105964493031,47.08702905204231,18.048882522991722,12.725414027032267,230.75823161070355,0.18159394327883382,0.0,11.62099439361486
0.43558542375902903,0.6269502823579379,743.0011445293306,40.55301880412862,16.980989794717,12.152160824452812,236.46849556388383,1.0474050418083927,9.685008262077448,15.109786047248473
0.31635633659229867,0.8184904915781053,508.3061377155491,29.881713245016243,16.524381157125227,7.485583981861767,158.59409907882375,0.0,4.658819432906617,11.47158644568827
0.23235592276297312,0.7819065421060966,838.5967962491818,31.234515126412255,14.712853416382996,10.652262282442079,210.73781912793538,2.842980535123907,16.559450645908264,18.366726630054362
0.22498889296762137,0.8264613307147117,1080.3123175552817,20.72152376960321,14.131490360894547,11.866682650669569,224.8900772870553,1.1159570723220011,10.17165581721885,6.796751153364704
0.31757066664879197,0.7450109239524465,896.1074969333642,33.867801450915934,18.32090920994965,12.177518971091942,216.3987252915228,0.0,4.841665014454124,13.320878142484696
0.31257531466923855,0.406540018974062,3148.1718314250834,66.02437522160807,18.237267028801423,21.786316791687447,385.64451624685194,2.295943636036907,21.14481929680794,8.976852739453356
0.44202805954733226,0.5568803908412892,1136.943431497016,44.479854968869596,17.702551752372873,17.99693461804516,302.332054899298,3.623597510335422,25.714373623485596,22.106958437893653
0.06286164852622589,0.5595818159831669,865.9282501255143,43.56875875879087,13.18073733727795,7.735292548855195,158.7529208401148,1.0546659781244672,19.935109855349978,12.935364723436383
0.3403267410571298,0.9345904106446701,447.0383961961842,11.589115478645905,18.54041593908091,10.031462628742338,187.31721663125393,0.4855050034730052,6.889159016735901,13.720155338755085
0.44748901544658,0.24833589162097178,456.37830820770915,60.590230615485964,21.902508213181722,13.085223677676069,237.48094346307207,1.0484577178715522,7.140383574047201,13.096346918949113
0.602184204209956,0.788028801287489,674.0347165063699,25.479567392005205,26.544257774985947,16.787698960063437,303.834070029149,1.6707500304232275,6.8441900807447995,17.308130866084813
0.07904018375931926,0.3221680965927676,690.7755505002633,69.60706122207498,10.44206515530265,10.022211230346816,212.68339806123043,0.19316136836868214,3.17545435021668,10.53134757900936
0.229886525779756,0.610516825508442,670.0276275544132,40.77604116131773,18.264974523125538,11.199483820483012,202.38230741790818,0.38865492829970605,10.12747537697362,11.814417360058181
0.35882983478493097,0.45903702408981106,1172.8135876079255,55.41003993372387,18.687158755448927,14.894044311061071,267.8385844829068,1.8336713044991357,16.677310660299433,15.79845855276671
0.2420630629734408,0.8129319124818558,1759.2299949491046,21.618745998635454,19.07667102746989,12.328378644349595,217.43523673581763,0.5402358500025966,10.538517123184125,16.986516462721003
0.7284654442925067,0.7059705803528373,1411.1590718663806,21.477538318473112,26.42377123675032,16.206481763180975,287.0431061907736,3.0616407180677374,13.924224461208524,19.45492702518004
0.4655665325903658,0.8949139083518017,1297.8244589234114,22.770722052854673,24.515656528620926,14.318212863406423,265.4921136374258,2.69727015782069,12.493706094006015,12.792616865978605
0.28478903477069006,0.6708674929502649,404.7271730334559,32.782781397467566,15.311757820532137,10.269197939471347,211.70874476359586,0.0,14.782320220552661,8.30806068215724
0.43789500860084063,0.695174623255797,1939.487594360365,29.3454332693274,26.044937788232197,17.984767885986308,298.5858984250736,2.1166398657511416,9.306594540794158,17.085611699307087
0.03962182342160331,0.6388921943192957,438.69353961039667,44.28961640352252,9.086878058771886,6.339158944771486,150.5929023708175,0.0,12.082623333124172,13.779237830802249
0.46176607599741826,0.9327363242533303,1061.014067351152,15.947233159506347,23.657325340846242,15.342445038159207,270.41027548166795,2.0616409641314273,15.269444097651997,12.987574121451905
0.4412246169516684,0.8449860698076039,1242.3406575616934,20.31658299719454,20.305826976406703,10.587218120962696,196.64636404250479,1.7097876947345847,8.176156083419299,20.994102085826583
0.10284644000815171,0.9274179267654609,1977.990966153003,15.379235206606495,14.00120576753689,10.660147814896522,210.5770941743653,1.5418285795483415,5.244886517814199,14.381382863565912
0.28147759055240856,0.6747567596184593,2778.720717897269,28.49694995588625,16.95588962955888,14.590034845641913,275.1219857296044,1.9400831969645647,9.315735711146095,16.1119102001411
0.6093211651015297,0.7625192797789618,651.6851005383799,25.968792949795695,23.050568376812816,15.04980038434256,274.7424584138088,3.3414720310286117,20.454046194288516,14.591459595391107
0.30877845035263324,0.9267203103695807,997.2438985377205,18.06909261402398,12.125800944190988,10.036438752442228,189.61527484091243,1.3937690718894866,6.026936317353955,16.830852425132562
0.1650174548583944,0.9722908664196327,1857.4084670557368,4.108112926582214,19.140602963845645,14.275707266035246,263.12579897910007,0.3691688758441165,14.248727311943295,9.585569666357122
0.42138235805915963,0.839998557380118,2936.884825054849,14.408463310820629,20.68060740270902,19.777224941091493,339.4065887813751,1.0749558663739098,8.26052112249175,10.4497411718106
0.3039352467660884,0.9942450684052373,708.7421117224497,5.910963607712092,11.7113210132861,9.853472256187466,203.84240859236098,2.4325979709237133,18.232624175746235,15.129916169669249
0.1539991504242121,0.87948446896014,423.15187497845824,16.35668284907637,14.455195973535117,6.7205857675305145,161.5623648259837,0.6951363841888134,10.879100994945855,15.886173495407846
0.5679142687107716,0.6376293719485013,251.1036441120148,40.85121702383497,25.577030030828944,13.04171121959715,255.74028820280503,1.3592704171384353,18.546585571713372,14.795404213944659
0.0790425619554905,0.6477419136885747,158.1325133984494,29.812465581830054,10.545902481859267,5.732649436825017,135.79225657257516,0.8148334110939648,6.0694819003047416,9.369827818612647
0.5270730437649593,0.5057757089448873,487.1033663724047,36.73330234295699,21.76011701831677,12.772241420336607,252.8102281506715,1.2393069325638704,10.487639066649272,11.507130416768586
0.2557410897487061,0.7441725495935858,1614.1254890133969,32.63063017377163,16.353843549637688,16.114144545489232,281.5023653161225,2.6566046709274778,8.619446216089923,20.87021140226509
0.13461122513441637,0.728112547216559,1679.2568274435005,24.05496088448594,15.77046908988476,9.925598748695338,216.71264455467798,0.08139149401974138,5.8413070680281365,9.494335689412912
0.18837780541054958,0.7744495980992212,1136.8322405345864,22.249584365164147,14.909365374909791,10.300660396108334,194.24408516764382,2.4082702722731395,20.33313890448887,17.701913358004767
0.3465364961426181,0.7071961750408632,684.063187008037,20.43616683655253,21.589863012250422,11.065813332105327,195.68600807807422,1.244042512331596,11.073528509394194,15.52555338782551
0.4199256590925644,0.7378755614586552,1175.324707464152,33.705762878848816,22.760579822374595,14.232509740941229,277.14201020906546,0.32195841996835517,17.851181377912855,0.5485330680850584
0.4313149019111292,0.7865595249366575,906.6794846659935,25.96133387606348,20.32530299925121,11.827271466813778,220.30772779018042,0.0,7.5985495768547455,13.793172844249316
0.25275761475942654,0.5585685708707778,710.0550567157433,46.279801341884735,13.177892850599324,9.350880713007205,191.43059952016026,0.6298857332134267,4.817480916097092,9.017659870408382
0.20108251625222207,0.8831138427170135,1099.258643148798,17.037029576416455,14.573721228712845,12.338626348857087,224.77131476361353,2.927538927808511,18.9889794512649,16.237082869587898
0.29214136984617445,0.4193434307013773,660.6930438598198,46.95828046671862,18.3564990469444,10.975210381759817,238.2641897998018,0.0,0.0,14.61795793584572
0.07109767229612997,0.9664925074121528,1095.3668121927446,3.0898443908667304,11.897228760162188,11.546244961553743,241.41185112388177,0.0,1.005095296548148,14.340774088754596
0.3685867814688328,0.7522536668851796,1222.7160799278245,25.038534428102857,20.48351920010341,13.956425652444889,274.8119240989169,1.4143257574693338,4.572257003448044,15.01415410429797
0.12099082519358284,0.6185869142305805,1439.6642591474194,35.58346386356608,14.751610582139012,11.28401506997397,220.14380342235305,0.5150271430398321,7.140663017947449,13.472884701943922
0.15316816032467082,0.6524906602548506,192.14808605181665,34.918282828832425,14.89092111494854,7.802508196185487,176.84461524028592,1.9244335567298476,12.395118335170991,17.744969060154634
0.5739882309212251,0.5466872451951321,1957.3127024842095,47.02914644583209,23.799048664925976,19.50587058499371,342.0575381383187,3.516393972259916,25.09112414038795,23.081308764019205
0.2129269703796663,0.8179071991428419,819.4826241783944,26.420543658420176,16.362941209475682,11.769813524502354,237.76921633146986,0.0,4.504657558907538,14.672255821383313
0.24780069312140113,0.6846966992094988,2799.185796402496,25.976276935941605,20.665985791092908,16.82627696695649,298.2880608675303,1.973229618929092,7.880319542000548,15.256180742183119
0.1414541962903822,0.8335571580661509,1621.534709592192,19.935678840054027,10.55659578591753,8.49626674346029,193.2910453092735,0.0,12.796588578439966,7.787994825748772
0.1568966308814787,0.42559801067493663,434.06494867230106,60.25389743387459,14.896990705819887,9.780147835032743,192.09349439300055,0.0,0.0,9.234541856789088
0.28415603927543803,0.8240474535592958,1312.8015240573118,16.215313329804275,20.767907551997414,13.703950056813987,252.0863418089567,1.6038452880098835,11.60770894660382,14.391213417264229
0.23374665169401287,0.8939633407536387,1861.860672929958,13.57913546333313,13.49448630018144,13.449403797892703,247.075767221472,2.4756020259038056,15.99044556109792,16.029802950017274
0.15748759656117775,0.8882366284049709,737.7872457116823,17.391464020989364,15.939390097721276,9.480244239497448,194.12818723962855,0.7825936386736556,8.078936863849094,8.919818320049014
0.3831832270082882,0.8989272574139077,406.03520502010406,14.152591130145895,21.849015164340457,10.462743761385465,203.0591979915234,0.6697190654384801,10.17933566370482,12.984680185749573
0.4547453584216134,0.5924944332957445,348.09538573370077,45.046489806213316,18.41494165072261,8.824309855232263,187.23720352055355,0.0,5.553451089403491,5.2966369817111305
0.10509995783057145,0.7505103324103964,243.66399039376,27.927560818312305,14.052222374600667,6.741526577035103,146.31302882151303,0.0,7.498299849804976,10.256162426548624
0.1933340352360875,0.9016916822309305,104.21076997961671,12.28843590089502,14.29071907857993,7.696716013996054,173.35862542178114,0.9690756071916637,5.865205949901625,12.87118953547944
0.6464391918659206,0.864917018031568,831.7956021191553,11.293919602839505,26.040088203628308,14.227055586307179,278.58950397569333,0.0,0.0,10.345722205608848
0.24138264860940684,0.28645294147031114,364.5965213102284,70.45507804974031,15.384656764795771,8.254962398890328,174.5999074213054,1.9975423346175398,12.758402912623346,17.547500234672324
0.07197675039691202,0.7801242110714991,528.9764519335517,25.28868489102693,14.424796942792064,6.619087919737386,171.4696031437593,0.0,0.0,12.155818179337427
0.1550777487948658,0.9480871137737815,2843.01990962795,4.707999621331663,13.65270167907279,16.73114195636807,312.24242277423804,1.8651323105732975,8.817905033688621,21.330865794899964
0.38186148526707225,0.8599607937570412,1226.7926092779467,20.513807686092616,18.619910062375542,15.474184637106408,303.49513467434514,0.7805175865554168,13.929476551322459,10.398158614925698
0.039176755008908416,0.7998809953233342,422.61495576012857,29.350327952600026,10.086667848538292,3.049871316256616,95.13608047333085,0.0,12.789988977573802,10.837999493353763
0.5391721429161238,0.7951350417790772,3719.740092746586,20.137380900062993,22.797323661124917,25.160653287140438,410.79520730427384,4.21283180790436,27.564857767769407,21.17778983846868
0.46466905583415924,0.8428828856296999,1089.0906154955794,15.502379571937212,19.45765535599291,11.369170855706212,213.47619059298597,0.8192040923823386,13.063724223060959,12.552569325028317
0.429871289813568,0.8943653105560825,3508.2578970487784,10.686379265345979,19.802514130200244,22.738288634009116,385.03296260846406,2.258953138113335,14.335568298425866,11.852820141619636
0.16102921282616,0.47327497461487694,2404.696687660237,44.01194452372478,14.261069570060839,17.128525003413408,297.3976205635807,0.0,10.077219869370486,6.449572272083581
0.2743541444761143,0.7510911456502962,1116.780865140836,37.42420532584882,17.667616451867882,11.833588525500788,205.54478141952188,3.236496446018008,19.724080540263483,18.110640524968964
0.36872442538127154,0.7470627220380469,826.6228945840679,25.519928113996933,21.626188750217402,12.72361050305585,251.10062495296032,1.1072963015536792,19.166637446837413,8.040558999547596
0.18117147468569977,0.819751192774274,1598.99820352955,16.930121763244152,15.011244666226009,13.653400974426232,236.20082299874935,3.2125852822483356,13.25983528933375,17.028847140498844
0.572211645192924,0.9342478868421822,1048.2385081993632,5.283814949256895,23.356351670629362,13.291433134262762,258.66028985234453,1.83524359198331,15.704016213902724,12.64549017847942
0.24302814003089274,0.6024219218185759,617.3805715463603,38.84218970435826,14.053623513142405,7.458160017874383,183.72789996281426,1.0694914300154599,2.9565026068154463,11.779796256062792
0.3314721413924742,0.8851204747321357,586.8087492044558,11.863110440791207,18.87577729642506,11.561893476077543,215.64506941761957,0.9036391878151303,12.006300551924399,15.656078836338857
0.24711959652865476,0.7818096121575007,1777.4199468866536,31.827500839627707,15.943248351700692,15.312541143073807,283.5638220574474,0.308154412219811,0.0,7.535379191322149
0.15191331453591184,0.6361037733241166,421.78293010661434,31.506971320510477,13.629198375369446,8.367801206513155,171.53069518475007,1.6374527437792614,5.4820967925760975,16.7030293111279
0.5333753303924842,0.7890472390534005,1760.4109750675923,16.293077328752265,23.8594422941083,15.665766780285974,293.2572611720374,1.7319409766761797,5.5146448230719445,12.61598936941403
0.31554056127163305,0.8478256667961434,925.1037996957597,21.45461039978416,18.927292194280287,12.614717849528523,227.2766598778765,1.2841645304603884,11.397318127130566,11.870153139988192
0.1375655738146824,0.7162355728579248,200.545624669338,30.00276596124023,13.97860979364,9.563275321235478,192.1312190226269,1.7167420298044695,13.639593905399256,15.688492042477257
0.3212966577211021,0.7793955030576526,1857.4041495850136,23.739680543415684,17.691380236538148,14.658715427387243,281.09253404812773,1.6705838300463027,23.934730293857918,13.354014074748035
0.7134221923384635,0.8841793818387991,431.6420896837922,18.222036866030408,26.232791200374724,13.421705470486373,250.83687675901697,2.1668554536559648,13.210969242336104,12.739735330196666
0.1554111870587404,0.7207894103411961,483.88334880168964,30.812511255765017,12.65971013871644,6.020618994727842,124.0230080433576,0.0,8.862698527377242,8.889168086848297
0.3409252757971614,0.7699413581895033,764.904171100679,25.471189828643276,20.219651545179897,10.014213111662814,212.6297308454488,1.6072524036304447,12.233359915355166,8.688229993755982
0.2668159502489741,0.8415708477145034,862.7908614415497,12.230393196076488,15.82322627943091,7.958840569902003,156.4228494448665,1.0779881825970077,12.756443030216264,13.838524015893507
0.42694911536685115,0.5594419588363289,1122.1356964367442,36.309747956371254,17.981642299296354,13.613103246239627,254.98389012573656,2.6032154154925427,16.13117907417251,7.202488447612009
0.39450360864240225,0.5860378276506856,1792.1827306325044,38.754453604985564,22.18173957908452,16.078574979693904,297.0050676639986,2.705246278362143,21.319069474657795,19.427174444915707
0.2240940708554772,0.829649398320164,1751.5118814237917,14.909729446690582,13.717594786925291,13.161126167906309,248.6153957009462,2.1245118222702892,8.234679711135058,17.157065408991517
0.19428261923942525,0.6039490254838972,572.1043840778768,41.99061669906519,14.927559688599677,7.843492022358845,193.02675175705184,0.0,0.0,14.804304382486148
0.27982972662391736,0.851124895830341,587.6436152202929,9.405184821720493,17.97806933601684,8.504847090712344,184.9108404714046,1.2651522634066563,12.147624664021631,19.709111999683156
0.7853462862804328,0.8530140424840472,1662.1661272377696,15.992935711759577,29.640093908086374,17.746791333432302,314.1783687940144,3.333509289867796,9.308650483174565,21.141086103647087
0.05936134101494429,0.46804474242505084,366.9483264121665,52.01059889008654,6.527757733950539,6.803735004911827,158.0826541196567,0.9464942447408661,15.34466862795656,10.484020511736619
0.47661273328581505,0.5812973777048853,924.7129521996587,42.48495960890222,22.696294325358828,11.591959354414339,225.97883660228865,1.3784078603370096,7.77303618586442,19.96388680702879
0.11880605160180985,0.8624724920934335,2287.24791336166,19.372297025138693,15.62307779029607,14.638884047544648,270.0269548392224,2.3943706276629504,9.38629849687021,12.404126789624033
0.25514551630700816,0.4722490031094258,643.9539746172894,50.86488875269689,17.95170236367492,10.43488440293155,208.9611379813005,0.46639200689944615,20.36816842072995,5.457869118722472
0.17925347256013513,0.9386346618602986,239.6489420616521,7.185420412770926,10.23334885001244,5.558343030251836,129.03427569965646,1.9779670969974599,12.81961831490045,20.502309568020184
0.48194610041696595,0.749816230621167,431.7482009797213,33.73893999634393,26.30314115642955,9.736579770649367,198.17771319603958,0.0,3.949470698570583,11.804674549822115
0.28181112002810554,0.6652804941215695,456.3128326437639,33.52459208632958,14.39357489683402,9.897079640544733,193.40128322661207,1.1706120083399245,13.422325004909847,7.299077351010384
0.5657100722236503,0.5458781023259297,400.6435674523449,52.96662262843783,21.98591288630217,12.626358573075438,220.43341601788845,1.556854744717294,15.30473959234023,9.826059255958311
0.33088094914648375,0.5912676133950712,736.8792601888773,40.16027854722185,19.835778915736675,11.90361447169176,239.95622318300343,0.3025902941977674,11.905994603752365,12.410330828797017
0.269291304240459,0.4533375442849188,3463.144685130798,54.11827269800832,17.637965507796107,19.553406243900877,337.6466153841671,2.907841284980472,9.966497639708534,14.659708696859163
0.10903697694438334,0.8203023168021703,1287.9946173423066,20.479054750296033,12.886594634089201,8.117116303201575,173.17061492135156,0.0,7.680533908683664,7.82155331229348
0.5240617148275594,0.9781242869142079,793.4144869735916,8.12490722088291,21.962730386296098,11.481575343835791,214.6194061924089,3.6022952190465176,17.943250654148475,24.905005349076486
0.14429307905995137,0.625450670801967,846.7654874081459,36.610198653343204,16.269040432958416,11.875522787488332,220.83048019050557,0.14829382845673766,0.9880329260541503,16.81531691683294
0.35202005167778905,0.5410178040588076,509.17786663622553,46.78907250343606,18.721849591581446,11.791509966521376,216.4827581251316,0.629155212906782,7.757185091637725,12.01317524384225
0.6280390956551719,0.48805380560158057,844.3043974784372,58.729227628835886,22.56934337213019,15.918205804502103,298.25605664626653,0.557558145683398,0.0,10.94241490093033
0.5421558478184566,0.5624516227055594,2220.11616797052,49.623612905122464,26.018496095418342,19.21520426507571,350.1252799500773,2.2238622769694407,18.51010404302393,18.267021228413498
0.3659988237452141,0.6220665816272337,948.2013989153409,44.292699371646634,19.5885405795647,11.214314816742004,218.47406789678612,2.1889109592064466,12.30226419413296,13.787457533091764
0.2706045883151198,0.6842554612591896,1744.0569380498416,26.707355627535442,18.995128122453934,14.740684244913385,265.7436863727182,2.3981068612076673,12.20492266481554,9.303691650888577
0.2232009411257809,0.5134007193827406,1587.624857242498,42.89333554704778,16.725120775056173,14.840575798868192,255.67793633951095,3.706351681309573,19.137013403437876,10.98129057339812
0.01894236985726149,0.9038508803476341,3358.9840718715445,14.742175382497882,15.256804738842913,17.926565878496113,326.85280001916,1.123087481097631,8.654766134672078,12.586923690617931
0.2788913836385008,0.7675429880146635,1567.7731250258703,29.774820705959968,16.352344047378065,16.00815202374779,283.35670966462385,2.7629113868369117,21.755054703864104,19.552914239690363
0.2685207561832771,0.4693554187656569,3207.5867764622435,50.16233454888363,16.745205387224367,19.974718105988742,338.4481648654755,2.5278492818201608,9.632831013294247,16.367623068310454
0.431943731716513,0.8607306878438197,1834.3196112871867,14.046313775275218,22.23825458083241,16.099937085931895,291.79169050402055,2.1342856574450932,11.626111673858523,17.765596448976687
0.11822358074246957,0.643794549585421,1122.5067523452694,44.02770555067693,12.348004946948324,7.949639588742576,165.9033369198018,1.9013647385642147,11.522675604318497,17.482912600431526
0.38183797644668,0.8057865507272542,472.6727487249803,25.908593768315313,21.151224828827583,10.730076500214112,195.77060550935295,0.0,0.0,14.158122003123651
0.2785457618839845,0.5392988593015943,1737.0266260981027,51.753036066504045,11.068817915124264,16.628506910091073,285.62039764531977,4.39950078019738,23.394570353965875,21.557545602759554
0.2291930313814119,0.6493494161705411,1839.2516655777113,34.351302252485176,15.584259272883944,12.683491593001197,243.61780562269587,1.1563167890015769,6.0059006837266145,13.718417911420929
0.223813470578728,0.8942585266021923,1873.001486366787,11.916629669223468,15.389351827135286,14.449945280571526,260.1922658530616,0.2575716855484902,0.0,10.533530638043786
0.2288315264580268,0.7617013243917158,40.06419811378787,31.191333828061364,15.442357734474394,9.028388975241844,190.52842037559142,0.008333258962926693,7.664470068686397,9.24562452645971
0.17649287418679083,0.42157902591275453,630.5949603440796,55.7442583665726,12.658467957652878,8.585736784599986,180.25136483376704,0.8462063578130382,16.121200829573155,7.399426011119295
0.3713084087408162,0.7944817705269963,1276.1746743019305,20.44235550561015,21.094955895613005,13.961936667873731,269.90446968113497,0.5869518628425453,7.589911238074065,14.983331926688917
0.41507819506859195,0.6573162589891818,669.6646193146032,31.275554509047566,19.368065229170924,13.83771916484808,249.24433663288846,0.0,4.483572497883718,8.848719286530887
0.10429866828272305,0.9029557922916662,583.9742516115468,11.177502995552139,13.008015507212047,7.0260765719867,157.7183268548506,0.5808951993492237,6.7012029938697,10.129093022207002
0.23017223355397423,0.8314946235446284,507.40119167068656,24.54090163827683,15.679978559420645,9.630096997208929,200.83420085687354,0.03128260908766789,2.5453760560603245,8.453352689921184
0.06670898559083685,0.8454483762599323,207.16125414381153,11.361321852966336,12.668453055478516,2.1697269131450243,76.28372883814352,0.6644642349278944,13.508344046140977,7.639997094525587
0.38901332642676056,0.5981427962778293,1227.7800202474648,44.31241067671499,22.58725475847679,15.522640230169799,294.1116360089082,0.42184769730128124,7.157639580948977,10.79798962512638
0.35491180593001254,0.8619981080773282,551.0507113463955,13.879076479309711,19.263002858677048,10.402758156372222,189.3785954297702,3.8218265824517657,9.394102718212906,21.103841462004706
0.5343345153144067,0.3568169597548379,644.8969273314815,61.834971648129866,25.041156935623153,12.712867855649955,232.36360786495294,2.170441556173718,19.676535997794574,13.310241350350722
0.7474381943727753,0.9169908548906024,793.4306561098315,11.739595156759005,28.975695202998555,13.640069236753936,237.56416083993992,2.253911160281899,18.784819221306822,18.747581220915393
0.4070910826239527,0.5037152509227428,1372.9542327710706,48.56190305876659,19.165260677745835,15.957432549973358,282.0027385163583,2.7375007910230345,18.958008117319345,15.738517904660963
0.41731607717056934,0.6769695098910895,1100.5650677099493,32.6371059602246,20.14978685614435,12.941044358161774,242.56982481802137,0.0,0.0,5.402037455549145
0.38871620863424516,0.5915884628836373,1063.395210720074,39.535258671266654,19.150820453010503,14.880604096923124,281.5240686441092,0.9856822923418971,8.927987555931566,16.585300858088758
0.1932821505089188,0.8011957857841459,84.54410054065482,20.03525340971986,15.968378026562041,6.747543376462442,149.66024727448274,2.341739378358566,18.83409742445328,16.44973647168366
0.5396547124540491,0.26382524500770754,1767.4156398136583,77.85459568413368,23.704671895889593,19.92001417729056,342.84647547048286,2.3464815516145525,16.283423164532394,18.456053515949453
0.500373726534079,0.6271907193334523,2686.5777567028704,38.67808184033893,20.92081399822797,20.56565348100074,342.9925742531643,2.986789043680214,17.972912929264865,20.127551571231454
0.2230991296974255,0.2637654123406963,1042.0641865592486,70.6313714232126,15.133553714209233,13.193674610010182,235.76333269606923,1.376805302945178,14.984784632057615,10.603683829908176
0.2786811649231129,0.9216987831739727,355.1354259202001,8.82384590258202,13.915195724925649,8.382861235707882,178.84497804073692,2.128875462831971,14.212043323964112,13.756447344901732
0.33581943752616505,0.6154151803412895,596.612675050101,37.572914663630534,18.02627956085329,11.456369907250702,230.66009622059926,0.7093847578332405,13.855660955173594,14.87632012035368
0.39177327378934174,0.7082698189732063,369.9968725445316,28.049860250604596,19.796943580542038,9.351695239490924,186.08320915031436,0.0,5.808783908077208,15.50565254566157
0.5779452990528532,0.7653573677868623,2478.330771494548,29.944557758754897,28.065528877093207,23.103098276713148,408.6566193789434,5.1809755072110715,26.134822410598115,23.142298264066564
0.6932383784757228,0.6020427578852214,642.0570811655084,37.04815635797544,30.027863583582022,16.45726406709674,287.3597870156596,0.8785413897884948,12.976234002064043,10.314783842116167
0.09391783809551194,0.4903066631610131,1077.7208382707754,39.64117095726775,10.279796757095031,10.164104956735127,198.55616816299835,1.0443976996886315,7.184656142270051,17.6580026936535
0.2536988128350337,0.871967048043375,768.5245523260392,16.81450586342068,16.7460091595394,9.593861145204865,190.8464613802663,0.18912854245001143,0.2703034092262424,8.592940744235314
0.17885448769100606,0.8105932844352698,1328.2012994457714,20.649650262974667,14.909982820519314,11.762695382045466,241.7345686137262,0.10397909021541496,5.43492318339075,11.2468592987832
0.12780865950127804,0.9469511131270418,446.02761681234915,6.845458734529728,12.734341782002371,3.311485537698835,101.00887433349206,0.0,7.951872622789306,8.716651402040817
0.03153457057280289,0.9094312820278941,1046.8003291107443,17.708965217228016,10.45498721455764,8.255138135642301,155.84274414205765,0.737808396204578,12.578046249225245,12.65173930879227
0.037633480309167244,0.7549235788138418,647.1086695232025,13.389279891513658,10.232937521144787,8.554181537662632,187.8292661175296,1.4816641912058608,15.581154373160444,10.86780413617716
0.12531702211406184,0.6427789999848933,1929.7281147141798,45.03111032620905,16.87834252661816,14.83473556112909,290.98030918321524,0.0,4.656759127695435,8.876017066006234
0.025633046313845283,0.9668752282836062,96.16904508616666,13.254618256712897,9.808457650978243,3.8489560893982686,105.23693411996047,1.4130732125945893,9.795442573166486,11.650791320601067
0.14222909639288184,0.8153190871274244,705.5876077396472,18.48101584255771,14.237601697020581,7.126047790574008,147.91989360814796,1.9264299328029428,9.74514000873856,16.802789408869927
0.4404046478487442,0.8796912131780756,1805.1310604895898,13.573869455558185,15.95205592876027,15.554354207165707,291.95788725432976,2.0829351496776862,14.581120868612635,15.696981226414534
0.13819524978243886,0.6044006361463229,1662.771259870201,43.125877504144384,15.102018011360682,12.885632003644412,262.92712642184193,0.9697358871016707,0.6733235171408776,15.064941971210622
0.0881247379306332,0.6939278404969954,223.41702941592294,35.2025743044754,14.571628062770703,8.508488619334017,186.11464682953945,0.7982929585377616,8.306968016479741,9.518452535536518
0.3802453307196963,0.567933101496613,1538.4237484202295,40.716611577447026,17.402073209791162,13.546369662758277,236.9654814067481,3.4422697857293283,33.017482567606464,17.980321504681125
0.431790301686878,0.7573867943118772,410.33495522013675,18.75130474260975,19.770984041995114,9.320417676404777,197.35308329979577,0.0,0.0,11.875094643656027
0.44330276356976983,0.48346666781033687,522.8949085996575,62.056463503079705,21.985576129497005,12.13734425217691,236.1022376604238,1.9266291113286445,13.490694483436075,17.392673229273274
0.39151540329735945,0.8044145099919453,1737.6261032700045,27.383314350402674,19.82680647125888,18.17768296073499,313.1189411766326,1.766869587865864,13.956657303774925,10.079821502938602
0.6593383929769089,0.5939237152569795,693.9804882673416,42.33113076834359,27.41619900546117,14.99496699370239,287.8126833650288,2.18834721742661,16.285714083876815,16.42425606545951
0.10554240709987574,0.7788253823169182,208.00966284931883,25.78459183767758,12.064078048347357,4.953103013025144,128.68005668316871,0.0,0.16678484797039772,7.56024942398677
0.194801603694732,0.7768432437143752,323.0563466615216,28.19069320818884,18.596570866471342,4.913766688402118,136.8560862516911,0.5494473871358,9.77572310388955,14.101521352251638
0.4170536745549863,0.6123044452754735,933.00833200567,43.59791635543244,19.086861599596638,11.74432980386965,215.550185556906,0.031606980553612773,2.4538951306497014,15.660532408056548
0.4174422029611281,0.7857188868038092,675.8549046395362,13.853466800217332,25.819204500124634,12.400338672365638,239.99285752913482,0.0,0.0,2.1642455631474826
0.02675975928086998,0.5039555573841956,665.8542813665407,47.88963993859576,13.152841816720022,9.03071708153792,176.50980870568537,1.0100731473486146,13.800079131043729,10.557338410692179
0.5062932257695176,0.39410179703251236,1311.749868944696,57.25668848605226,24.321561219006586,15.831609040408182,289.9508053910122,3.2359712887724195,21.266959201997267,18.88124045872859
0.23912037339103276,0.857631193028072,1146.977566281098,17.006019334963614,13.89705406606122,9.542248479460389,207.90598169445474,1.0244540580128443,4.265003952257692,12.54960238607317
0.44494079825198685,0.765473660612115,714.9285363986238,29.96134026061872,22.942884723689616,15.148546855291762,262.9640255130837,2.729321810504131,13.198299856308768,19.642257280763335
0.31182146239156194,0.883095848531713,1682.2040926776654,6.570972644859282,19.003413421150277,17.447018359091377,298.01526376924545,3.3879469158864843,15.651725573338823,18.70706054606829
0.4431909208371309,0.9432654747718807,1319.7506710362343,3.360395342713857,16.84055221558242,14.243291535492798,273.2041197977676,0.9528749117551931,0.593576452159434,10.792964269892497
0.15019775725938156,0.8960321844872422,1097.7216888802566,10.948378213470072,10.945743317042092,11.120669052767933,216.6688080422245,1.7830860510299704,15.944492892352969,11.396721385946211
0.299054850852691,0.6953315114535525,592.5739852079008,33.191889601513076,18.19162712414827,12.808211191029205,253.83580012696356,0.4901797373756972,10.960310990895474,7.659846824136807
0.39467393497889797,0.844479010699034,1867.296590611766,23.157517103788813,19.60024893114083,19.046348361995886,327.6223776803099,2.285122765834317,12.477443238485643,13.48455751411328
0.16323145150466498,0.5776498283545439,659.5571639196908,51.16813254589683,13.047829868514963,9.00676958467714,185.6134496979843,0.6458087533729562,7.442607205505854,9.919227925263627
0.2808296677502142,0.8368308827534365,708.4868552376395,18.25344955276897,19.178640082666277,8.552651308880657,185.17105783236244,0.03093134079014781,5.697215219276389,11.228585505598716
0.3713643305584488,0.9092211302124276,2515.7130715222984,17.322502829006442,17.516549687122573,20.27760919978285,356.2661398971452,2.412530777890705,15.872082404600025,15.56114617204955
0.12251919603151953,0.6577438161371363,430.2601334292748,39.35386893898648,12.15249801475587,6.0453212242194825,122.79234507667002,0.6888642830005303,1.0178111348175722,9.76947869519852
0.1754211034524642,0.759368809883488,425.1331106168579,29.365152865836734,13.091468010277694,5.992984973588786,168.12075716602126,0.0,7.44222299611701,6.972051091371231
0.4105132626777473,0.9177025358509182,730.2937458810379,12.28536707422636,21.283170082703137,9.503572924670694,194.67683868908557,0.7212368844624761,2.007411232607904,9.6952070983673
0.32390738625553644,0.8594237771138157,352.1906402269781,15.654200367554068,14.658768256746392,7.784452401193972,153.3626151625444,1.2250590737353773,13.307112362180998,11.370549242763786
0.05038655334268652,0.8050964324927966,360.6980604413254,17.214324422635233,10.264320129866354,2.269685101941398,87.18727545452339,0.0,0.0,7.755622895287631
0.25476309221973575,0.7835135309168287,2467.221065117304,18.8258178868768,12.923546864168022,13.63714778685624,258.84866723723854,1.834285065409735,5.8365965183124375,16.605051014845916
0.09560479500855211,0.796896659212347,721.0825636282052,25.0147097883788,11.764368924730013,6.731051251959668,160.90500452521468,0.0,4.8598072010110975,14.10413315152553
0.3509244170593337,0.45710442259646267,1124.2863304147863,53.58848941490879,20.219208445998383,12.222958425041412,242.61582538621005,1.2535040679626972,9.76149015076481,9.605572279370936
0.04041947413825872,0.42774640084763876,245.34331625892938,54.425287034511584,12.49227984395069,8.493453107496858,175.26335115848764,0.17287408974182306,6.210229572233465,13.789946980640563
0.25695016486236677,0.9086982735110836,398.3456924647023,16.541198515486524,14.96855745602423,7.73129993521218,148.7487021418226,2.226814300207976,9.443578538339509,17.64674596490655
0.15623273758404346,0.8445906569657619,2696.380370788599,17.98439503763756,14.972462345432945,17.046005368927734,310.30371085195515,2.8746076063170407,17.512519021407943,17.72612488814363
0.11283926971418742,0.8522593110223011,355.30890328001595,13.73076623906675,12.450654898364808,6.579381586482525,132.26656325394066,0.0,6.484958401452101,14.579992732375514
0.2750886898652921,0.9105794410093454,1150.025335210018,11.715359964008,19.59938719278912,11.016327302231598,227.3973555653298,1.3128748842805205,16.08006606441017,12.771382528656257
0.2567983999987067,0.9372823860044258,34.97624319035759,14.74773449564165,16.16003427701977,7.837881326926135,160.24064024874187,2.3417811462392426,15.292288194141541,17.060144087691924
0.07840153729809811,0.8955503617944969,227.18369367603447,9.282901177615692,6.0139437078860105,4.5804055159270165,125.05568608546038,0.0,2.003039227551915,10.371171435871473
0.37433652805555573,0.6985452019254211,712.0267523704405,33.17731591439982,21.14777521881084,11.196230902784603,211.38177542333042,0.5073309196127566,0.2940126490464756,11.416382420713669
0.2819756102955817,0.7908080952784361,1646.9035194566802,23.550142702971325,16.131191858911365,10.914740082505672,208.80074461635283,2.019881162807125,5.428220098689024,16.426698850414663
0.19095044021535149,0.5771674169816249,894.2406979554337,39.25088301480649,14.225361101084918,10.9819022180503,206.7188351048124,0.08039780232687699,6.9364818639915296,10.340259938399669
0.47117942214675285,0.8058077996359372,762.6702160964808,21.010537097568204,22.451332498149824,10.346387904121979,212.3566338314367,0.05962078503797086,9.204477492747007,11.547404567952906
0.22079366294131358,0.7729505482163317,1395.6295845867332,17.576035616636872,12.670425747383367,11.69865797320307,219.2663997908504,0.42653755554179873,2.255047999436383,9.056883590575962
0.4524518590056982,0.35006471225959224,1035.5817285616313,64.04237686742336,21.460603624899754,15.301484011407588,287.2075810530253,2.312147270044605,15.524907070519118,13.864628620683403
0.15083083058524147,0.5015951473959572,169.09383866249013,43.032771817377046,14.83976475440207,5.220071527301355,122.34916932223942,0.0,4.128906597340544,7.9769234007020255
0.06588630247066642,0.399411165430364,850.5960295330735,64.41518119738119,12.375285940692798,10.394122050422832,203.59764823128893,0.8439403784882873,11.967099191763726,11.0154582927412
0.26543172729286074,0.5678645546981533,602.944730990645,43.432327961995256,15.437930680254675,10.309517897839143,204.99841786717957,0.2874339639681742,10.48012041470711,13.758438571223163
0.2559894593565681,0.8065599850316547,740.824285551406,19.55053306430471,18.383600410956692,10.038700784009546,202.1187278192932,2.108172136535797,2.1016253296421166,13.883815898667983
0.1534157812427064,0.8745888446862935,588.8488091628141,22.089800618515852,11.840402632575772,7.683767288338114,156.01446597954052,0.07043943508258965,10.442431231146369,12.133481199363784
0.14627563140553915,0.7706690053016156,859.2162563641389,20.480545301730757,12.405847520381812,7.5133921906599666,169.73895935291304,0.0,6.260984815609445,10.796338788895651
0.361835000098504,0.5973020658302756,1178.588647076877,37.504399546098504,18.77387213140831,14.187749087262247,260.10284424950635,0.26277176418964987,3.394307153555778,9.332664510873533
0.1768201729775143,0.7548176295260184,276.0951784246082,17.92018003250012,15.011441042981556,5.635183564160794,139.966760835467,0.875766948017299,5.985753605176986,16.11696497870634
0.28573474114624015,0.5011978902196232,492.50976418983595,56.43972140189779,16.494281891944023,8.94015896880337,183.94010183492296,1.6117574527315162,11.60576683180349,16.23772716728471
0.3499528938002134,0.7317872175521094,1363.835935552302,38.50347890327615,21.205996143008523,15.372990815723153,286.45940124009627,2.878567009682607,13.995524092567635,17.201763792132052
0.2879054378265683,0.7451824533296816,1486.4164785156136,19.565609309368355,17.78820837286651,14.300067039409607,260.3875881113426,0.5074392636932292,2.344738881182467,11.025182391189622
0.8104671463120968,0.8737806227464091,2235.394397459362,12.28088174973985,30.412994585202156,22.51060518552319,379.76309688410413,2.8822580606995905,12.99004397731659,17.486824833711218
0.1875888145551309,0.3714364517425418,907.9002260152051,61.919787250711494,15.209992682124616,11.199007393162473,222.25369324182628,3.4790930462821814,13.715562433530314,14.109119683742305
0.11147658369583816,0.8692382290328883,468.81405468675837,14.190088701996793,14.252726454319355,3.7052837356860318,100.64191767729794,0.0,11.73284223279941,7.525116459055042
0.29306150165835854,0.6973386129313384,499.8559699517807,32.082949805465056,17.808087327740996,11.841811738838858,242.215040580044,0.2752271929647565,6.380432848211277,12.07561449347804
0.30775111528980215,0.85180278930169,886.1924037909957,17.74975925429637,14.074744215946891,7.072831971406302,156.76904659321167,0.5196180645703639,18.34268771803149,6.550269241016281
0.10096488212591193,0.6990775053160083,397.11812597027546,34.120783822450775,14.703139781205541,8.18679380932009,159.06559436185304,1.6700592282853837,13.535618764933268,11.932274433875554
0.3015096926687941,0.8987036651904928,2132.9254004487902,9.311842663085912,17.77709273287205,18.2412904629393,317.76469740991604,2.9250665764688097,19.64480757641496,16.13503351681551
0.29680723683956084,0.39441267879638314,585.681431317006,60.46615715954673,18.789886535432515,11.78317413019138,216.75456655303478,0.9528362591519076,3.503318701819482,21.093054572261067
0.2955478546860294,0.7967942953931964,1933.7501139951235,17.70787630006634,16.576809315084418,14.908148072632406,284.3514088933025,0.8293112874295141,7.226200468373461,14.094489966268721
0.30807839685574206,0.6758269364161483,351.92803254869324,32.11628614238879,14.048526829219735,9.15441406096336,195.05161684303667,0.3446398731188675,6.74201602872975,14.153625159544134
0.07259007496878044,0.8367001635641188,743.154557268184,11.013228641679204,7.256932634470838,6.489791165567543,146.73643452348014,0.0,1.8137568044226748,7.5845583371897725
0.14940046842941654,0.9804913566103111,657.8123093393199,4.733036947814164,11.846276132019874,10.365966477897064,208.39023420245897,0.0,2.6759948672692566,11.086167782622883
0.3797259811464071,0.7570426386488524,238.43945215587647,24.002474607063412,20.527738002375276,8.006102809411349,169.21474771228807,2.535170772911644,17.241422253542495,11.057403406763871
0.0724796982066711,0.7393815029946222,698.8331867775944,33.17356151417731,14.407774365095332,6.741924593317261,159.7328894066061,0.0,7.198798991294462,9.008155942206542
0.6407016515794574,0.8894244911764035,1032.8171808609784,14.655495432525676,26.62148374003827,14.491627668472313,272.57273145532133,1.1675514845470918,2.9854795604272537,14.43497649513092
0.19322886331644934,0.7444376930084947,87.47723364425494,28.61312379475456,12.726266764162906,8.846583434343042,189.6985085573716,0.29790820010205515,7.61033730762446,6.492036866473294
0.10843276006505778,0.6189504592761803,1257.533680898993,39.18219852265786,11.142570714339149,9.662777423932349,193.02320155718976,0.9264604073010907,11.47091754143248,13.495561837898853
0.41180753905094936,0.6437731217893604,1098.0868620596166,26.41487481692815,23.016754673576088,14.105512080215076,255.26708315620135,2.2400545229702855,11.008833891172184,17.028350609592984
0.43801540836802877,0.9438042805164983,843.9930102516151,0.07288345265681251,18.32882346811762,12.239575812674149,240.24426804035426,0.671225642735463,4.2253335674008135,9.87055440488115
0.2223668302580205,0.7975035960787032,1440.0032031983098,21.631288186012682,19.76271651947924,13.753394771967592,271.8143250666559,2.2369606405623816,16.15518826257103,13.0879872658825
0.17616822620232392,0.6153249981260305,1509.6690989487304,41.013550109526285,18.156280706707356,14.74925257924048,282.29889307794156,1.9784006344458602,0.04816576385421811,12.800276221820342
0.2282016838285522,0.9109705897625604,4256.564722720712,11.838320957769005,19.974486235453575,25.56694089858394,449.3207005175606,2.669644912999328,15.689002004532773,15.633265424426863
0.14169632191432432,0.9642873474696863,226.44207287166026,3.8938438530609893,14.303811022826997,5.841950277416225,139.2495726499832,0.0,13.172139523061507,9.049677942490817
0.597543029791033,0.7053840594616845,2346.441181609215,30.313869051619882,24.255526109578835,19.634557986300344,334.8184588710676,3.821107561642062,7.302633677257191,21.081595154890554
0.49554826701546295,0.8080271630701513,1704.2839017784588,20.642127653464414,23.101399207689646,16.49966634290495,288.6831235475295,2.077263911575729,17.42342997966371,13.589952187985412
0.4229344576652333,0.9124768979739339,1097.5346868524011,16.77209542675782,22.390531343734715,12.462218689935419,250.72897880416855,0.0,7.722112238841444,14.80637843338893
0.41830183548507455,0.5389965317320659,358.1058266659027,50.1054120534431,19.155994075546225,14.939835677111894,255.47809993797577,3.3206229314224434,11.091987579648102,23.086180151180756
0.2383193721724035,0.6673096938933331,620.1041104690196,32.175054911381835,13.755577828657765,8.260075859696139,188.94870495217137,0.0,7.602444288115818,10.7086038603522
0.04580049651235959,0.5907068714286541,550.6266787102883,41.58676030217509,10.577139424747664,7.959531122480394,161.51662014180275,1.7987208450674284,17.2019828607577,13.46289979753288
0.08785271756134655,0.6228008844303664,778.9036681954364,40.32891683222907,10.65170238396893,6.18133921377435,161.95398789017582,0.0,0.0,8.400156104056586
0.3226899639101146,0.9474058887394625,1400.7390321009639,11.856691990651772,20.549022055053584,13.058891337157517,245.17735214055236,1.111351726837173,5.909285213848391,13.728655158736679
0.1013194943377103,0.16424627564165234,2054.590238131215,88.4808256462035,11.300128330984126,15.717321656037418,292.98553306312476,2.8007956024647562,16.333717963064085,18.47713347866905
0.2883240043389454,0.9441475240296555,2800.1886748061584,9.885984680622927,17.39938304166832,18.625081502984234,353.2266865274259,1.5833790360640139,16.22186687674991,13.35543448798525
0.11426197104030494,0.9013283270952926,624.0129794334634,19.72417458245625,14.82263031722331,8.672380515809596,176.7842297265874,1.4980367053282508,8.286554811088235,12.565703231230394
0.282705678646333,0.44999956938910585,974.0305954311845,48.69962336676246,19.627326586850007,14.662345675701014,266.4658549044695,0.9015010215692513,8.395550421080761,13.311982457223529
0.2060279603505847,0.7742027896442304,421.21522021717624,22.13337980926571,15.56781757247406,9.781280191230259,189.7708108777133,1.5233490152192741,7.768927172025602,14.0154970269464
0.14725094323760277,0.6616102609130606,1758.3437675330701,24.775954432767733,14.449866054166572,12.518202852611427,227.7552100971812,1.6820176756420262,11.850858845285147,12.48867674751984
0.2844946931808205,0.8272183884190536,1148.7947357185858,21.30687774233385,15.078386074513562,9.781659072861055,193.42664288056324,1.3095302223684162,15.471511961862019,13.61294412380422
0.5333690448925831,0.9450671480772886,724.0456568169221,13.181576447338193,25.380339416162382,11.388605196765601,215.28066932789795,3.4140229423791078,19.185575956363483,16.71924960105075
0.5261148339793444,0.6942163528735176,212.34155348332132,19.743602692651258,25.679917334078148,11.351559584545296,207.77082412685718,2.8824006636774384,14.74230668175765,14.951025681375857
0.10221333116816313,0.7913226907280955,984.1354375930819,24.72238967242561,8.814627134365837,8.549241123574431,176.13380577183676,1.637523846119831,11.386311900636656,14.078877979982119
0.22865803412657076,0.7751559416244247,1061.5164425219052,28.257016989961002,19.242342494235512,11.761422152905492,230.91919798789982,1.9338964930113018,8.73245817800556,13.11073316901188
0.30023403733141024,0.6959841435687895,150.63569769146827,35.09761506050115,16.104531999544626,7.372310182869184,151.62559873375213,0.0,0.02803964602073883,7.801004131849924
0.42881994728772377,0.6107127456714565,280.38149010805,34.05654728939568,21.909760458463644,12.69723311894136,238.8339987368543,0.982090822867985,14.945453438142959,15.59236912197696
0.12998187641051404,0.8316460229411681,966.3579808089623,24.01745780075611,13.404670359894626,6.907834645062133,167.68256442158406,0.0,13.188548044970299,8.823384187116403
0.5097282352951061,0.9059983636833024,2639.371552221159,13.506669755429774,22.6224541901565,18.81831593506386,318.0794276141337,1.4790213702331676,1.9585285793736862,19.22763842160768
0.1334319800608716,0.5243456629632652,1885.5829395608507,50.76407842788871,12.922763544968062,12.47074538892372,256.3778533732219,0.0,7.910647472660344,11.879916886586985
0.29095263270607447,0.8226557744391857,740.1664610902608,20.331690846238143,15.28868915360475,9.284715036847285,182.53048982299927,1.065789744818535,13.55782633672756,10.202364192523955
0.3536633278486492,0.5664517507269116,655.6052196560665,45.92452926985526,19.889239217512184,13.601189461629986,256.0268829363751,0.25489849157394096,0.0,14.1165250604227
0.1582662521260867,0.7068437291384333,480.07425784899084,36.93024337774489,13.384566965640799,7.608993407414194,176.92653276817816,0.21842987481615336,3.5149437770550906,8.396216187130197
0.2781000282381391,0.5719734275397358,438.6448398408937,42.5022812509117,14.333656063304693,9.406758060970864,206.94477305845797,0.2816821367023512,3.2414972548650303,16.624247869517845
0.1824909487244048,0.9894657330679348,694.0361974418299,7.368608068369413,12.49226434121205,8.474706718800691,181.8188078181456,0.0,14.504733802076581,10.678579208540176
0.37980082028449685,0.7773486517819956,3169.143808924135,31.287464815904343,16.910127979729655,20.312899698680038,347.74844030245083,4.280873474664941,30.38574498057294,22.32988589657336
0.1498694315313752,0.8438278066317427,651.7066171645153,18.389346579094358,12.697554687680343,8.203823949407697,165.2292465134109,0.0,0.3941159351530352,10.09285842034373
0.055054621413750816,0.9411189076846971,860.1066504397733,4.672317481288017,12.34656415220849,7.342597697712832,154.39004128014932,1.8911821939887714,5.268488220734893,15.525603238768813
0.4292426333374434,0.9232295448827224,299.5339372520388,15.289556581334956,19.308829732238323,7.596665133661105,182.84254243956113,0.0,8.864884808829695,9.31267097051315
0.14538828511845442,0.9350307916145643,1292.0881368238734,18.02161680773608,15.585590241434604,9.87390511301781,194.27712163443982,0.9537962052040853,11.534922421469739,9.607065433935519
0.1603434701156615,0.8446618074916066,848.9218656014068,25.424354889843208,13.770157794056813,9.547055056546716,196.44209997476008,0.0,11.219967505963162,11.019025251162201
0.29046709837872625,0.7624880348864381,621.3567736514062,29.95101569186493,16.682867615785415,11.732432847082421,215.54892043292415,0.9185373776667366,3.3787766514341318,15.370741541724552
0.2956336365423631,0.8286448456178535,369.533000188857,8.70117597393443,17.424371774151215,9.813806096301004,185.64365247542338,3.129128539054476,21.13421925862935,14.250894325766957
0.18423098794235368,0.8045230635162707,457.1726149390595,19.41376064855408,17.396084562071486,11.025869625683486,215.65196662576201,0.7989951645738779,4.537184551770429,16.618909382462263
0.2743145561653664,0.6377197354376818,588.2983686904537,34.68222137231463,14.115186520249544,10.127284704669599,198.661827139593,0.01196721154537883,8.16368633121499,11.833329602423465
0.2104781530021754,0.41148486121278166,618.9765784177667,58.19070444999024,18.574687767892673,10.235498093345324,201.0154148166115,1.598472278872105,11.208292447123902,12.68545615767278
0.10680711806152557,0.9171576753352787,366.236084163717,20.89713339202827,14.59049816938741,6.45690417833911,132.06286449562177,0.5565096561009831,16.72912863924831,10.026941231896402
0.2675377646276868,0.7067804989036408,789.9152990009818,25.987046930886343,16.645131125617375,9.92543810096693,198.1466987847771,1.1615750645616667,11.883268735746954,18.496424974348585
0.19743777069662893,0.8845167293268366,1001.2213066002976,26.60450480356686,17.30199563695595,9.898091657842189,213.96407653396759,0.0,3.430028432987586,12.816174105050955
0.012145354576059563,0.8384680639493464,1457.1945218960898,17.62623442818761,9.658688160252863,9.830488884833386,188.92695327536654,0.3652683005763159,7.1507402391102195,14.333324309205432
0.434558202085746,0.6419987141513388,2542.6031297209597,33.38560915901228,21.435311802797603,20.17568810886128,361.6096737104533,1.469441852190152,10.375175124303532,12.920419469353428
0.3666747390778982,0.8869122168369652,146.4774314728492,19.40392404623207,18.08403946186399,6.441473514692042,111.97846884508115,2.303963185924534,8.443671057021435,17.426455609655694
0.3707105707023075,0.3879410869576459,1112.9187429295189,64.7068235079325,21.200714595328275,16.46506297369434,288.95249265121566,1.9836332523144338,22.55899378087762,16.00721896855821
0.1598899301665868,0.8421045877510386,676.7594423571396,22.460321657525192,12.582737043693335,5.241378442579854,109.51677009293657,0.0,12.993598613019634,9.47604926140177
0.7928543406831188,0.8185938912029669,102.50497213115052,17.47927245770296,29.718622939074486,12.750888748350315,253.6253684480179,1.2035916641722684,8.932849336487074,13.336750495743592
0.5689878613817724,0.7777200587422485,509.64940093300004,27.515335351893004,25.5829741711947,14.527686297644323,276.7030717142896,1.494999147826596,14.479400251047167,17.06765139403146
0.48934421929067307,0.6173276318600929,1352.6364471695701,34.272724413088355,24.32998476524319,16.599520618642046,288.64947657832096,2.873830871876926,26.752470195717496,21.983351809638563
0.25959373641320244,0.730929213062127,1230.8065752137168,25.23014150450753,14.847533326792295,10.953152527439125,217.1900594236131,0.5743885006284579,13.482035599437488,10.681481107126583
0.3615433248343228,0.4727012051770606,932.8043328942391,51.98254071354326,20.544859591098803,16.257655174769997,305.8819219144598,1.5005639365881136,9.465298707616382,9.812241078215811
0.47477369198449604,0.90925243598284,466.93232603751284,9.067462762038893,19.90537213736004,9.444987545272705,205.24673007474803,0.9312692590445432,8.28529093768588,17.258951941816495
0.32559684849803006,0.9903131647394141,2106.2908735814394,11.135556412845894,13.839259561232893,11.659678583564805,220.83727214373988,0.36133596100107,0.0,15.871813671241743
0.0864014064370196,0.7194707592079326,326.5955792904042,27.356794011738085,10.663907866463916,6.644128981730917,127.57337292930406,2.0454990632202934,17.05585546893893,16.314910102696924
0.16822110923642117,0.7374011386100235,628.4010773618504,27.531616433692385,15.874847683063164,5.949410824317771,130.2557627001374,0.6784172417917744,13.927895137530113,17.073935991903976
0.4485997545572932,0.8611799368097611,721.3936110013607,13.092814278751412,21.190560105976633,10.060424417635648,208.56781221377713,0.0,11.248530830950214,10.982845975471395
0.24821193555300514,0.85578974270114,801.9458040321919,23.166972214005725,15.13530244531274,10.556248075643891,229.33266287324219,0.0,8.505201340976877,7.272823306869203
0.1959491694530492,0.35747042680039504,3563.016742839826,59.497026716215984,15.009685883308245,21.35467804644306,369.7769206809312,2.6201006415001116,17.24213563180341,12.61386178949856
0.2673730056970982,0.7013800128117755,2403.4182585325734,37.585854360663966,16.729124488460965,18.012232732638843,314.1152731324575,1.833655635205524,7.345561287508109,10.619074327950038
0.05331516533130393,0.7971297859894952,1202.9134517162995,28.601037187356688,12.576676231011252,7.817579425625643,191.25730626037472,0.7074350895232248,9.428288070207142,11.782258198644863
0.3588261792193613,0.5602233219852403,853.5420481584902,42.35019626660213,15.747234631632736,13.052092670856974,249.8387166095609,1.0493421917134849,6.039058806018351,11.224618525250696
0.28514408158727705,0.724500873285813,846.369207864131,29.943260445581895,16.923896126012888,8.165957188443095,160.21167776769315,1.396270543917173,13.210979313104735,11.754109500427598
0.06831007128190811,0.6212720580179144,1423.0210393689756,36.71696989554795,11.956306325130752,12.845806583215957,241.49802254741442,0.6139221570926386,3.6363576640892856,11.214085516499377
0.1675857089581488,0.7067876581267747,1839.7158321942024,34.117720744875164,11.458902396245207,12.411236041652218,246.16781709161012,1.03871113613797,11.748924689351465,15.170691879932688
0.08800745960478155,0.5385366649784736,319.48435471438665,45.559343595292866,9.442021647650268,8.973005305710263,183.89133774241913,2.182598996747168,20.346013053247727,13.815472662045073
0.3479916565489838,0.45793150930842486,2558.520842083495,51.69876084337794,17.970374575759816,18.0377424158086,328.5097420938479,1.819224894587634,14.162657865364949,12.401881869297476
0.20246355515538617,0.7784975614730079,1160.712540890098,25.166115283629527,15.078637445424905,13.669807908376349,238.99704495568318,1.479009232427146,12.558330631336803,12.254491105859815
0.1237301815343794,0.7731532688299733,548.7611132206675,17.505126987673027,13.117346588470545,5.591252571771173,119.52704715133703,0.0,9.565134484146164,12.762776438344414
0.581395946828916,0.7506967934436378,766.7254392476109,27.058047366047205,23.42220170803641,10.893378936122565,206.0521236004017,1.335693123779301,19.19444576423679,13.129179145045908
0.42218896222074237,0.5962379030087914,1205.7298301112348,44.58664857990567,19.36005486958431,14.398426591822673,263.15446498588756,3.153736773658177,17.078526573414038,18.72406510719339
0.2536969522953405,0.729423033941556,1247.7847574351335,30.042198846565807,15.552071164424973,13.706618823739321,258.9387705648066,0.09221374771037638,7.973965034422518,14.889604994769144
0.27243568849156813,0.6891840421138806,371.61779480023563,37.731719038375076,17.40793573498669,10.349915768243138,211.6163389719435,0.8115416054835303,15.802329317027127,20.5586737500525
0.255154043203245,0.8352860798348136,821.4093813296879,17.93776237556289,18.86809309366776,11.798428857518784,251.63757098829353,0.0,8.34644428199681,11.921162246867354
0.2918780480829133,0.5933487432227296,998.7793327593383,39.30215954832307,12.856157429184593,12.439453604316846,229.2062361334231,1.177062868245992,0.0,14.566727152576041
0.17269841212193834,0.7403692045445335,1858.920951896632,22.78017657111116,15.563464545652112,12.060397781531906,227.76607673192152,1.666025730924221,8.086010193364817,10.611483199455638
0.5930215390601925,0.6844193169675697,1996.0453993633762,31.373536955175094,24.60323515411785,20.137141373439388,344.9505681715382,1.1533926988245382,13.368781297550333,13.989028380758688
0.3753290622883108,0.8877534680391588,285.48442327488556,24.93165100129756,20.43467111940544,9.595604337910428,204.72794850971982,0.17071460065522692,3.6819951244633264,10.612772377221955
0.21893993961217592,0.8589702749863463,886.2398176760311,19.070392077161095,17.844585164826373,8.862089185874018,194.27084171675673,0.7796477199551495,15.320364261611363,14.625864060223385
0.2774715740499132,0.8222381237358345,525.0868151280793,18.07088778478379,15.426537199614682,8.806675953251895,177.62358410681162,1.0864361400882216,18.635364628555553,11.54054976721148
0.22768563980962725,0.7242494152799652,1185.8625633801769,24.786842934467796,17.580750351035174,11.356901366703056,241.01097882258048,0.9227697225654944,5.739853059842693,12.909075497957952
0.13435581892596554,0.3669538379168269,3445.7697500709405,53.98150095865597,10.850809744493281,22.308610834276585,377.54017254834963,2.084364687449052,8.174945397712566,17.026608697917286
0.48511327930512677,0.7405878364384332,1712.3447695642906,24.195126873504417,22.383030448162682,15.525180134469078,293.17688085917246,1.8099093586745705,10.433725687968021,20.220401121156435
0.037388310420621684,0.9180330294430774,1261.7717350792907,16.172994892816234,10.449674221843575,7.879867863498044,182.7432435624752,0.0,2.9054137406594354,14.691315377835023
0.14315517448740986,0.5865304137241466,1517.7768376902177,40.07710389861699,13.671438298200023,11.222961725749638,204.7286279491443,2.3059475456302874,21.904231621913027,19.563085934013962
0.4864824817391423,0.8552489751362303,2289.6667306545555,13.236733497026412,20.183993473779555,20.58523517691337,364.55485056570956,0.10384424950269056,0.2387049066064284,12.440968434771825
0.4913419221399569,0.6131364550997405,1608.6441629048984,35.576800120852155,23.157314965599326,15.653719643123102,257.5553342342927,2.375962380452953,18.216000548186063,14.645926350942688
0.2439042348014981,0.5318317202335267,333.6902400978747,50.38254917868227,19.270180401067012,11.640906706565158,232.85572415481295,1.0977493941271674,16.330187278244615,14.9239895916662
0.13601767575850526,0.8539128180737843,2686.90805266118,17.741530996451274,11.456728152329875,13.894278139142557,247.3981138800877,3.264055517646166,22.152324220332183,15.843335008001816
0.12834455199420508,0.9248262159263448,952.7352038909498,8.629618495578413,13.587904843181574,9.067299616063691,191.6841903809202,0.7766510969368646,10.28888074299053,11.322971137167235
0.25814662229954777,0.6945769637813526,1152.205920839883,30.94613141190541,18.16541179964672,12.339879100243895,242.64807318336483,1.3127710163254398,9.440028126735534,18.617034031123595
0.09516627982820208,0.5951013102070697,1994.4634703867064,52.47029770910086,11.785675539374152,15.98060302391659,300.91043015431177,1.9365391382034671,21.99103971212195,16.45529301903165
0.30842344069863664,0.8281398860851252,3336.7651027471356,26.565525623366945,20.43137186057923,22.839998233718568,401.5021270064553,3.9120223305861446,19.42181103048776,20.461095040920842
0.37552207382520325,0.8124745086010112,626.455774479594,29.220420874258224,18.528675162792652,10.87315707226668,213.6563060085163,0.7323106509283892,12.670664191076161,12.897909214833378
0.24379789705901656,0.8746684082061618,1921.1275451985975,7.519323533296863,15.862358020077824,12.584599342793704,234.96422503034105,0.09873186038831916,4.601251436253042,9.965346039760615
0.3074523932630419,0.7919775535969097,595.8425836747488,22.966508787093417,15.700001438722904,11.78375759461932,226.01247061926387,0.0,0.0,3.5325448008032874
0.3943921564916687,0.9152848408397226,1084.6334691450686,9.400418828670544,20.112984626431295,11.025218586406604,204.21826364992768,2.1527785025562345,12.262900456108994,11.588784810600067
0.2720307882758418,0.8114729680675257,239.535981721877,24.68663385309192,16.806815597893983,4.488158603121353,115.20549955202745,0.45993716955761793,6.058329530019342,13.001557972885404
0.25021897963009077,0.7679878775433131,598.6028450663572,31.180125413362823,17.527276980442004,6.796412850278487,149.0392362712798,0.35032815292173597,5.684336863805842,8.114184930829124
0.6431510779527608,0.8980649188698866,1045.3626513465995,15.806288366310408,24.80636486797443,12.415336353849819,228.34786036938644,1.0126715396466457,5.749135748507626,12.208921627258684
0.33157970315912283,0.8819949505962922,1310.485235923251,11.258104233036416,16.925501329876923,12.889852297899262,225.93585228757033,2.1366685151500646,16.675525820001805,11.659341922013486
0.40215624915597314,0.8893518489872947,1258.3612225767258,11.653266901157295,20.978890464699294,16.30189320078423,281.75903683572096,2.5380880421333147,18.837799580248497,14.189277281185946
0.3202955284292127,0.5712892209310103,1756.948602861111,46.686824446873345,20.801769190879448,12.98482423222574,213.27124797839681,2.8725869080336803,14.961253084559749,17.168682673547874
0.28925690953217076,0.7779469896651818,671.0301857300312,28.58513679618077,18.489443233566234,9.02701701927463,182.32646337019094,0.0,3.428922408504307,12.771581909745887
0.2826346653162994,0.5519387069604935,829.9523332100371,46.03027823574261,20.760691130129775,12.130042928859453,235.5556304158888,0.0,0.0,13.372982108931048
0.3833450071158206,0.8676327956819113,860.843864056803,17.562002985575837,20.69424012033942,13.81063212898931,230.3338195550757,1.4628378120337686,12.123162920819635,11.453182828618132
0.08076135377426959,0.8019868254614608,710.6774062401382,23.071798387311272,13.057619556065477,6.4191270292016895,148.65405323640482,0.0,11.889596975989079,10.920109715767275
0.48802869877966115,0.8745449563993459,430.55763404999817,17.63643671279502,23.559303230831368,11.928377180427205,227.70091609532446,0.0,11.893085661249277,5.723713863482669
0.256084566007227,0.5500642145606014,957.5600503687248,49.07402556540494,19.378455661739004,11.864252484443758,216.19622964948167,3.202400950566402,14.813858193607244,18.17523417436768
0.060227777016006144,0.7018520642711316,1565.4459760213908,34.98414275178081,13.980834557634527,15.500680890820728,278.1981612864971,0.0,14.955958835135498,12.85995376221377
0.1211284104356013,0.7655443215242531,1135.3388452417987,26.218938232234304,10.858453794672494,9.666908076714513,205.511662802891,1.104499671747117,7.607141682535622,12.56010700007313
0.12753639958346627,0.9173823446181761,643.1689050908394,12.190341897727464,14.789573764806798,7.954453136356473,159.57490643804553,1.8924229031741833,7.489993120348268,18.678118980826923
0.07081157871383402,0.919658116806672,971.4277274648331,11.794277942050742,12.301002479442868,8.01345324748597,170.99030946980673,1.6658272984871334,4.854077640858604,16.675326153800366
0.27016215700040347,0.7577206677853635,612.3111059510042,22.903486678318462,16.365983893232233,8.588583746167572,182.29471524286652,0.9615408077232273,3.4648243649711485,13.127825664392024
0.3287862967850544,0.9450790406957084,1333.756675838441,5.9777455907274994,14.673799108711517,12.89007983683039,235.1291244882082,3.0000838632057105,18.669084535101227,16.751095316067357
0.18962146112072925,0.9287148962928968,1600.979093922029,14.135440707654837,11.660214707497676,9.638150976270161,204.65497469996492,2.4266410756843317,13.419243678899061,14.463613319634138
0.18862027941691667,0.8897186369881671,1627.2807262450683,11.360978239092143,13.986572545196719,8.68117633343332,184.25605444935587,0.3787931174867313,3.3551331052906255,6.57308219344905
0.10335361009493084,0.8266924063761555,765.8097710424378,24.667352765711126,9.654657235503782,7.346342251755031,157.6760243927709,1.124996319551235,5.263009976607869,8.927018869460662
0.3438347524397487,0.8778456792031456,622.7726026561531,15.737175316538757,17.908355173485887,10.938226052986145,237.70579551396716,1.707555848727323,6.399636111138932,17.253693588648108
0.5100831301914796,0.5079075119853153,1756.9518829328567,53.38630021349744,24.1807607603109,17.533736355185187,323.13182969962935,0.9643276351937583,4.407966517643236,16.951891506738086
0.1827153135229866,0.9352438649790368,721.5096952438843,14.01284616966073,13.405970191162352,8.339034942801566,158.22391528514515,1.0117956004156625,14.124150760928353,9.286379035915104
0.18351266366795274,0.6983215330199547,959.982919009354,36.36571165206447,14.75474179720129,8.508485355469364,173.73570628737806,0.2671984518809756,15.085476384889944,10.872556903980485
0.39655505922779033,0.9760053956961368,1126.891048147839,4.777685604838339,17.773972564136628,13.178979796717323,272.3511230285337,1.1978321634619304,19.117130002944677,8.271160157141193
0.2770771668111213,0.7500146439618963,902.6997051860075,29.543179295824537,17.524463740219694,11.911109129963753,218.84482218604677,0.0,8.435434640971842,7.069649300872295
0.15908526645648183,0.6797273352728672,1467.6771938795034,37.51397977318378,14.993402444351178,12.29769274115905,235.12872904570156,2.761380752788577,13.584142845201056,17.682939889593566
0.27130127822489036,0.8121796108195825,266.90186641202365,14.147201529240412,13.936663441593977,7.288971965985688,171.64451325604824,0.757844346260647,4.692309950298612,10.33851975978033
0.08317077018397578,0.7941367259719454,1249.0714849701205,32.03616190026921,10.575496661403417,7.7594218006336835,172.91454288655652,1.05815796528352,13.0133309970596,6.896814337074805
0.18522386621342923,0.7679425304505005,482.49532041182357,37.21493749002532,12.09625612052102,6.063617518266243,148.91895623120152,0.0,3.7682089887114345,15.15659430221893
0.1893707978147841,0.9418818269357195,661.9754034102419,14.967077048274309,15.752699539005306,8.091139643763748,178.74300834162327,0.0,7.059582729673259,9.85256008567443
0.3209489402315388,0.5510127254363446,1028.1795685553905,49.43825852137895,18.35173662688483,13.675585432263683,255.38770875051782,3.034189167045056,26.78894659668597,14.27225627324312
0.4592760301666038,0.45170806281659015,205.9825129947193,57.29006733380448,21.382477165693935,12.416581241267926,228.32557469164914,1.422775633593394,11.775245427151479,13.941041706897424
0.34189015551057156,0.6195261026012912,797.5389664865158,37.625484057450166,18.29069081148165,11.00575562345442,219.43397627671175,0.0,16.38925725523226,9.757398422686572
0.247179021520738,0.8477210897045994,698.3760024057539,18.154250870243462,16.825146408883633,10.320488221070779,200.77955704513926,1.3905283791659724,4.927739433390605,14.741797693891023
0.292131029589977,0.5169406064268781,830.5288310183349,53.297369898383614,17.988978723772235,14.153566155398533,257.48998032237887,2.446598387454647,17.023505584997423,15.096931570718745
0.15542901118432254,0.8485968720224968,669.1213127341018,13.760195543643174,12.894570291980978,7.4091115363939455,175.96139191727505,0.6981175444239061,9.361152780495848,12.68806931633953
0.3559771715783029,0.635918564380583,964.5909705185506,32.4637446401019,17.628235681716742,12.438099698880897,232.76153556744504,1.3296085376990427,5.398027794191142,16.154929264527944
0.5554252546261353,0.46720909630304047,594.875452518785,50.96453538901387,23.767640975579646,13.624495567370674,271.4287375346264,2.1673988079469932,17.677872959623933,11.463944601032102
0.2557472204743202,0.9935493956853162,877.4828307492585,8.861820262799087,16.014210715858542,9.211672243857564,190.7427470693515,0.10270894836398536,13.06488576604526,8.177010209955139
0.364575406591268,0.8461768526966127,1026.4454310077906,14.514402465933859,23.23574961488034,12.487814026727541,235.72573308617297,1.961005455780165,23.857370909276124,17.420299525081145
0.1489138550446442,0.7453454933002309,1799.6985675896449,26.791825268392433,12.955057031373942,15.227851362422243,260.242153197244,2.4644638650020627,16.91430474610959,14.507004277708521
0.35773585230684496,0.7707274086705882,2065.7426982177335,25.10115519938702,19.52272693189988,17.68123897694835,336.4171419336095,1.38314278271105,1.0320370207732825,13.212839472153881
0.42172364089847875,0.22509503932279754,288.61054282567653,69.68210026777594,21.474943999028266,13.471354562376845,252.01062288310828,1.1434973060912816,11.958938004337973,11.447565767083152
0.3477204159854178,0.32335337639211714,1893.0798274578513,53.69935654078086,21.49405898086383,16.58254501250676,276.03037724256046,2.325023296852244,18.009891094877727,14.588483166605767
0.4753566474089294,0.8535052015536839,428.2706856150818,13.051969163074427,20.261547001730964,8.860503706957564,192.784811925777,0.5650112826346603,6.084115142490358,9.933723113849508
0.4171391415258014,0.9101415214174917,882.8253873429938,14.391695659009205,23.107774196428377,12.63846875542717,239.07511321103652,1.1181070585688229,10.548024611442516,9.019203537371082
0.3523902048537425,0.9372525601611424,220.30464965764085,13.077986926884552,18.51496397270188,9.997102150672164,190.64327773908477,2.0120328701080687,10.630999857687813,16.407673034757536
0.29798767625466505,0.7909213035288304,125.82550322281308,26.288897601712296,22.452382365659428,11.154612255662325,226.6310179833267,0.35785149765363966,5.762927951162894,14.081538315167563
0.295937401834981,0.7190495299897988,3315.2233172089977,33.3334042751338,18.123639484326823,17.334652836023,284.53246856999345,4.433108641853798,27.819869493978313,20.55329966434198
0.18638305705116842,0.8102860875444718,900.266144966147,18.9422776183103,12.201718167577475,12.539083081216194,230.9452942749808,1.0144225019855417,16.00280870895035,15.384445044844284
0.047424647896266166,0.4331077952001461,760.4995021401675,51.81725280705091,10.791298852120883,9.256433082273006,185.85247230740362,1.8983664611853046,6.239921235069955,13.272667827323751
0.40896245298927947,0.7356691332797703,1113.0086623301654,30.66506802907496,22.896600039388492,15.054873226842608,284.344977873747,2.4657914659893514,12.306553941800829,14.5141311648749
0.3923607270190532,0.9486334008153414,774.0886407406952,8.564243575434569,19.972100484298785,8.049351466438408,193.14278744389117,0.20118942188558836,0.0,11.735064263563693
0.42012931305738005,0.7666793539183191,1587.9206629718894,30.534251260081795,20.383982011240292,14.941668265889748,271.6773358575231,1.8914408640444371,21.757384750268777,16.01072610478425
0.005733078329736931,0.7271812342678379,1069.1506670080205,31.460556737582344,11.58132128597879,9.866965199791725,202.60391994489305,0.11309450581905367,9.80627562072181,9.944460076605049
0.127844616041713,0.7770966391018529,1417.4278160475942,31.48040529499767,12.506120019707716,9.380284822152424,218.18815528021787,0.0,0.0,12.029764331185477
0.2527553252446449,0.9822830034513231,486.62250366248117,4.266848167752942,15.89741677955025,3.234020486975952,98.55767538357871,0.20346562680780622,5.4911886949339195,6.647733453874354
0.2416613506549737,0.6094250625171381,251.52553269231947,45.4894156239968,14.152184746511244,8.839949457640465,187.28123242483986,0.6403971031713405,6.144293051934512,10.689076579398403
0.38745832055644536,0.7158864895520931,1710.5036311588374,40.74359542600322,23.144099575843917,16.37580180201944,283.2635120552362,3.5106598955453,15.262944861193656,21.67110321714973
0.2120965570238047,0.7784741843003191,1146.962006480667,25.206036221009416,12.857191367100056,12.635506630043844,259.1242710670773,0.3529860522653317,11.593330794243311,13.768843883021834
0.12003481608344366,0.895903020078781,334.3047262802586,16.865261577613555,13.339803721613068,5.901853357084298,131.398036907408,0.2051064460782035,10.887359996681496,13.020843183413666
0.5475617438071155,0.62784642139542,339.36580595444144,33.841180630919766,24.648812691341757,11.997259919898198,232.64461175027353,0.0,6.347258048408486,13.062217474421203
0.4431881479356844,0.6581801226693416,979.7573042535743,40.23407158917095,21.052401458555185,14.680614457196844,272.6115747291507,2.2735492961592474,10.885934977038051,14.566251582689999
0.16650136031077942,0.7956082901024627,1342.490628692356,29.040544738399866,11.65480841678984,12.452502550088852,237.6409214714841,1.8954927078527213,9.415730685077763,9.623137519828832
0.4606326671302714,0.9484702640357736,425.6210332543528,7.165410316447325,19.51828862283452,8.610436630317961,174.8134126757352,1.8989414939119387,12.815399729157257,13.970994560100047
0.4047323301682273,0.9605168193843029,2362.9186676984687,11.484284110786925,21.16334209091892,18.854996970682407,335.2382170103022,3.2892879417030825,15.871469979814227,20.131207047139153
0.05567748048955752,0.8593766943660942,1463.8185383097643,19.05846120127455,9.832178395046629,8.945843076081816,201.76112089333023,1.1036187583009316,9.385367762618333,15.157357113249763
0.17535362861683473,0.4635288025647385,1791.8341184048281,55.23633422055279,10.239806270443939,13.89273555973809,281.2003731552012,1.7307460911549208,14.713389845537819,12.748050752575026
0.2113471178701141,0.568863927590651,961.764180837927,47.86234522066778,16.057634592331052,12.345750730406703,233.43483221685779,2.014474234598721,5.390254622226877,12.132138276220584
0.4086047981952608,0.8726260756533762,904.1197640136699,19.058150736193554,18.470129194969957,12.876448873488936,238.6521002122214,2.330399633744862,10.530677114052423,13.220470999811209
0.26809364715306877,0.937890726788553,307.8610997616298,9.894895458166019,17.964779725967222,8.04312766768154,162.55927074094907,0.0,4.831535195906351,8.36899380348518
0.18548700949567662,0.7040747940671056,490.2285537332993,35.79975031111118,14.233932640943346,6.749054712045872,178.0971767444112,0.0,12.826724486118398,4.308581434348608
0.18073781621280613,0.6682894704819904,823.2165638457601,40.413228104243935,14.018820748292548,7.056871238688693,157.1414175632986,0.0,9.22666775003626,8.418562578375418
0.34381089671640375,0.8926740282322304,1168.0678354339002,11.888365288999275,18.699748783944244,11.540205115171753,234.25350242328153,2.166691007357408,13.648843901510247,15.560357680162383
0.1903758401888029,0.4702126520670198,1025.2242698780215,52.671865678735344,12.482409344599311,12.58678577471382,245.76839303349888,0.3960601164311087,8.59578400129907,10.696497327575102
0.5450890308639817,0.20376439444032213,150.92943426918978,67.81774047426651,21.976319596404323,13.326311109259201,271.9786836257151,0.2135639754417653,5.3467365631909365,9.543098154474093
0.48142270976533563,0.4548604285913739,405.6164142753486,56.98055166443241,21.515719646624067,12.913282376509365,241.2222328668161,1.517959706490998,16.457957695210645,11.727119210541892
0.345379274456526,0.5760579427642869,1072.965383239643,49.27037303253553,16.34579601187201,12.959743947318634,233.32547611951685,0.5324026376848132,9.29837630771224,9.612585093854067
0.3962390962160618,0.5960202944706016,1188.8185423373952,40.07169736019955,21.33361272432483,14.592466480944305,287.4815147310351,1.5115792259762362,17.44031812582129,12.113574057654981
0.3219993424931282,0.45643471983664335,660.1749063052819,54.58805600387557,17.435225601352027,10.070244240131858,210.0867280483925,0.0,0.0,12.116440494562031
0.43256524539044344,0.8013206940267226,1379.039297364961,21.78015886287527,17.91525793145927,14.923278514193965,278.41200873612206,0.4241171695087109,2.665515977579205,11.057506117843284
0.22379889921232385,0.7352784857369579,1365.0476644022835,26.905455164294473,14.476914522730038,13.036851475565179,260.90469839761704,1.1937861214309828,11.148001168901153,22.484987333607172
0.6737597836713772,0.7234392564921238,3172.9589384997857,31.051323349941836,27.046399721628244,24.158541886596566,417.51143315443113,1.728145904557888,14.380139561575788,13.323354203154228
0.5973881930689063,0.6111176498458922,908.5387026318256,36.07819881873078,24.042523919698883,15.47906032994738,297.8849118556078,2.650001945937225,27.601700033774108,17.93862431160973
0.0193950899410976,0.7045633105273322,640.9757769399413,30.412917370322937,11.284509021318819,4.357561852447509,117.8293467418027,0.125936147848067,0.0,9.384739017316761
0.13427171241368896,0.4451328794560509,427.86031331549856,50.41528620842602,14.5048655093675,8.752180963354931,190.3022026973428,1.6743126296543076,11.531874256798151,13.182776364511533
0.3229230693911672,0.7807948255879168,272.50616861223534,27.673848626335868,22.876477286685407,9.288885362485384,194.59719369172564,1.0933320575925576,8.983718284546551,17.420444847585337
0.41587382861196226,0.8074394322399635,1325.9756395836584,23.5266416997418,22.69813411802051,16.10079475022622,288.25908390309104,2.0007745631006557,14.192291314504638,17.994581533096603
0.13485627273762407,0.8362124774012157,1226.5754973393946,17.58468744696596,10.098666129713925,9.081222327286367,184.1644304759206,0.0,13.666303106442545,4.735930567224942
0.4429156500963341,0.6692173532964258,305.5278024858043,34.95583193143365,20.352426282411006,11.869088719718642,224.10770864267775,2.327368220850045,18.690850955092518,12.750842586802591
0.18164736838228268,0.9072921515013934,1332.0587014964622,12.24008008599285,14.007901624661134,9.907844234269172,201.27253446720093,1.3477851655507682,2.371069054541257,12.960738093507427
0.30534933295205074,0.8327667196459879,999.5159413454387,25.770471084724264,18.783875168650546,8.117812186669305,167.20915873605446,2.939060452475527,24.42503904628648,15.796312860631865
0.2970037239290446,0.8534440391339118,716.3552750780485,15.984974901230796,15.557920956822691,9.036083299114145,189.90024512775065,1.5530429935571628,18.741487096282818,9.357626137506134
0.15200915375909635,0.772923335764149,137.846478394496,28.61212460838602,12.73772451558073,6.403859934077323,150.0769146778864,0.0,6.315372835994344,10.347414952936933
0.33001184959157853,0.6532794301917227,1218.115311637835,32.67881485620349,15.761472487970819,12.73697391482253,243.10615005806815,1.6384214200025375,3.4648594406193194,8.461678136627327
0.18160439569100797,0.8769919905132685,2576.3906379086648,20.14191285570534,13.335578445292184,16.014755884652033,292.44652496715275,2.2575957591343285,13.27228815826913,16.024247681987823
0.11745895599922887,0.5776597626631882,475.29106308494426,48.197149360331096,11.806542805476568,7.2619934856232975,153.26831805989642,1.9221048458115852,15.032059322796622,16.99519210458637
0.039233186895554335,0.6249829111393337,1000.7956232143011,44.174069460432676,10.354818046676076,8.593382804427147,176.08097838796996,2.195470291376698,18.764636232527476,18.10688338632486
0.4090559561081838,0.368207652532294,1286.0544047020428,69.21639572778703,17.85337342886508,13.865975301521956,241.2835412627012,1.9191036447717227,3.824175622842425,14.364816903562742
0.3198706950305542,0.7653879948018498,77.35107343128358,27.577305468228648,19.96081885456564,5.246449457302116,127.49804839651108,0.0,1.1544772616616683,14.532447257991274
0.30505189786646664,0.8707168059962062,412.7965021041221,22.82522096865766,18.570725172328437,8.858782510560532,173.02362535719652,0.0,10.490082057206868,10.994878139331151
0.12927425933665795,0.8689411089562991,233.64441089251494,24.916199955535212,10.334196937987548,4.646906632991044,120.70212380269697,0.0,12.508825353387765,12.537475884980307
0.21071123045421367,0.48352823324969624,2566.3038241717322,45.87219718810482,15.319726639690197,19.16222736417893,330.2885192385493,1.9969043955786532,15.140254745630308,12.783469798554188
0.32720653135185457,0.7939508658642384,72.17879898542434,20.52823136340254,15.049653524311267,3.9172515140530613,88.25204472630728,2.2071249361330265,19.571060812633466,20.082716730841415
0.1891132104578652,0.9234841881039353,713.9028046104735,4.4079195230602135,17.412341713499895,8.637292333999248,202.08381480667347,1.639366445057205,13.833872135260421,14.089543077109122
0.5316399327434104,0.7683894408252727,1083.0724877864504,31.150670949349305,26.519215064898514,18.303056117606246,322.2315480306369,3.2750472837995694,22.915612925768052,22.917931440012104
0.39424138637452366,0.7373064424667684,472.0180127883888,21.09975884104913,19.744560071585997,9.784405447663843,211.23666033179464,1.763942332456444,12.781380705488077,18.484315692999207
0.2708659382625261,0.8667588200455644,92.49936937348647,8.092494493495726,15.066358121853817,6.19738129052395,137.69082237217242,0.0,7.399742716091084,10.772914025514755
0.3230578781798187,0.6977313548209884,736.932558135107,26.717214661635243,16.747908299304314,11.019760390913623,232.27757010678684,0.0,0.0,11.217060793303878
0.45131022521294967,0.5265039845445869,465.51308458472914,38.92308133836502,20.375271465772133,12.231758112635179,221.95939305534515,0.6737445295593383,11.305664448100213,11.14455253511081
0.5685185601117889,0.8806525462784186,1169.209703028534,17.102060984069485,23.99930953094552,14.06722576701278,262.7687022637472,0.0,0.0,7.542451396683779
0.5357500134321826,0.8585153257752928,1479.2904894826079,12.31090745329381,26.13468963061722,14.226466567572931,252.4741043171186,0.8477015592947099,11.995886567081776,13.904848462403248
0.11374515495642042,0.8337972213876386,307.664567199397,11.5068355150936,14.754832494528639,6.908267354708721,179.63144220690938,0.0,2.8050848150918077,11.6321263606831
0.15743168428187254,0.6030175097118234,506.9566033306544,40.519057525410034,15.877801114515005,5.832810849899882,134.99954800111342,0.6164037526488226,9.315556530414803,6.6849917116129784
0.10972810800673147,0.8310366745236822,528.4484893629448,20.292259435103826,13.084359241513983,8.217228159563533,181.54294792301067,0.6195057090328824,2.7140392330965932,11.300426976903493
0.3958714782035534,0.782197723638722,1464.5442230524193,15.253289385084521,17.5895635072054,12.83854992707086,247.0840231692513,0.6009726336562768,4.885849597590352,14.106474668366523
0.4881638927590539,0.826355972210563,921.2123391915404,17.059456633696705,20.66398389971309,12.547358646611118,237.9552234313136,1.958706423444685,14.674680290680934,19.29397734171407
0.18729851124584126,0.6122319556867715,319.2313853223211,39.52593022832557,14.803905307450894,7.18378413191737,162.93396062459078,0.0,8.771658166255072,12.175949518553377
0.2136583905901419,0.7032907236478917,1790.1216998359841,29.919718504340313,12.939259571065364,15.452952720224328,295.3860201900174,1.4202357270746455,16.149898794093414,8.998789126577512
0.181913249490653,0.7562535549946527,470.83259069975315,25.28976391521757,15.155797138370538,8.250010186377589,180.43221210665328,0.0,0.0,6.836666567948221
0.11802414239145231,0.9240414638811848,581.1371550611393,17.732703144373925,14.560850602607005,6.856897527067701,154.47801163880482,1.5684654791208583,3.7681978180430473,12.883172413101931
0.6666911149449901,0.9476949644931374,390.2615399401419,20.440177157235503,27.7579686575414,12.555424892350857,243.52460276504635,1.2483514778949822,5.116874252047582,17.317314497787944
0.2529554795004154,0.6739006567574304,973.3717275739596,32.78244846192225,17.334265933347048,10.934157357395526,233.16274721626073,1.2444370139168868,4.649706942191403,11.289863594227514
0.3861467523376394,0.9654533247923569,659.7566567568065,1.4997931057891138,15.921103508528182,12.786766092097693,237.63338765067516,0.3268646386185978,14.141603197868882,13.992961352725867
0.6360197808691825,0.4701448750995105,2150.836302808556,51.51404574797498,28.567206115071755,19.576654127377743,325.1109428641842,3.167088361716202,24.36939393176616,16.048323111473465
0.588753628865732,0.2527833255364724,930.4076779965372,73.2209662188151,21.584070061579272,17.954641834538265,308.35461781162127,3.0944802910631806,12.394837498331272,19.334054200563468
0.09254075952586457,0.6669663760067416,411.45900822559986,34.70663343554404,12.00802056045497,7.7748547955896985,156.40158685612312,0.0,13.551545430417546,7.179914544541006
0.24854112869854886,0.8570943673561545,857.0850042500782,20.91496252906806,17.45061530503587,12.389727097415602,227.03311009750084,2.790939957127687,22.566253046090004,16.395909716726752
0.3372472939297104,0.7303739525794422,2355.2965321120964,40.32589051883127,19.148377400212407,18.95131580864678,325.80066731454167,1.34734488164058,2.2413652364903953,9.973527640124953
0.5433630361092776,0.9034945489689061,286.0090030396816,5.119886307396843,21.028403248640018,9.90623960424902,198.35759831224502,1.2039160286388915,4.664502464320166,17.339088644441595
0.2941492475290517,0.3517788112439024,1217.268473077971,60.80450865287976,15.1570799424189,15.066096739481688,278.46563038116335,3.473392050334058,10.59726893986929,16.59892314506872
0.1144219544875706,0.7453169578917992,140.10216450223976,35.627189676545605,13.434692107002828,6.617000830311169,151.62172970925621,1.3764516192446963,10.072898249960218,8.799689648829574
0.2386962524990934,0.5770334966961504,2050.900130577514,40.45675749601729,16.989096340016317,16.81680691401558,294.94932457498174,0.7516664916556366,8.093726586907039,7.000215315639658
0.019830025344645383,0.8610041525750641,593.3895271546739,21.45709379611635,8.28134294439048,7.9895836385690915,179.78275525648445,0.22223242286631778,5.966628926965943,10.299282632168321
0.3482087575010623,0.70989069601725,401.45570016555143,34.26434084518579,19.490404215456508,10.167050495982195,207.85031565751825,2.0981505845964845,3.2589653716663722,13.871172017158155
0.3992984099604405,0.8129847976201134,2260.622915416849,28.015767498258807,16.951913289622883,16.54387683722987,313.9712389330228,0.6904139185205617,0.6254610034041388,13.672205917797175
0.26489286096592873,0.8244092538937384,814.753341081034,30.36986587036118,17.8711000387558,9.611596755009344,202.64156172960733,0.3278314590056038,7.61210021514818,10.114229368576392
0.4768919184591067,0.6783990457682362,838.6356832437658,35.60944941636136,20.154614317943608,13.649153310552673,251.2419820724024,1.2643501377850659,13.168512981890924,16.658773977368362
0.13093234748941118,0.5347479226757407,600.6147102360035,38.14353803208382,13.434335603071688,7.054992249505222,168.87976677890327,0.7366412720584882,0.0,10.685354615708421
0.3702358356139075,0.6544684238399188,621.8801668523223,32.59580597308672,19.081100505756677,10.416655280417396,208.9856900693895,0.0,0.0,13.079445873114395
0.19323605400053007,0.46592429937860436,123.88366146466738,63.99707738889368,17.15221600583579,7.362756205629483,168.42112927324774,0.9911300627377946,14.076585950549134,9.620154130005261
0.185522025134874,0.9479874155433595,1204.4898188312868,2.610143554172775,15.122310685772526,10.463497934606954,214.15676636607768,0.23059659087564877,0.0,6.066491738616096
0.17542222838985844,0.7319821910389972,235.2307120769061,31.605635652443123,13.18735200046543,5.774451602250097,135.37357570095404,0.39212668560653996,6.495010913406647,8.510301534259925
0.36810776559971226,0.5524576718044328,1626.1827868831847,32.706263417260104,19.921879551081155,13.143089007284331,248.179038913571,1.2156109498725998,3.2647268941296588,9.652799081864412
0.3035094313269627,0.3927480187623036,337.7481880656786,52.89654240194513,21.872562261616025,9.038616527839785,184.2655015970548,1.4949717095992145,15.137296607696797,10.015536009005679
0.2832839462024958,0.8156679318270099,897.661273483195,26.024572542568666,18.562344497636065,10.085864423940144,192.75850347668688,1.2477233959047815,0.0,14.360265025791604
0.40356506217155436,0.6468605705063087,521.8699161425761,36.96235325608099,19.97079252682147,10.439285475424848,185.1423343518161,3.1497356969900387,16.076647759020652,17.08138943627012
0.2400491681024439,0.864010779510931,600.4930458852488,15.356820717074822,14.334003259885147,8.617486021527307,172.32423479523945,1.990193631273616,17.66230666598625,15.400810356017328
0.2458348666346274,0.5619030667146936,696.9110174090157,40.35694387390301,14.912888664650252,9.766668563066062,198.4916850106548,0.10992789007539472,8.489854585179216,11.857467927338593
0.55108838852732,0.6420405873629487,1074.1314834284885,27.23363443915916,25.13719555645346,15.39296028799505,291.750253112163,2.84856634559425,14.073703529335152,12.064325716398798
0.12328043011452211,0.7250032146972959,2217.5322343435714,33.21674010837656,11.310405608219705,14.889689011754832,281.3052350608055,1.8140626103578439,8.762839727637076,16.244947928180892
0.1521129355553741,0.7651289327617178,588.6610851156511,24.72265920315754,13.808200911042624,8.98966018886267,182.04877188305767,1.1022163031542667,8.244382588872526,9.139926248238401
0.5364367950795209,0.8688201122090252,99.26587476782821,9.196864028619466,26.28615770166685,7.22958785117854,151.64205142947517,1.6367002199001146,5.100045465632727,12.361290524378134
0.43676467923316636,0.890564565889003,1904.9291629145341,15.000134767541153,21.21990176687647,14.355991031907006,263.5411235656763,0.6662122971192439,7.1648121226466,5.989153976285316
0.21043158559306677,0.899380825231651,1336.1883585373307,16.96196580620206,13.102526057231806,11.674013402220307,215.36013639752008,0.1641656774014022,5.242282886055999,12.374154493677672
0.17768481483725296,0.8673456284092823,325.79417314328055,15.935524992537722,18.797816076276543,7.658222385284357,143.7206395057663,1.308255712844144,8.1432765691847,8.20345038025371
0.1853410985990859,0.7990352161048163,273.93059705628497,23.666793967128637,18.158424060868967,8.950953914836385,168.8128624727983,0.6998846376716785,12.80127662302627,8.149385096323282
0.45639649644049946,0.8770161118929203,1109.616454287117,16.25918400707438,22.41226552777067,10.948410375414202,227.97356921282787,2.803557720437006,10.86181276252214,13.626150693101046
0.23378672897871794,0.6357887116752386,974.0027389578737,34.24504190608764,18.396179047146124,10.525251880545865,226.45162726257288,0.0,0.0,9.613719990310408
0.14229384806126608,0.9619009935101162,2588.68524733961,8.700208650588712,13.023386839263038,14.437040327615904,274.0950146535525,1.4796211048594001,8.291887553645104,13.221245052976455
0.4306210070311896,0.7086097768644468,1213.0303422667919,34.9012047388195,22.21443413111064,14.62416046390716,268.7808807061062,1.9030343301185897,13.232125530232818,17.193279979736744
0.11662809906980227,0.9167201551366202,494.44079118838687,17.6684044043321,12.068622866383553,6.658317669289251,135.94496131283836,2.1479159218016037,13.058022403474066,15.056081333072195
0.2235495702343372,0.625811480354395,403.48676827292536,42.63061346105117,12.87790919594852,9.169177360437159,185.9263401513087,0.0,4.244189920276709,12.897311203909052
0.48730015844784513,0.8006666603417341,875.7504760927384,19.56451041306437,27.366349182877478,13.312600128278781,255.80739440091884,0.0,0.0,11.137973199610718
0.3317653121571396,0.9009294308460829,131.3929364581767,17.09741398170146,15.481056670681884,9.415227849209204,199.52723046307793,2.0577546028028673,8.31831849848598,12.307948586345521
0.6798164146743195,0.7072230909852074,191.33028947686475,33.67725394801406,27.590526628973805,15.563108084307036,290.33473127275556,1.7083417965428944,9.391636281669381,12.269271076264154
0.2516193933947072,0.5553260936421361,290.20132821034895,41.47210760998177,16.86223820522402,7.099856441182723,168.59352729465348,1.0118505685035766,6.211415643999033,17.06137657637613
0.2387166431948093,0.30988772281061444,483.863879419735,64.78854125934753,16.999927248249268,10.702271628837485,229.96359707467442,1.3791523020669296,16.00703703570435,17.130172811422383
0.20617953782842863,0.5000830745665065,804.7985667764697,53.39098880225212,14.97511991332702,11.981439409805622,225.67136762968317,2.448731192758557,16.114504038450708,18.594063845541363
0.39461325062525826,0.7976160529644021,1270.435643175985,30.099095997236024,19.70683157917524,14.577620087008041,296.7174217861516,0.4671859302752464,4.205926258179312,14.034432448931225
0.2843289319142035,0.9384353172638796,1981.8614843972698,1.482461956348338,17.38504676463574,13.27219206891196,228.88350555000522,1.4478749184774178,16.26656496209088,15.015063827337574
0.3684974516119727,0.549062364993203,1730.6628517945744,53.7846933424582,20.172173252980887,16.967989003014303,296.7367205896626,0.28243474817133096,8.361131935509494,11.711406893640588
0.14082950297196037,0.46675297028130436,1549.856630257265,58.81303105422346,13.517104851438548,10.919092353314998,215.78638783387248,0.08296234116575874,0.0,10.356550455117388
0.4151718054271485,0.6970771672752573,581.722156995113,33.25864744605701,20.242572844028917,11.3188685526327,225.27328751567467,1.0952735978777464,0.0,17.834731694050934
0.3618707774144651,0.5825948751207641,413.3460026216572,41.362878122341236,16.404549549482876,7.886721011588823,166.48445863656644,0.036102604157016716,0.0,8.696281161201288
0.29981009950250237,0.4919605586113489,1093.2702652825512,52.67571697107431,21.522617426957318,14.395708765796014,260.9779720894738,0.6671852346123304,10.64341403042493,12.388863162612637
0.185467670107658,0.5654395147937215,1143.97030824597,40.907616865270214,15.708090051296182,9.78728002265446,218.83505447986653,0.35773793875050064,10.888377027912583,5.769533564800333
0.5248502072402792,0.9115788052872729,319.3716273946728,12.06943242441209,23.53906870361529,10.855169856415827,207.3923220852893,2.634274294652541,7.23594410513666,12.293534317231899
0.4075778930798726,0.5033842300038893,694.2764562204137,42.32028454245507,18.940512738317594,12.473613493023372,226.9104628030462,1.6208383725569577,14.776574569080568,19.4975826372951
0.3227699538963616,0.9431794619180077,384.428294066512,1.4062336420375061,16.062020461709352,7.713283392435345,182.6075074153522,0.0,8.103699220801563,11.850340792354274
0.09020166976793255,0.6607791648920527,183.70569329472463,47.19140833324468,13.975014640293386,5.964329449630946,147.95646865606017,1.4123283240105273,17.624522123639498,12.892725278551353
0.30936001520050965,0.7837214386438657,1034.056292206823,24.780446614093528,17.414275609843667,11.146716587277163,228.1479210266345,0.06947487270684294,10.029870220871436,10.40866094322321
0.3151424066735618,0.5430807057523989,1528.8983569770621,47.14118158729594,19.120689335984835,16.633502663373847,301.461252326363,3.4156357511315605,25.421955344538297,14.464722987757256
0.18178058170327144,0.8414631924353295,2432.1548796420448,19.114648715265975,11.840214275179488,14.2777161494422,250.40587533335392,1.7913198324612754,14.607108887902141,13.193939591190546
0.19818434827239964,0.5387937496889502,736.4123695682763,42.36969243059002,18.048318394763257,10.389001805614711,206.68122423254653,1.1360944639729973,11.81898730489403,8.46582582321428
0.44406058828482703,0.8022633672729711,147.97882919050605,21.260986396616268,22.90426957793955,8.807906572874131,166.98172264600018,2.8361853399432846,14.658318423468247,16.204547012531858
0.26657501181876125,0.7939417410476193,2720.6483400243196,24.001186775556018,16.502249909939746,19.22123092922323,340.7415345942958,0.958995104747544,12.937262235910193,14.438449324970389
0.13492744429620201,0.9041402100016466,2881.350553408775,12.644189712091977,14.308436944250866,16.500042957987326,304.034673707614,0.7288802917927553,1.2534875644176013,13.182103828745607
0.25299254786609526,0.5088952122396762,4647.231377956475,45.43841725995675,17.806822415722014,25.40984910741534,441.90193348705895,2.6623034982409064,14.95582684913898,21.423117006233507
0.10202584889243671,0.5211576842294822,3470.397399993941,50.493252385466825,9.876685121481977,19.714649666408523,344.79586399811876,2.34494597655633,17.079201597848687,16.7465650992657
0.2335703065565748,0.7786197609868332,989.5782881409408,25.866044970525728,19.19491144669021,10.637866748323956,217.0488976687185,3.5133228993837236,26.094365903847674,11.347859963642842
0.7523691317255372,0.9244800080560212,833.373486881572,13.761338133676558,29.775750289304366,17.595749617754887,304.8977888629586,1.5224547827687827,8.700128243637188,19.658138011442
0.2875756600341645,0.42414399527525287,1419.266048440306,60.352264485326415,15.781186925788706,14.295429477410117,274.0977567358291,0.05007748971549675,10.0332152205469,7.6031136345404775
0.3570659270153314,0.8193041460731544,222.88509525290252,20.41000729192477,16.733464862054163,6.204464558467388,149.81274773781,0.0,4.014107011512546,10.486309809828404
0.2810867279137377,0.7017995252979493,461.35620039942177,30.993603021777176,19.001363680611536,10.241953182762469,195.62672176857146,1.5085033026143493,15.96930789216022,14.07674289629124
0.11608239729284513,0.7432046448988188,744.5412043580839,35.523844770366594,13.324378326775138,11.360804133357632,225.7156884361314,1.537047590463346,7.141429833169609,14.56531512463108
0.2758436209032353,0.5837702611625946,1774.8484793469547,37.74060045082089,17.861292328445067,16.667763090740884,310.9136584617192,0.9661610092148547,12.494501893574965,12.5595789438765
0.2531039231891923,0.836827625512838,1829.2570501778227,10.317354962722744,16.380927188842367,11.660465924509442,225.6934481094581,1.2465122549020524,9.509360164743201,13.313309596566892
0.5214415763087134,0.6589130381377799,777.4843863588009,38.47552007788721,21.03055202936573,12.956736747716475,236.1259249268412,3.6354666398738917,13.61636062919028,15.123755055616595
0.1971316904950678,0.5424164850945078,246.73133230341313,43.035765867122954,15.945527842232927,8.061571556818107,172.70113140293066,0.6910774738637401,6.997821826579025,19.488641940222426
0.46730208783578175,0.5130602218366228,1510.4538060418836,43.437825248236706,21.28748191759363,16.11742218906363,297.2858403047944,2.0728681275470153,19.900028615288445,17.136479237972683
0.1648588595425525,0.8058830460712236,229.77449609283133,26.896715939051976,14.078089235577533,7.2659608287692325,150.68921792538077,2.727888173123733,10.815528094248773,16.97536262069443
0.34627895256942637,0.6913096165478179,532.6284508781334,32.0582925919006,23.410979225646813,10.499155426030597,197.41089200217874,0.6791407807041551,0.29497593343060835,17.223452681161792
0.10780517158498495,0.36450481805593665,984.2654701997549,55.87674608680649,14.433267565154042,9.384894946721099,195.98964761937617,0.0,6.993712616327158,6.784226191332435
0.36800815608867454,0.46719622043817793,203.30665121288322,62.627070755611754,21.053733721732716,12.474405954364823,245.34926883322248,0.6544834072747235,0.0,14.241377428119382
0.16527272514934357,0.5433086397735719,436.2581880073837,38.04879109839153,19.572864383608703,7.220234642280023,179.80109311163267,0.0,12.816774804488208,8.334502201913464
0.0637110002260764,0.7035355991775161,1672.693146598017,31.248404112343053,12.361922750012148,10.41399439475826,212.8671821449052,0.0,12.690801824489025,11.206998556970495
0.14940637594341583,0.7643612689748106,1420.1716202291864,16.761101918031102,13.974574471484022,9.11550722646654,174.6417913872376,1.3680447372588387,15.663580587617622,14.693469642505267
0.34296452542809697,0.943627280922182,280.24461951690313,11.426835886264763,17.215698436919944,8.936709894521883,204.44848380107848,0.4455127249320344,6.7258909561109865,4.104336486058582
0.2845906657609479,0.9317400097579793,1073.2592810244344,7.9378556207297475,16.209662927569003,10.557811634479405,218.91704599698522,0.5813170509461245,15.648576542741678,7.15829975708138
0.07133926611529814,0.6481522230669252,145.0492311898777,40.762674000623576,7.689274119786032,6.667691301237953,129.9626583018848,1.3492058745202304,17.12406086135003,18.132332306539492
0.33779214289049736,0.641606034410552,1315.207564315771,37.16852497151678,20.025650249875582,12.64765106206008,229.41186580821565,1.9643435030395267,10.193779779964096,14.154362836505964
0.262808837457445,0.8481910672507821,471.8864642465277,25.415842842463753,14.036378941815325,6.486745864488684,142.3856037582809,0.0,12.194180135045805,16.004740538208225
0.15506927531211104,0.8577394029125837,705.650599042684,15.654884150847849,15.682203846714286,7.532379950011819,171.36668117179184,0.6670674819700662,3.1099024202592167,15.59804503293243
0.19417269738993592,0.8850614031992268,897.5398731802691,7.321751931339998,14.768265400827252,8.451122548390783,152.97228858168273,2.040016950315724,12.174903137274365,14.439217999429667
0.2949918217709224,0.9257406132890593,297.60190546499865,12.870925069118996,17.630912973801795,8.15216985720869,171.091423697266,0.0,0.0,9.074457000223953
0.25652915853777863,0.6681715223205579,440.18426068598285,33.60177558885381,16.32849310315567,6.418745606030616,154.09167264501397,1.6916132066367446,12.496071648949435,19.174282264745408
0.17830078176976857,0.6596672699797309,2493.545093082653,26.533646294936943,17.229668402010148,17.029815496462643,277.1061082918485,1.6689097462172753,10.203096501860115,20.481334168266713
0.20128754823451592,0.9443312365400618,665.6417744896171,4.733287330965883,17.451073425735753,6.785834756808978,159.2551055450183,0.0,2.739000290412437,9.140195335878044
0.13222154247154763,0.6163820152781463,936.0946975352083,35.83995639758439,13.247755750479445,8.610188837188103,187.82226707674027,0.7334006018711473,7.10533162935738,16.447996378150506
0.18305382661385278,0.7078465319496507,947.7124307799969,39.0707290765351,12.778337512519727,11.886131713447652,219.82545033623197,2.071614308764933,10.388730990532991,18.26909146446988
0.08093294422457019,0.9278333168753966,2018.5477957050052,15.032230479064197,13.871101816278333,9.279136264831745,177.6541712891852,2.0155279248192226,13.270482410634651,18.64646170650755
0.07395812247236734,0.7062171003314924,1482.2055185517222,29.701785156202007,9.89980311897866,10.974299820393155,205.99156174765204,1.9658253750148127,19.28114695788988,15.218001220374735
0.1592776823022119,0.7007474814907236,313.17336928364796,34.28707531519606,10.872219475318975,7.350194567711162,133.53193967318012,0.8844555360743007,3.228558049608206,10.193885045472857
0.36086600051857304,0.6754112315615461,2193.5683279586938,24.01568976016062,20.01834974993978,15.636560801206224,281.28651307688637,2.051902381903159,17.52024659179951,11.966632185803968
0.25400483321392725,0.775374222836253,2749.188016386202,22.391789388997214,18.787100673954633,17.29593882042525,311.63504486390843,1.7118415729914838,12.923577360736449,10.366804764419232
0.35692745959170696,0.7569836685281858,311.29591050654057,28.87644672750509,18.11301615420492,11.092948281492736,204.20085624945995,1.7040023183364958,13.686641439739287,19.992672437495568
0.2704199624821698,0.5041252373651002,631.8307419491235,50.45561016911832,17.569534438523764,13.793278657844875,266.6196756932574,1.345833583515222,10.229790020787531,13.397418280088921
0.3281890786179259,0.7514216669406527,762.9214069358864,24.675269245823216,17.373379341972747,12.11405742060071,232.7365331155643,0.7814298493173936,4.538718862176235,8.519247793311152
0.15902020545987958,0.7610182988169006,651.9724556921611,26.316812445823935,15.419491833868626,11.33762336545988,222.6645279634327,0.7754202642099878,10.325999543917469,14.945832938695956
0.15400306058488786,0.6196670052556031,1319.914927250737,40.92051205055581,16.040135887446628,10.926732292325513,209.88101775603954,0.0,7.594196487117594,8.563383394604692
0.2442359482433092,0.8780146540030042,709.328140517575,15.931897838887192,15.580168277118684,6.5546941818396665,155.75085220781892,1.0904209625298118,5.359337134054437,10.773125889228737
0.35159770590441264,0.9869465145925211,539.5344812816259,10.479833471290467,16.73473633216526,8.926189433041682,196.79844835418407,0.7493177161880705,1.3046981211897535,18.077324400236762
0.1386847753705646,0.7486214789421244,1363.0798007523854,29.217577444647013,10.553058179041036,11.812922959221073,223.11865796360595,0.0,5.426539800878689,6.0078913867397254
0.1960944237871392,0.9054435671210234,103.10056942422807,16.066281311256297,16.753737459598977,3.5154071933213187,110.34142560876936,0.5921618164640049,11.142251485632798,12.185546690069014
0.17798489515544702,0.6391526431178589,990.8942589856528,46.04403606054312,12.176489395470522,9.126446135544223,194.61696661144404,0.5843308744267351,12.36277374841957,9.688066959496016
0.6757805322497271,0.9204256191868779,1211.744404674123,16.299225938006316,27.63856178864791,14.990874802372499,279.04182813400274,0.6864479210420339,13.762407800803231,9.464606917621824
0.29433028139675144,0.8098333937734401,2099.9701491160035,30.819786792295247,18.913071171803818,16.66731820660389,316.7803150401235,0.47155629339332394,8.74317934417819,6.787326259125504
0.27685130250150586,0.8241461105078628,884.418536470419,17.46727822319145,15.918678805436562,10.355079643493161,198.06129792539096,0.5829866795865176,6.015883319203305,11.63621729724039
0.1772505302004811,0.662962463432598,157.80886400336314,27.37130892683843,14.098841554652115,5.369890216900522,126.33287010313832,0.0,4.989227542665627,7.3782970080415025
0.01014274023178271,0.6692528841970254,925.2860507831673,34.06583646871318,12.251655400808113,8.593043055079995,171.12605206257493,0.22485627073347958,0.0,12.33627440420373
0.42263969328830914,0.43681197464161353,144.12054759198475,54.55894047386788,18.949604757538207,8.810779696853535,189.41191190021345,2.304744677462173,10.805751457661952,15.620840985634809
0.09857516079896828,0.6959406826903244,1119.4790242911984,39.662409319817584,10.644955809906012,9.206744002109852,185.3762973841525,1.333883474124029,10.06930571722236,12.396832660480241
0.21100063544866104,0.7167672225637992,1857.398341241686,24.840727805973874,14.806233443798384,11.68338597638841,218.29329825635762,3.497242956015789,17.65577725440319,16.13747391797829
0.09510500113221562,0.7304662149800015,794.6711863243371,28.863645849500152,14.933450352458136,8.397367858006582,192.5919941375441,0.48639950629782636,7.405644492115822,15.508116651276833
0.4418344487207479,0.7688282773483252,709.9944327510494,27.83135186886517,24.267323407225902,11.20558553701129,236.17884119577687,1.2172518064172984,2.994821017349188,15.250170727166992
0.38043225580509826,0.7341933115315932,1458.8632759955497,29.42311448207841,19.313240354245988,15.282615457766667,275.9523028038842,1.0102949974757582,3.2838334812833843,10.481709832191653
0.07165735700428724,0.7756980755142379,1089.5164976677431,24.329524967525106,10.367190669017582,8.663599089347766,166.2799056398204,1.0417339019683434,13.044904071210757,8.52671961980481
0.13391241025709194,0.5542586240884093,1382.7446904415262,46.90956609807489,15.47603948826647,11.929048144292816,247.57089666788175,0.6486218154009725,3.427763894060482,5.957586982221973
0.2657703237621655,0.45640756208301664,3421.0368196981,59.31880756708838,13.305666930733187,24.424286840346028,421.07160798265494,3.6425163100877183,16.189155133498605,22.518350956648355
0.022540822334514644,0.6572154161281064,569.6273804339471,43.529339904583736,11.058742266659046,7.869046701167905,172.24292427364782,0.5046567117391219,7.493805480123467,13.989160584440631
0.031763267876793705,0.5172996811979658,1174.0641774235871,48.60706472946351,10.706254511241433,9.434423140420195,192.56635720225867,1.2349906599164684,5.284026582194818,16.227187538395402
0.18377837276160747,0.7443316784754167,2218.805778098833,23.93092016923967,17.18211500608895,14.243710333234393,255.6524777115068,2.192179745654494,19.300368620521773,15.119584618918424
0.41501465095253476,0.8998614424967288,2242.2270137585037,21.685140645761233,23.165403353090124,16.076333889009,287.01215377574806,1.7325780476127313,5.646161557831022,16.749481197179804
0.16922420626805512,0.7798337026013373,1256.43501164613,19.426799532202196,12.345548040806829,10.103880051277912,208.33540119354674,0.40657493053592675,6.633919667569808,14.098019516032316
0.4288057992064724,0.7857714685258551,686.8819146922242,33.23346204824871,21.055501051111758,12.45939262606483,232.4152857856308,0.8341838673750334,4.59381031952536,11.876073500618121
0.2826259215622199,0.7699261781944896,1369.9261191035182,32.427320787089585,15.924439354572415,9.879179802700776,202.51753232302715,1.9342856009583662,13.518079881190317,13.761269655615079
0.19382531603779915,0.7281639641415796,1390.4897434985733,36.912237184402194,14.258978131131498,10.051044790718878,200.89932763235146,0.7012154341423706,5.317539917949375,8.824187547241443
0.4032644014948738,0.9071634843502255,1558.1600272551582,16.782240688345127,21.316385586487794,13.721171009469755,245.24869533203142,2.2041392501815844,13.69829767497088,16.7887947730425
0.13021399779415596,0.9461076161299438,331.58290904973927,0.0,12.585561700670034,3.6086067998123807,120.34040842524723,0.0,11.106404579029256,11.677641501139458
0.36109911549184065,0.6110514381944692,2700.863646960069,34.80976640712005,19.415328800352064,19.409921381222723,347.0891499939604,3.295895721792144,14.746350648428374,17.020135075003616
0.48068280541847735,0.8473021066876132,2224.345452281508,20.277251501580107,23.93161446602146,18.619677061816404,332.60163268624274,0.20566959648024064,2.3438264729862235,9.64794908751309
0.18079315752195219,0.6575987567516859,814.2689023953724,32.437876899593604,17.550152385640654,9.77437652068339,202.16586001834477,1.1026199574564468,7.830975374545899,12.10466489708179
0.056004153732174336,0.7827571668974056,2078.2929872814334,22.97545558754406,11.977464132923267,13.531859060375062,235.0489688187426,0.8127358719549085,15.621040391738,14.405562877483163
0.017278457975064294,0.5503101180939655,770.9284903007733,48.53613027567273,10.667492263456886,7.3715035619539,155.64075740877234,1.144380914377179,9.128810243546681,8.737975253282375
0.16506929168388568,0.3090233427810794,2417.4131535230877,66.33802772455968,11.912151973133447,17.02507383907063,290.10310218179103,2.3654046866344403,20.632631793517707,12.597751269649567
0.1908807873967115,0.8551647499394536,919.9248863772071,11.940069483827482,17.943616593139225,7.990321430591759,171.10168365678956,0.0,4.115442887091668,6.742764156614612
0.23902401548576335,0.6532045733617406,399.20984335281514,40.63988196313617,16.96700252280038,9.513005534813008,195.95420506653244,1.1668169557085304,15.61545293926958,12.47144664527749
0.2849323027928061,0.6977298245380998,3122.882428960218,34.77882966733964,17.395757818793538,20.233155527598825,354.91072116312245,2.7167535013240194,17.903971781937916,17.737715356806763
0.2304986586622606,0.4409073927321338,1514.9077537690557,54.07335493921014,15.932564910949903,12.199370285309527,244.7764458130025,0.7451076393788875,10.753262773553544,8.656141865545834
0.14232778844637728,0.9523406016334102,732.0297709145794,12.845676773516447,14.279501658269941,7.618361415838516,149.30189909555426,0.9873942991384994,1.770736454108178,15.195503369063925
0.10979166606373109,0.815483929947483,2553.813450803097,22.081681620214475,14.288372631354743,15.284194297535626,271.2704047393322,2.193915518839547,5.854924623270155,19.87273715360707
0.08269632706029591,0.9071209562927425,1380.6231095515263,20.015919895729407,13.858509236768583,10.685153289820411,214.42077934209948,2.156688796819868,18.97776274742047,16.633114851141514
0.3018094783122492,0.6641447048506426,660.1317172494037,35.98301599122971,20.766840749419444,11.446357367326737,224.33472708238588,0.8234457393917293,13.58264002764344,15.4269846643364
0.3927562123288212,0.5897730132369152,2575.292432903823,48.54006714158103,20.30428232524576,18.83408622769626,319.3569860865988,3.7327741104163215,32.03837263133494,16.586419113284208
0.11126148141709973,0.4442705352240648,1553.4728647164516,45.6473879229581,16.289939473958302,13.975310614343327,271.5949578949429,1.1998873611725256,2.36978438730908,10.325639261862658
0.3631169997078081,0.8909621496030595,1110.1260516164173,17.109501651783784,21.193371551660324,13.164504537725259,262.8997892907297,2.3074436684313273,16.658771767925934,17.312481103871534
0.18848504619470688,0.5828133608643747,875.1580654440987,40.55748853880208,14.591863392528724,9.138297181845251,191.3303278004501,0.5079268066331837,1.912602368107608,11.15460886967221
0.3147018495444985,0.6764579416130136,385.49208372152134,29.823530313111252,14.53279878172581,7.01663389663495,140.15879446392728,0.3388922875878696,2.6525635161929566,8.167570248599262
0.45674259491724295,0.6972086734218236,56.534977289287056,38.043722289061506,21.58968940152504,9.048492725235558,187.32464333241845,0.0,2.488769162842756,14.275142790027337
0.2521959677995315,0.6688919219210623,1447.278708761662,39.245164186485994,19.42185480476893,11.474747086036569,225.52463194970917,1.0852938055815808,11.252950426933488,13.609605220663283
0.09829784839809835,0.6231099371874405,314.48199427542124,28.887722207668,10.906919949688037,6.436744635234348,143.83274636483517,0.0,1.6798696345485098,12.106524918060236
0.08313617900913325,0.6772155503477066,385.27639929433974,37.628078645288724,12.243329770153437,8.699438311651608,193.96402095558514,1.805230699376375,12.389203757857537,12.490322358064574
0.25456837982429775,0.8746433811788064,760.8951831937901,19.252835925937095,16.694647314250997,11.67928575169297,224.02989966901805,0.4154619191852621,10.82201886422223,16.078380166689247
0.12697992781805995,0.8228819464760888,775.9232820379291,17.325267283863717,15.058751379113898,6.610596495242127,170.2043709691968,0.0,10.639866583536875,9.532212953675465
0.43255229555479274,0.8116660942119739,433.2252522873106,17.773531786106517,20.038184293303225,11.267929997458783,226.8501221072171,1.5363374442824724,14.608296374363066,16.898013914676614
0.17078243106385294,0.1829897099236813,1446.3038963475256,70.57804998387665,12.530793279685744,13.686747841860399,258.06201892752637,2.655980089299211,17.883260764926266,14.891466801858748
0.27630375255798767,0.7997698269446409,169.72972491577585,21.333056088797495,18.04759811639716,4.069230922876358,120.24273768314957,0.5653017963904293,6.553038788876888,11.919198059259543
0.29970003305480203,0.3717809900024963,1425.9789538439047,60.6522732082425,16.005726788294847,14.036393035491987,275.85474826369745,2.204878049831322,10.974852734599905,17.185703215233467
0.5652744416009139,0.46244557193599944,692.8796968583905,57.36488242755261,20.460850335738627,13.565561397189352,262.4739411322781,1.184902504408108,12.434667672627425,18.948477601721912
0.16061845663344887,0.6467951786799244,413.6855650487382,38.13533574130959,17.69620526469195,10.31711433399387,203.99836484306974,1.00419251664056,3.7622247847748573,11.191299992019697
0.27155894034561956,0.732582855325439,188.34074375650394,23.768002444188827,18.643034832915593,6.604258081469167,142.4646685494638,2.700372659656184,16.397134250848755,17.358619582135578
0.30853011055227364,0.8544670009696396,990.431837539267,19.292341537456664,21.48002833464122,12.46118608243267,225.6967178638422,3.396078827418708,13.205928815780858,20.26576285039954
0.21030816901036953,0.7657739663721964,291.12846826847056,24.810115929482752,17.005729731290312,7.477711978844035,137.7584885841288,2.0680748912218503,13.065908631428302,10.925667082430207
0.17940896316098712,0.6452495063023851,250.52404283344993,32.253413364463114,15.845953922409583,5.258218128277346,130.61560572713503,1.34306924282601,5.103725688845097,6.834653575599967
0.1163646897367766,0.8842820502600566,2202.442992531157,7.467079257733016,13.64818851026013,12.332993764607453,231.1182100879228,2.3247826104697857,12.296312750879483,12.824444549860765
0.362350590065105,0.7655598793846974,226.03613833304746,29.22362753050477,18.686708188503072,11.364584068737283,217.12747563153266,0.09895171616579579,2.016041794732478,13.148918964632827
0.3774448592466893,0.6839414256362253,166.02665495378614,35.67725744013706,20.460334644977426,9.276522739490545,199.43641643569364,0.5431690406614978,3.1898860157786926,16.50714332481406
0.3357852517809999,0.6162556701734458,1345.824145942449,42.32083482579441,17.288166325776796,15.137645877399406,275.9439630546719,3.3010429238141987,17.7673866048681,15.48365085397403
0.5314317354389092,0.9486304504062502,1051.6357987655415,5.9820372959786745,21.147335041014294,14.205780631112283,282.0377459491433,1.782675178521679,0.011693201356381522,10.806514433461587
0.30537611260297715,0.414689765541063,535.1662949834076,58.53332041181315,16.969951181232283,10.383437001705595,200.02055671019198,1.1658558391499674,0.6510293736107435,17.518877523694222
0.11925704950247765,0.9287586249029853,362.78476581155365,4.534903023395087,15.564410820264728,4.041468519235522,100.91251616432656,1.906263426842333,16.64361690232741,13.069378410562836
0.2263091220514084,0.661953874427955,458.95126170935185,30.49123724222465,13.19291467743471,6.422049593389669,133.75438015733917,1.20990025924235,10.576994999514199,11.909378416118788
0.08936152592995973,0.6960366463607416,547.8427013421921,32.52536282627493,9.801004846648794,9.180182444905634,194.93024725056085,1.4157816877171991,7.046293700169299,17.916856197441362
0.17405395518246417,0.6656526029358061,1236.48851250819,36.40303088738835,15.533967204987249,11.716238434487297,237.2584370756101,1.2865213941960967,15.015602392150642,17.100405794980954
0.4760237364592405,0.7123892410085853,1008.4554255580729,22.740878829530523,21.07043600260768,10.538889239304531,202.13938962698077,1.8003141196517993,9.005369128830594,17.302981839211704
0.3459646306333117,0.5871566809974369,631.8574751227069,36.86817513871749,19.62010585615172,12.332512372586807,224.34785856753317,2.281740833427552,11.228496756249527,10.569938719459774
0.12016257889307685,0.7498198578248072,626.1122934279977,25.68924861535118,14.98377933608581,5.317502234520248,145.06529573841203,1.1382165454929074,5.635939806474974,9.070175652555445
0.5938606372233077,0.7129183797883204,1389.9148553311416,35.62993948360263,25.76958089909845,15.718292262785983,271.2703651386345,3.7228209255576905,29.42437755585405,22.66857657795189
0.09910808123057614,0.8130306923255001,412.2893503468938,17.761723926373893,11.213210873407508,6.134031437422317,152.1126733400017,0.0,6.175508672860816,10.953670568377147
0.2690044184459725,0.5848454372833676,181.272066527941,43.06678705847231,19.290978078206525,12.704738298187628,234.86126086958598,1.932516238773425,13.708619326004612,12.498086426530927
0.40394636667376776,0.8595808739365502,2041.541497597625,18.864684548880877,21.582904532051217,17.80240844856267,321.0070802995419,3.3222415786987085,20.62097124290027,17.27192727425977
0.4140581585013952,0.826825263624283,632.5041159804978,19.337267145197163,20.405109670914037,10.146526937905136,212.9671212917833,0.5673431219767257,0.0,14.751314101238226
0.10621120284209633,0.7187594179303608,2913.57562425052,31.6517525770647,12.612114443255546,17.02086835909576,310.0755872833106,0.6013572307465196,4.435386581709292,16.08622371823525
0.12810251617481094,0.6428471175131765,560.4019865546616,30.419175400995382,13.950547983324252,9.259532868068947,185.9404323931439,0.06885855624897153,7.550368532708699,10.154226528540462
0.17139867474093015,0.7982502542027697,839.3650259517342,19.87854112894098,13.660999468006645,10.904521414631919,227.52879383162,0.0,4.9794575798102185,7.9392459810898375
0.19027368468111783,0.7803191029344128,382.3480211212507,31.943080023247322,11.494432727587826,7.00144122709607,157.91263225573755,0.005306764903719341,16.048320561221065,9.186787748318482
0.3977474013732005,0.6754338787841627,1020.8357259745222,41.7347754194134,21.444000526853362,13.240735564392214,285.43612852570527,0.0,2.3240421246853247,14.029196716954925
0.15659616604868665,0.2992903991611541,638.9614424723651,72.27846780188064,15.296390190959517,9.471924258633127,175.0273172062442,2.4614411222145867,19.5616797234108,20.124202922744658
0.22260993453254768,0.6877574628308313,703.2096832441335,38.603789294993426,10.963116431920243,10.16611315969205,185.2924276630176,1.2640709822843192,14.086305381191174,13.742941646911744
0.1304506140270061,0.6401234138001457,910.6569462943513,28.259338477788074,14.28261763598966,10.780550255824192,221.65085951670014,2.0799060806449425,14.033728828399541,13.611296550017183
0.30755109032147165,0.7959880812637138,571.1567385765851,18.617593259797907,21.201744335816215,6.9481496145458115,153.90473255753213,0.0,6.622017209704793,13.248294532451379
0.21308932410131473,0.8897748502600135,996.3936074673853,13.364755628208231,13.07195639618579,8.724111242718408,188.78776259390884,0.2175110902253254,4.419042364517397,15.412611356586671
0.2206808907355486,0.9125970334488428,464.95463772603415,24.94447662167434,15.370439686607293,6.357886428206742,134.3844875243402,0.88747458506538,0.0,7.858165507219912
0.5068968230114718,0.44062207348216903,957.9569010570629,53.77859351407257,22.308455947018675,15.148560691465484,277.769737864122,2.5667058792512236,17.012741525887805,15.719469656616152
0.04926480634282334,0.6807836550537008,145.66277337980168,37.4539925432828,14.55244402731235,4.175416438843989,117.20442139382148,1.1327439866978617,11.673117845529926,16.29973698060228
0.11744335398952123,0.561861202959011,226.0565071401675,46.32435187496325,15.177977938051955,5.456475569103656,126.41002509940452,0.0,7.928228020914563,10.221016946221322
0.28743228154119294,0.7464303162647992,376.55867236408994,29.601888839824113,15.428974745504963,10.285412516669275,206.59948480847174,1.966681474156022,13.182207545458606,13.450944569666973
0.1546106697848697,0.937212089268321,275.71187464129764,10.533258848165055,14.549503791338793,5.800430164923441,123.3911906650697,0.0,9.852005392128174,10.555564328035898
0.20731455645789504,0.8908880843948415,297.95391002760306,8.819908253333658,19.788208176002428,7.16969948769051,161.4937208968408,1.3283392497200304,5.983407006564045,14.43296103020819
0.3162368304459976,0.2807288835228879,1182.528963911219,56.22858091551251,16.656504962867665,14.217442979896136,277.7161249421475,0.0,12.341938041534132,6.619487953020288
0.3799844031179611,0.9058661526570362,653.2306091018885,19.88125867104538,19.477302510630366,12.024684414481504,217.9944865720427,2.121619992040382,8.546904588660926,15.576435286679976
0.20240760031660074,0.6250637923480641,571.1744887090435,35.66176975738654,16.087204614890258,8.472238688609075,164.10404688895767,2.2894083347423386,13.61843736237447,16.825521385941695
0.34537309471005767,0.8188893263634134,1003.35579009148,11.964394652437504,17.41421826831293,10.392288485414381,217.78353791825734,1.5890972931096417,14.760757940897394,12.500207456113683
0.16326498964467698,0.799537751056761,1060.9379581351939,25.231407509906166,17.608030911102418,9.86454697109769,184.81182647250407,0.0,2.4252345260909274,7.661535432157034
0.23746700278748756,0.56170771229358,517.6852712028116,46.54025293892298,14.991338469120146,11.16845386741901,225.9328177960361,0.4758553745541935,10.648447021090588,9.575975666612365
0.26078129649527615,0.8912499828012129,1698.8496430104526,18.626963105297673,13.741462154133515,12.772013727992736,242.13369077935536,2.1161306346510544,11.750595335757549,12.377588745414911
0.3019303455556169,0.8277148566053782,683.84823946645,26.084241414507822,16.498294561057847,9.493144509333787,188.2189482117312,1.737613173380701,12.541117827141345,16.895894587931743
0.23504730565078852,0.7360227096767413,1264.6515985309013,24.163024282695197,17.182222813642053,12.310814123313282,249.32746012975912,1.1825958621737438,8.824740673812093,10.005569310336409
0.03832161316719323,0.7064549461005226,464.3482447732164,27.044146317611258,9.361692077671323,8.667308311629768,189.29110275861677,0.0,2.115920373522994,10.567129898608437
0.34609188324026174,0.6047344065525099,974.2178557083297,38.98038706828675,19.25669585874075,12.614554937373718,242.01548034352447,2.506317413172435,26.280645368106782,15.143196630393028
0.6261722076878848,0.8028842882394428,1350.5295022167634,26.848614978725955,26.779406072480455,16.366666493160473,273.9733322119693,3.9770603193652914,16.709503267835647,17.824097736228783
0.37416455951368466,0.45099779671246126,1241.0505699946916,43.89700332681656,16.936245903682806,16.60730358496694,306.2320909385146,1.9411592736190586,1.334076416751973,18.966881058174096
0.11043462872936038,0.6822936128785998,1159.969842751472,34.234606521382304,11.63346128304556,11.97480838274358,218.9135264829636,1.8460571719085648,8.366047392442086,14.222792493893925
0.4455419000040656,0.7444829792561386,444.660934261397,32.657140989350864,21.836489219177775,13.028546879169351,243.2143836952412,2.0237569969636673,13.751507430740512,13.051194212109364
0.34987420099576005,0.7679070606937785,263.7250842694614,30.342646772650635,20.151679344901034,8.642748054085372,179.7145614955758,2.2546547910086963,12.134353659633168,13.341280879047522
0.4097441256882119,0.7932628618435198,234.01340044626934,27.149150358269882,19.16603510267002,8.546627714463817,197.17218892920692,0.4633651444386753,11.946338870396536,12.17560704735418
0.18458094751793822,0.6037004273791214,548.7980066156431,45.98196413710677,14.918068308444512,6.457416379677884,144.32882511567612,0.35341042902410147,11.324560716971744,13.363289654184978
0.49405041221551144,0.7518035453876646,516.2863385856831,13.601767382531694,21.78338780589626,12.41252052385922,221.96008949735833,2.170229742877662,12.088963387323933,19.237838846722664
0.29017040513108533,0.7473619590002953,1073.9759342356153,35.804767137834794,18.709960469878318,12.329495130922039,249.6388640470658,0.8974212791643383,0.17854555258544202,11.740584425354344
0.3405402953237165,0.6010131004691673,814.4902209391194,42.56084572564182,19.55233454142413,9.341843898294632,197.3849806244017,0.6838063959407158,1.3194804124909467,11.02632290373228
0.1299995075662813,0.3664859418070064,240.861426816832,68.68952159575944,12.503021658765688,10.116142499518565,209.37189554216175,0.0,4.838988096624692,10.392863063119735
0.20795575508462807,0.7169002979511473,1521.5790336325613,24.60580079982988,16.155781579508016,11.897593020770616,243.34807534685106,1.3609451480722907,2.6212326851611465,13.903736863974956
0.4983097996909912,0.3615804648692212,934.7609289662938,53.688623938826844,21.632548248689382,14.333714886582662,282.2378117850697,2.304549627170109,12.379257589767601,13.445204023893652
0.48584117038012137,0.8067267651625413,418.6728639357706,31.326479560399484,23.060753168215992,9.317403826534822,180.84371675952698,2.1855035569044503,20.848528161466266,19.850994832069368
0.3195061628053145,0.5273448733138977,483.5341674574829,42.906352228651635,18.930243160822037,11.213337718737968,204.29016825365235,2.550289052932021,16.91532191915692,16.442387902846328
0.2658021636489297,0.7856391600572852,2031.5215184219498,22.738231071678882,21.387147148360263,16.35014204738247,303.6768231459542,1.646778222819331,11.815452544435212,15.72116558369598
0.0023646941810625127,0.7827239130673053,275.73093095354614,27.192121026254966,9.386592870318342,4.817454929539196,119.63715077501729,0.4470346276490019,1.5842754145831037,12.390950262389005
0.14511994042291565,0.9114009259739323,2105.084578615501,16.838349963788676,13.345461536645905,12.797677665703668,240.2473849552563,2.662587747946085,16.559039288222934,17.86826830604771
0.22340778109994758,0.8072088477293317,639.752284327271,27.743285178681575,14.290731326714441,12.816746801805538,231.0345080980948,2.6263671313022576,14.21284785932757,13.553627531581448
0.1691616294134924,0.65289696368313,675.1791587628626,37.356204105472315,12.16339333975892,6.9412772726487715,159.95812524760817,1.8523788594332495,13.602699080981726,14.611745700867505
0.20029082532769893,0.5737508285099315,1007.5131292067015,38.09087931881098,14.094349646007633,9.568920043995025,197.55511239803346,0.1419822088749091,9.203417974257825,17.197188393468693
0.18347679140465248,0.7314253681394416,176.37803431705524,32.70488002997136,15.917121175558787,8.25852375310292,172.32287543006512,0.10647202820865309,9.91650640477319,15.027686224382604
0.06367895796386408,0.9475164442086962,931.8092163558014,13.33630030321801,13.066897011795213,6.3418581910696,131.24445038968875,0.5352130780799131,7.7853053695962835,11.809055677207832
0.5291228885437805,0.8970265177536686,1331.5730884549212,5.192438946238733,23.819431902969175,12.759501820098027,253.48402758953492,0.10814760923303213,7.992205081791475,9.169775670037298
0.24272045955797059,0.9718234040848421,536.55104623317,14.629317840630968,15.476481727889443,9.83818398225541,200.12980481624024,0.0,2.4400967038342998,3.3466612276299266
0.17480065381939558,0.7761450059764375,764.4849005278159,12.71157139931918,13.38326637362327,9.007200946087213,196.2864514928706,0.984364248927196,14.600303285033627,10.968902081654209
0.2238883104353132,0.5499005169417609,2956.7345410846556,50.68103165821076,13.763546739958782,19.942835207366905,328.1124028817079,3.5228794324294848,14.655898885515047,18.57194125835645
0.19255036146708912,0.6797503681623757,1435.2532923601684,30.65191702509707,13.699983834751215,12.141746761201276,232.69443294765193,1.5504409605259912,10.164422096229618,12.924153020636547
0.10081340608907058,0.830350352050511,350.67929133097186,23.796015721871708,9.930079033962212,4.850306960644076,115.58561632299701,0.7963609296803688,14.368532288722786,11.247855062068371
0.0928392660115314,0.8230524514534374,509.24279714564847,23.476250395686645,15.03669827403961,6.829995921886909,152.81141169855016,0.0,2.5916878817961786,11.867294049573436
0.1006278622758038,0.5134665598757719,623.817264990617,48.60239686665186,16.189999529539186,9.040299508038116,195.03659827504404,0.0930292714000101,0.0,7.231506005328261
0.19303557502993232,0.9018485959966742,1499.7309161055073,16.089059557200915,10.954163868748452,12.260110352566885,237.60112895046953,0.9345638991395109,6.684504353034805,13.154364896235741
0.25224524001516263,0.6178310249007016,349.5158902872375,38.96296448186674,16.884658276080287,9.535658495155458,193.21609976820224,0.9734181470516321,15.852343981769339,12.102768774227854
0.24390260094330238,0.7310978484012376,1243.4985827031774,32.77094777673923,16.642948934294616,10.668439669027824,210.15439938571473,0.0,0.0,7.353089456479108
0.18193101060330952,0.8588430706795528,1249.3455172815648,28.630482449417144,14.965892844263003,12.313551544701351,219.10562139345316,0.887171100693149,9.060650297946975,17.240242071355876
0.15741201837962385,0.7667090775474126,802.0857638355399,19.289988067558497,12.74981181706458,5.826851303414015,128.33708901306423,0.20951965957054702,2.6680610012818593,12.76722880485388
0.17679306865319513,0.7246286930754947,1535.3128110868765,13.842685983514585,16.46485463384126,11.236825514423495,229.76525816176925,1.907422965568438,11.791521354062576,12.409358043367064
0.2007513032720592,0.507826178366244,382.2249821531233,47.21727261230846,15.8397371849586,7.158661997522705,152.32456164427208,0.9873306376760612,7.206602467095621,14.020079847870766
0.1616942738716037,0.8577096997288499,1753.6833378815209,15.385997524833366,16.110600354717757,11.20852230524216,229.53202502633167,1.8607188283318359,17.245291571924298,10.483410377344782
0.2043371146500781,0.6872157599318474,137.77798315466228,31.26274072914387,13.633403907426343,9.683835889449767,203.52124769655168,0.5822329659175823,7.597972132670452,9.465144882494789
0.37690358393357887,0.6845058933252041,347.7411595994844,28.76227483109357,16.656223989023612,7.136729430142699,165.84299255581647,0.3077367747861664,11.283620937404915,14.752051319588464
0.27269932909063416,0.7139805989739663,141.6141672930861,35.10391693835099,17.687294286429893,6.92755020778998,157.24239701481488,0.9383341316866725,15.17399388347327,13.400379955020469
0.31885834826278714,0.5970289354828999,402.3109293060861,34.36074852713057,16.045571254933172,10.05058627490046,196.39871179096187,0.9611795941996698,8.99420340475555,13.216540934486856
0.15931454754071483,0.7242708311400102,1265.6951692049531,32.06950072600738,16.092062900185617,10.649577388615565,208.23214022771242,0.5180567427385717,5.27473775945669,14.256046099027841
0.32069811058717695,0.9254894814254521,1039.8021548168053,14.898274760994529,13.76421013592576,10.76767535855519,217.91898938419484,0.0,6.885919493358083,11.833834329729147
0.4310671655368846,0.7844022613734112,925.6912801145601,25.986126011596056,19.839599348617732,14.570873096653695,247.30695520711285,1.72539802714175,14.752526872988241,13.515340410126594
0.5790398902459054,0.7416771683848835,396.5288369054731,30.68477122449011,23.244153560841504,13.221237851435,260.75633169780303,1.9462400165592872,7.018506264281384,17.674813974740285
0.28535768597037514,0.8039234562671785,754.518878624342,27.39322521459124,16.469188865595054,9.437953067743226,186.56810158414365,2.326402935816832,15.485930785488387,10.749140625526724
0.160062290195546,0.7335229189151368,1765.895960578836,29.250763708922182,14.523755398815059,12.784604440046895,240.90622500868267,0.670419012210324,6.41387792173125,9.67362351792569
0.31555317787058723,0.9345601925509278,411.8507063591058,9.157099601788238,18.681300918767473,9.227787380984356,187.64018531931663,0.0,2.898257679798508,9.709147111280961
0.2723669553891564,0.8231229864213644,429.00896732095714,23.350783415201526,18.088649089358302,9.728292695801462,195.52606463606338,1.8978045518584505,9.136493319162147,16.38769840143802
0.6255837772099101,0.33983480731961246,445.19861436827887,67.41669852929483,27.14956715882702,15.259863785231964,265.76153993789757,2.252370740651137,10.880882184605403,14.65592910976742
0.3309343482163152,0.9611669508086073,889.002752641419,12.943379533319108,17.930307504064352,11.081114398657919,217.73396631665838,0.0,11.278204256053872,4.6478180481206985
0.12769162295186162,0.7599397825887607,1185.6728889732724,18.043455767559145,17.409699297209457,10.82022588303678,218.2470345655617,0.0,3.1800373521479184,4.226565091204412
0.5022768735207376,0.47365585225922285,1385.437538662132,51.453315693247156,25.331102505932417,16.79395647235895,281.4648319714233,1.669018283228433,17.394865675760308,13.968267560374688
0.365224526946495,0.2499993786214054,622.4682385772082,67.17321448695338,18.50663674233965,11.638468995984791,211.56917736364878,1.1730602096573721,10.347373746313687,11.499323880171268
0.008938547764043774,0.4581284441191314,575.8270448134226,56.5732641623383,9.949716309817138,8.809830612988028,191.1061127577784,0.0,0.0,7.270068400203563
0.3337191881663795,0.7773772184025624,490.06703215017404,28.6695962004582,17.676884118758984,10.152727254138954,209.38888025306423,1.5018763113165554,11.96134557694414,10.522876914641154
0.3285257313076708,0.5671909478891329,1132.3987721325898,42.58075128419262,18.939740510412925,10.006330006097421,203.0823624443691,0.09875930453212645,0.0,10.648226405187565
0.6285092183670085,0.964312832403567,183.6733822955392,4.5655051738868,23.768854798889514,9.317617475115686,182.94278117401188,1.1146889946678997,12.494484142639859,16.6935063103781
0.11304122554708047,0.86825967587037,691.0266331728749,19.841446846297174,11.246955716829108,6.626544621507573,156.55429542521426,2.652787198901094,14.572282035892805,17.033549481864465
0.23181945816717545,0.778790149970036,694.6025519642616,24.242674917731964,11.460753963350633,8.262515678462924,161.90872826838608,1.2177088584785383,14.146744639396978,16.991079900543333
0.18112436138148047,0.7138674026642047,1261.8512797338947,37.88426707083809,13.730788776990659,13.256149059672671,247.4688754654256,1.4141047912998481,17.824148415197126,12.413286963170789
0.0866338880377556,0.4094327596176118,243.21780034157396,67.01581690516238,14.295365568891896,12.964526841881549,231.40297325923729,1.74369918743834,3.2980710859067006,15.689574886258875
0.19915538242789238,0.761719916994487,1332.2381087691658,31.448762713670618,14.674682520398378,8.007604541506318,168.49404869437925,1.4187557369103976,8.369295093387754,17.603007086792097
0.3997726394357745,0.7850450215307354,1082.5083898693083,25.509235092474334,19.801992102935028,13.230584784476648,238.15486304342954,2.3387900216372692,8.307860079850812,15.373351332116817
0.263045274515234,0.7361660037715113,2522.0536034116853,37.87293409147721,17.132450150591872,17.760470017331325,323.9651588680724,0.9337727664894819,19.526397152489125,12.41234882879666
0.5696249460238826,0.8748078839219241,2208.3404095398864,17.47089189992584,22.23614878500681,18.328593436088944,329.2607198491853,1.7081815394426372,9.631164187322044,13.147002635467501
0.0699116437725751,0.5642968570584828,1680.206998243504,41.81731341265852,11.798363519602852,12.95515065977119,238.62150409406044,0.9471163277478638,2.212904042926258,14.145309536987364
0.46192376295297877,0.48287496183601636,97.75641694604151,48.16455125257818,23.32875306482212,11.218639404629444,229.18258323416913,0.573063006226953,18.493945177324882,14.139473818941966
0.5383637747957336,0.31153561745215375,267.4562713553771,63.44428661705058,24.072220703117303,12.61763175664932,229.7013227823833,3.5061603719214665,15.394277287787919,19.819241318025753
0.17864540250576438,0.8138566223617857,1539.5470060178866,21.72105525076399,16.422464525167527,12.180637681220405,232.3567205336252,1.9551285139194023,4.711210731383346,14.199495369954844
0.506943210686804,0.7152087929887223,677.8268935107037,32.94664271182634,25.20184407970742,14.029312004184282,254.29146678795362,1.7090805906935793,6.044326173134318,9.773530784757604
0.21801997067102458,0.9132356788935745,2205.945761585057,5.733004202148713,16.77567879005123,15.063151737095438,283.3709937368764,2.7812934108154383,16.84112957280628,16.807944150435347
0.3391924606875813,0.9020433877104028,817.1003794093613,11.57146546822542,17.053077468829414,10.401424558303306,212.45579293046305,1.0556522184858923,9.451346017598171,12.063269208988466
0.442065842209902,0.7541617088347545,1230.7159215749057,28.18970127460907,20.36337532800703,13.048210345281124,258.7427205739772,0.0,0.8199870111720822,10.707988281658269
0.326948535535241,0.8388766470965899,1168.3838048054815,22.71923310711132,22.036691094314296,16.959303147844167,305.21939170343546,3.6829648357144062,17.306620561098608,19.557788788762565
0.09891230509720648,0.612249340356796,800.7170333082686,39.767945607489246,13.101144654087157,9.487005519280636,162.7091152065897,1.6545309157707395,11.883528791170596,18.85355174146175
0.1770096159833375,0.8327695363538664,1557.5002136595392,21.273282397293723,14.787153579128232,13.071509780242984,241.7639620063019,0.0,11.619563593340914,7.910770333959275
0.2454538471847291,0.40828468324765044,1300.493323832478,52.06176647275873,14.41642749887032,12.169452841984645,248.19438968319858,0.0,6.666394702357476,5.2742108427812315
0.4751474765691539,0.9561499533515672,292.67579692810284,4.387570509971325,21.695764602998203,9.729986757458246,192.69985493950784,2.1846818275388467,10.922898043855202,12.034098363212106
0.1159037557186246,0.975577369204127,3089.808816953323,6.893727585208214,14.330341065271188,17.05311496781419,286.6213624326364,1.0498285497853284,8.05718874765439,10.72370241504575
0.4314010414033807,0.7773915092347154,267.7814544810585,27.587519744825585,20.81471745607745,7.155993072181876,161.83321462652398,1.7878239517987702,15.999845462381185,17.7155813942479
0.6248099567092212,0.7764304885122288,427.46095069546317,26.2777724948087,24.581492448029238,11.634444807881076,229.75726584166458,1.1689964983394099,18.07632042778031,9.030763505181048
0.23886630540091314,0.5735496411444194,1215.884119004341,39.136410364192,15.396885309127992,10.9381052044303,206.7995882811961,2.072769629220436,7.768035462692653,11.690517486978507
0.02314484197568594,0.7915863045860965,1058.3284680140798,22.57442261951035,12.962271685424344,7.590849342174162,161.3952490816905,0.45584571724619666,12.39393057782469,12.38133292739989
0.48095168370140756,0.8044105234495748,1378.2615746412007,30.162244603922318,23.359353717863662,13.767916353310095,248.04578592841662,2.342741090055855,12.807072673136767,18.40477100171244
0.18933186383172154,0.6875265932640242,659.954398425643,35.84389776922063,15.80137704951751,9.382658004696422,195.9655670616075,1.0671949937462424,1.147645819780351,8.020271266331248
0.18081553855680202,0.8686745866052203,1115.3558823762016,16.006621988748144,15.402152741817376,12.114639769516849,232.2855910424245,1.2616859866366732,0.935570374243138,7.838050782757637
0.5863627422165846,0.9546652597997864,453.6801705406247,3.9509428094209866,22.293008636944165,11.242854105508934,206.98505994727321,0.47072193265551565,13.553760862113078,8.817195033135235
0.09966394372932129,0.6529546482896155,816.8861673047523,32.66722606823422,13.036296766731565,6.881756353967152,153.13090703728517,0.8936549769713138,15.841406616415004,14.206223840839325
0.05133566785256825,0.7316249775801228,2029.7529640450373,29.18670382895931,13.419406650774453,11.455587533266435,214.5035692753248,0.0,2.1545874134975502,10.42968013872466
0.20668732281209873,0.9388439801349467,266.38840327423844,11.88377728085482,14.645339987861977,5.944465334001544,153.7775869479774,0.8848529136572878,7.478688409723649,9.962210681305917
0.7117723991878014,0.3897705444861454,1624.384099558678,62.748468221754706,29.749166104416684,18.668104146644414,338.9585395317503,2.2291013400807165,5.004610588009138,17.791044424812483
0.14281219439115103,0.8531677522165407,698.8292208925133,20.154830222455413,14.660758296821232,8.601355320286503,177.7975363650266,1.291083609307191,13.974539165812661,13.600624994464642
0.35149825723537365,0.855040261417348,371.34137523080005,16.195194661095258,20.44280211599775,11.203179913910784,218.85834025460798,0.0,4.858097582481866,9.677213395132299
0.23589178157684576,0.8227535804409993,395.14185991817715,18.39665326334716,15.999167512535305,6.923553163236319,163.99105972792455,0.0,0.0,5.156953216910971
0.30816295212517464,0.7681564807209251,682.4275195592213,36.10086114656508,19.477244925564353,11.035844351569637,213.80156137962888,0.7016935765335852,8.83047809489161,9.4426783316249
0.19558002054250967,0.7966729211117223,1676.3064021425234,20.517100490305573,11.960137286721462,11.446300358926862,229.27843062853782,1.6631055339305736,4.705243355410408,20.028546515867358
0.16660558417107468,0.5841765620060637,1110.5077726872114,35.96559094296478,14.231431044623623,9.763428191043989,211.22528416101326,0.0,7.787483400361923,8.99112062333257
0.32583327604485196,0.7761203530147462,244.75966804471685,16.955580838410647,19.571861623276337,8.65362726783338,174.89558835900775,3.4933124642304954,13.559218491667139,15.862900314515814
0.13540847062688358,0.8337490509816462,1567.0566545722918,18.196640976003284,13.977810818163997,10.36303980916168,221.90704814661822,0.2972998150807315,7.87454510231219,9.596495428609048
0.44311951021020196,0.7108639724902879,1390.9925160652783,35.72216157920825,23.269235067263125,14.172818806257643,276.14345099892313,0.20339224882090745,2.5484066263480845,10.865734361287823
0.13462584115732304,0.7273170176890417,139.70709698874774,26.661729961280276,13.051448378540785,3.4977017991645747,104.95111501127789,0.0,0.0,12.650031676010231
0.6702300510006781,0.8344356363982497,355.8173765602289,27.28836543387383,25.660840729006836,13.095536636899027,241.99392953454958,0.646556636029675,12.567033073793553,13.479646710340646
0.34098523118850915,0.9710124403325544,1796.6681175402578,7.5724726443773145,15.246480781388012,15.180664161525224,280.0710778037498,0.5219246769097825,12.3423706531897,9.275023667615912
0.46283092259148223,0.9404345518755377,804.0054813598754,15.908680664935314,21.024840064041257,12.928792531837821,241.4868790187893,2.5236487759034185,12.485678269881575,20.123852440959336
0.30042850050064634,0.960917252585689,1560.5137314060212,4.728841604650169,18.544462406156082,14.901584366908091,265.59604694425013,2.486309823168063,16.317364519683657,18.65983964017049
0.22230163858302296,0.6620376940286417,66.01481863431302,31.705523897823294,17.07955799207379,6.1779090948093085,147.9913883754098,0.7831482338278113,10.323482692711789,10.62246985424025
0.1883116253476909,0.754847815281837,34.63526410825765,27.518925141284537,11.909419470380232,7.083607317895851,146.01886677518138,2.1463514770658083,15.937853168929433,14.981283927747134
0.33220170434705043,0.48003888376216347,1277.0327129354419,54.20927379312977,20.655692861329527,12.92061317760588,240.42365176422675,2.0263303426244113,21.733313868170736,16.8678331060476
0.23754513621794526,0.6496440868968286,492.6044649352143,35.63724596645566,13.989786763189205,9.814997230877426,193.97094152508905,0.002463022677311244,7.093842791310397,13.230268031634886
0.47484970811851507,0.7933028552536424,1328.592146099291,25.065070280576105,21.62894642037355,17.077042644915778,292.50304510602723,3.179777817728675,15.930825633469677,13.393441039022425
0.44385129253486444,0.8360269436160616,1574.8326003690422,22.70000484180563,19.95864955005653,15.726510671022018,292.4823802964856,0.5348162703795751,9.278845899716952,11.54839041024464
0.4249282449740055,0.616699015755875,500.43008818345015,32.39456018310441,21.45770589201491,13.732247630898913,253.7003340591758,1.1502998744598396,7.451459460970662,12.782375770693866
0.4334908934707098,0.62984231327358,746.5901906956291,36.609504559432104,21.025421771851438,11.540478407183537,236.09560920869694,0.7957006533706023,2.8550326188964004,10.27734975453933
0.37243554546813606,0.7852973678058446,621.6407709762805,21.729824252175206,20.66682574744308,10.451215924105366,204.32170883284783,0.9938980826386813,15.074294031853105,10.757341648349035
0.23026720119989239,0.6768757784472546,493.3489410332396,31.730569151642744,19.444289259046077,7.945179677410505,165.11174340591595,0.0,7.6708024388755565,13.163129229730586
0.1684079105160559,0.6047290687577226,949.0335883100837,42.60877245439671,15.005902708914892,10.576906439108997,199.60716943815967,0.39032423398421134,0.0,12.579844925656845
0.18773514290146948,0.8356963646609614,1464.287474025299,17.263380002602155,13.540019295268243,11.65771366439043,225.25599702614937,1.2144396350367186,6.43943119722185,19.356002838092838
0.372040494406466,0.7615940192764202,430.5959421590977,16.431150084063002,20.223150415272762,9.592790384330774,194.33863808701847,0.3148283775513079,10.047518438148934,9.077692515153272
0.11647439779486678,0.7440286234333118,428.6928099361073,26.85483063183031,16.80213843834642,6.798420298487969,159.3939718296545,1.4234908725791593,2.8748405624434152,13.970130604112404
0.37668021049653627,0.8603597662515349,504.2168645409222,12.245590881070296,20.729685790071322,9.015967913640644,185.90970860794303,2.1297752563922634,9.754435063054455,16.253538895108587
0.09083572320872803,0.5928622975947586,1217.2457660015245,44.12405312238445,14.16228029833818,11.443969438520929,242.59871853335954,0.0,18.30754809066515,12.68825221608882
0.36554364487275687,0.688393536093572,1567.2738346918434,37.07306671084712,15.951438222022482,14.200883171069911,267.5754202072562,1.553022043504273,9.556668742991688,17.95779334160753
0.29536131665036,0.6943968601044529,613.0590822195237,21.630138290482403,18.15779011417375,7.892597785977852,158.520596944107,2.5626582477650532,20.664101931472008,16.68748042504342
0.15043140357369386,0.9154100179211586,105.04240585639836,8.741938036894103,13.22474958949104,2.1985011233238456,72.2627534202015,0.017000166171924846,12.570335655968206,6.758174121117171
0.09163265175889486,0.5882678620313414,315.39065083940795,43.82275753427531,10.930566569827537,5.93211394922037,144.3296839267627,0.0,0.4575128527995247,7.867365229800096
0.5642392431463858,0.8558806517598513,583.1798885996525,10.926365665605573,24.06134642414179,9.928750641396551,188.74797847527805,2.1550319908598072,14.951954402423981,15.815762828990323
0.30375647650083526,0.6768324720067215,382.0627803178059,37.998381905296114,17.81117987511518,8.276544027015886,180.09660425064484,0.28882649047120645,16.44940807074145,14.090351667843398
0.13741001482872953,0.9413607861282952,242.74210139819124,15.524111922764543,12.186466566734294,5.039466228880064,134.54838388326516,1.2580984039896241,12.330017298331411,8.806028107074306
0.5604697821253917,0.5588193908202279,833.2577807309814,43.89617665671331,24.388672073552247,14.450750264459764,275.9586757286698,0.7969433584132202,20.01536688660927,8.482349961264413
0.4669461995109029,0.7525753649399064,3596.9242487909632,23.398659157816297,21.3266807921748,22.493192920096725,378.70602129919416,2.660147178940219,12.456130631707936,18.92182841339295
0.3944604224681484,0.5760179204742165,335.7377475732214,31.605549029943948,21.266388310735945,13.55567173038791,262.54978770529397,2.0470658741696277,22.173748884291186,11.236783126131613
0.11075560991523381,0.9207503669807516,955.6967203510266,16.202593445537858,13.224039929521991,6.610912872034219,152.3895854640118,0.4954038827821561,7.064985472662842,7.863441179045854
0.16110420049840427,0.4112599580222522,1175.2322380470157,67.99928867137908,14.779451730158701,14.420463436178657,260.228240935534,1.9538368907607384,11.177947228003006,18.294204586205147
0.029514787188737825,0.9347097783012907,1243.8134113604706,19.854375944559607,12.69664561709177,8.864735568204319,181.377022064741,0.0,8.200203457763969,9.336034557369015
0.12630790777022127,0.7242986036262554,764.5058444539181,28.838258086184492,14.267609413933958,7.664251369365871,169.67656813563042,0.15484044999413243,5.062069486202742,9.493665182866948
0.23330943912172875,0.7871050056213778,255.46715893664685,18.697170405486517,15.82056719282496,8.077651763505395,164.436265474337,1.7775405500298436,11.687318358271545,18.548732839839374
0.29388968771536295,0.6817951744942216,1458.0376068346743,37.82655542716072,13.173392292851275,12.371288217444816,238.58791778590222,0.4814254147558015,9.351664754661648,8.014633571008947
0.3907189939939857,0.36700928506821534,165.31415242193137,61.33482046310049,20.795430837439664,9.762617180751432,210.89527719666503,1.231380058190715,0.8868500162305715,9.286496531851958
0.14664217018028286,0.6977384920832446,704.2145399425635,34.594194330725074,11.842207649992986,11.18075123862063,227.35182988287,1.155885668668709,5.630261747562484,17.777351720233387
0.044141359343060634,0.77413102169232,648.5547644483784,26.841966564175934,10.93105833417593,3.63741694147078,105.38111605720565,0.0,8.613215302466589,10.699966916944911
0.09964464573484594,0.39509117459550236,276.9800838240071,59.90681160730382,13.233210113890706,7.5180888603849985,165.11275899258675,1.9152252093890674,17.618552945435695,16.82717727412568
0.4053047079110271,0.8420913418450711,504.2132440482077,24.35434825135626,22.798675745358103,11.181916844593763,212.34812328882484,0.9988623823449367,10.781588071379705,11.563903729909667
0.5145776917064268,0.9329925548170248,1214.0797218963805,16.359010411620854,26.549087895561115,16.885287925918526,298.18035481644125,1.9156150765146573,14.041813056987035,14.469242413214468
0.22005354461984536,0.9084658548603828,704.0535244528891,10.624634639007734,13.658902041753304,7.559063146215475,148.013984238198,0.883881976233923,10.547238518944024,10.09840774053787
0.24068834963443597,0.4477953820041741,199.1011851161256,50.0828532626922,13.38548298813597,12.225399515397498,235.89208993218992,1.3390019192712332,15.144999773008909,14.30186490112247
0.47317291337379375,0.6401289315589987,1337.9503010667925,24.892816961939168,22.480757172718494,15.892617527284623,295.2142472252369,2.4461006683284445,7.653262654016229,18.6093704652399
0.2460633637673447,0.7834238755413433,2473.682039306886,22.761044400780133,16.636439602259408,12.945814011612514,243.4787753173572,0.0,2.45263004976584,10.587945731280685
0.19243561530079764,0.7832392857430261,230.01975681996467,19.04183849057098,12.407138626671738,4.0922025747642055,102.60979667012066,1.245072913026196,9.608146239461046,16.29540256063461
0.4178783629245749,0.7562951794680732,750.8030880485966,29.029418442858848,20.413753069254206,12.215174139309715,233.8888968449242,1.3805356459419318,11.501091062275833,15.438526106839982
0.4289391884528806,0.41906950850920865,772.5332346764612,55.604409559944074,21.918561602815526,11.87385177871303,241.52542235879082,1.432582976265429,0.18213814831663733,10.436130604775101
0.2343725127185127,0.639895222145794,224.05635009331942,36.27228675539207,13.399009373604965,8.416421112894293,185.2261332357757,2.8849190872561623,10.252708502501664,16.778065687232928
0.42130844945745566,0.5561547267110868,1838.045901661503,49.0059050747616,18.543540452174568,16.273882848972715,293.81349909532764,1.4382643353696443,10.669754961025564,12.25047686362702
0.15273622337184262,0.24062925243675054,785.4699564293292,75.32964068086117,12.53008571357156,9.215724897952814,208.71017748675604,0.0,10.06570359200086,12.260302367680945
0.2594110784486612,0.886430153248097,1492.9160730611547,14.637835907987984,16.060756463209692,10.74107412379799,238.1032817558685,0.4953450500945189,4.886180469229669,12.62312502127598
0.31029288321783277,0.6358767885570812,1000.0847150629129,46.20321740953899,19.145265091996748,13.942502967890311,254.33611837298542,2.0875850659331014,10.015889793439804,15.601110665041478
0.13398281632458833,0.9477286275440326,1791.536056043243,13.395168102702229,12.696609060964194,8.77782620318771,179.20854536611262,1.762048690321506,14.691536995633204,17.445888022433483
0.1590636100674162,0.9066390411046397,989.4989938135956,11.323182031861714,14.087223903734413,10.477659780695305,214.09820970284574,0.325272833349586,4.6607364737323245,5.216141172939607
0.19278391469422493,0.6603135329986347,551.5676054955692,33.715515700362225,19.311953527835538,10.942915862941334,205.0139742727465,0.5852234185298341,11.74538601688673,9.653667874505334
0.3706559314307314,0.8272383151993691,1148.6681342771542,24.490450099576965,17.353777720410786,11.890398945903101,236.8473265231337,0.0,3.8933712318757037,8.44513898910638
0.499673075565959,0.706371746806409,391.53889835037256,32.44077127932062,21.1858400945464,9.256790811816234,189.8665391118583,0.0,0.0,10.7552031658633
0.5002899473488245,0.5255265072950218,1230.3364228655987,42.09681579177815,23.86342643230244,16.441816338335858,300.34362996990706,1.438818682606089,17.8582561040391,15.255477303049812
0.4400637149232444,0.8077204676761489,335.1514533732844,26.778722108036952,22.97767925534663,9.917164550818576,193.00308981828871,1.0436211000233682,15.360789064028154,12.605129417766308
0.1776964849125363,0.702396284063514,730.6365451393476,38.070495435268136,15.272013870105399,7.265768391031293,151.1094922960067,2.8913104321354166,11.787844340526917,13.283396485648748
0.6149130080716689,0.78203327239217,622.2272537229576,30.52394982473392,28.990760339322392,17.14673496351933,287.3463697936347,0.9750665685843796,10.878784267545825,13.65798178423682
0.0300609544148878,0.5711439669148315,938.3504278666666,51.31078798523749,11.386435730116174,7.940774161681892,183.9594213898047,0.5810831824980291,5.69098584220966,11.836893456756453
0.4238480767238689,0.35850798541129475,1992.43157300156,73.08027196076843,16.64399455107711,16.30289735640206,303.9579247765,0.9370648172433191,11.843579902725606,7.936520913223089
0.3548592282285971,0.791380010375725,489.76805921494025,32.42559424279925,19.06547208060965,10.706622816631304,217.3329323120606,1.126852444245826,5.128967518185086,11.930925446397008
0.07632477950684595,0.7771912506909376,1427.205918931985,26.75609634661422,10.76615223947613,10.170378410609342,206.0389376679349,0.3678230431509837,10.830503184863051,12.041631255502464
0.2227059817825179,0.7198395667598548,1831.8412044239956,29.17229961515819,18.335273042274167,16.547201162920228,275.1657400360555,3.7087330837162114,25.809689763701005,24.231459179543048
0.2980549785917491,0.8868654970194274,1396.9460461358055,6.0340967832408445,19.380622593223784,11.610241828799275,216.64261568178833,2.4960570211314996,10.247514390814203,12.972929931519275
0.09969160966478002,0.8343717683969314,933.2202134606858,19.960880071476403,9.312908688698279,7.370459562987016,157.9960839084499,0.5692921843489549,7.6156694709857,13.793591778737383
0.2645044431898606,0.42896633049138927,898.338786423859,58.98871055033472,19.3132472069216,13.058655648063542,235.06637119587288,3.2223142001489027,23.9690818241817,14.826364242048905
0.11845463370959923,0.6281964740602152,464.3012042825199,38.680081861717404,14.840101380337472,8.264138068775438,157.0268514822744,2.0077859671822917,8.02433087794538,11.20763944956724
0.30629804647821834,0.5326169503871495,168.61959265929653,37.62336947179446,17.0085269037538,8.902366823971724,173.7618738665894,2.5211228419239973,11.740358311105485,12.668033359206337
0.328650686929312,0.417323376577189,807.4167421264551,56.007789364317624,18.05938338450135,12.776096685533014,242.13287976896927,1.3585344052627633,13.7428276528636,15.211377830911768
0.06766452580654454,0.5933376012905186,1940.767376088438,44.82627612813673,14.475967227436655,13.964019043671724,259.95427547027487,2.5315819102795367,14.322881990821076,16.718634142035082
0.2614147385509513,0.8264881389212428,2125.228646502754,15.48649232226858,12.592344632223876,13.630684356932909,263.5354936933708,0.5040827163726368,0.0,10.316138899080519
0.38030198104571816,0.42757528795657973,208.6402286350086,57.34668031009383,20.398345536222344,12.053079003997174,251.42798206888745,0.0,3.398901962872525,11.373495954884294
0.03392351769310721,0.9709892921850629,2081.751952925584,9.769098707740593,13.034907212577746,11.502240866336557,229.3912281960283,3.19943331408566,26.529935599557,18.12104750642351
0.3512485731510554,0.5534920146001872,1187.2370224106585,50.775556891111876,18.603788267352318,15.094808205913207,274.66662625012685,0.731014247660551,18.23849868948135,12.159092408151645
0.3919621743079727,0.7311362637481349,1092.312633181773,37.76076322663798,21.0948739839829,15.638860318538036,302.58616989868744,0.869625461471804,5.293069787164201,11.263485099999858
0.58777575278609,0.5364989725101142,1930.9823880217052,44.82596216103639,24.900702892767896,18.386227815337133,309.974052950738,0.8345082717646657,3.771524434143788,9.003629496230943
0.3333736556291405,0.8163063031222145,1569.201110683742,22.451219627954202,16.766262851304674,17.188019224865165,287.03185738680844,1.8559926918633038,10.133910983117374,19.71390307826102
0.12080299574317437,0.6464536955078772,329.9204735611963,37.89451326707866,11.402014858750853,5.822214394593365,128.4659818162535,0.0,14.009502106168771,14.201294849835168
0.30703381795006895,0.5829090724108785,419.34779565982876,45.78505777996277,19.099703983509944,9.229787944786816,196.56869365078526,0.0,9.210468512338224,14.770476110594503
0.32241402738259833,0.6070178267200702,146.25634874878799,43.05541102340041,16.788937233488657,9.645434997489975,196.3671274825704,1.1961309534104856,17.10494947660039,11.372382724293546
0.4314688799679405,0.6194666755873814,1057.0773631651693,46.37302699863452,17.737560122406993,14.32168946728909,253.5421049539704,2.5277859140222745,20.10455244058004,14.273681647402114
0.5269870086170804,0.7130070205649777,367.45617786571023,19.172884498047814,23.41947259887001,11.265008733397396,211.7041856470121,0.40107014536227203,0.00745966032386125,9.759340476752534
0.29500164017313596,0.9065756026158921,535.2141343458793,15.498301155684675,16.348878162391372,9.955493072877324,186.91756108825035,0.5761024637831385,2.560170707022956,14.66257699151634
0.24682830272772874,0.7224356560518193,1776.6593736039679,32.41784600045743,13.772491317713797,14.146974977672588,249.7895405661164,3.0780089990588344,13.831170273803828,17.694446283543492
0.29243838283568613,0.7898000335581844,1161.0938036326888,22.741850817113573,17.454454437027927,14.837755979876338,288.0769174456579,2.9656391333325596,14.252683078655185,15.784522737387068
0.2262637815821439,0.8770573950792163,1183.3607669972891,4.744785730392611,17.19114801972759,10.279626683315495,202.76005056222928,2.340891351702797,10.97203044206319,16.94381341349347
0.32637542003644365,0.8745116309006181,3049.5048660171965,15.988972665076197,18.199685629293928,18.056683869628888,338.54607892762243,0.03129683453449772,2.315362988940972,7.8688952865487325
0.11586574073885923,0.6249549553380253,17.993734982694548,35.20125020612785,10.764161806339985,4.546023701806487,109.29021174214269,1.6383150112096274,14.755711694973396,10.02961588800761
0.4172286247606239,0.6891066416322735,386.261732392075,41.37017930271401,21.394322743822702,11.86751987695668,232.92404828663115,2.9864793340894096,17.62489907929291,17.853903208274488
0.3543009767658992,0.5394731931375858,619.42341017489,48.32386946675665,20.92783718330039,12.596398035642787,241.21679713780742,0.0,11.098890390852095,8.451780363622207
0.30470769984274104,0.9096647815795093,409.6240479816179,9.152745520372864,22.043760822662367,9.150073237963054,196.0479142994357,1.6913070706318654,13.024419858312134,14.187167389557747
0.12565200828583423,0.4261474013552345,1484.313359610218,46.38350885405316,16.024988267677223,11.3911378294755,223.41255249027276,1.357522738046663,7.048708671632436,5.339227919688161
0.10746483391644833,0.9426326808793959,679.5712832428694,13.116147131946242,10.675904067513825,8.498168950943523,187.32336819687757,0.15206261506195728,6.550560217671844,7.70392135193956
0.47440978509061443,0.6855493488249839,297.23025199255295,36.78130457446969,23.576410103454553,14.265212017969212,269.5201563946361,1.5797053666916405,3.7622691510857447,13.814091641767451
0.589349331147278,0.91514928291204,990.7626377837909,11.557680282148693,25.24678111999715,14.086584365263327,250.38604657979948,2.383629791367931,2.9753331297807772,11.409902559139873
0.3410452139742546,0.7274510000491338,1116.0358099709342,32.54778740635601,16.221932027617804,14.969091540854436,281.86352075709044,2.683134354133791,18.948598233049196,12.260670248428198
0.6385167015203643,0.6483394130734339,321.2883448155945,34.90810018107438,26.53050796165305,14.417652189389992,265.2337925334265,2.7995920670857872,21.289918562314007,17.11528829753462
0.44643346716722193,0.7725029200359329,706.3559841307823,30.81081357260685,24.99819007499473,16.015191625710457,282.4606785940619,0.628367298701241,7.874116300104168,13.675663993126058
0.13850913699200088,0.8316909033199368,1135.2385114144909,25.111242880058345,15.854456846238365,10.99172394838546,221.81563699279,0.2918930070728948,4.211043978909008,8.05458429155838
0.30545195990414853,0.6024707144641152,1845.4618699232858,32.583008841215026,15.609399385130438,15.000928122415967,284.2295073143118,1.5672371749284442,4.559597669539894,13.131712964757028
0.21850223990987594,0.9450096306893453,448.2934939104444,2.973174018253358,15.489990431516775,8.27695101003042,169.3186135073696,2.458830937721633,20.669948901409793,15.430009313757605
0.3517355343872916,0.847331510156534,1226.9321804750564,28.896572701129585,19.77673722029598,12.482574716090527,233.73297155832438,0.0,7.462650656624845,5.313057363326855
0.2803009010771648,0.9153652298148491,508.012378481004,17.278111066799028,13.547715323650829,8.781195656218369,167.84673183009556,0.6224800326043579,8.945787873652245,15.10785832015615
0.380851648817267,0.9024519718818007,858.6114914876166,7.467417505495136,16.130415693052505,12.270267055651095,216.00673455639873,0.35406752311158995,6.392151172970077,10.336296457154315
0.4039776374123601,0.9238004226484462,348.94595674263064,4.006061769525312,20.40869662352633,10.118478191852882,199.35408990738296,0.0,2.652146406092209,9.483281213565833
0.17287068603517866,0.6147377466932109,1200.3611226586793,40.71246312566163,14.657117250747504,11.372164235703814,228.50300835703266,1.9539433861540605,7.249359088059111,16.003808677274154
0.26659885120751603,0.438822532201588,1636.8853074146077,49.7943951424907,12.987333413262395,14.418775199579798,260.54897104962924,1.3029103953160457,11.475162348006453,8.577291036286512
0.31625371320556356,0.8840705864839664,731.077772921843,13.850110276818775,18.68228988155434,11.08570496535865,230.56351111918133,0.0,2.3073754380331657,12.759802885876097
0.37194164574432104,0.6104958885466203,659.4919588976167,39.81897408280039,21.47246655060486,12.911989602960597,241.62910412609065,1.3398815877608647,8.239721139563546,16.501536282266546
0.49174170512246723,0.4943962952593109,610.5960062149728,50.05214148233845,21.856939290352656,14.282562208202249,262.2283398717985,3.7385466172280877,28.543415294596297,19.767961633534217
0.12501735336428055,0.7294255326128193,265.62943712570257,34.98439347375873,13.245057406489371,7.307792018207831,156.72596316774596,0.0,4.759613032925441,11.38662534348593
0.15278096112526032,0.6363844907156722,1372.7868678913267,46.89917703121703,14.9623474615,11.065889172196426,225.80426332092327,1.3983429791616282,0.0,12.517618955550772
0.14586092297132802,0.6016099767475167,1813.4935705195192,38.460512828562706,14.52458162687131,12.52484525559842,228.28357313093954,3.234103771244615,15.25912286791844,20.675141574546277
0.46823918603609727,0.5219081996953391,426.40313619150174,42.37496620840328,18.368734646571998,12.017334687621016,228.97041864105935,1.2918655736634581,5.160203554251261,10.760844812780707
0.37734570482007296,0.7781156353422773,947.6792655929684,26.913823594112923,17.623400236274584,13.04587304534289,240.21437615227927,3.549092862369477,18.50027294675038,18.775537179021107
0.15435887057728526,0.9740213865875063,1177.0689999202618,15.495475779338031,13.067264892054911,10.730914823096727,205.34804196303412,0.6182968160055312,0.35102527432729946,11.627532498078878
0.27531627555274263,0.8537305633005022,500.63493244551915,16.14817352125658,15.161252787246196,7.273841453827172,159.4591652521909,2.0264699530103094,15.274037948505784,14.950121475900271
0.062754814349766,0.8065752586019056,2119.332101391009,26.660021185899563,14.502807354698417,13.261038029387962,247.78233753299864,2.733089913178597,14.452027017050213,20.040102951816905
0.08383388961880359,0.6792128101290412,960.7750889877486,29.685169125715696,13.364799117004855,7.241331800158548,169.13668998891845,0.23816570167169207,3.5741000047593605,17.160028765844405
0.11312500344756798,0.8209385157104896,208.361701660617,21.221890426556545,10.608674274596002,3.303699477332998,99.44775015799634,0.0,5.748093206869661,9.670488858319144
0.44461072015265063,0.27600767275033367,1697.255708759831,64.34959804096918,20.686596488227256,17.788596922032728,322.3790112803143,1.0000578898833399,8.616947320600168,13.911217626189803
0.402011652857962,0.5481135461159834,753.9362508412514,45.723941151957725,22.31107559554971,14.901931170212466,275.25651901880366,0.0,4.326449825012485,7.592717684381633
0.1618451653437009,0.849657738496177,574.7828590130096,17.948528641766078,12.753650350815827,7.554072744569543,177.34868117063778,0.8061331381356104,7.103599097793815,15.111097285833399
0.1846373047231095,0.9020598544051333,1300.5170304413114,16.855227599348392,16.319100326766254,13.831996131843018,254.4560922901149,2.1398154195777486,13.457690595293116,13.797084579989983
0.11443792158328557,0.7333208168656501,514.9978044891656,37.89143452553911,15.627307420703449,7.968006473246126,166.5243831630168,0.8642898410108915,10.173039722187003,21.596108948314455
0.12366248132722184,0.5531731081232423,2030.3100014505815,43.26994316436147,15.523843962473679,14.649439421229571,277.1919771962084,1.3511904902903573,11.49461344610491,8.365756826833843
0.17134026851709863,0.707770623570604,1738.0927440060423,21.301998141917174,14.644315002095125,11.098329945042364,213.3149207570443,2.6171420911006282,21.102966257136973,22.985190729015336
0.31292084474048254,0.4535452099323658,2218.882383022921,53.170411660189195,20.32507111314264,17.56531156499077,318.46359032229697,2.2830773972684852,11.398861721455251,18.681360057319587
0.26743328539670647,0.9510411010467912,2938.8842596914155,10.902889023230943,15.64135610174704,16.001443837933802,313.4008016243751,0.6441970968244666,8.767417857629717,8.243767244031373
0.039990235566209766,0.6671432657264127,1164.1933080346853,35.96660652590655,15.971518565047436,7.85274730129471,158.0016828924215,1.1188261527176349,21.70581499235342,19.755410545102897
0.12916460454983805,0.6487496378233003,809.0444044391179,35.82541854447669,13.71081419661503,7.3579905850389045,175.6865634394672,2.191702557937971,13.562042096714872,12.694025165017601
0.345353376945877,0.8171903294189669,497.9421115946406,28.891445056274748,20.927422747866714,10.466193761888395,202.07084014522107,1.839757942618002,12.348133306865176,13.656402305456854
0.3038187468600258,0.7005748781110993,1246.1618091132325,32.62933366934014,16.871450953470415,11.472322117467286,235.4616183721168,0.42962650495101457,0.4015751112469257,7.184288594767313
0.1819697934864011,0.5157154637651042,2885.909822695496,48.06162693554329,15.548073903663012,17.9848808449566,326.63367122660657,1.9474459267051067,9.223731291119917,14.429259101196166
0.3476710752964269,0.8310897424327198,267.5572386262249,16.313392546900364,19.77870384373342,9.24887861536834,194.73645582368022,1.1706122286362821,9.150618356200429,12.768438732322448
0.18531866095785812,0.6679200408320409,1021.3380102656573,26.15364288841033,12.77529917541642,7.468680790676266,160.52058038853278,0.2445050265202569,8.64528828180812,13.101354638129834
0.40387231898913295,0.9145414486182867,205.20301989980612,14.337429305943893,18.179921234904807,8.617204370173859,176.7530328593762,0.3581871015339906,9.678564419469513,18.210408860402993
0.3303596933172203,0.713405978356378,196.36984868667912,32.020551447262754,17.849987220085424,9.978995750628998,192.46486045901926,1.2021296661367717,11.43988853334245,11.466442249952092
0.20275905361659477,0.8242415479020817,1854.3711372516755,15.521608014171779,17.27964142810685,14.809422829483427,272.2041028572162,3.2386207271555207,21.974972978044647,9.838660561242152
0.6609428657228628,0.6715299427142911,1655.4106194035999,34.34044335795471,22.860716355381534,18.830165599232274,330.6133695258439,3.170674786927914,12.685984365283824,19.872181401919605
0.24306659806342185,0.6703102281586953,476.19412655621085,33.95282229808185,15.350966512200154,8.77132197717746,183.48001218878278,0.3488639591820843,8.840039013816885,9.221227739957559
0.45389777929401903,0.8285838463612524,315.47101539753714,17.304951205441405,23.967189728082843,9.417783970711227,177.16020854528867,2.2048770533494246,13.886273376918133,20.967552844042533
0.4307968639756174,0.7073773791239699,2277.162599307747,27.36948231309654,18.305662812515067,17.54581071670733,313.4136119488654,2.13365148339879,14.159083583010776,15.230374883586215
0.11345022765462655,0.8754736546885543,337.73887539571797,18.232779433554384,15.344057017877164,8.951999689064156,196.90652519193983,0.8085924053364228,6.422775611228809,9.744208686322553
0.17734018426315923,0.6539559929728015,245.66679898973825,35.014902124696114,12.177918653443637,7.388420878135963,170.2667985188735,0.5786723927677139,2.549537873272768,8.40777513433253
0.520366853660453,0.7254117678891417,348.15389278015914,26.757972932838452,21.176088113342523,10.909539458561168,213.87310964248425,0.0,0.0,11.868660158992862
0.19821609279916114,0.7054062757586008,1099.9708783918777,27.205075053041412,14.660958764227061,11.390548974942826,246.48241564639224,0.0,6.60335900202809,9.174290010916977
0.319251728447409,0.7355655509612571,3209.3227728743987,28.14917508467419,21.728211347947095,21.132581748788596,361.21519318262233,3.0697146746029143,19.768117065757092,22.077408445898044
0.16050123609140146,0.8053285484109958,504.5026813203939,27.14284848735923,12.732516509460405,7.907729940818259,167.7492286840875,0.0,4.352148619481661,9.368231503234592
0.35687374440149017,0.847005836181921,1838.364610175666,19.80267511469452,15.455918033312795,14.146894124549135,247.69826189853558,0.4179260279990431,6.597636490216535,15.288675550584625
0.1644345674912187,0.5779334345572789,890.9898501308941,41.80038077997172,11.306992092322218,9.043097162188188,181.61010431673006,0.15554584564354978,2.0211297422659276,6.248461995865969
0.42078989014225726,0.4855401341972966,106.19206797884476,52.84384004508541,22.383643634101453,12.284826330717769,252.15053625443633,1.731022239492166,14.439397716659972,9.11169658321834
0.3358111999222186,0.8441913791804766,517.9389841189834,25.844700947095113,15.6857994278709,6.477825961800012,143.51257760480493,0.9391439357595519,9.059703679695449,14.835422700616924
0.36224494414215164,0.5429835155977087,1668.1354017048466,48.583553772106875,21.432052754516125,16.93238936686175,288.70752857136597,3.269968965795985,16.25180670047085,16.78164562792059
0.4793856255060167,0.8613550822970968,1606.8091080690565,18.779047501125582,22.12422227985163,14.804777673606482,280.79165393704363,1.9122125437515436,16.97926716057806,13.989878773247844
0.3169407799702096,0.604232774269136,456.0923259268631,43.811697837077176,17.858977046025352,7.3715082964806875,164.46472686929812,0.0,8.225097220670417,6.963418092094011
0.21779760335858628,0.7847467934338421,1367.73811906061,23.582719908342533,16.039548575883572,10.33648745123217,213.35377242873574,1.5778241398183557,3.631951822761673,10.68805620222183
0.10095000882532025,0.7414701536389147,741.4787385373704,29.18802527634529,10.921909548839464,7.817133586948425,164.28649302179767,1.347425026836838,10.635452496407524,15.275563884722773
0.4205512769460347,0.9587371880391535,1069.3199441672734,6.26887595707945,20.78952576664125,12.225781498843117,223.31548383662323,1.518521070273493,6.282902546683632,13.739760791266058
0.480140038163154,0.7807100007333696,1909.1865451643303,16.983333327319087,19.61735496060474,17.379643079689387,308.85841316431856,2.220873641462703,14.581102591011877,12.371580655460741
0.5994867283622967,0.5777700598930173,472.32574044636095,44.71487387156516,27.684950068365545,15.285710344334326,284.8341050288604,2.418868912419306,0.0,18.41880391949348
0.3901523212798026,0.9240470268510421,597.0329333104123,13.569168005583892,17.699217572173723,7.5226188947444905,162.11601402040023,0.0,5.9857203731082445,13.524740417197586
0.12531999465857194,0.8049149270898358,1933.3172649125563,21.119091770563507,14.010761136311691,13.459653155420813,255.77434906413384,2.490444386310548,18.5216966494479,15.8996146145568
0.5549566248660377,0.8488906404543797,2989.972511327328,23.778947702114667,21.80441501712972,22.951968642046964,388.91134675227875,3.6689347473081924,19.12178185755148,22.181936622294337
0.19559954318434625,0.7743021892551037,1527.3467898505478,21.704786362732502,13.823579406625838,12.161343665405559,236.6711202703934,1.1989304878371323,3.9721294237577407,9.991911546556898
0.20048238301079696,0.901179632043046,1021.0564856895153,5.036911056802428,14.264395506950303,9.83325211353719,197.4686423234552,2.507128402979788,24.810365216193958,17.999447706752484
0.3534949547731193,0.7934555919664222,1517.5537526963865,20.103417493746008,24.80006983117068,11.724574788623805,218.8098826674583,0.1761168248335203,11.48426996256817,10.925542695692046
0.18109516703243198,0.6024470462539273,515.51136404203,33.07506932438661,14.498487002340367,6.854010824874255,154.2096639240156,0.025931804835688244,2.4484202913235933,7.690146237153922
0.3694475829971512,0.9304362260741399,852.4440370596164,12.950921430780781,17.593129980848367,12.700942884455145,236.64722180737968,0.8388982775167686,7.050474032720219,18.256421437752724
0.21310650768719724,0.8467826621848674,194.0386239625605,15.029171054833828,14.438551468632177,5.978685347172182,145.851924886368,0.5697445081199332,0.0,12.122686245569602
0.486187395935469,0.7892260640123334,525.4256068038598,28.893100201368874,19.145339794811672,14.642313446093137,278.3662708037198,2.6168130086451336,17.834255353027256,14.769571839705558
0.39294614137038064,0.6279633658998534,1118.2170173003171,43.3022910818105,19.4980816913494,11.788630390584746,231.8448337742916,0.13481128209516868,0.0,10.395900353267093
0.1196582344866076,0.5336299892772941,947.8451427516832,42.34843049885288,16.693629190982925,12.715770712188444,224.38668656741885,5.203359897528159,29.14526677017279,20.399316584834786
0.4200596734436081,0.6585020664983984,68.10871393261817,31.694279698867575,21.173570898050254,8.477603443453289,167.5163441141724,0.3983154459583441,11.72297140221188,7.525153429488597
0.2398254713993624,0.5828945454768364,673.599740328653,45.211689170502986,17.802438684437767,11.837606968122865,221.1983358574402,1.8272975778921303,11.957871776847568,13.219985128042152
0.6355527336205489,0.7473503408486875,933.4771400354277,32.63766823085808,24.068931060903516,14.617479876546822,261.2990577048947,1.934202497290504,7.414541154842896,13.6903689523636
0.22512437152417725,0.7762815453067312,960.7655274080272,15.07155786427855,15.221424949621017,9.854365939340525,192.38701934015805,1.1871654969492513,15.993745659755882,10.55539231175342
0.3627775108393964,0.9191966655083216,240.4967291257986,13.68065445439885,19.47724304149725,9.363141143290273,199.6996018900291,0.0,5.010847283667799,13.753339905457008
0.2653096796889775,0.8858737163517603,1386.2666321947706,4.283412564125253,15.182128331371937,10.239003952043152,210.57160366603605,1.8938007357704412,13.041329842704004,12.437172123873797
0.15817883795930784,0.6582619703223564,2714.045610298567,33.01384212149411,14.754484422444866,18.187137506622356,318.568549301969,1.5013047702678706,6.347550063307049,10.956574801635035
0.25366906490450636,0.4627160571691182,1505.4339941013736,58.82383889426052,17.57258345299019,14.229357338220824,269.35829667322884,0.0,5.965269691759239,6.4428392817637015
0.39801859639287906,0.8557325153587186,852.9121948631232,33.03292428481213,21.036161011495054,12.669942817130922,243.33756278161863,0.17984137460254468,4.704802635808156,6.60365426625823
0.23248092479942997,0.6868620413623283,2314.0540592448433,31.988297106645614,15.509856565309057,12.07419988299028,230.78441013481563,2.7663032450521188,9.422773958822734,19.998113166244796
0.1580235615846074,0.3151368943969481,516.7604246332312,60.40210011242445,16.132411640920306,9.265194031333639,200.4601574960549,1.7957818817284794,18.883088951676783,15.263956209802
0.3827780533868447,0.6694571451400988,1261.193421269823,32.18139606531578,19.054216457634155,15.469513366612428,275.42973742495235,0.011580214265984878,13.84194638364706,12.09993316929793
0.18140182094433543,0.9631104743915815,784.3157883241504,8.65040574495919,13.837403948053828,9.138624380985373,187.60696108741482,1.6686953942893563,16.76579321650809,17.226953729108274
0.3973984796115618,0.6810633484962515,2331.2517165368095,30.353092437642985,22.818040004489966,19.77437374711096,336.1070051833104,0.7994811691607311,12.542090606760707,10.998803642600192
0.35463454005870654,0.81711752062344,361.42561817052865,16.83530476399138,16.65193090206651,8.702310183453443,170.50535820393645,1.078997512473847,18.14151085284803,17.114213066810827
0.30156208172798354,0.26107812084932885,360.6055142569063,69.36871909119868,14.13311420162863,12.95773354999233,230.7583530010099,0.6441379803350982,2.339063176228449,9.729674416058021
0.4266997543866841,0.6907166826321209,1963.670517366526,34.81338489423533,18.931861227190918,17.281386608203135,299.3622276117347,3.2787466727414634,12.817469629144206,14.909688604459502
0.5618310995068542,0.35399210432409406,1196.5112498961685,62.2936659155498,24.820261341027436,16.12826616925855,292.7549981504331,2.44897066036138,12.723911888169155,17.243276631059146
0.33821554578441915,0.8052742259853316,2072.977799861821,18.11730566085499,21.022570673540855,17.33959776245793,307.0691246444497,3.1712641759594717,19.174328540634274,18.36180407374417
0.19566529046350273,0.9398858964722874,393.9563817786172,7.059956819065171,13.570595245224336,7.913632517792015,166.0057748628144,0.4727664537026564,5.4279466217970835,11.610795400863754
0.4754453361182619,0.8609504478967107,461.52129055662675,15.44516694094387,25.515808443537384,12.193664301901581,229.91333334660504,1.227469641100924,4.809917016429981,16.11463812780985
0.39917479999906763,0.6753264691602443,1049.823627205434,29.223485787656927,20.033764708529315,12.254531073281509,251.54539234981007,0.0,5.028281691054174,10.31863289350676
0.3553361742762846,0.48158158586081407,202.9355672059239,48.12193229058791,18.652345262510735,10.280588325044834,192.8370233877012,0.352757694499336,5.939132044441955,11.82104966329139
0.0754252957269362,0.4603228267754546,996.251577599978,56.78912559322779,10.185756111534287,12.045715664106527,218.2448017642739,2.62861878038569,19.72109460088378,20.650354686538364
0.4042106165478863,0.8062461311094314,589.3263871327174,21.286243394023714,24.007975750968424,11.972824005004766,221.13813414933716,1.916815342326993,12.889962408488183,15.592081281986449
0.25238606081353504,0.9032259317285466,780.7112769098158,4.94223134901072,16.009073764300403,6.573762421204853,147.88748797162287,0.6119678088014575,0.0,13.0126966247817
0.03672441287538968,0.8817934989841197,1380.366231236822,20.763328586754092,8.254134269501318,8.148401229009037,177.3737315610061,1.829942550740378,14.247110647198548,10.321713326009775
0.017152436729953823,0.4859778693028304,1431.125437887105,53.34559086167063,15.344148255909767,10.817725016469208,218.4517513858928,0.0,12.908927001810644,21.157454442012103
0.18177778265448172,0.9144563751158762,2623.9649258294335,5.783261420835148,15.331784754066737,14.407527630884234,275.5592976269614,2.097885548510455,13.53617866462228,10.4721869666858
0.0386633500903585,0.6910586940163378,1763.3049016981126,30.977822507960116,12.564244653467524,8.629127777565875,178.3545280030662,0.0,9.934793122402612,8.382011945156583
0.30143995873889784,0.6894762493186862,110.1612224547535,28.986643416029295,20.899119410153894,11.272230933731436,215.1202528069035,2.787604846611111,13.624801094462274,15.26031026812098
0.07107160920179088,0.7204858590795173,389.34369927428037,33.5408012282416,13.005715394953654,5.439413621852271,147.9258112773071,0.37034800756571884,9.31013733216476,17.249916575611746
0.22790327069427474,0.6938349763050617,419.9218117307024,30.696591002306164,17.64736048144578,7.478924570494663,134.3417847879547,2.421602559356658,10.963464141160783,14.25220827856048
0.201872291639584,0.5873861237996069,1640.5302891306947,41.77138218860558,15.15545743564571,10.626424531825863,210.0239582018294,0.3734892092646047,5.261461718624817,12.259361336809008
0.14942446263587986,0.6335571624673471,2376.4656974678805,37.03388327872747,15.20307614076744,17.133057553050524,311.29593274069725,4.123054774880615,20.29908102204689,18.619339562667506
0.20337179341862077,0.8791873848642686,274.25713992229976,8.472462713588856,15.015979206352265,6.263725644336505,162.69272468881672,1.8760115370059482,14.887496629646176,11.569737660205373
0.20038852937839186,0.610135954803795,1669.5925832262449,47.114744907444226,14.969293062777668,13.356239365096627,233.73792875789695,2.431984776828077,10.607155048851087,17.791028001027012
0.45204601618489465,0.7954820384796096,854.1849960180841,26.718266822752728,21.54058391769026,12.153107013671844,228.09522882078411,2.624269056673934,8.1726523039157,14.403773582319502
0.6056351156066163,0.8222174366176882,763.2009315938865,17.26351269915872,24.34724759807304,14.294854014297805,250.8467082033498,1.7496243704203243,14.34905838482261,14.996830634428118
0.4940954358339582,0.9469579598235405,509.8199248553502,10.73309322085807,23.361141566520793,10.312836816101456,186.70978856575914,0.3179272004286555,8.434335839428735,12.674895566979568
0.10928634375784939,0.7041423972804345,681.2182626364933,36.497773818997835,13.735848944376448,5.501078239188761,130.47091666156717,1.182309961230688,10.291672496430666,18.67603959635099
0.42964440156477457,0.42423836145256955,999.8984571673991,57.097252533056704,22.378943238908544,12.71114924220687,248.99817620922715,0.23743417104734477,10.614178474915061,6.807060542908148
0.48714151548777984,0.35900956750462865,561.6555205585861,70.47290985792388,23.45775091726544,12.170855121519073,244.6225227060971,2.2740575359127764,13.083037796859369,15.226698250201576
0.05622618200137605,0.8733780458179533,1153.6945649652166,30.985230085973228,15.405740653266454,10.337687080276385,199.74657812800336,2.2580730427126023,15.439039360129362,15.31077441406854
0.18631021948977033,0.7922284757650592,765.8481632264402,23.06882850158776,16.763014966517392,10.616796639680643,215.91721200052555,1.1277842743304392,7.761543378264967,12.822244968951878
0.4053965206779765,0.6277454569973201,700.2918820169392,35.59026015503687,19.720409236120222,13.980622531466672,257.7321509886803,1.8357048719229583,11.049761311225891,22.295666148555092
0.16610962489508477,0.5382697702690348,1313.8607744075548,41.608674415683254,15.058883630028946,9.471244736177523,197.63440883388805,1.7430030602394937,13.673094346401932,13.837509959757156
0.4774870869721777,0.8933514797366151,1071.8046060452798,3.5304937082281995,24.762573402624472,13.9284309541425,270.47121678872975,1.5174860919199378,22.40299201225063,6.231946437165595
0.3523922428763931,0.6001557066947375,73.21702422650823,47.226711654721846,16.909859693878765,8.087213788428453,169.36590243293426,0.3668894727698242,10.179045917308024,10.321931096153246
0.37161569360939734,0.7776420729799027,1189.98348669882,23.244744381492353,23.31887592646728,17.77811522043848,327.4414721308272,0.3291177443450104,9.059517225753826,10.467662722453055
0.5290155359179474,0.6155967172698861,1027.8863408722812,43.97307418306059,21.676109530449043,16.869070985529945,290.9057919044057,3.3531685636030564,22.279871289752922,17.659796520227143
0.45631083629492003,0.8678037230964636,1841.0543680723272,22.27992577576238,23.208321693848546,19.162791823715807,344.0069825254275,2.5439046188411845,3.4367291393978494,14.203828953554163
0.10580216476171722,0.9294074518219911,1058.6414913149574,5.948478186365685,12.658254999491911,9.4808051729656,202.54881032236884,3.3676788710471435,20.066604677960367,14.455292269175757
0.17234550409690189,0.8628323733666916,650.7105478849394,12.691015423271807,14.206772802593665,8.320005210580405,184.10217022493728,0.37302686310143707,11.044475911651634,17.411040276765124
0.3155891181638463,0.5447754609136343,493.2663082603046,54.693642965025084,15.283902206800509,9.92117120156744,186.96735490026663,1.6457181270165049,12.005005567924766,15.06917573335494
0.1624681306542474,0.6996834781181274,166.30000056083915,31.67816122040053,15.876703456197488,6.0313774106892275,138.41255116595156,0.7919534686140532,7.951933724683985,11.403162844237615
0.35052578309385746,0.743176731032577,844.8167666047763,24.81265652147456,16.186428207135094,9.651912757877486,197.80044267039244,1.5078907326297224,6.33186847592237,20.15260473137674
0.34952932502704126,0.7167061038016954,424.21427660163795,25.27058418332634,15.852692659952593,10.06088830187509,205.3438489321403,0.0,2.832948037421199,7.394026945499816
0.1085843377468173,0.7641770759029428,2032.7304823956233,25.51678426672958,15.034014480483584,15.871142215718997,289.22589272946385,1.7686932947691727,7.907295911414581,16.228958467497964
0.3171727928624157,0.8055750149302777,873.0857529599505,30.037720761166394,21.50853101314655,11.22267928368485,232.63205207612123,1.5823054268056675,16.326755933793276,10.208579411749035
0.14931213732572604,0.5412715801367172,323.54266169849296,49.71274769651109,12.398311900681165,6.750528700353068,138.30147039859514,0.5685096798345612,14.782377662071454,13.673549588664425
0.1969632926576165,0.5944655522566484,119.48144228657208,42.40691202845561,16.930300763750882,5.488267718678909,129.92150744035195,1.1855041517830116,19.417346959479485,9.56027450160445
0.3157544528286404,0.6748410080423556,176.87265102278081,42.206913994143235,19.486914027511368,9.633946533144387,177.63147699677685,1.5481395779570728,6.942586418964758,15.28173811317315
0.4414151074615897,0.6413770043656181,1119.2196873520934,44.25494543194691,20.852340296316786,16.192699146670734,299.10297530209994,2.1444012964943697,10.235542883797876,21.220710577940867
0.12053250306634901,0.6073166436418815,2191.8499878453185,42.012113125843285,15.684946339867174,17.103998567264036,312.10617298336336,3.0503503644403303,13.452925637471296,17.906224694260654
0.4411068586595617,0.8336412132030516,1292.0009217139323,33.85288909940603,20.700427105935916,16.562225187378253,331.91941146783637,0.7523971733403969,2.9168080352702974,5.303248540334927
0.34450096453350376,0.43699054133038995,778.8993686996564,54.43373550229736,19.647592403975644,13.16354074627052,257.71670777791616,0.0,0.0,10.10731444196397
0.3174436997797084,0.9319023059592995,3028.9850162023567,16.61893494945901,15.428552727807391,18.93600227568601,337.3536855468237,1.9746508686459203,10.321129093179067,16.37798323095454
0.22006756499748084,0.45350298474340606,1495.6577708818902,52.21974834788282,13.079629864634876,15.23948189361891,281.141179161022,0.8838985802530788,12.907981952047393,14.912698393010412
0.3241332920273888,0.7735525241306804,1065.8587805285022,29.894515010335866,20.44142223026228,10.752348650160355,208.11912064614089,0.0,1.4108237575199158,14.420774480449165
0.13430879919236233,0.8015809284076635,636.2925189495687,21.6157805254864,14.460130402955881,7.208181666251843,159.42760193342275,0.4353993145758525,12.006998357121397,15.662210215165326
0.2135288727196052,0.8944304723276939,2268.5166121761017,16.808099070092663,15.053308066114292,17.446970714433945,314.46705033244797,2.2332015777364034,20.7701455640826,15.190184430260798
0.44187143525507605,0.7754769980159562,686.9316609008442,37.15774972797671,24.862476283305853,11.258048769901466,199.22313816874643,2.7988964596871346,17.62106829321793,15.01892550591109
0.33781453892329183,0.7823236351019501,422.8744918390357,29.35013184773086,22.23999481674644,10.145832894444323,204.15662932173484,0.0,11.145654259593462,6.644468378061928
0.35798617193464516,0.6380858780596371,805.0557964587235,39.956476538081915,19.827990297886394,13.003130841460697,246.05705830565788,1.5086927802285275,4.228469644268165,12.151882712535325
0.7703522521496339,0.5860533416980589,933.4702923158904,38.381685286282746,26.34749606727442,16.891955693853163,320.91946817505897,2.6356807031105527,12.751789956195694,18.018793304590655
0.20219440201126251,0.7980180232745568,1587.189035984852,24.11952142780601,14.83166207428089,14.121163002491521,260.50072743934794,1.0830287749346688,10.279197840867868,8.661628494649166
0.3704276274290865,0.9168229107647616,414.0716672873165,7.445925523298872,17.595527025735628,10.919850271870088,206.1423005397561,1.9038629062096941,13.73162172724322,11.979076469238784
0.11531333247711904,0.9143969447100263,484.8371132581745,17.139156717282795,13.061860493553896,7.397588503165629,163.6491483682841,2.126796659203806,20.65334926109672,17.00388891229321
0.5389991213253186,0.7066833530569908,507.42567312899143,35.707886423320026,21.602383699977896,14.452541627917341,267.53160513757314,0.0,0.005773250973756916,8.060538634086061
0.2545151196259893,0.9195294304827752,772.1653931219544,11.344174026982273,13.970426141796523,7.394541955418596,159.6121231000454,0.9210158012812113,5.999285337191878,13.412498204024601
0.29139015003449237,0.8567801506878402,330.11268332756845,26.20744637251292,12.759527263411202,7.6395644896446,151.80357923670294,2.1925211947145917,13.3451694252048,13.038372399370365
0.05629077168213109,0.6397669343353185,2016.0078377359011,45.035456256671296,11.741783919055218,17.135184694983042,305.46757543665217,1.7663707133730095,9.472386877940032,15.279321692740057
0.2542658148760954,0.8283090962303146,178.99167236861945,21.200414331501456,11.7591191383442,9.488377427567041,186.5337426911655,2.483774147026548,9.72196515543101,13.893804390997087
0.11663183091907754,0.4291978126423202,2312.8322324792266,59.199752470463544,12.275314455474724,14.07025954313006,258.8890781578276,2.3097051659387953,11.856068438548688,10.06833373849092
0.6378669892874947,0.9505374786277058,1478.295832906446,6.509340833800973,27.33546867871596,16.422762976659985,303.66297688181083,3.5131256446545223,17.824870264678136,21.650684726508626
0.2435550459647796,0.9678362429611947,391.40693996114356,6.533835497009527,14.64468477471137,7.241574558405082,151.87847498361768,1.371055310419738,17.721943568074607,11.33995480057544
0.14946492541199166,0.9497007784234429,723.6379554457669,4.136891372072269,11.566966109300848,7.656949267203847,162.64191417806228,2.567450837287055,10.168643805450595,15.672736471921656
0.2526795057413271,0.7891660686311999,449.94939170902,21.583368874587023,16.18129372841577,10.238660108322168,208.99195129424743,1.1734375547978015,13.769672980982197,10.860167592069468
0.17100879418203455,0.48747187656489144,1496.3562081224852,50.605586787880725,12.618008797599764,15.53521446938688,280.3341941995788,0.5433072216065957,13.533905577161779,12.991701364761676
0.01765302641444635,0.5378173741626663,2152.01930813257,38.2946000920848,10.8126415063459,13.342051937794588,276.22263893891375,0.08755161428906544,2.7872332116585747,11.218385770098536
0.2683398428121951,0.7464071898603432,4880.927215524161,30.70742278754973,14.642836339281335,28.085202889809494,473.766708356273,4.656483948355018,24.925401301978905,23.26749031989561
0.1199999704763621,0.7944761937108133,1233.1930698976919,28.607783918658164,12.791011409543005,11.214107075425302,205.79263580862118,2.5533748083012093,18.09318081726826,14.734807914047662
0.27315460563418476,0.6468067706442299,184.48933703198006,36.74780196747269,16.136023697174696,8.14929167913434,163.8463477562508,0.6635831250813048,9.709355631187096,11.509772764884392
0.5197954546649473,0.6928984177630794,364.26842306244566,19.15293210913033,22.97184313560049,8.471623143818874,167.67499927140977,2.857024723208446,16.838814999293508,18.393658698217322
0.42469583734796085,0.6279758235596508,1188.948179022404,37.21721205755595,23.88769912173339,16.125085316069686,283.626016877555,1.8123030454277314,8.855082602272482,19.166369531166428
0.48531807078781514,0.7265674043471863,748.6710167711085,22.642002546915833,22.5325735195297,13.297005356990223,254.82486153704752,1.7954343599463285,15.494020397955607,15.408179715082419
0.3141285380000443,0.7886373314283992,1463.7897193354686,20.97454500876031,18.862101694519158,13.830613531128133,246.39410840391437,2.3408281166981353,12.491023015088397,12.842021326165344
0.26190529375521027,0.540039599600234,1080.0483834004194,53.65611753912157,15.298046176182961,10.921049829504966,210.5036898792222,0.0,5.143254668793226,10.80368170173858
0.08784974629492392,0.8018305829130897,396.71344299179424,10.662882123474255,12.64275649515979,8.657915232683216,191.29619757285505,0.34537128955864876,7.260576693988138,10.36843492582185
0.35715295913447337,0.9101539136183681,656.7329319436045,9.00433514991008,18.37921709794597,9.919962546710897,193.60171665514085,3.5242556044390576,23.37696854496199,12.81443712745714
0.5154300262618537,0.8655810875460699,1513.9981266123177,21.245550180128177,22.945062737963056,13.971406273020651,266.2859597234061,0.4719980826915765,16.527698359755703,5.644524776581208
0.29424360162069874,0.7227016783991561,1125.7522599515194,26.44721834633264,18.653981182248558,10.023935377718981,183.52932812768142,2.1336389600851002,9.84563023799419,15.134628547643825
0.7279274727337194,0.8567387847407835,1475.4407471810064,14.001358487469867,27.19771913784912,18.521117166340492,324.11060695386743,1.2349695285604634,10.202751718860545,13.140820619710073
0.2969071542232956,0.8355172190224853,255.08097722932632,29.965481131013956,16.626587983565607,9.448718006399627,182.87131622158645,0.25040214205346,0.0,9.74175613443192
0.47829345552958374,0.7232694766410045,422.25620523842457,31.79768406936221,20.98450704967583,10.558417491139878,211.37397193302112,0.0,12.407209619452765,12.652545358730702
0.20104067747172516,0.6933626045864949,1916.952470911737,37.26887764237534,14.014577649979168,14.935703575031834,263.6877723483905,2.991859948397339,17.186687022929505,14.674212563480221
0.20310383578809116,0.8631715302835151,265.4703173890085,19.78791086385473,15.424066355849508,7.991126966237442,190.56347329574552,0.0,3.501612351118437,5.841414631804323
0.17742168707035771,0.8624346760955726,1413.8341988362988,18.189366109392367,13.707578326113698,11.25020317779011,202.35919872600326,2.9468400905590686,17.048490660959807,14.890023339231602
0.16267262528840168,0.3789169336292169,235.58173516935108,67.2176005232311,17.06272835936719,8.111985541634693,183.0375945633078,0.0,5.513817559974233,8.170671812601281
0.5048910498918533,0.8108221369200452,922.4541564548913,31.552740699532364,27.980601669684667,15.945706234134652,297.9683643680622,1.7563720703914987,8.366290968272398,14.216470441420547
0.08612659518326854,0.8684523601221602,580.600093470347,8.421702965952354,11.017280309207088,7.341537295763005,163.2216710017451,0.919653074374338,14.61846339977263,9.906212317536506
0.14244674740946664,0.8567801877428972,391.6400513091679,17.713196322204016,14.149174401646054,7.5656902209435515,164.02968584927316,0.0,8.223698644526129,3.574821034689064
0.656460370922434,0.8433468152663977,979.3297324456317,18.882792884032067,28.487524425171326,14.13567238997234,280.5846725561509,1.2675125075589508,13.990901754222406,5.460865128095979
0.4456017541758375,0.41217315040136215,1852.851232239271,55.75803028731617,20.60854573034798,15.858853596025343,312.5924428344923,1.487436656767323,7.549698500561856,14.088069118165425
0.2278442274522206,0.45413622221721006,475.3026877110483,59.03304314781829,13.707323407694048,9.846501104615639,195.62484968650676,2.1791721594794486,10.046119992845583,12.060865788535484
0.3305956731964709,0.3159393112563504,91.41087761346688,67.84990039952376,21.741238452841287,12.058446373849701,232.45438934558697,0.3019327545423719,5.639977440148632,4.7387679022398554
0.24661411086829255,0.489816478340922,765.836642464706,60.543881271530914,17.537667359317716,13.254662945722217,243.29594200830377,0.8368976597177372,12.347380087841337,13.967068051331502
0.45329496994446883,0.9495429985692043,388.0283258674888,15.042462175252126,21.969755154557838,11.102632196121903,204.84660896258163,2.175729011245652,16.211395057346746,20.07486563355978
0.16285721054591248,0.8378404579374573,1536.1720114517434,26.417870974572956,16.972475063909688,11.638629271319193,229.21056661243364,2.519252539634925,11.188586953878374,16.014755732778543
0.14303093642527537,0.8559090347038403,579.1692819151247,11.972365776723201,15.116239758279354,6.120667771649495,144.30624060459616,0.0,8.338805333506995,10.805320394255093
0.211451789382783,0.7833301117917796,490.84125551792835,20.469860318654575,15.190424662648383,7.931735807468888,152.8738242481829,0.0,0.13939538086681402,10.830747691250524
0.49298392339316444,0.6890433898587605,633.5098771348883,29.36763763836269,20.371336353322064,11.990917243663773,234.42377850685324,0.8451088585078022,5.0723400098708415,5.173321714280037
0.09658956805426615,0.7739757793417114,1852.1951127028788,31.957773870498222,11.428075712508022,14.154539985444782,265.14949831223174,0.5249160342672614,7.888280925237546,13.978247907252916
0.4404105279824959,0.8445485383366962,1167.3702540812058,14.154750119038297,23.419909610239426,12.693917593190932,234.39631702244807,1.9822421445942264,7.071602487000673,18.67525066681723
0.2648144536069057,0.4869113128358125,337.24154754547124,46.48831009872306,17.98453264979254,8.894603306505676,176.75382298879686,0.0,0.18235736091583732,15.510397538780076
0.17823902640163264,0.6253873366974306,254.67061154132242,33.10836261022847,14.08264242128547,10.294895801491744,208.66123469647823,1.8900051510039768,20.320628340178384,13.41215344542335
0.5068537372693329,0.6047234355457061,2290.817308590312,54.34002689528022,26.204469820724213,23.192604304968874,413.9778811263396,2.708842842505892,22.666701246802056,13.36674556401775
0.13862175174876046,0.7739911880481363,480.6491540214323,24.629633527337113,13.151101220937388,5.9115468278371415,142.65715871411115,1.2713132768883373,21.533832513969813,17.253955752405965
0.447251206434791,0.7145901917988213,1890.6584744093755,33.3363228209014,23.15631608233209,19.484034950931257,350.0653667764965,0.0,7.252864520636993,11.496731177581758
0.42326780733160024,0.22206438609505044,741.3772376060342,69.31111866146945,21.021773277863474,12.287650713976564,225.99279677324986,0.0,8.22382178129486,12.623991122378822
0.2748715025122262,0.7237178829381866,428.2468885609922,34.6616825351631,20.737693637651155,9.104609673033215,182.42642119973647,2.282645792308551,13.355794992923933,13.765385405478
0.7279691949620735,0.7711679688814026,458.2555036447236,16.72654967446134,29.70532084817449,13.468535938494952,258.1082068062848,0.618354377863219,5.721205019678261,12.360573194835474
0.10992062878190617,0.7572445856863117,769.6136773350606,21.95297356222973,12.840334681973777,7.865131185881081,154.39351894172555,0.0,9.359577572224431,6.8398002417465165
0.16230793738972088,0.5388961028740766,85.982415970487,42.842481243973104,13.700095477209343,7.769166052576213,168.6095077716783,0.4005159918428325,13.41194966641255,10.985570517487517
0.37285644307422533,0.7739330266248654,440.98290848976006,26.44038529630348,19.290666074731273,10.122112332006596,206.7659153120735,1.1126356869724738,13.38381023008261,11.737926186059905
0.5006207047650334,0.6434843386072998,2864.1487648076736,33.120997954907054,21.06472307684115,22.199410088200537,382.6058103233923,2.683457223794666,11.534759782346573,23.739304889874735
0.6097752021107155,0.5583878519190099,3438.6171804060436,52.365083832767446,22.510973777690655,25.024809302961494,428.5658598688051,3.625923932205554,21.461815839511196,20.710698961182413
0.5166388820992349,0.9017519911145172,482.3353119401882,16.358436821825578,23.533442832699233,11.971724506461168,230.15406607475526,1.6109129076840263,7.592898692874998,7.571263315636927
0.39200861055676794,0.5198707897198619,1361.1363756053345,44.76361179479101,18.733178237190447,14.74722196991095,264.9867135213859,2.178883119734313,12.093033201399376,15.442541522479921
0.5375129295220442,0.6148577517482597,1143.9395229927406,44.65088772799913,22.36547280276033,13.380731723307672,238.92990818715984,3.2089127765476566,26.016784342854677,19.126794904048655
0.07417878511742503,0.7015498970843832,291.5767054485436,29.894086406040227,11.676789154840918,6.730475109298324,150.05399314649574,0.5224849445716486,1.0920352264659616,9.884331455107146
0.14501434206521313,0.7862759568007744,1377.7498589657885,21.282980701729734,13.729805428424864,10.938817074464502,227.12731615090354,0.705890507626966,18.667045007686077,8.456448718764715
0.09153316617373326,0.9308867170747475,621.6631941292013,15.699273700749202,12.303081177513144,5.778479595776592,146.92100124592017,0.8622692095566413,11.196748591370476,14.13722125296881
0.2911260318858003,0.6376809706814028,893.6001269398848,25.344589759232754,20.754741500761906,10.646586283277731,206.24547129413824,1.753247338848945,9.682425525927371,11.498956116353954
0.3684860627886337,0.7343848720784099,1577.9707130698525,32.57944684658666,20.53691050553865,14.368799155587254,261.8709429475058,0.8622929623283851,8.790252456533736,13.882063562152197
0.12067054842453322,0.7462954447917715,656.6597510777075,24.267935997672275,17.232394867273914,8.022881710044551,165.94610175629848,0.7432322262523474,4.548106812599746,8.720449182380948
0.3804895638539201,0.5374173486605507,650.6918269496085,43.05940210228858,18.63425835661897,14.233229858185178,259.1026091808862,2.2050887378307156,11.085784869029993,13.911017913819835
0.2651773288276895,0.8735898401103507,1271.3904899677068,26.167599064682047,18.196874506948728,15.380273378242343,283.58159490465704,1.1338880395703732,9.902031125913902,15.703170341098467
0.2640930356911523,0.7235312467009378,1929.5520980478864,27.226123938066554,15.835500811019095,10.47852597125979,217.7527035225609,0.21535902108453975,4.216831255935389,12.00591989565837
0.3253540995097456,0.8227167554677377,1219.7762653555367,25.735065171715558,17.011588771893855,13.052691027105775,268.41845775623904,0.0,0.3351618386723647,10.094263480889085
0.27386856248121916,0.4292028033729321,676.8491308685876,57.76797134226123,21.137799314843218,13.389840540427432,242.54913290121812,0.0,3.8929475598987735,9.910288449517093
0.25480331563141856,0.6284318290011417,1789.9191454941474,40.35609051664511,14.833786351994831,14.116860418640721,268.26470974875184,1.04809631700681,2.6193113781817097,12.891900311756267
0.07953265942167813,0.956054817960945,1109.722520860287,7.702355094379538,7.524848479096776,8.981131512570775,190.14031671862216,0.811755203787692,1.8879475073252223,9.65476289488564
0.1116059868956251,0.934996836643409,2217.9105598398482,9.3367071903787,11.374251054060919,15.418714685221588,277.9832560835534,0.8163169414915179,1.8549988064653427,7.490700570444357
0.07472368683873247,0.6617115371361888,2626.3303451527318,43.08590360855247,7.85144484747357,13.377359797593321,240.40030447337122,3.1922788893059533,26.125738561821173,19.688216202963364
0.15738042016472356,0.4433064514566476,1205.1528564391162,59.754719717842875,12.031861501974419,12.072812827600048,233.84592338244752,0.18160982069022702,7.754559301570497,15.044324683435724
0.4323047204188884,0.8345125062294436,2111.39049376853,17.39546964634483,19.09028636877217,19.572436941727876,364.78535199466876,2.712432162482753,18.829013912022894,18.593779192787856
0.14494137131327456,0.4944115262636441,2154.7959738549303,45.27358193282489,13.694097812534965,13.239860682950063,251.28838128943724,1.823935009469311,12.352044875271652,15.322354770460608
0.21184985038128978,0.6265224306678874,803.3372889683249,35.690612572986815,11.197053004971472,9.19938802663636,180.1185043283715,3.2924130781880563,20.70106298268393,14.605460464230442
0.3367718758144184,0.8635431437550858,2154.368944270579,22.18859341229621,20.811201347522726,15.87016474219974,286.4798080464977,2.467543926682001,20.749405413134568,18.800382629384586
0.2704768080250324,0.9214785532288368,925.7786024538439,17.96038908273673,13.010381673809977,11.294344689343474,208.01343006906748,0.089927847419625,7.398808474420035,11.669002780909226
0.18968658930698576,0.7368044510135063,1473.523625652136,31.462317418864092,14.486663087366882,13.944571471907103,259.35367493753915,2.640499240768039,23.763647095701433,18.88168760441858
0.3529471268975599,0.9008449962929375,856.1343009127669,5.840095677593544,18.175368550463702,10.509915322496104,214.48281011410938,2.5690467250391116,15.09025987560911,19.52428984455139
0.3295504097247852,0.9032621713543503,212.3001880894054,17.475299980752045,19.889460962922215,8.391102118997111,168.9405309391167,0.0,7.994562793209827,14.758020901130966
0.4415821005059132,0.47778061696014423,3140.8740784313122,58.51763549160154,21.742639062449246,20.704708983438056,328.01453440561517,4.221518265676779,25.406138726949564,17.209630112254107
0.17749473882379596,0.975392196912159,1431.9125903942895,8.082485006295887,16.811114313116423,13.207903451166688,250.88736249512274,2.258436043927364,9.373518433080466,11.77915930815171
0.19190530472598955,0.47862306006135585,1523.371954963565,61.82293987248631,14.074726034193686,13.301336683380203,244.50452464777325,1.4328380905477927,10.945057187738906,14.026557378085219
0.2682028570080314,0.9003063210513996,995.8793842448481,7.367577825829573,15.77557796586465,9.650368391530293,187.24882752510976,0.0,0.0,7.232445493347358
0.16155887977265398,0.47256107604007785,2143.7748046363245,55.89354075862787,14.864553964422711,17.34933009325067,302.6469353651135,2.034232104508571,12.48755527147073,11.79846771992929
0.032773495237168306,0.5021484443725287,788.9436428077719,44.70553321415741,12.877741139984817,8.881299878057458,187.22201742783034,0.13105018941717028,4.128612912565872,13.987912726776173
0.34164940882835537,0.8522873454400817,831.0048682943193,23.586848452711394,20.191373412872995,12.771026103987877,237.48633243655368,3.06780155235968,15.576463913957843,14.64231609557196
0.5308424691555291,0.88155260423485,341.24529521812866,18.724569897568628,23.914690155823415,12.040268156316905,239.90847866895768,0.9383152407032117,6.715691444115858,12.312586702152089
0.24421410689641113,0.8275473345425546,1074.9933416187516,29.527518974983725,16.570677676945877,11.521344413190969,232.3446828689441,0.5301549951129296,9.680491247171126,6.43111029928844
0.2538987621438153,0.7114161639890926,2069.429180024538,33.47108819452279,16.274890805994442,15.889358940579331,285.6340640599467,1.3780809735847228,6.08316905098949,13.634319621486187
0.17336660711547372,0.49277616498992,796.744938116654,48.63011506060514,15.154025506850715,8.594363068583656,173.70678627865715,1.271161869582044,19.38459890927726,16.726357342743967
0.5089116578521857,0.8852170180047887,297.8128978371304,12.875117317463875,26.792660335263058,10.701729576079625,211.8030286948933,1.1238150772991082,12.33266612841996,16.448817490184695
0.05597600425839906,0.5531654406519572,1778.4606156873504,43.96422413626006,10.91425334334622,14.023070280027047,258.8921223823838,0.8571335690750698,4.41370641200959,15.277810496847419
0.48200817810523205,0.8062266833935591,1280.1856021865779,19.885978288450424,21.32122412979996,12.821330288892696,224.79481741966418,2.2129742751013133,17.08797767815101,15.297319780958556
0.47805274017478283,0.8035670559996813,2895.7168001531327,29.414509814265124,21.06920677246322,19.96548151054635,368.6232601787861,1.3633361674818245,15.427609516892835,16.74285397542776
0.2592399565455306,0.6955132421303369,459.00073133712414,38.781999592078286,17.259744429883096,8.118547790730513,178.92157433506372,0.0,6.84558746197173,11.290243741703927
0.17102261383279943,0.9255588981969255,1435.7519474319563,4.216861937564948,10.03207480762608,10.05691391377146,196.2188582912927,1.8156055028233824,7.233390309574095,13.222174857012575
0.40889232737098596,0.892905984543699,285.16940984626353,14.830262106480331,19.952184778005975,11.24995035953445,199.58542327429046,2.3355916187441554,25.528801484286955,16.984083605444017
0.3993375817450201,0.9066577648020095,875.0082420697936,13.713258751819868,21.744733246125453,12.462846538316244,235.13837945405518,1.6232956655453135,14.690554739769858,16.715259705430256
0.3019474031370182,0.9304442240040286,1008.6592666303742,7.353543430634186,16.496223490701013,7.026883116964929,149.52347855412035,0.28795779096375324,0.0,6.736740803883189
0.06939260134996911,0.979162311315653,187.91929316773437,9.066641941960455,12.108224293376923,5.549321224786581,132.6340863410302,0.2785099795769183,7.15961536392128,7.515023344057608
0.5553630846893428,0.559792848250568,1966.055835900343,51.922897846588896,28.102748043846486,19.45555003814253,320.19454572934114,3.886776298407001,19.445517686158873,19.286103000624134
0.22757872175049712,0.848668020348569,1606.0219170858704,23.07892308839512,16.352667793719913,13.615637294539269,249.51209299921848,1.052207925147293,9.240967944481607,8.9652454383654
0.34777939991484186,0.8123006416662811,1280.114891208877,28.62828419474471,14.216031755296857,12.242263474183488,229.5207330883423,2.319381906508795,8.308945191641552,12.090366507587396
0.05007091381472501,0.902575980516267,304.19240033893146,10.17582251585768,8.432004112253507,3.100243820146333,94.58090454305665,0.0,5.271632498598761,8.738238784816376
0.06328366754056738,0.7224912638766989,499.63354076086034,30.158325114930435,11.080085185669217,6.5675251495014475,146.15080043177377,0.7241536806947952,3.7403509139463784,14.78635129036101
0.0854846359312639,0.6709502345228642,1739.4488947438524,30.786240496611494,10.52946408185695,11.098199152972319,216.99549562331214,1.1748120731224,7.951551056477218,15.856483126228007
0.35897552352837947,0.6146155798710683,868.274435184458,40.88174816450668,19.18115449981077,12.727734934494908,256.12779780221416,1.9554920144009416,14.75918799409487,15.851970557866068
0.4906340491163018,0.5476940591179245,737.172207898163,47.35478922492303,21.676699183344013,12.163997992802582,227.3098280195684,0.5601745256935697,4.857534919443241,11.941279283242796
0.06194718390563383,0.5801256100686056,2109.874530940115,47.58788512083003,13.880822663303444,12.70943846883553,231.5299974738837,0.8699530089863028,7.027703134291478,18.4373178077131
0.2864324714822189,0.8335090548337862,980.7941181434861,26.551644334194016,14.978148892702382,11.887063566261967,211.03264828069297,0.40676436827644946,10.728215751289394,9.398858003297043
0.5257219338524263,0.7963366061198337,330.3895457634226,26.77459126894378,22.728049581956984,12.938529906663483,238.96683702828193,1.0273783769736409,4.666527843911035,13.291668347383396
0.039292085690893,0.6160357514608326,1724.338722317028,35.255933054320664,11.416819116822698,12.557097784409422,224.34395752647947,2.059357916335554,9.995327116442489,13.381430923217632
0.5448175179392334,0.779342485862689,290.3099281207501,18.09831270073691,24.302706835484763,10.096942264347053,211.05509691128907,0.0,0.0,6.13773599101631
0.18480908128867773,0.6644379923262133,874.0879242721234,37.80068084416746,14.913837549372952,8.991829119487516,183.91637848596497,0.43469360738083607,2.624457305710025,14.641377212832516
0.5636143222415229,0.9399307115344956,1087.6704515524823,17.908841506201455,19.26781120932183,12.621476291083845,248.7167942163229,1.722172301127491,12.53431035191075,13.389814454471324
0.20675162606429487,0.6468546949658971,1475.2198903476994,36.65911806772805,15.335374807623502,14.023747089060729,275.0131769004119,1.0609735557340116,12.441213565465677,14.736899798494834
0.32195460386895286,0.36971435765913957,227.5734444520777,54.08874000001234,17.747356350973313,8.614897774194278,170.57288793983923,1.1269575553768607,5.476994456393505,12.079006918975573
0.2466396899430787,0.820746588121632,67.6364584098446,31.556586852593192,17.89421175440268,8.831685223418214,179.0016807498051,0.0,8.049061402890619,13.739911493595082
0.15788478934599215,0.3892883657489153,71.56951111234679,62.411069833404845,15.393060350788609,8.934223639692062,197.33022261075237,0.3405819153591355,6.888404122363431,7.859744784333414
0.14771486487750635,0.5995404100779248,2293.794626422228,41.897070673232406,14.17456064392429,17.434525527259854,313.41005870266883,2.087099091042738,6.435382988763571,18.70948586612052
0.21757617387113098,0.656928669946212,188.6445812147178,30.036563949809036,16.06573260358979,9.001605422338965,190.2391807050634,0.5300578270041857,7.993033145695234,14.007760676482798
0.32032415949813836,0.4873466385518762,2701.6355064084155,51.219883644808405,20.712870185912795,20.851043385167984,373.09542649221726,2.470565030251747,20.854046257819476,10.792500031064577
0.49071460123747335,0.7062051214302625,1856.1365669395295,34.875959882254136,24.568457245128215,15.576307883489665,292.60976478898533,1.2583663340409632,0.5727896021758987,11.595342057981716
0.21992237223956687,0.6354068492112971,387.98553617223087,40.328487173751,16.048723310511495,9.650246541655093,198.8572936577368,0.3683916793689078,16.49959413373266,13.983465125653996
0.5488107772533029,0.5252836197649897,105.75392141569647,44.325038580388764,28.01110600658458,12.404629821744871,250.033062177953,0.0,1.9474087709277192,14.911982873561875
0.5079681896027742,0.8233707508852085,926.7664731883257,20.61130600554373,21.442812090955368,12.457917915335598,236.18622564415278,2.3636255938251907,6.20897428566653,18.05555294048297
0.3092507944269175,0.5423357415186447,569.5192065454665,43.109749753138146,15.360383644486483,12.254964587528848,239.01861279551122,0.0,5.692117839882629,8.810325735824701
0.26136217851539684,0.6475450256564094,2134.0962369766876,45.041755605405115,16.51237844910833,16.12922341940184,290.1707662475093,2.1303580644932376,17.676867431852372,12.42087682142958
0.37184088161260875,0.31023874035816823,1079.3981149676565,71.55288326094542,18.54840231606325,13.85805064780364,268.0762764077956,3.0857391711199207,15.940789539575484,19.414311365693813
0.10646824621413031,0.2874146075168494,881.9859617028542,66.51101098048535,7.731023536417065,11.550978147901738,216.25702583931894,2.5443111421517717,16.735240911592328,15.082714731054853
0.11102362932356732,0.883726353151729,740.4297169706749,9.622279922069215,11.470829113106412,6.444007230123954,129.83154507106354,1.4808227236362392,21.52197483766777,12.551373339326357
0.22041040216002633,0.854876867999738,1472.3833772036708,19.450157291179885,16.197430361610202,11.18569931396138,224.33473758362217,1.2311196264342814,10.952748002327374,12.40532820863186
0.2197400888539951,0.8137471510585943,819.5943255698315,19.298669456140125,15.377446729839177,7.617117342043437,154.0553748053444,0.8208379128095648,23.195789574777542,14.697366143114063
0.346341508632486,0.5041886184834721,3067.9695805610268,47.53149101797448,17.105614892423702,19.754763143947763,335.12902054938604,1.897637748870694,18.913703890285067,20.163429603450364
0.22087005532783832,0.6655219165085098,181.06645121108775,29.42695684643191,15.606402422308104,6.201950442260872,155.67855597871713,0.0,5.257676595403948,13.080637999530447
0.58265627554947,0.6091367511885531,677.6160917152623,35.120648770421504,24.812551847223027,14.781201070334518,281.3808115669295,2.0021719395232895,14.466374028523763,15.034084126969022
0.09368432265982239,0.6169879913370963,1323.8465956252553,40.284431542463956,13.772256834218242,9.59631260800757,190.5196818116606,1.4319120582695954,9.130474736248175,10.882197819346544
0.3186804669901977,0.5651061019617354,1199.819650474686,42.806058584233696,16.684010383697757,10.204868510733935,172.61839638820115,2.733091708097873,17.180256611764783,18.83556111114214
0.2193523840703732,0.9254333634043646,3062.1846234178224,24.19356922371066,17.23152318279224,19.252809205680876,344.12453947762435,3.4476212041243572,21.59827396413155,23.615381555948982
0.4898501725298389,0.8499352124488506,466.4791444336305,21.477098042942515,20.064968364727285,9.917391176583013,205.38591637438046,0.6304000418401348,5.500850443230838,14.586615063968797
0.6252492115212397,0.711878887666908,28.30676356589845,25.172424202918215,24.624476449631636,11.043113047209822,220.81480905678367,1.1932750419545475,2.8732435514133066,13.606380762536777
0.11922720930872352,0.6648041703859157,1756.6815611942247,27.489443450182023,16.378666635919508,14.735440050793063,275.740135670868,0.0,11.606393406189481,8.532959243249273
0.053498774189244404,0.8039546559304678,1041.2881154809895,24.634937909548402,9.289713819536741,8.325663743083842,173.07106442479792,3.059464088141836,22.105267820922624,18.68417710195844
0.20236570445457688,0.42933962879672116,1767.6073160628118,54.37509793466001,13.74160798610281,16.73378266767055,296.90204857738235,1.7193592330851322,4.791992342397127,17.76212787943583
0.2883722033251982,0.7316762827204472,1156.819425937091,35.80650930268304,14.703082961941318,11.827822933227287,216.35572530227944,2.257714527880061,14.885813496145495,16.3412130368624
0.13406684464066304,0.9269325428998766,54.40085392676236,12.985390331310803,11.697138349392763,6.204413163841572,136.09223070075564,0.2253537383556643,11.036778278051635,10.253086018044568
0.19789321773545743,0.6330193660838299,1212.0956882736598,28.115655503983643,15.224056759443975,10.299778935963356,207.71153063886874,0.5107760783493467,11.661747307819905,9.215206275767262
0.22698180506680432,0.41678287699860284,463.42802929720466,52.39241957803809,17.087629712356005,10.013867969056912,203.5872890448038,0.6637001951258215,4.184949857371843,19.427530307626192
0.48484953621740196,0.6216893288690958,678.0722015805075,35.67155012174574,22.083962138397705,11.287804918977503,227.21531927553238,0.0,9.910583751655688,7.327205852877335
0.09513633204159751,0.78645571034824,797.7127905516094,26.429170760499588,11.729028602598607,6.811455986076897,138.10752723745225,0.0,5.0754863094305005,7.0499278832176255
0.1588316386381122,0.6567682899905175,290.0488895597716,30.62709175160969,11.48524319371286,6.347990089547665,128.62759489624756,2.1096562764508544,15.382010850303947,15.76643298655242
0.17376638776290493,0.8336720333441247,449.24138265367407,20.733604968821666,12.889898783708734,5.1644606168698965,123.66985812890059,0.9342831832552919,4.139673308877748,11.729925027113756
0.3014738599834808,0.42950972694778033,1545.3126115584296,49.6633754686377,14.444774902145118,14.481966292463515,257.03001793249933,1.0624243792878305,0.0,15.725948829568122
0.4694666522112132,0.714704875494817,1543.5618258416225,30.707488300358737,23.209785555049407,15.492682796039722,284.25011650547447,2.220016637975215,9.993423981043547,18.721377931572352
0.2515898712863709,0.8051701933418353,157.94289477279008,24.384812521475894,17.901893179453698,7.900885049049399,155.414509560342,1.9020297396083559,15.29100446523243,11.112185539890714
0.1925788461596815,0.5799756357649496,1050.0725326632585,50.10974436794434,14.733575955328945,9.48665803483878,204.10219194848233,0.0,3.9728385414083873,7.7333078199692675
0.08969405792943444,0.7646567454259575,1667.2532658928035,27.40877002968965,13.125253416005068,12.778390506868568,233.45525401863264,2.075224640181733,16.55185300572799,12.561826262407347
0.29200665898311834,0.8027971974315227,969.9474708077429,18.664577609909053,19.052631621272415,13.553387276989321,269.2275515678347,2.0620091047455995,18.77878465955886,17.50860479801449
0.19462150119062652,0.5107432892926286,1096.6295821565031,56.498129398454225,15.067955305130743,14.258389752727243,269.11886479602725,0.04311557443878322,3.5198590030147487,11.392807975572083
0.14552223852021048,0.7721583620025912,172.15933624280308,24.5898572387278,16.425277330990113,9.401959509020141,180.47707213519377,1.7602747249866817,9.896354338991836,13.286210225952082
0.19168394355828114,0.7641880336902358,2077.956556150428,30.090910808386013,12.744513196473632,14.325166784833014,285.8249519260334,1.384738682333856,0.0,14.111045003312046
0.15004485715618757,0.6602299216650508,316.7675024889071,32.51482819429471,13.053780972804455,6.522745642835634,150.49570778870967,2.279226821607355,6.378538941905472,12.319283184783304
0.13448119075025602,0.9695999242502303,649.1081896350161,8.189898116941334,12.42654543266118,7.677134315093411,166.81820878808873,1.1587695791563761,2.9354304510134863,10.669265607669193
0.1640960708900888,0.7159915023010673,1678.2041669502664,26.554425120014212,15.396877960311237,12.305508531225279,233.9305074446483,0.9545089459624694,11.601231775220683,8.486210969098583
0.19167244755696095,0.6753389145712227,2592.2855916224157,35.830797465336,11.923528530271868,13.87193537609047,262.7445638607265,1.1456353204803844,7.979888996659897,13.300557241701618
0.16556168238982003,0.6093196321546692,694.7687199472533,44.18037358189786,17.034991273974605,11.096784979682628,221.70598080996572,3.0302852460491754,14.449968411537153,18.000796142910687
0.4122350428864075,0.5120783974437626,3581.4809885405916,46.438947852438595,21.429424833150293,23.808562595484634,398.4786994136185,2.9759260664642553,13.65997569889458,14.486712666958924
0.24226585993091848,0.8228429684874257,996.7411986539942,18.189093239198314,19.557235443508905,8.5671024889323,176.37102282868165,1.4352769433526138,6.846202804414244,14.851819705751758
0.09561155014232059,0.8641484454404357,911.5590833484574,19.0107310026806,12.309146326788577,7.445613835801314,162.84121711452448,0.34375123691364484,10.992309769845223,14.030723989138309
0.12457263322431303,0.677834606094382,363.32203687818276,29.86980560160668,12.013677232640314,6.427920849533076,152.24621738953576,1.3706279976547318,10.9492449759855,10.335119681764496
0.13962716784951254,0.4960393637953663,661.0208276795687,42.766738821739615,14.80489137575974,9.13792007832117,193.06569394545727,1.8214512915125274,17.242440311791665,13.574666029789213
0.8610692421008007,0.8592965054223775,1064.4531985323622,19.42929660399221,33.58786120834856,18.19177823830404,324.52209151630024,2.156736428158147,2.660014774427788,16.932704598018763
0.1907048696731546,0.6920729618716664,1336.6818070382133,32.174947548450355,13.33878006088578,13.535460189735257,247.52867328980392,1.2886547322388662,12.818286360052046,13.202531380436033
0.26166670481158927,0.8795198254313742,1291.2649375411181,15.198918753973434,12.546474605122427,8.96749978342562,178.49657764652193,0.5949944857395743,4.961013497531139,7.371373475119777
0.050776291988124875,0.9666533029338665,603.2170884641085,10.606554808858204,7.616876515914572,5.263721648241366,117.04094069354127,0.0,3.592635544267031,8.677633926011401
0.20076809354775726,0.8820110743009598,2279.659681541681,18.922755075065677,15.541972190387893,13.683771292994646,261.18258103872404,1.4753442770940415,17.665508120424132,12.266422490884755
0.527411706858777,0.7586110070671072,935.3334538684171,25.91999990602436,26.26567144721427,16.080730559592276,285.0511874527444,2.177298967932711,11.759946659777041,14.931994527773956
0.16768978170311166,0.7927245185255388,888.2422439348258,18.041446306251743,11.590567210461765,7.692963466637607,163.47690702422486,0.0,7.459482420208451,9.61649636228291
0.5164667463061182,0.8566506408661967,339.55418274085116,14.70850830618657,22.366935971200107,10.064671756130103,203.34751541172636,0.0,0.0,14.69802008151859
0.1258439578941383,0.9230475001706079,1437.3281883499187,14.85054463697223,12.449199842889577,11.940514672876898,229.1470617754304,1.4961824464430624,11.165280566880801,13.114942866064865
0.24822084357515117,0.6226607778902775,848.601420640038,39.64254330709993,20.046585223828476,13.356449613756435,250.2906310390588,1.837773844795809,4.394861665968583,9.440187591186897
0.2643983056605159,0.7840850681638134,702.5337967091621,21.683547036469395,21.127349147687724,12.387536662918077,226.76343075064844,2.024264315243572,12.810502149158538,15.334054318287581
0.15355653450731252,0.5097197673877801,242.54483226153016,45.20328850592417,14.68781873924801,5.197299197800428,130.64811355087735,0.0,6.927042694108884,15.24325325375592
0.2746073696624459,0.7928439106296606,253.37739383385122,26.73316209461018,18.661184975404115,9.070575537708166,182.9303464913434,1.351208013315572,15.936704362687786,12.876672623237942
0.40322995370370157,0.9609740770856428,1150.2775751959357,7.4040710344818805,21.8211468312256,12.875500923828831,242.268509382864,1.2786627620685518,6.025181756191002,11.882395983007553
0.4156599436005551,0.9830654903458825,2512.341488256112,10.287689762731258,17.830855450742522,17.48681908925676,323.8819712495113,2.640120219364838,12.915660583163527,15.684928839768288
0.5610186165986416,0.662295046322061,747.9057063679619,39.79012481820731,25.422511445837774,14.382506882695546,270.7907851797646,0.5309595973337086,3.9032305042686746,13.07983370427899
0.23732756302104624,0.8115602145959298,743.7706623890904,20.3953819349404,13.893976132925973,10.9062295788482,207.88538762828603,2.457379330551671,13.559466236978427,15.2153224833589
0.43400559391758065,0.656184856238566,1450.2565254628655,40.69160036270955,20.507068189986285,16.94159494039245,302.6347848499887,3.5958998008589953,14.564067988385435,14.442920326569762
0.1734306443941765,0.5336315679170487,2026.1160340814151,47.665207659775284,16.615240200020672,16.71282554445494,316.6867522119592,1.6431714608310997,0.7865939444528571,12.092597836775184
0.5977068272798596,0.6681856382681434,556.2499717425661,36.2020837437873,25.1045373336102,13.892810590163723,255.31833433283978,2.079810334134843,8.105680027987201,15.005452610743514
0.12415247153386297,0.689603519771365,344.82107260483207,21.99193774501736,15.30880467046732,10.174307818135786,203.01342970380347,1.798074372316464,11.947487411080512,16.102059666017254
0.37691068940640315,0.5094075315680027,830.4924750933155,44.298715667262485,22.021294119137213,12.254451050876227,240.458221449718,0.11322193473972186,4.712384011966898,8.534971007087497
0.20625309739178296,0.7404488235598526,1277.949213597302,23.776134060226056,11.642460044136183,8.27305521776857,176.2477431455628,0.1901361535031068,8.521141727850456,9.586698612219537
0.155466240916269,0.8766088702483841,72.15858323374118,14.511928065627592,9.531260897145469,4.289783775837921,110.61857545109872,0.43953752412305147,10.969120082276579,11.233620753825273
0.10762626159858728,0.703157907627979,624.3603347799261,32.28754335175078,15.014841449626914,8.311661434223481,167.24071589077096,2.9966699001768813,14.738919613676321,15.159404873543066
0.43274881099857254,0.4371673340494362,764.5838754337992,56.431191560755614,23.223535014896715,15.780191966572849,286.60189008126054,0.6739521808906381,0.0,11.409640219098797
0.11121575642468823,0.7397183661993089,684.9092498314424,29.85408177601846,13.293583143223326,7.349637515733494,166.82475617964118,2.042764379042726,15.187154068832193,16.50854629753376
0.4670331865790637,0.843181909329616,218.62476907496048,15.688905204003703,22.460261698350855,10.501094194928775,220.7254149903495,0.4856676846472823,6.893625280320935,7.65467959181492
0.39876302748040576,0.6093760316400103,626.3520493206288,43.61297197127327,21.75517108317566,9.923570266597165,184.2000131290071,1.3937047847239534,9.282604834193458,14.403628674755339
0.2571649981752076,0.6977291986420585,774.7588945637573,41.25081433997269,18.177942777083903,12.567714551613957,256.14356154917505,2.0743662366755293,19.39959016559352,11.914994172562775
0.5845945367453204,0.8252757234812782,399.95207167459114,18.958560449439325,24.006495453448892,11.927946042834096,226.03510011527194,3.3971641039837737,20.84139625095091,15.28203763445062
0.40723343935348166,0.4976273039293475,1070.5226773358304,46.89520180919048,22.09253645451613,13.777764675546818,265.9147368157584,1.7120624924960919,12.462746624348313,12.2917682838028
0.059042330708733305,0.40633245050038463,1606.7053117460912,55.003420335411015,10.783111971543892,15.464276341291306,274.5887923472813,3.2056490207391066,18.6420170348345,22.11037757406077
0.31087235458466844,0.7836707495646144,1648.1508565647357,24.89697167183716,18.258911066279897,15.668128125885294,268.91352764002494,1.4131634016649395,14.901184368825437,8.38737062280784
0.38154811660966337,0.6615229394194552,491.62635746491696,32.834119904184014,19.938747826270887,9.091645714072524,173.24522401024245,0.7281624131833464,4.464884991176659,10.428561968816798
0.20318155812360728,0.8692118145172453,1260.0171446361987,8.119294628031872,13.360660755842716,9.911497226327617,195.3628908978636,0.0,0.5989030366779655,9.920648110257309
0.2655345251702556,0.7849870019740971,1183.3568037068153,17.0674104600729,15.152388556838407,15.088411532725189,281.5671045165898,1.0904456995516325,8.191107806125515,16.22764615351253
0.3456757316248253,0.7616985072118689,2895.1231193549647,31.548085048269012,23.110111044183625,23.3580444192713,400.68259085883864,3.5595837178996454,13.348655754458404,24.742785468428057
0.24906262299412377,0.5134456220604124,1264.754470004292,55.19886421517976,14.4427940693046,14.362325880551133,262.9325419016806,1.9415647308300392,12.539164112492314,13.58783666632528
0.1762986020473837,0.4817975829533966,1321.0599579729658,59.63766547398418,15.147383584495667,10.178047254213674,213.85094199852063,2.4184027988006287,15.15836742609735,17.664086208683145
0.11326527134078566,0.8811332355609272,1838.810599222454,16.829530993413442,13.991230136452856,14.19975104572479,263.01612389648346,3.6840779461213717,19.392302933724107,18.926541773972833
0.5666199203231045,0.8948826775756956,278.20988974917134,9.50603147841834,24.057065425513812,9.7768825651771,199.45108518059556,0.7460925683627248,6.177281853060951,11.562317188193354
0.22365992081386485,0.8783070841884,916.449820028723,13.762281677258098,16.93447789107293,11.668641315419677,256.1398929496675,0.0,13.26505209462688,10.819808626457373
0.361354601257921,0.8854204114397916,2619.5855889057016,7.855224795519513,19.69183156359339,16.63171241166878,299.39530110837126,3.157204313146435,22.332122954299034,13.136617711155065
0.2055152614925485,0.8738959526663949,2656.2383376651333,8.699904312314587,13.397378441078963,16.446921743723045,289.7453750271834,3.440015435176937,18.27436255187726,18.456387143849675
0.44428826564018503,0.6364078527458473,626.1932600967078,38.99960680568737,22.18084122928179,11.375761750558464,225.446023932712,1.5033244641396326,11.478437556132045,15.110586328171742
0.23992560276607966,0.8685478944034277,2571.6039927497745,19.525747250726596,14.908727223663291,15.87349677638938,295.44334114469314,2.3663588936415008,21.347157651613948,13.33660060557589
0.48528688869527714,0.7121133733890874,705.041691040753,40.70166417361335,25.61351058405158,14.512866624175564,270.7028339454425,2.1357876510132168,10.620378861498109,16.711693498799036
0.30102425989195614,0.7067365709086031,1099.5849710754733,30.978240737295742,18.38385705173307,10.13467692305551,203.58927846852654,0.0,0.17200902231844584,4.814635344689469
0.056070732539033385,0.6091746087873443,182.3297544655861,33.385111155111005,10.001461261305328,8.905986676245316,198.4121097702586,0.0,6.134486236527923,10.280699579794481
0.1570902165972694,0.7690434675417959,2208.4106034856813,25.176486002463214,14.611834522829023,13.000131424450332,258.5744434895113,0.9919436510903146,11.037303096698663,16.506395932475243
0.2732427727121851,0.8192328328934988,676.8666276733142,19.856749044018102,14.981360439985385,7.508724871505869,161.45986155146832,0.46052363114682465,9.284622364853618,10.495538791517548
0.2633454653805759,0.8697395108857738,226.27720409590557,14.26728563628812,17.09919479450158,8.227816692310808,166.9823047657635,1.2041646792593361,13.955545442627798,10.075881287874456
0.4549597583539002,0.8018574699859032,790.05733883651,24.551575538643085,20.922598379514486,14.103787660970426,265.8488433460188,1.355582468855649,6.759443127710679,9.113543219173986
0.43581094755173333,0.8621593789257592,47.0533247753252,11.333293251151527,19.241531352006415,7.6420410950003355,158.1382828451872,0.0,0.0,11.171573183516252
0.30399029659341625,0.8008983649744829,1405.1493311328486,23.57275431642635,15.92087462576145,11.012084780832605,224.03288839358603,0.0,2.0771632098152155,12.784049229742683
0.19587911382864223,0.9648926177763266,1934.6274141186423,11.417480728728002,19.766846362042223,12.457875194814774,241.10869068449068,1.9788948127231683,15.82478556425182,14.77895379568625
0.0842627145514656,0.8271511734524087,355.089766475661,27.655083240443027,12.289352427190016,4.775588451916541,148.3341371634928,0.0,0.3905165976534448,8.608927433484928
0.14911218008015656,0.9171809995606272,342.7712569718424,14.005589284723246,12.86432617274552,6.65618030397463,164.5756735151615,0.0,0.0,4.207277437583766
0.1689657274508211,0.5063449334808658,1332.6648110452772,54.64455823931846,13.014305986786832,12.261779693646853,223.13929042496903,1.1049144537012423,10.141005054122122,13.134374219508155
0.1944637486951389,0.4677965700156431,1451.4909130126582,50.678828497061644,15.803925923183641,13.904952868300349,253.38640620841136,0.8283304324626927,5.477901817720123,10.003025870479288
0.22362528854413938,0.9112748875660909,511.8874232383426,11.463808748655689,14.313640144496965,8.104092601824943,152.4218856833359,0.34994714183155373,0.0,8.979567123805587
0.12159975077563392,0.9148683419567529,401.80996561400696,19.40108442997044,10.850757835603353,7.414174197990627,139.83514490338536,2.273286545161356,14.465402851428372,20.532464173009043
0.29345940630775363,0.6132258026518221,1702.2536643438855,32.95175563651693,17.27165636388537,13.780110114442097,257.83992038977897,1.2937181384597358,8.243508997957587,7.829469278010933
0.0720197041260592,0.8259303870204214,203.00939545963658,18.650563656934104,11.720554424848812,3.971499453109412,97.64865473372446,1.0882043257865535,17.7327309105132,7.717237827389655
0.13154242369966168,0.32283242052415806,597.4632139709083,71.5873136864556,12.454490636038685,10.124172627760844,218.27444673270466,1.2953550803261638,10.625638691799194,13.932364887509031
0.23597938398066606,0.49096790872651774,392.3805653095366,49.75732964085085,14.116900040637338,8.9802738071218,196.28326167034817,0.8162305801698985,11.195345395164747,10.88464345856632
0.12552245541199736,0.5291999639128967,1317.9551932746792,45.943993088483026,12.356118183692946,11.806045819912125,224.3757429630255,2.1543986791328544,13.531445766372931,13.82959468676593
0.08089876939896155,0.7809508596591865,421.52090047816165,23.387762047840653,11.08319450634338,5.097571623908536,123.18044995520421,0.377438662308545,3.522104400372065,11.761550402604989
0.5684943285586916,0.8462082591458656,1862.830591217146,19.42701555110832,22.99562986250149,18.38329818444745,340.60320233458526,3.1756982291200484,15.264725177097441,18.70697271935448
0.31624787679383753,0.6753904076423471,578.4756193265276,39.64528252178496,18.459197056323333,8.827469257903388,199.5581117917671,1.1331546039648568,14.937412024408367,9.911974573485443
0.17344438702060963,0.9146236760491886,1151.4344428098252,17.30502674718909,18.788565641463713,10.016252061890292,190.917801848749,2.2386603742374565,17.693586247538384,13.82155587459078
0.40527552058860683,0.7241890574942571,428.8246075958168,29.88027103301166,22.795418355389902,12.564390899950713,227.8540321042239,0.7644959050628409,0.6148388873600013,12.059913211126768
0.41497857362412344,0.72860527098902,994.5510399160603,34.88746844844218,24.258303279180115,11.984179224422123,226.75177689573428,1.6511980146861733,5.361761110736467,14.629222114264097
0.26262941587728816,0.8825540312329242,479.0276892084749,17.27910200568551,15.430352778864123,9.771018669455064,200.8771970955547,0.0,0.0,11.449761064434261
0.4274929306631607,0.6906568531506942,324.5611332074376,37.13648405554167,24.0366997415214,9.066868082472908,180.86630467373445,2.4151546491548666,19.961117317984492,14.288394873902272
0.14013961311132245,0.8638286636304924,1445.5188940952908,12.11357290279069,13.958041960521395,8.22473860904074,177.893220777231,0.0,0.0,11.041147607273011
0.26443438166241723,0.7257059736359657,417.99706364307696,38.379226039928405,18.583586524999955,7.253169198578924,178.3005243664674,0.0,8.932439545891816,12.851043221282682
0.4316168404600029,0.4461305204561086,424.92956561698446,55.94931842967736,21.705828927596382,12.38120249763959,221.6577254929515,0.4116266695307418,8.638293526144148,11.169644486058727
0.19463814002142935,0.8230877874402517,929.6708585067903,7.180552393788277,14.17941906811544,9.856122659769717,193.38508109592013,1.0758495084903532,10.037463467633968,12.381138408179806
0.5566208702969193,0.48908796471502997,1055.5834450972632,59.27971904299409,25.354516994635073,18.381355399942983,311.8504118441988,2.4050486723765943,12.25522403844762,15.305991644057569
0.18940209694777377,0.8840274279410979,313.0309058450438,15.462806141354504,15.704913530931297,8.715523871374963,172.36700995133896,2.8810016906216385,22.467091487764538,15.350342037856274
0.2078370591770535,0.8663505974319692,1242.0570999915299,15.050976425365805,11.659553480600547,11.42645459412431,218.4500539905401,2.1616065237246853,14.213766744694004,12.590078615061236
0.1738396874572404,0.6088580843711199,449.8266207635752,37.17435708066321,14.097743724204754,6.915728217589369,146.46381161623185,0.2408714690177064,0.0,9.707763709724986
0.2116513599702925,0.9128680649202193,239.4617770869699,15.0393834998521,17.036092372413872,5.697685718025049,140.66506143385578,0.0,0.0,11.352396766296195
0.10937685135703658,0.5115339124147524,667.8383137521479,44.52000328798584,13.289264510313691,9.947446389090533,200.72125866759725,0.0,0.0,7.332535852417186
0.3031850902042757,0.5135166291643788,659.4132396704878,45.89897106185225,18.518569197102483,13.267830272935745,252.00764490035385,0.37421553680229724,12.498533144859087,10.709337350223281
0.36876732077732427,0.6917083929338546,1168.1338125662144,29.98185411689465,17.71633536514321,11.232505507234167,215.42060481218593,0.0,12.12127528816039,9.425690162319704
0.19355861385601125,0.47133502962519813,2967.842493782178,51.118612115220984,15.351386559209644,21.21947648470296,366.14606739845374,3.0959172877858507,22.8150517183729,23.07321065280901
0.5839653477383812,0.43552931838166264,917.2231992533481,53.22632009699106,24.40644847107765,12.782392651997753,238.22898430396532,1.3776190361189165,9.79481001423056,15.612381747682532
0.34447563167268763,0.7497236244924023,1287.6262035644527,31.788944453958113,18.204984322610972,13.811392379631847,254.68430839492814,1.6636324519800296,4.5226361964529955,16.27877402496665
0.04220501217882686,0.7599537330669192,176.68348054229287,27.959475547965774,9.69661244840392,4.741128762594839,125.30702455099332,0.0,0.0,12.760134468528733
0.24850688781269545,0.8793431828684164,1923.9268179485673,17.824297233563936,18.04239690464371,13.975052154415122,240.39087546064115,2.325337423570166,9.35698368556033,14.176260557844355
0.5610408080887077,0.8578559088523062,759.0197024345163,20.845979270878885,24.716957367909057,13.32115453922757,252.69673135372832,0.0,4.77153493028902,14.130276111603084
0.14793004337867247,0.8613308454303018,260.6452112718773,17.01475256044434,14.1873466343455,4.924265534428784,115.17667738062501,0.4109590901965723,13.581050018934299,11.50491380482067
0.06074463316026406,0.8829847902565555,1873.4010015273427,10.429822231290894,15.620185153989755,12.513197108387587,234.30938022482556,2.3088840212486716,21.15312596785879,15.638214254980808
0.5409321130872642,0.5732654475813374,785.4087041130522,52.43197211456405,24.470901166216528,14.852328223000132,257.169594359967,1.830876321012316,9.881824444486595,10.933002504618578
0.2801844838817588,0.7943827750190621,1665.1359394298636,28.14322352143147,19.40560547233076,15.622988849199672,280.75811569012905,2.3946936628842206,3.395982412107136,14.781892731503813
0.33188745088181043,0.847636886702894,3184.524054358053,26.77681526641746,18.843051927167455,22.944079971875876,396.94003990932185,0.8813820072753256,2.690575091219502,6.905638337383531
0.06694050218758968,0.6553620265917409,198.58022993406357,41.19010971155056,10.967185178666359,6.224803568676651,147.94289709983235,0.0,10.943004502851668,9.255447790780627
0.33804895204219715,0.7775847999330326,433.29259019951866,22.71551098669965,16.332949157766212,7.7952023510778785,155.06472009056006,1.3524385435263413,11.567897737745872,11.652193884390208
0.19326530820631138,0.5545286662851867,1461.948654102037,33.352530342688866,15.314412961153346,10.651856852385004,213.8662389651829,2.0221459857375352,11.310352881538536,13.86031093046525
0.24191075651160215,0.8504497421143408,827.9892573966731,12.314041082070602,10.72078983687704,11.01844133855433,226.67438116795066,0.5725993945979531,5.163569536644098,7.273631628772075
0.5763287849548937,0.9541272455489377,54.52616727985528,12.31115813413679,24.953153775654723,12.542825407765402,233.205480720953,3.6747392452902177,15.944702115577476,21.29765858428408
0.18970040536019805,0.7135955107363343,608.5395369737149,30.267664437047415,15.373306919994679,10.102198066352733,201.54210214585515,0.0,0.0,11.777597898043252
0.3325188951680665,0.8905051994696687,692.4907646610948,12.755282753151096,17.877837219507505,9.839334793762456,176.90455624467984,0.916480380478317,19.026238591731953,17.360538188927258
0.3124720705471105,0.494483441716734,786.1942580974016,38.01872273723721,17.627069041827003,12.412298430350104,227.21413589884642,1.77104667929557,20.676602932671166,19.41202020824649
0.4602811103098881,0.7281071209790334,419.0682492656437,29.404722790665584,19.004688721629016,12.63615939890879,242.2475931556132,1.7786426918455172,8.00523938750899,14.91522381330589
0.11802040957539223,0.5035794710980379,2265.6040549434474,44.26895484991508,15.721717479526255,14.651349395122407,279.32491496889537,0.8271594874817627,0.0,15.138107019782232
0.22519976485978244,0.6298535844144282,176.92937333715912,34.69126449887185,14.95549220927551,7.53189562192976,156.98565642118677,0.0,5.845091724774435,10.783917482925355
0.060988598222261436,0.7960660076519306,1106.3562927525775,27.604579795811937,9.580529462749801,7.0712890606053005,182.76319662664721,0.3801404027991572,5.7832209814248685,9.668291986794086
0.2152545273791623,0.6769304624953189,516.888245810792,28.930548605001256,16.47068531494604,8.513126991327372,180.8358012719256,0.8160428126097036,11.404882805605613,11.205747096030267
0.2591876771595089,0.6537851860926498,484.8497258103809,31.490886724795562,16.70120414456839,11.40903559819631,208.401965215403,1.248741380247471,14.26800000099772,15.038615052278079
0.3025375980986328,0.9893328262232515,2062.6231790016677,6.887947276957963,16.84677038341064,16.16002810479184,305.27224868431796,2.0366639607268593,7.296527685413517,27.355429114281044
0.20670597365355628,0.6608769757697531,662.6111535336541,39.882882638788764,14.239582610284026,9.636684128960036,182.02083062459312,1.1850377087499917,16.1412407655006,16.46321577635119
0.2568917239942675,0.7078689094768668,1111.0442452436291,29.27826867004801,16.411015714374066,7.385026888595208,164.0596735829068,0.369483742473393,4.712124627981271,11.662931299658418
0.4358362874272405,0.6219543577528914,1532.9997449746863,46.3601848273543,23.587539126751743,15.491140436541247,273.0746959211699,1.9258664531379601,15.74301511315177,16.266040808013603
0.17564069261339355,0.7626586892221464,858.0911839996138,19.96737208038102,15.330110136307926,9.288984348670002,175.76042073647307,0.47952023360909246,5.610753254374266,12.62340591200903
0.08641727041071967,0.678652833132383,2082.4375227151136,26.650967015043484,12.091615199253013,12.843508755263608,252.2741532243914,0.2151371744463919,10.472999553008915,10.266975690618223
0.15641685111442932,0.6199412081880794,234.01351348336053,31.508861271646566,15.615289029303213,7.1542841527591525,154.7164926569267,0.12537339231432765,0.0,12.58284354600099
0.30304916165720247,0.8407628346278312,1161.9765254461831,11.070426061443035,17.631292823686543,11.634399503532093,241.77271309858395,0.759529282165932,11.729784345322631,11.432432907551895
0.1621130358189089,0.8581890429297315,2989.2346473239168,19.445730962124742,14.855930447143422,16.653997852385192,289.6306319056534,0.43220624810246866,2.569227486462067,8.045980532649024
0.2727372511300923,0.6128278177072051,1090.1148647591322,34.95654980940568,17.120686742225644,11.846991545164599,212.10846616106147,2.6896856438012513,16.1260640720289,18.169199376998318
0.2146786386795546,0.6574894048877616,134.1479570911428,28.774991740855356,16.546526803016555,6.950584464545993,149.4621121257323,0.7049285724334227,14.043229083632365,13.608332855211943
0.4508279716986138,0.6040589384847398,1192.5966896518007,42.53367901205145,20.382410944051472,13.506252122929581,281.4988698412735,0.0,0.9842501207512484,9.562584235686073
0.2659281604399925,0.5980046754090987,2328.936134948813,45.2993254491347,14.36951828387466,19.633070331383138,352.83521104441763,3.8113810396327175,15.445460965708051,20.458026655593045
0.36363197803851377,0.8816185661448505,615.1896487030774,20.90862103154045,20.90449575179244,9.836231999569664,203.08241013091063,0.8510592247763873,6.544344354241134,15.010317117860414
0.5369871732012245,0.510630379989938,608.8974625403005,53.41968812425445,26.434535965656544,10.986338217764668,220.66446536802914,0.0,2.8246479053457603,9.844569758537684
0.117589606455035,0.4100124958780772,1419.7628823334403,53.50835804076011,10.755977993856481,14.5834817722195,263.90379216667515,3.4046962121849074,13.367971748034167,17.170728358037657
0.24084827729137878,0.8676371835103512,1238.7328178140253,18.293108306316913,16.37979028057761,9.98392747022846,227.05241479041257,1.5336522015437377,11.665967890823108,11.706182193171305
0.29047238868092085,0.26855949190529926,882.8715251127846,73.31400361548518,16.364069338414463,14.325438315150988,269.4624289664633,0.602609111189744,8.201289018558853,10.745166380354092
0.28751283341245654,0.6761619034955413,446.78375479782704,31.77101245995582,18.95457821931294,8.497645398874957,181.10784381897736,0.3423718066598337,8.684429588562107,15.460605229384306
0.27546604421633114,0.9446261590162669,559.8956008979654,10.807406208059547,17.379942575065044,9.444589657374499,201.5174743557525,0.1636426474888138,1.5567175507361108,9.814028986687902
0.08130801968056052,0.7037070603166674,335.0394549451298,25.40827342169152,18.687645064873905,6.991961368047859,142.1469882842474,0.0,0.2799881429472144,11.078350268663808
0.1762805814812865,0.64877914323773,117.06087939914889,33.4718762281333,13.804147566411144,8.123200371785742,163.05453638520416,1.3069716374093832,9.634902851338316,12.2939939722804
0.3682738630476329,0.8955367665402276,1925.0151009836757,16.260627539319927,22.28143125014108,15.480941015345959,279.7589763285966,2.7409407247650237,14.738535392945506,15.621658854430738
0.11174359046034643,0.33403965908876265,1475.6404308460012,72.47414395374733,16.06285105221093,12.84666544122825,252.61326380275835,1.7864901637590767,11.016765781442619,11.828318854388343
0.3952905460526702,0.5736955810320018,1371.492669858582,49.124595773729034,20.949458569416883,15.632473399798997,271.50657086960337,2.2670407140058746,10.532014742310537,15.96842357173581
0.3559836086444061,0.7710728760017556,1352.8794132059904,28.9077335485136,18.97375685486654,12.977099130434338,243.9829427661468,2.4089302555638072,16.285920694461904,14.471066638201332
0.19955057259140793,0.7971131681662242,710.6735019790515,23.658315058913693,15.178439709765255,6.005021017959688,137.98682006573432,0.0,0.2876014816408441,13.820993732619474
0.26993802886665236,0.5857013670594616,634.8768931061159,41.910724399771865,16.768860425877627,9.407625992762645,175.3705318151828,3.20174123311512,17.196090684370585,17.68184635079083
0.23462751767459364,0.799300674906873,263.3258988145014,15.824939488943174,18.132287366691124,11.744567280143748,221.07919281208737,0.6422824770919435,6.037287766184946,11.472114070147846
0.30010316471842646,0.9589309274844988,1565.4071809702248,4.518683856947578,15.75730652380524,9.519924874235791,198.2213942952672,0.10430544651003226,5.249930871714269,9.72021892646408
0.10862818457781073,0.6854661467422838,4195.2261388819825,29.293772520226,12.393736668289478,22.335253892936535,370.1961119371332,2.7200532152399104,21.806561954635345,17.913325469828344
0.29722035835323407,0.9426188942376104,1154.8013861716177,13.038096096318313,16.866137043383834,10.814449730435971,226.33009189362917,0.05062036659627611,0.0,14.599280208106686
0.37267481853518775,0.853331960001679,1727.8632741365873,22.924862457278024,15.864481621131773,17.173396853633378,312.2814066588254,1.7428718559429763,0.014858597707636534,11.23785143900345
0.29323825790309765,0.6277995594019059,1732.6715658509715,42.18090675146078,19.048786267102265,13.57639813292859,257.1060385072429,1.2012129074842985,6.8338943795178855,13.83646149010752
0.2283722041285596,0.8899750899556206,2433.539270024986,20.815574094343145,17.83514386600067,16.429140152166003,296.5189830619908,2.0915545840757925,7.609688116913707,10.52254549517594
0.2760874272891693,0.7440468632590953,395.3927447133812,28.397070064313827,15.633748815106097,9.584482748438681,182.8440214958445,0.44667186484663424,0.0,14.786304392219082
0.24589295350587517,0.6275613327181807,180.4411151803422,33.60482914239431,18.20758875095637,7.831345854064341,160.97321930720827,1.0362152892425214,17.87661449895425,12.266125180326648
0.49280573171682623,0.7318362316272193,986.6157855109818,28.88507467180397,19.152827850846084,12.054757325351188,234.43990701033903,0.1092298910127738,8.235470740715842,5.788336728148959
0.2704567579229722,0.4548967585367996,764.7177850743406,50.435106279525634,16.809327954479173,11.232385460458792,211.9692298621011,2.1128291003981037,16.78710170532834,11.454753333050585
0.2727166141635703,0.523342142513956,3958.1755723923347,51.188507132524435,16.565398412711815,23.594425955617396,405.80388006835545,3.70260925402349,18.38309789345717,21.69819330633617
0.3997591730117084,0.31918086418893943,340.08429583457354,64.47828520750848,20.169476742091895,11.339292588205831,211.10057563063896,1.464771373564966,12.963172508067352,8.6680325943308
0.15141205811125086,0.707244635363385,2959.2979587003306,30.855324731123087,13.950391793285466,19.079881825072057,340.7125265061174,1.576856178507001,9.194222731274477,14.777006467791127
0.19503360551591623,0.7271746865585949,770.9001211854481,33.02238935808188,14.721756811455084,10.107676693400911,206.8759563809727,1.1694606372623755,13.749447271175825,11.638012126061625
0.21842588373974664,0.4972773935970761,302.24483345506366,46.539563128305325,14.68510126266161,9.313780065524185,173.4298144238661,0.49772644400452226,7.936233429354696,10.660040711822624
0.5282400274579102,0.5593457825417036,2593.9331270842686,49.478762500357924,22.988588749532227,22.01932343969747,380.9629369604719,2.817246186340787,16.086357859273726,15.021577413761186
0.29622530080390413,0.8043708654082464,401.1815691475867,15.86864035345976,20.132074998300435,10.227592549812726,188.19720896828744,1.338823978284586,10.549936389067776,10.488510104289986
0.22122724470120816,0.9565674050505265,1735.3751288379724,10.441688385146739,14.373243217712401,14.34577892573671,246.57627411548364,4.84008756564178,31.687597900379522,20.637909013786974
0.18571312671146564,0.6453889136991057,1008.7537682308143,36.46050278046746,19.153508194159574,10.786701601967737,205.8616015243923,0.06912039946410964,6.113136324078553,11.888711503677728
0.18900947741303553,0.8678272594185279,2952.0999479531674,21.03225563445238,13.454908029899402,18.61952795613568,357.26209496382836,0.0,0.0,9.122249052896247
0.12703283533914242,0.5105687424507249,2004.6558447842826,42.176943370114834,13.655939317312388,12.24784168459271,241.47150479913978,0.4669794236756911,8.548872301826897,12.43114667424745
0.2914372514761775,0.6403418359237629,754.7074090296537,29.715279152905282,18.42834429324423,7.22075929810787,172.23242990818807,0.0,7.445203287481824,9.273280494005325
0.26252462203005167,0.9232491039962976,2603.104918951572,15.657802569638907,15.979603740044405,19.43205489245339,347.5649887720378,1.5055884113619662,10.298804372182945,15.597705070230198
0.08135587364959447,0.7588140987636938,1263.7314708161318,24.752120403521623,14.798623266141934,9.663134722208424,197.00145467615462,0.0,4.739485178533316,11.244826745837875
0.5265805398767784,0.55643419057261,901.715290238943,44.466912329624066,24.25493706367547,15.059800915947053,284.85092990654925,0.5858519898374824,2.012327369979471,9.842467426785745
0.22647685679201102,0.3989526870395977,991.9991776558422,55.795512361890516,15.252116701632389,10.01958099445433,193.8980012301898,0.12989890075615862,6.004973835202289,7.463714302738309
0.4117341820120272,0.5171459578268816,1784.0245987067997,53.02091569471684,23.03588409639031,15.629384679720676,289.1459163631179,2.666204800036158,9.592412466930643,19.532469904972498
0.19328377980207137,0.1686345518245358,723.7071017258288,81.31897138784198,12.801110934015332,10.35779801746617,217.1379483862409,0.6520108815474185,6.354165802374656,9.189861586024135
0.3596176587740096,0.7453940329349259,564.0607051573853,29.117857476141886,17.859474430279928,11.232344723903335,225.4793880786478,2.05047799512446,9.855298105104382,16.628549912203574
0.05610263377596298,0.554766528421641,455.6067005995294,39.22291010117801,12.52770670825456,6.336735182984196,157.4788273951296,0.11815777210702565,10.387162155272565,10.388673009233079
0.36941401609198765,0.8244881845371769,1142.8982212742399,23.3035911576761,20.83828325312876,12.314141384833912,236.5381223687953,2.2209310828007043,21.633440335461387,14.163139893762654
0.38601463484730364,0.9839329325900757,485.2527794454583,1.484971473105789,20.295609641493495,8.0309515983393,187.38508049339484,0.0,0.0,11.288401480879017
0.16535194018528288,0.8229822268172428,1802.7915493802186,17.638834448041784,13.879413860318506,14.2465176544185,261.6154472781046,3.293999204850287,18.15289472603452,22.33863242786192
0.1317426906468964,0.7710481810254032,709.3254773687812,18.778925383787964,12.790679130286652,9.051586587008787,206.95072310522,0.6933984378314035,6.221796912364689,13.610031798081199
0.235785469436932,0.8339142915378124,1337.3673421785625,19.16500638867483,18.157438587874076,11.19139686018164,223.60702712666614,0.22680618134245656,8.229416784552406,10.954884516384677
0.3028277984051723,0.851557500108198,2084.7383019958056,23.682191290598734,18.05148425920179,16.679582196720357,296.35427039253784,2.736270808164747,16.42629152949186,21.70511896479585
0.1911378859644166,0.8635097626666801,2482.843355364648,18.417596305814694,13.033969604309014,14.968596261992484,262.7376420885925,2.126126890446221,11.567630342527147,10.292515438693732
0.05265612187621157,0.7300361875219513,1055.4624403399225,27.087638590541868,9.456598320515106,7.909646545909653,160.56478785793917,0.7263366096785012,8.374099050053765,8.479224060873745
0.18107060470248168,0.5395827058018631,98.03879223014711,46.98328806833827,17.5536877427499,7.74837140932187,156.6319544772624,1.0460854951233698,8.11108569080496,11.221862786950808
0.2226782453701685,0.7529985498124461,106.205827325218,27.74820037755094,14.129432910276687,7.6779251749943445,164.28168556110336,1.429554272278832,18.663890098225835,17.831855788418565
0.2591856498359095,0.7339581431035964,1768.6933420531907,29.27411054030879,17.025103380067364,12.82743032858459,229.67187157163687,0.0,1.0317731868146152,12.828513235199413
0.31989679010542976,0.719040659745831,375.5102598137159,31.17301277417433,20.699232622109875,10.478342818449487,220.10272676368152,0.33298344043199307,7.6193672945136335,5.683600136934679
0.39981988690470016,0.701264428445512,682.4238299699758,26.68622967017879,21.07971175417649,15.171254121453254,278.67604056584213,2.425141970494253,17.248735242083445,14.753729578113486
0.6066298001609597,0.7244124226251043,1957.0024136988582,30.33557376389167,23.650460188683823,19.020077543113075,336.0026599352731,2.5801939928327067,17.51316206766429,12.479005168514465
0.27559453523018945,0.8319676976918491,570.4719455401702,11.346665361231631,14.858475190387306,8.336325748536602,163.39101793640955,0.0,3.5105523581699063,9.878647957154337
0.4028121043490069,0.9059917755126685,264.2438109372143,16.33885824587972,23.810079554417893,9.54167541810681,185.43475423569618,0.0,11.84136967195209,12.705497113108805
0.12880556238691185,0.9038581276310955,701.0497556859191,8.139022553649507,11.137809875800821,7.629583623394956,142.24008090013754,3.011474413828667,6.601479361540887,20.455647429028456
0.10483348965955776,0.9182352125834938,1532.8703685759958,18.246820018280133,11.514298773686464,8.194029411188177,189.08849257259726,0.056680820158694994,0.0,10.945728607267801
0.4698686149474643,0.8647870821814878,560.797845874077,4.9429812853570745,22.491722650922334,13.174674224309502,233.4429469270439,3.415565635523425,21.98011225138949,17.26385307251728
0.148387395819719,0.6663192585752119,1383.2146385843523,43.4033914408645,13.271927997340004,13.352696923995413,236.8714164292727,2.70043841134178,11.40121560715436,16.46489701713667
0.3866340052729439,0.7198256446748327,272.9488897343217,22.019588595375488,20.813460541614837,8.441092304886318,190.74811849401522,0.0,0.3074502711296043,12.049840003305118
0.027264846866442035,0.7243282008125235,443.29613168957275,23.81078878118723,7.746076920811996,5.391075124052036,134.7417734489779,0.0,2.6640220786999356,17.041910335626177
0.4918714970204722,0.9100364834837162,709.5069102229153,14.592001676170543,21.875988657699008,10.947975699771163,215.42700337116824,0.643825894533201,3.647086948343314,8.05426619140588
0.07497247219610428,0.8311400458670595,2139.628636156037,23.290970794087546,13.229689299587712,13.756148792673535,259.74491664402353,1.4240994097811959,13.881842692011167,18.326796475901787
0.4512624000888989,0.9457199593645387,623.5721661499097,8.468276524611271,22.643706156257082,11.016383910212499,224.78476238579913,1.3169474961311278,14.789813906001303,14.024537167230125
0.22829123706720755,0.8524275619238435,548.7668720675974,22.744549688143447,14.562374374072135,8.685931359303424,181.28772355698777,0.0,5.441576652221968,12.460759752394184
0.37765254762226,0.8698577520249422,550.7291941292401,12.730031053974907,17.39789360136083,7.927840424615353,153.48225892905202,1.3302430699503405,15.59410413493642,13.881105541177893
0.2692845597666664,0.3495522713241171,1382.1331655004785,61.541835846919255,17.15954020900441,13.611516704823478,261.5046492961077,1.4994124515906775,4.065477305368739,17.961112209901582
0.29399202493453835,0.9127212997466638,1641.1666446775325,11.344693310388402,14.724875332115367,14.411655612873428,270.3982729595343,2.520998345199654,15.463431918858227,17.291540165464347
0.19387459533360282,0.7588156634548874,2074.0900550832653,24.01461099816888,17.415406075267885,13.859711405704157,269.6112045601002,0.9206836930218398,15.422502201316261,10.355423989622276
0.36010992568106553,0.8932205917399346,3270.8446927230834,4.939253871449761,19.317565670508564,16.143613918215916,279.6632201384839,2.7390311430595906,20.840403590116978,18.19792020456873
0.576852496240368,0.5846001440490782,1148.6283756425591,42.26265170304048,23.027689253565264,15.550673867907001,275.9666890427483,2.3398405986051816,21.540832795336925,19.229926609690217
0.39681413567580204,0.3967711239032646,491.13231919691424,58.71556308019253,17.811350577122862,15.363759768464977,284.3772853741165,2.5625239729731013,12.299867568865151,16.40695229767978
0.17393734615772982,0.6991555108099997,792.5475771795226,37.466917845651714,13.0823203223585,10.670699512788712,200.61537702641135,0.564047969862998,11.842141001546294,5.187877672809951
0.37595438563553796,0.5920001356790656,393.960913894677,35.29026571036463,16.274997505532966,8.913022943095504,160.1669191173749,0.0,2.866119310991743,9.655198588739095
0.1314730018447438,0.8670534786444496,995.5328888474107,13.768150301651076,14.276383186528559,8.787877897552553,183.791474250657,0.5221195004888781,10.064242521326257,11.599449669269974
0.13457602876715985,0.7275171979572189,456.8984550876339,35.54090831146802,11.758707537271109,8.464842651641328,185.92271610562227,0.2702578986993631,12.635415704707844,10.540860563156366
0.2320217660914547,0.6565241636937488,2065.4727762440616,37.379269573984374,16.59988767579849,12.842634196911668,241.35019474425934,0.3075558119370949,2.2598851447937163,9.282456263706774
0.22149550301897494,0.4649120382476096,1082.818002111562,55.904814988496994,16.61247901039912,11.10626014118679,222.07525339034635,0.0,0.0,13.969050592272529
0.2543486947269937,0.768111049327951,2530.7362749409112,28.13717367718206,18.290711831940477,17.905720429224388,322.6194815815446,1.4901468549298682,20.1984141624281,6.60646377255255
0.3000262814701066,0.611210362095643,1599.6351359775394,42.28042564856491,18.00435223074244,17.005154773426966,305.1822751773648,1.932747370823657,15.17162557765635,15.113800346341394
0.4074451974535771,0.7099033111253304,1497.1344544632052,40.21395197295867,22.436598678666442,14.965302025418206,275.83916194824394,1.799434244121458,11.662339183676206,14.822530781695857
0.27628240397440373,0.6706999830840961,262.12574083087185,35.09470481233294,19.67928096883962,11.315915639957659,233.2301157193272,0.0,4.189963774247804,16.28455974686035
0.4397805330725916,0.5178062023632838,1380.3343704379558,43.340725403090765,21.510943667794763,14.301774173655904,254.88410684090223,0.1810013171612721,0.0,10.40919685786183
0.5964953674874905,0.7760190125243416,3224.08601799803,28.352276303948706,25.549437336971184,18.84006743500911,340.3314596480466,3.2236521921613113,18.938264780113826,19.396017191504693
0.4449323754759303,0.9612586262408794,639.336966277592,5.653965267185313,20.008361789001192,11.516475661002136,210.93835732851687,1.3921265332165775,7.915679824286457,13.855353873367735
0.3327517753288364,0.8824493495621676,1851.13561518046,15.029873657313459,16.34354498210289,15.080180508049779,268.25490549409443,1.9980275049335112,13.254484265020492,15.27835343393223
0.2557375881332267,0.960530518340138,190.1912513722112,10.403158358166179,18.95758872195288,8.27473836195777,186.08024857663105,0.0,5.151464453174781,15.288876900465041
0.5274463842181656,0.885238210225545,341.6744499301489,11.22178950360667,24.39764703033352,11.852662711306284,215.69162671711914,1.6364451576041743,0.0,10.756152278362602
0.2715639710565759,0.9567675612474691,837.3366304412164,6.339445748628945,18.162757388912453,9.850869267627923,195.34712653697838,0.6744367834751674,10.147572420174757,9.6844775739399
0.34860181396742834,0.6356628512546666,556.5396673455765,40.16958624243207,17.53362613565473,10.265273638846626,227.5925756379725,0.0,5.944847482826316,12.262514501913998
0.44855646909179114,0.7215720468280484,450.7820139731433,27.315290929430276,24.461754734519264,11.095574999280968,226.6891315923242,0.0,6.616350028926704,10.770521099248851
0.20182622879249984,0.8386920281252478,558.9398086387689,24.384644048679483,14.588427870803102,7.567263345443077,156.13723055227155,0.0,4.082901362282229,9.150313774115459
0.07125607019946759,0.7464087820609037,1272.2137341820703,22.892421625205515,10.177720329349343,8.72959648357627,175.28569475337486,2.9512045155667916,17.049434920509952,17.16633810308345
0.28672276569192506,0.8195432359855866,1866.870487787489,16.293486879239357,16.02072089190511,11.262494418544456,217.23625499633135,0.8909384182003783,9.427795752350104,14.969119932200762
0.3527048433055007,0.7884597227959177,1351.4635926869016,33.56890427714403,21.960004316076,12.378477058061172,248.79659818130898,1.7528079084614103,13.382547053287873,15.837288843533193
0.2615505724782333,0.7175053275966581,1408.3895067434057,22.77338830833601,14.316669059936245,11.767000434017842,216.4885350803438,1.3691464092130596,12.854516644957497,11.28397762923344
0.6433121964147723,0.6043717692021032,866.1586817644434,40.47295812681926,24.580559890256986,11.960563717238966,218.78676633990148,1.3006192129979364,11.616290480756874,13.964877071475428
0.285099793684267,0.7616014259393535,332.51919655897814,35.71329090327268,22.92451347930242,6.823456968240015,159.4853850923945,0.0,14.24864413949478,9.85059242652695
0.4301568998822709,0.8215608583027321,813.2954083117004,20.91656551325776,22.63599796970652,11.63424154323124,207.7022534756916,3.0951093159379717,13.75036236964446,19.149038403173893
0.3314156863395671,0.8942129529630508,1014.9930096370421,21.254687578645424,16.81928046763875,11.10442760388527,207.45564253176832,1.8120591826092212,10.373463704948438,13.566914232590808
0.08213455814507263,0.7525688262092862,1924.9031741866106,30.53117996318931,9.89046923626923,11.896785520460142,227.600892991146,0.5204354173220662,15.546523823052505,7.676164786541579
0.07773649574238556,0.7927343146575426,2803.4093736758978,23.61790225964716,8.598018006863533,11.736266277624939,225.7057920445914,0.8764759888095068,7.73289097191156,14.208303031036664
0.5235148855029523,0.8953020896867094,1195.523858038212,13.769585620881783,23.282100430016897,16.479601696633978,283.54782648053043,3.457233234843511,23.487122231620834,20.288940619634772
0.2995596696924222,0.3521892680165957,1789.500176901727,52.70637880779267,18.94503245122151,13.877205871402136,261.69549206237184,0.0,5.67752435881267,14.245897029155381
0.24330443310495023,0.8988057959076766,73.94512397520793,12.511920068882292,19.12020724742569,5.508601445585657,138.16667196311133,0.4706629286735183,5.743592532745659,7.227970457818548
0.26457834586263373,0.8797677551600689,699.719026993785,16.981994564749773,12.82649148423897,6.795924348550263,145.31397196787688,1.255736925583274,14.9541888186437,12.928195702570928
0.1990460478835828,0.585731000120073,862.9650179153699,43.44252453765631,12.325388191944036,12.013709204978827,246.8132111883469,0.05408276176259608,7.808443834020615,9.444006324544768
0.4696419684188244,0.7712298414537856,1326.4572595842362,37.91860805492878,21.50194805533686,15.816317579795252,290.64082438040606,1.9251601235324292,5.0305913065555075,13.62425382872671
0.43308676216017555,0.749720055062353,2848.384480124299,28.929985375135768,26.402509165722527,20.555242979670975,348.2800549633558,3.3870540038664374,19.415681857730736,13.844575320458162
0.19656681419567912,0.9248846531283132,1143.166069752701,14.911107822421037,16.685975359686985,9.57816664374823,209.88030511905183,0.0,0.024691628131190413,6.801146169956086
0.3396111226986719,0.8980302985402677,163.3294383754222,20.002088968425404,19.23587761497695,8.525082676875552,172.6429963004631,1.7776949202027175,18.466542687076085,15.25580119729522
0.49484748924715344,0.811058934211988,1420.399459991135,24.70720247856004,19.921340050125732,12.994107433552324,246.70034614651095,1.6927941957775412,20.539126990680767,12.732737170048996
0.31394460763903814,0.6027531542154272,658.0023451034572,40.3219707869281,13.608644592778486,10.772070573008703,206.71324636313625,1.1088712789950268,18.805346115934906,10.292949062050821
0.09787036542150747,0.817698248440878,1322.3901395416358,21.00122088762396,12.524458506718723,9.178286045825107,193.915821682754,0.794425365534652,9.965269089628714,16.2772509865111
0.30676110809266705,0.49047169922120415,1504.9156385276026,49.10427465891022,17.470288724006174,15.328967233318284,275.11922562173464,2.6509959742202662,13.296145655108948,23.748653232850742
0.18649504941870532,0.8424869199218668,150.37863621705628,21.397232352714898,14.126761194365091,7.010934504238355,150.95545441813832,2.9940135317293612,18.584845856044684,17.31574379166831
0.5076079567341106,0.6313201825467151,827.445624584925,37.32957996589625,21.929331583053848,12.636107460426231,237.9418354862144,2.053355814341259,8.514800573961312,10.626855544454891
0.5113009885675063,0.749893445476479,852.0183641561296,30.634271859774913,21.285816673308062,10.14400018036627,197.14050015539385,1.9827675923695816,24.658564371689778,16.146132218474843
0.44240834060347617,0.7327244315591767,1132.7288602990552,24.009364608025603,19.104924261016063,12.76615117791343,252.21041355321455,1.286905130814828,16.119405677325908,6.961151203417156
0.29355229833256136,0.8942076074475024,482.4151527244144,15.255557621768006,20.117823054770362,6.884320762778371,140.68687868043634,2.8116373930864054,17.76918132780568,12.978588827024684
0.23329892706765273,0.5538332989644936,369.2203071054564,52.91533970023242,14.059416583660575,9.215904146363812,187.86708543257464,0.0,9.985245977582847,11.240946777456909
0.5925104421124822,0.6228637747175492,2816.960669785262,37.8191427886965,24.260464935275333,22.15309529544705,383.19108012401597,1.0587229670795848,6.776271244011525,8.495604811550695
0.060184831321890994,0.7471344983261511,1048.404802419721,36.97290328548029,11.426464571614941,8.355720390450445,174.08946303748434,0.943781072798328,3.235333835181038,11.471351119122556
0.1845891878681881,0.9669002338097473,406.22256822400107,8.797336193767379,16.027290366767293,5.0022207197807855,134.71629703071207,0.6199857058040787,0.0,7.099081715533486
0.28623477148662246,0.7595774497099794,570.0231922077681,26.355488565371843,15.452208604772805,10.98576042825691,199.74692648215446,0.0,5.415283806998173,10.168778543606377
0.3727702885378494,0.7907659692610288,2904.8635468225866,24.414155278026733,21.275393256446783,19.333109805569208,345.6758195190877,2.2261556699164666,12.86385056091674,18.935110650068818
0.25631404243104783,0.7524735935459456,2184.3591927750826,25.720260360045966,15.248518337669639,18.89126617487422,320.9194701430272,2.5266858419954135,17.703189773447434,14.478168542261553
0.31598422340148846,0.8080730840791409,517.84778891849,12.370642077345241,17.57581124652438,8.90656314791655,178.51068202341412,1.7327756165574957,11.996465968454745,14.2736897860963
0.0935550710621536,0.559225512793215,337.3546317690361,49.07057813972641,15.625073947873481,8.422533137267925,162.86109560060413,1.5964225556631586,13.755116528862741,11.543518512719304
0.26146287223225095,0.3866470988677642,361.6243661434742,71.16532692163679,14.598116379608939,10.345002537025632,201.85412630268547,0.0,9.055417002477189,7.762632000780596
0.6132135114182079,0.6173591110661519,2026.6620216907368,41.83982635420968,26.77214721033655,20.63252717214484,353.7057948223728,1.6882852170599791,4.452235349822763,11.72660118908297
0.5625398738410241,0.6973317014583884,621.9957702482233,34.94675167552734,26.0727185821447,15.285578442411376,295.6663946109109,0.4945655550825081,11.322760770446605,13.594204286999476
0.35367989980221004,0.7322740807177361,215.24192352728434,28.182369307613765,19.461793099535903,10.675133818956056,212.54067131185218,1.7678052879534563,10.038319885026288,10.179007365785314
0.12403191301586143,0.5887539179207535,585.3079620266814,47.8010928812854,12.865736181026188,6.003490655217782,144.45022002972576,0.6432340242541046,10.160830367311691,10.612522849516502
0.19719409868999963,0.8149270611910043,1123.6792889578974,21.46020640051073,19.181260537414325,12.305715445409808,223.510696006817,1.05738370501978,14.340668944218413,13.872909891940763
0.16277054465829752,0.8540550524864468,815.7826468340057,19.47114576720428,14.041572827618724,9.390797284989922,198.26273040327794,0.83114369486391,13.470045984560482,14.807254386347863
0.3065987361084657,0.7577574591475287,2210.2614982153314,18.975746339401304,18.07312340277725,16.007430007996486,306.4937099237087,0.3516401343200266,7.052324618917847,12.200922462664588
0.18456007264680818,0.5770617194471216,1134.1428870981379,40.41773589853681,13.940948268415148,13.693907549969705,264.1077049352077,3.342752082539612,19.263387463527508,18.13897983148805
0.10035919128678275,0.8064904751855084,1252.130457128926,24.252622974210425,12.81114349692901,12.574848259598241,225.50259814378688,2.3541884121023795,18.876314808528477,14.178804155835053
0.287837112173756,0.9438544210637764,1714.2544752480692,14.589160777180075,19.124163761756808,15.114691806338547,272.0789585671641,2.692623303230964,8.264612410865524,19.50750729855823
0.5507183386207232,0.7614850394614014,1650.990758751796,31.141045159121393,23.217347783695722,16.234063187890502,294.595848929306,3.2793734792405225,13.35959864222706,15.596760719572176
0.10997326792476274,0.6740904071519492,582.8351104689699,26.43595877973582,8.53227077559162,5.024040444161117,119.58897490427191,1.4429982125865797,9.375709210236725,11.050885310699273
0.424889249603624,0.937740200564968,343.142010874593,3.2144830729124676,21.64937160572424,10.31141213308183,230.00109052883548,0.318340875305586,0.0,14.853349578937072
0.30679404714419345,0.9329776977370481,1067.131340565516,13.95269270894174,15.51318229638721,12.78679005714693,236.97908654958513,1.377736472565732,9.152362070070033,14.525126402426631
0.5642370024556094,0.642663691977264,958.6607794723943,33.42622578202207,25.58967794530858,11.815315476111982,226.79621863446783,2.573587141811817,13.66260383157102,17.620787241185695
0.10292004037843983,0.7934526428510812,1140.5097843487706,28.062225173611573,12.570351546007588,11.303505546604116,213.5503033239691,1.402129510530385,11.044050974927403,15.30097150581317
0.2554897858351568,0.4499566177283186,1212.659474500111,46.353063359041236,18.27346285250195,12.570930474481033,240.88079425566656,0.5671166725082764,6.984049544498226,11.133226804117621
0.5077073977678382,0.9157888576659787,2674.0239614322986,12.08695309139467,20.795997408361533,16.767998042074225,315.34347079133505,3.5671271774066096,24.615251356663617,14.60473872713462
0.37803747405726795,0.8950278401341893,720.8575389351441,14.276310301707378,18.380494443763045,11.0827138626935,217.38926246817343,0.19202255908458388,8.633113708803895,11.233556155691817
0.3207600847309711,0.693745029701804,1248.5609240344172,34.96528281185387,17.338930066287578,14.27350800473206,261.9124875231573,0.0,4.6448436228116865,9.945297168666654
0.1995221377505309,0.8748796361341293,341.7236359976953,11.105032767196597,12.023489038529082,5.794823653933066,126.18325034653714,1.6841730409005407,10.070380387679496,11.633214846259577
0.5884279008208291,0.8545846891619526,450.1006352701583,8.253557668797175,26.93353793795148,10.374502374375137,217.7058992993008,0.0,4.762209450447594,6.732844205920198
0.3533438237136542,0.8897396396852388,912.9199870977822,15.779796236056919,15.582749760618693,13.17296920433742,246.15759868425644,1.9541502462380989,12.667295770409181,14.745764089458145
0.4294339197020823,0.8569343333471237,393.05301407329995,20.508061361486263,22.93047522850841,9.46970228678958,190.17857145511334,2.793675064609187,28.768481712862673,12.910788586312146
0.5003193353390223,0.4276527556637488,1440.2241045023611,61.5485268034278,23.35678034082287,19.083602968143996,312.8646727156716,1.689375144211377,4.469864513089552,13.793213870444797
0.36893578655250914,0.8793349301962721,1288.385902857921,14.06709801541476,18.82565999912702,10.362658316710515,204.16770874195652,1.0516483540763524,4.575218200813799,11.837001484360716
0.5011708966743733,0.7342469544497464,524.0990168831715,32.79618230460005,23.219504714128895,12.85250563475764,238.77653474770796,3.0316165614552038,11.761836572345844,17.221592201425054
0.2741064077823934,0.6673608439167077,763.6260396333946,37.366392921938456,17.488126771220482,11.320154819060459,201.5422781821766,2.427710969369058,16.057202296610885,17.277245136050055
0.5089219711097918,0.5907192920536423,2041.0109303441243,48.44728910374388,21.92219345458875,20.256236973393698,363.7396689030171,2.0617312434997257,14.395291707159915,17.020191744395664
0.06541359221196558,0.9028749575487669,1057.6396333686896,13.464314240389887,12.231639434018746,10.501303988143903,202.16713562988917,3.6251478676472706,16.635232503119152,16.92837868530616
0.5416570391036943,0.780544168616159,3746.5957428787688,16.101528310575286,25.00379263462637,23.65484002761425,423.77828919131355,2.3842378984937844,19.017539929579854,18.56996928686054
0.10844207930200198,0.91612043425807,764.1793800079487,12.210862548677465,10.821686582908015,7.9392124271455495,183.23260180407382,0.6634239306936466,9.501980045005839,11.000447672516886
0.2690176772743315,0.5083753484721559,836.6943014041349,49.68847237981953,17.417831836537438,9.546165941070033,185.99345300854614,2.7972504702957828,20.879503454542654,22.253030332211104
0.6714505310284375,0.4325778478630984,912.9649759918046,58.65896490431362,21.533613083216416,14.119581934183929,275.4868655354683,2.1880067658329123,19.76929882788623,13.713754177710838
0.15787747120982074,0.7584709056856968,186.7105331950884,19.074206656584213,10.087736980445396,4.60923091001374,135.24388559499846,1.0299415783807664,0.0,7.740863825992722
0.5502666014077278,0.7103544674218871,806.3304308926615,29.507873857990784,24.885718338306056,14.449696887387208,261.1550977555892,0.935625702948384,12.170586181899852,14.839990460735958
0.21416355698082606,0.9327600948478527,784.2906422433696,15.39210932151633,14.518430460832251,11.313142790238334,209.37054075906727,2.7349442335585925,9.48947457224983,18.11422332523822
0.15670633260722727,0.7923764990158448,1535.2699372425413,23.165687824968305,12.210781970193644,14.173050481356306,241.04221043006032,2.4421560668859437,16.01568739071693,19.710374664379593
0.28656791691419886,0.6346120360147397,2098.3312041314202,36.356244848013,17.058146975741078,15.5300654469877,286.7553976957128,0.9695984228777917,8.513913665874181,13.352927481766507
0.31994016156346505,0.8170399403122767,712.1762265749021,30.998037360812607,17.206600729338174,10.99741986413793,205.22803923713624,1.6635549848083013,11.503151182342979,21.178914187416968
0.2966880727326032,0.811777681073626,97.2075858582607,16.589987769215902,15.43998622268912,8.322340445093772,178.94003595163784,0.8154494766640273,2.238691238244929,11.4719596661472
0.14827151295851346,0.5286039754250147,1023.2886707432829,53.59141576167025,10.428689800096231,11.671275077452627,219.39061631520522,3.2891350595386273,23.30897292008834,21.36174324596342
0.4127975267334736,0.7840767926837744,388.70914653025704,29.539337337831256,16.38362322686971,9.537542035551615,185.26581462272134,1.5458464882775305,4.7309110663059135,12.288244064235178
0.23673459807606817,0.42537883737586435,1092.4856890179224,55.5900723280874,17.395949722421413,12.766873172380647,235.8881852087228,0.8026735527825916,11.96336226799335,13.482013460958488
0.21595239524162207,0.8891811572669172,1071.2927559793338,14.809243080565826,14.553810776085916,9.771052573748257,183.56761941154159,0.34417535003551025,0.0,12.894505696276948
0.4537991509394592,0.6682050678190057,490.0859367489954,34.67925023152867,23.284077401356317,11.504750157027829,216.95171955164147,1.3469010568761701,10.29832397996775,15.864941010915334
0.5577962340734803,0.6526347989768042,1029.7942419694414,37.17260687380531,23.079605522630885,14.390002372311384,258.48390889562944,0.5331184257583779,16.154430060894313,13.661775794325404
0.41769156288032855,0.6249594298620659,223.0507191991572,35.78094452522513,21.152228977014968,10.016129217635221,200.10038188098025,0.2913101526661227,17.97339335219494,1.018070395275675
0.1856058121071143,0.7081501779201648,1143.3794369330865,29.12574285504182,14.389336420208798,10.06433072801038,202.0075417820091,0.7341808320148702,0.0,11.62942031279137
0.4694456261593743,0.7421381932893479,1638.7375218395748,26.43143994946963,21.82503411170255,14.202715720260144,252.32898492651339,1.5298745304463088,7.5968069408686105,12.099363406483484
0.13241331842034687,0.6934291960378706,1330.4886821312266,30.974883853597234,13.496406581730614,12.248336880398668,244.73310511207947,1.7339165772467402,9.32235977776712,13.201135741697414
0.08190412154837626,0.9083455912042459,594.0420119801441,11.695115638857517,11.156189525046448,7.063971831875036,154.36389114020992,0.0,16.275267917604673,9.1497706756894
0.08942412323776257,0.18973321018395511,1553.430012513592,66.71988713826369,9.776360055185128,15.546452015900368,298.22117373807885,0.0,4.658366839077268,12.932421999884435
0.14004175567259802,0.7167524062810361,1429.644958152703,30.980528874354007,15.033307382962358,12.197213459557602,235.36902490322478,0.0,10.373320431120689,10.607737638904121
0.32698861573663035,0.952908346116189,1476.3206159088547,6.600909948773321,21.36180897779987,12.430068010578196,237.14206054721157,1.3259608544293802,11.802379088546626,11.792332348303255
0.46974947727018496,0.5197026389377609,2272.937105997674,38.89270706252802,25.062167751702674,18.61405168799341,324.30099431463776,1.8525979133501551,6.414329138400017,10.22670044235042
0.17697272090486005,0.8132825965466178,1224.5308186061186,20.054311236249703,13.317778200485545,10.385336434572967,211.92844043930367,0.0,0.0,14.599172980607907
0.472109857103054,0.8526870181837439,352.81695718312045,16.35338097342609,20.336404911635004,10.885589216036863,213.61950575216977,3.081219686146383,14.259419996987026,15.761095222008052
0.053689093476260594,0.23835537634748277,411.35255935026316,79.9242387641389,10.23366244123586,8.239118383318196,182.17143284100277,1.30707816614719,21.812678773439202,12.875576076140304
0.4080316479890009,0.7862659810776054,1225.2692411170206,21.539911910868444,19.849116395437438,11.01430700043316,231.261228982082,0.6123201706541808,8.737346982863377,17.947407080753432
0.1740862691366849,0.5884598394483997,796.4323164987911,45.3775653490115,14.247234800164513,8.875867437726724,175.86948288409948,1.282733218612252,15.402802673127685,11.346510313471871
0.2244842038278317,0.7932781102760165,681.6898927683073,30.519030092087103,13.616248179181184,9.118059456895248,192.9055276368079,0.4185288340259271,0.0,10.219284402039078
0.27234761384071193,0.9004097116414569,1400.0745450905017,10.822782407160926,13.84921865292699,12.50802649911395,243.47155925086366,0.0,3.3738904221029373,10.696537851477098
0.30244138536599413,0.8662683505053482,293.10163870562644,16.798362405209875,17.660919247164646,5.852258002518114,142.36498912036012,1.2711254142908817,13.978721275329798,8.359974030665875
0.3164331237740721,0.5670018155116339,1420.0464634370915,52.613295478501456,10.850009892558719,13.867442277682327,253.6796423682899,2.5614061766696308,9.789789914243531,11.238118739953116
0.13668535868102896,0.8078220405631972,759.3680253375608,23.440897125058484,13.215820328394104,8.617052171697047,175.12611862130296,0.0,4.680163043335868,8.55516039418505
0.2874125719879194,0.6495799741836371,1166.57016935637,38.4065515338173,15.295819082875855,11.5029169495101,216.70493253966137,1.627034695631974,7.109308197887808,12.72657740158802
0.15210382015910826,0.7253170539117841,318.9361559448878,27.685195528097786,15.36290455720339,6.300887316161154,138.47613913222665,0.9630804413074545,12.98449368483267,12.810379749190997
0.08771897898165734,0.9356237362100027,1459.819559452333,14.229117893260955,14.288244228751726,9.291236986571468,180.96731013904744,0.8239916589155147,10.288549364631555,9.125996150375828
0.2958377174562188,0.9587558355009724,1843.6554512430023,8.513761736484565,19.538434456901335,14.308986255029188,263.58982096792215,3.774962462611282,23.516776944117467,20.73934745382919
0.2685990314432937,0.8710418925101722,5882.116785850877,7.445714984685194,16.022082023501067,31.143085441830944,509.56809808768514,6.387552988727456,34.90558713391284,19.498731723686852
0.06869735107982342,0.6519364095375816,1110.5991024924988,34.54956047170357,9.447145753068764,10.93320183939053,218.35446452931842,0.6317792025072297,6.388742794001087,11.368573806304065
0.13791714275682432,0.7755637239089522,1798.5006683229865,19.283370897095388,11.81874393518737,10.348349429651703,205.794782339711,0.8123469771055977,13.265546518008696,13.111396364294448
0.06513646356936362,0.7881349305409395,391.88391425453585,24.629061072678173,12.203632955596891,5.8701580915431375,139.74359715201996,0.0,2.0507592490446895,10.985332721565486
