geopolitical_disruption,supplier_financial_health,supplier_distance,supplier_risk_score,po_cycle_time,lead_time_variability,safety_stock_held,raw_material_delay,production_schedule_instability,inventory_holding_cost
0.12119314972425323,0.8166053672789283,6195.5223787709065,16.136706386030717,14.77563656454436,30.6673243167526,525.0030717036208,3.1166393534789356,10.753101203262565,19.430408146440246
0.12107500167976883,0.4943559403624989,1140.2108466342943,47.49553576180026,13.908535176929421,9.93236547388773,194.2385384120816,2.5043993726252527,7.958857658951264,18.164137807136964
0.47572626474068197,0.4003877670401941,1082.2713901971078,65.45186524098276,23.18776531444766,17.08922574049125,308.25752177725076,1.4154014077713155,5.278787198160492,17.240867984516193
0.0770237524364743,0.8387301884872344,938.9327585900287,16.683297002953267,10.839365550600956,8.819570794532403,178.50861685256552,1.0325083954177,10.850491446961671,13.393694062389558
0.2779610439151009,0.6281910087186853,1670.8730054177013,34.62621024448782,17.8208554885596,14.32827690243748,270.4207208238141,2.6523771902986413,20.982175738257855,22.11629308411714
0.23341513784234022,0.8810730087656025,374.5407127422695,10.486305294297225,13.866805681098004,6.547763891859171,151.86288968127604,0.0,14.43716546253241,13.061491921113973
0.06891673058890097,0.8958453714756519,677.033609017688,22.867559202178576,7.32505797324752,9.14632115548006,180.2158287311059,0.8252189417534566,12.587419069051354,14.804955371558131
0.6949016816754804,0.7289452393455791,387.7732104111278,29.358225741106903,27.182334333162625,14.15111131269581,268.00992090555576,0.9525880307574568,12.020041291952767,11.600410666355653
0.16230110562409514,0.6668487512625215,449.78642038522514,21.959864780034508,15.83443043246439,7.745969666701905,166.89638403488448,0.5349530456895052,1.3818037579232438,13.653900856983505
0.23592195074168815,0.8396193518215035,987.490388352939,12.971470768050475,19.085425142266917,10.747770896184509,197.0980973640485,2.2406334137746464,16.860698818968153,19.596084557432885
0.047475158132916286,0.8404316061305921,1270.9190001499671,20.621032827879965,12.537440301931714,8.93253340134186,192.42923183449184,0.0,12.097474080293589,8.7385933856194
0.2933552452710014,0.9623295329807466,913.8331411096409,7.315612849502376,18.452640151939764,10.137642558166894,193.36570424112466,1.2080529831485773,11.818162476126108,12.451162585116409
0.2644560579184947,0.46953532384555713,363.21504129774127,52.38515636231111,15.142321566929763,7.515997845604951,173.38762384441307,0.0,10.552512272387682,12.47699049504933
0.38269562374354316,0.4154956226845229,258.71663876935474,63.96392009472586,16.955502995192962,11.486712724139547,214.7380998174837,0.6905550013622642,2.7210072248744854,8.818448594235164
0.09631284585032493,0.507615694349929,703.8428056407047,55.40242971193587,12.970559894181878,9.672778605592889,205.67607798271197,2.5495394991583598,17.416317058426518,12.059908297758598
0.09237923145461818,0.5894413944438315,1012.8144599141524,41.64594369518874,10.506750460516006,12.113288957992962,232.71327423445393,0.0,9.62801334206683,9.063126280158745
0.3317715761230784,0.8202659613534906,715.7493087866919,24.33912024294934,18.48725439086263,10.186452135296774,214.90568166356894,0.3516007626118444,0.0,12.349879700650284
0.19199688009716043,0.7115816320064778,730.9437531770631,25.336870211729106,15.731381510383287,6.817919298871825,141.50362109050053,1.3576468486381417,3.932384463708493,14.358438703923538
0.1573105920118482,0.8027971838939962,815.8550959165232,25.326960466488508,11.170384846965499,4.609563942607293,113.74110213400594,1.2340601674003078,0.4197272953251705,15.892445744891823
0.2974697006662755,0.759508523369136,684.2064084511559,29.853891780526496,19.215691338303564,10.338191702159634,208.62420254597603,0.6431966245406743,11.626175982183334,12.096984804800513
0.30833025019497423,0.6529385789064237,205.22260204476925,27.499682465413393,17.046427758055735,6.496613876787901,154.67924214968457,0.0,10.840735795338203,8.186113667490229
0.02601021516360696,0.42525316419215614,570.6379399159619,57.23421640810877,11.715150039310444,5.995769015000398,144.69483242895888,0.9167489142817629,2.9446278023037973,2.8934951595975438
0.13325903827842933,0.5886081543565089,1635.8015042572354,44.91030716029201,12.144884269535423,13.192536185097843,262.2007328841636,0.5319239480313557,18.345982565313044,8.25586023703612
0.09614689466901717,0.8796440764395004,477.1226309648486,13.938473672425737,10.946963189421437,3.1501997038285405,88.82121468902042,0.0,0.0,10.398653245632497
0.5762251307908174,0.28684740133488634,1931.735876353674,62.50995002710869,26.891707013901858,19.485281587142822,347.25806668225954,2.496642672086667,15.992973793171052,20.94554101584571
0.1438241984319749,0.8380191129353063,590.913532005359,21.130624721161098,15.302296909923804,8.937129095208295,186.2037136721696,0.0,4.476868583023715,12.71096329840229
0.3276539578352701,0.626710252534334,1300.6655852026404,39.4016872357335,19.26476847002874,15.439956446665501,283.05729819497486,2.0428183214964983,15.77206896752854,13.849510390666097
0.36821252698690865,0.5496993987666721,586.6040047391527,48.24027315118134,17.523921538421543,8.255423124173689,161.18672199979616,1.2682939017368118,17.29585897799871,15.182243548988554
0.28105146606509096,0.9026148432373825,1138.7666258877846,0.3325770124079881,18.707100353367764,8.515567388480168,177.56867345582114,0.0,3.661716282999626,11.415524255094768
0.6507671123472586,0.5774443608643303,863.6508126897456,48.49637114493278,26.570101972464695,13.951057565675463,248.42890291762336,2.537132248612625,19.57881722464681,13.739836505031814
0.3713583516494947,0.6021117704974001,1190.084826628809,40.129578511170976,22.081264842531112,14.19686734001758,275.16486068064506,2.393460650933701,7.483113878845681,14.364446394732543
0.5341714869212202,0.5383563565226019,721.5569074347084,48.34738810059758,25.596345904885087,15.152824457243199,289.4255629636296,3.0320259631737403,15.54350307955848,15.494952522640036
0.6775876737612464,0.9493449918239726,519.3799807962645,10.254855980112497,22.50134987634841,13.49263910015126,257.54216473693754,0.0,14.211801668983387,15.560733977076708
0.15055037783455827,0.8406203047562787,525.652667994805,15.420582559323343,13.23167857014004,7.134742976469924,162.8315419586133,0.0,0.007689936044315893,9.382101169527497
0.1278105176998566,0.520399363945973,586.7022792735607,48.69904868485633,16.304321818273642,10.186545581381903,203.91423726023496,1.0596115402721573,10.065430099225761,12.27935737664425
0.05121291775730189,0.5265159343455048,215.62312696680644,51.50160639673619,14.886906798912309,8.92725757357254,166.7711919378686,2.018276487830499,13.118975343076999,14.478584361558001
0.39852754718599775,0.475866629449791,900.9983438376395,54.03070808165454,21.837939502773978,13.645756343752337,243.35972210251236,1.8191987166082588,20.99187716044342,14.223373297187896
0.2756621238014794,0.8339772796295042,324.6923204588028,20.034570767971047,12.105349826614903,9.80991050259012,192.24196468868064,1.201280995378069,7.757482171888943,11.031548322015938
0.12336323363971245,0.5614729598966295,2602.9087038295743,46.221429209388894,13.849157166895484,15.619217754008758,284.9342947740857,1.571895049167148,8.952405316916465,14.226764830788873
0.2976635283970472,0.7940335992439266,742.139727024396,22.14769208993055,18.157603140756976,8.594191200933494,170.4086726591119,0.7898355636604768,8.563917145277577,14.735026023130473
0.38936272425912904,0.5806679266812121,709.6567932938683,35.352533713708674,23.53485616938209,10.898606849154422,207.9973355058758,2.4497919107002777,11.533927841012906,15.597997166180088
0.16081045216648185,0.43721226694436516,854.4754548019584,56.80494709669909,13.521704446225572,10.166705034506071,174.41656724559357,0.6194934966942223,7.2966609781998075,11.287046454893295
0.19734840208135337,0.5789480614067785,590.9079523072708,47.264418933318645,15.857515590358675,10.971989162650033,224.72698703327046,2.1499824007217683,15.049679116851511,16.370393666202926
0.2450526564551905,0.6741409877561656,960.6443940971492,30.47700521092156,20.343307851234258,11.85399689413507,219.96550790135726,1.655824169414504,1.1085856201657336,16.59721256239037
0.6358519002933046,0.9299753522105259,814.6268107760334,6.6525057902316815,30.50337015631835,15.507015588381286,270.14418120982504,2.4844052521444033,8.170048733788528,13.079434234091398
0.11121889152716062,0.3772475739710653,415.8574217877894,62.82887270368421,13.99216973690255,10.469438604709337,197.78655373596615,2.6315797076844922,6.418973670531692,14.297825396050897
0.25767108460541543,0.5032123598712608,74.26845814612034,52.79743136813939,15.138395430843477,9.889073019846522,199.77025840016816,1.7889425253086286,12.444261619167404,14.398497949953384
0.517023438417917,0.791851559970546,508.0179373701561,22.963730872838845,21.12096753503188,10.529709743756513,212.01646181768982,1.682523497178042,7.344542458877888,15.462633589774885
0.03912932225473459,0.4840970235374604,235.3192942262345,49.423886819463824,8.162017749602196,5.9466001576840535,119.6522291734228,1.628829686854198,9.924179602655848,12.662974497771234
0.3058235228556678,0.49522380002431265,622.0286295893039,51.455612981771154,18.4901386651775,12.346425461897796,245.6226350096942,0.11097310883254963,15.230173213050668,12.17243858819391
0.3453116889431856,0.7171239783728326,1516.6575863370495,31.924621587613647,20.519557220983895,12.538438614624274,255.12928076811383,2.617483846095232,19.666259334599253,16.70891435736965
0.15970947761323578,0.6922903157624567,1015.1788397878294,29.851604308644994,16.58118107568787,11.624685439754904,226.37983277512953,0.7419015793080473,12.536954890124617,14.051213200186051
0.15561794585682662,0.525718874896336,554.1931937157133,42.74151944890127,15.325965027662738,9.168837597916891,182.21985032767208,0.4208583500281998,0.0,11.470060584879064
0.22489786020724226,0.8506090936853122,1100.4284611129815,27.404970987265543,14.23850224873216,9.842963637810588,202.094933203062,0.7786573170044176,8.548122734761714,9.67273823044583
0.611444470744459,0.8899998137631914,71.72409661840003,12.041889368166338,28.297298255721156,10.666483727306689,209.3509442932522,2.193122267531156,16.980302536877588,17.85460857970562
0.0615059380822107,0.6146000689068561,1718.7142846453908,45.862542252047994,15.145727041569181,14.771559497237636,277.7468621151405,1.2721788013964401,14.048464837484937,7.442314541427628
0.18605422008466363,0.8870882128161888,627.5123172534987,14.70410118426405,14.878933716475748,5.321689415423648,127.4393901918401,1.8204927960120107,7.803891670553902,15.639813841468497
0.19636057573998342,0.8763487431533558,639.4768821872985,15.031610383044194,13.00624645042005,4.988677005078399,115.48155199118798,0.0,0.0,8.546226244598776
0.28484710086097137,0.861483706285833,1108.0324790860202,28.677222383819327,18.232863079064725,10.934949486655423,217.3546996726615,2.678203151646997,9.414830654790926,19.234283608209566
0.1201866357728596,0.8201449027950547,985.9848349959692,19.387473226317887,17.407477097089348,7.348781463917536,146.3679590621687,0.0,10.019312335483283,10.834264902170563
0.2397152942953294,0.6952738735234419,1112.6441351229514,31.273588604499242,15.82871209104991,8.811028804493127,180.74487498743366,2.0712004853304693,13.200210235671287,19.15871258426133
0.6846376185210685,0.8540043853933846,1144.3980459218621,8.349252571974889,29.268821934497577,14.029045929030342,257.28971368428967,3.6397346033125055,21.038069866454553,22.557128680195287
0.17345268462371854,0.6291479308145317,341.88430708142977,38.22960697890795,10.63507533771243,7.81585521869565,184.15549951426303,1.0080259952840396,13.802183061999873,9.719484737967507
0.27109929164936086,0.9833967171428979,949.3601148042978,3.178803010636088,15.493682807601056,7.830639405262152,178.38841507399985,0.0,0.0,10.196404459946068
0.1072471470139949,0.8681296644835154,1900.7251786071427,11.040988686584,15.382388210745106,12.45406992570916,233.25787206308254,0.7753203739722635,9.903114972579106,14.710423446599956
0.20643136055191894,0.8706704424414374,1064.3298347686828,20.11519151973517,12.854512882917179,10.683201241078299,223.3916052021717,0.7010482826117629,1.839040068238707,7.559079252168183
0.17818531384723277,0.9660264046416769,708.6972556536374,7.603712235801797,13.561244860847804,7.910976013166189,179.25832667730566,0.0,8.332326518107322,5.7423779351694835
0.44106809904933686,0.5562501306313481,667.3500053998887,48.49256542428294,20.30771285030688,13.322166347865597,244.11017025002795,2.108592741858426,16.40269091158836,14.84691466535893
0.4695075226879681,0.4946093210197032,196.87156429149027,54.886689877726,22.61769292261524,10.629317787285107,191.90244470009077,0.8361732257543448,18.382288480569226,13.302906808500818
0.2632576708610715,0.6487061656628537,1611.375548311381,36.79550453915247,18.53357247294086,13.309634134175388,258.73893122489824,1.0387275730980015,8.952347673990946,10.556441187251576
0.4171628385651776,0.8059484382172717,1533.3066915587021,23.68695515159043,17.783101075549737,14.956926388426755,268.3009293647382,0.5922896525169572,9.088400871957333,8.384152210680986
0.16301438045862257,0.7365099706190598,1561.1944680547385,26.22716079249152,13.735854157887134,10.401144828586235,210.83545951544988,1.6525215904746866,0.7118800209184748,10.163691251394727
0.5284624109816287,0.7806198961166944,977.6758334052313,36.48954721260376,23.62424226986303,12.768212728614753,250.25536738856374,0.5082758792760562,13.558840456192593,12.991780323414554
0.24629876067813933,0.9288899228068971,1754.103444845346,16.4665898947009,18.082626429681543,15.74976976010506,292.6363294525315,1.4270542907458577,21.749029283948055,5.2459521944660175
0.4916116756970428,0.5911329858814729,600.6620984416938,46.840322088302045,21.846584292916134,14.227007020894685,261.8065538909215,1.731963773485674,11.056148068620383,14.131573758766704
0.3088911150309748,0.4947704819585237,1177.6534159417333,42.04793616184438,16.71755764386807,11.67796992175156,215.69280395344742,2.4750358607516234,10.280651998079719,21.12675043381119
0.8219295069392073,0.49479417245511603,1453.0319888588608,53.658159867924326,27.85054424191774,20.546885029972934,362.7964609070246,1.411583398710765,10.089955372870522,15.022431609381654
0.262089045161802,0.5881458462984643,2585.762592203193,41.92118461576963,14.60786836568103,19.22134923136888,322.1067225044695,2.4556676017126775,14.445241502696094,17.85215872140171
0.5991348539923336,0.6600688696643972,1340.4386201323714,36.49360637691548,21.679650774729634,13.403560801084883,252.25859730041302,3.1451796093538356,13.573651574622318,12.807616647763359
0.5162713668931009,0.6948321743984948,4495.218970840997,26.74852041084918,20.818762906749285,29.89521615880527,501.4143668512205,5.365783428548433,21.629559767239105,27.215977746732435
0.5617917770413571,0.5440207600816724,469.6263440759951,53.66506241972184,22.66597146310834,14.744680193758581,275.0385149007504,0.8836543690938696,7.723923743962902,18.78311835617638
0.04097633411829595,0.6202717331393204,2904.1644818173722,44.279788853574566,8.333687575732554,15.658710188973759,283.36149486180324,2.644950500400819,10.308380367032292,17.772499875703488
0.30392012602082064,0.726367228498608,1822.0862405043913,23.63601868277057,18.314784170419557,13.683260507193214,245.55262726396643,2.185103517605514,18.103067684846454,16.13555937189696
0.5465994115058881,0.6442541419452474,1058.3417415015224,35.91584854341036,25.613414620930417,15.203931077741931,278.56658852069336,2.3713261429262738,19.258018690423853,15.61982225525937
0.18499913054129405,0.7641215220020868,190.32265494466432,19.76222753562376,13.822729138418532,4.065390473664467,113.44145467807695,0.0,14.861592491293706,8.505897435777332
0.29549866413043896,0.48670877783647276,839.6881380485224,46.51283209520939,15.229369956835924,12.357390230062768,229.56769965173584,0.9310527806618901,10.744750882837982,17.084678879476396
0.12536963108235352,0.9088278093392165,1727.4442649360049,22.016604952039515,12.165250256491888,13.371918170239994,240.58039278831498,2.779215613745677,15.639215782918562,19.601704348705148
0.13905317575238704,0.7503365496829921,525.273913197082,30.960571168255736,9.707238325731957,7.071923890402139,149.18149904501524,0.0,9.819318428538349,11.029952777649722
0.550253615708821,0.9220232819892621,156.78661839241136,6.384531965120594,23.684045077851277,8.510462481151958,169.8104969604321,1.595499840344793,10.573663490029798,15.90773111701399
0.32413778302949875,0.8982854651171577,730.2374677833336,11.393460488299677,21.16092264507296,8.86913546894485,209.48492837456772,0.0,4.5245684780002104,15.908889558310577
0.2447100797166116,0.7257495187418617,200.99079494566357,33.517391346695426,14.839345590227035,7.586990786150794,151.67614386040756,0.11338738299585271,10.782567659135264,8.981398777710794
0.41778431151974016,0.8156972412337653,1094.9746740698365,23.972011423014052,18.936908418560503,12.019000363018893,221.675036213487,1.0271101637554119,0.0,13.248994759780985
0.3401838072454172,0.5393659604970278,683.4890955682963,37.24648014340582,18.631792811385306,10.503637396548779,189.1053029780185,2.310186003158718,12.257801661365567,12.451230168168752
0.46201665115336005,0.6556570454796412,1295.0922693715381,37.4954190417294,19.730253521863162,16.794308107572952,318.29915194282506,1.0333851855465586,9.54072551936818,10.650202980709953
0.46567341704663917,0.6137145517954572,475.80544135104805,32.33019198788543,21.387973874269804,10.026828465113304,208.61315937603058,2.342043111135714,16.88099889926356,22.614061858784936
0.4876213511519829,0.7897298423317106,782.5627137345525,28.674422702024415,19.98922417249478,11.868182049257575,217.85427318770658,2.185808983686394,6.396374879141807,15.5275101484158
0.08160329585905006,0.7209086782010383,686.4806490382628,25.215722412230875,10.398011135792675,5.163663515422089,125.79841013935658,0.0,5.089830368688022,5.571918767729798
0.19171995168681394,0.25686330017216213,249.69366670112282,70.39304396174977,11.685803384206825,10.119086613415902,194.41450359324784,0.8186321908885774,0.0,17.071092813353502
0.27174940172514916,0.36404517004830855,94.92474247815892,71.08760691836412,14.628585640754379,11.777742644034415,232.717765706839,1.8002197303923837,13.696087668963642,13.186846221030894
0.4837453444074548,0.6362965550930425,789.390162537875,45.41240302900442,21.519900379239587,15.088191758405655,287.311532694969,1.8508731287970812,17.98520622677497,16.809751740793214
0.5544039937891425,0.6061515370528,395.0099449273486,37.433502863662625,22.16211082587663,13.293806098735107,257.7531224286207,1.151765323370508,11.961937856256226,16.156996606385842
0.31290000732319656,0.44753057848809413,663.7097100714197,64.04128631469152,18.13884509682833,10.34488503903486,201.8328737873881,3.186336525733788,22.632769716794684,20.68055865942049
0.11123993871042394,0.6987113381168636,811.2592113470806,33.080546952523086,9.329144015525506,9.75357530299345,193.50331926065738,0.2400291244869759,4.855352313451934,8.337212590892328
0.1626968794212056,0.6766467666613061,1041.8768372109912,37.576432039152785,16.68432341402458,8.453729842121735,201.85150313040361,0.0,6.251091803699676,10.582449516840875
0.38257844091354826,0.8332770249716445,931.286058576384,22.177825367327234,16.121613444260248,12.076798841381946,221.85212880100931,1.6430635114877719,17.44309016713875,11.427716374800266
0.289842178224892,0.7974253342799109,643.1858008376217,21.026962546885443,18.346387934147167,9.393024408270225,197.26120754902215,0.6533991205424732,6.714973057326672,13.294636788009152
0.23024657558101705,0.7247672204762431,1421.887501618708,26.530565534683532,14.802423033730426,11.99653740720724,213.24647858740286,1.7490939759723585,8.982074573182803,10.49808773081012
0.041968506452802895,0.47661488732845325,459.01366420971755,56.60003672768249,10.18207983508905,7.241197765479324,156.46147462401632,0.7968359287352309,8.86974353601112,7.71378995361108
0.39358357311089204,0.8242017359107144,1737.568627351053,16.691004501801135,18.516959918116203,12.227157003403839,234.04683067769594,2.004852793160382,9.880009748541811,16.556752490389233
0.06204217317369592,0.4285320975383627,704.3752758613323,45.39823993272442,7.39405390925114,6.693698160398802,151.32761574063855,0.0,1.4797918192910897,4.711513245455958
0.2333275252856498,0.8466936679208144,788.1881470031071,26.930597646058573,13.982867439860685,9.617458042963856,204.40147902310213,0.5364420477658225,12.62663504271989,8.782227803776824
0.0912199398140887,0.8583566766777124,1457.6136425661311,12.182311267517559,13.486083863513272,9.453281350606636,184.62524475597712,1.9287466700016926,14.878161642012449,14.029064171739787
0.4215194093808042,0.8343413903247462,306.9582464595619,22.477904435121623,19.039360708649546,9.104774457778788,200.29175294845822,0.2137799775105899,0.0,5.469471394109165
0.12789320896101164,0.7672760036224139,3343.5330656752103,24.692154206408297,11.98069448025486,21.42494719473386,374.55381960592257,2.8247113337961283,14.112122034690922,17.740812727470303
0.6562771086941527,0.6321087096649017,1110.2107931608664,32.303566762774665,25.779679618030926,15.424405653521742,263.7075407165852,2.2061677048180965,10.776365248549167,14.636774525945976
0.149514753352648,0.2534742966818509,975.4432883457933,69.36301703925447,18.097276356605708,11.067719127664791,215.21132737926456,0.49390770120923344,7.143721568573933,13.375238696441322
0.26835659996210137,0.8061599104898544,1217.5719130917694,13.233574209177702,16.717547736286466,9.337614535273339,190.547127909923,1.6804150317497655,4.043369369819718,13.422156994164261
0.5548332918110765,0.5520313799695015,1715.2587235167746,44.339330343277375,22.3499677520247,16.847690461524916,295.2490489336267,2.421029898858395,19.695891283289267,18.553056072606797
0.15248490051415362,0.8335941236446268,352.17088487890044,15.10483588925466,12.574226632817506,4.7068048958123505,124.19597021812905,0.0,6.051604294120251,10.945163630659486
0.5876373488524175,0.4417691167462526,809.8568545245901,55.266619605271686,25.758414664474643,17.254579208087737,309.29494694962193,1.3725309517743778,8.086197157251771,14.136416855028656
0.2879666192761888,0.6355020975090052,649.9292576501792,24.64868476024821,16.045048140047456,9.541170384389432,181.21938565820903,3.312731546190785,26.08017367916488,21.03270285773105
0.33107040123408427,0.88601582694238,604.5127719170592,11.031302023219146,21.528475464495568,13.091716706593266,246.16798906492102,1.4576853400328975,8.201824093904044,19.014089322568594
0.44087899770764366,0.6325852886150324,775.0752931465188,41.59696551331986,23.042030532308722,12.061614120265268,223.62198483799173,1.3897973247536162,13.26694638588062,17.92461941534304
0.313399343531024,0.9369766122716885,1429.3704930881654,12.11493199432843,20.210497802370625,13.897125156954887,241.1497159990975,1.073790783812559,10.046521926992511,16.43609598280493
0.17041266982068232,0.44579589446670453,420.08048397912,54.23656755051953,13.517109508643097,6.150168212891387,136.11834487093748,1.0016101101346453,4.958246051113208,15.76496744609997
0.3075249068019266,0.4275066840465837,570.9618367720229,62.64366314514109,20.762664227370458,13.162418062176636,241.60039064331065,3.176708863698931,14.49826685986081,18.407333286808935
0.4402909674133752,0.8349517726496399,1097.2119743757507,20.754773411525072,20.621758900459454,10.862190023428521,209.20407030216722,2.330913692568544,8.478210156880287,19.94299987973416
0.10009642553188468,0.8580432111407021,1439.9911217171998,14.1777073466226,12.155000429836775,8.827059944880794,182.0639998099193,0.9266055007433066,13.826632393213263,6.285502191782417
0.44857605913644444,0.3810112772955356,358.0612259812634,49.96985495292148,20.4752485627562,9.630899323688492,207.43139295353802,1.5638991748810445,12.480941248853043,14.408323437711543
0.46157153499646125,0.8086504208988883,257.60157149683516,16.418344247445773,19.93866956471788,11.676019272759861,231.76411131323295,1.4622247653404081,9.663107266246165,11.277411130252705
0.4402826443357551,0.4508742730069495,1034.6039303564958,48.19373676072972,20.748128755086263,14.42417654384455,255.9831769782591,2.9072458881965955,23.553976185437428,13.83024776803049
0.309169863160328,0.9127632595983797,997.8794414607405,17.047905469982396,18.86231611730206,10.893811455309699,218.75242988592237,1.2155463411998852,3.384151421835478,10.142702805055603
0.18485792438582893,0.7024886465239425,1135.0736078981836,34.59178712076654,15.080769083589349,11.410613331791836,222.095299626556,0.4175758329444518,4.439248348283826,10.56218175664901
0.1904439818318801,0.7087187781127108,728.8999215696516,31.739424634214227,16.996142916122896,11.42610553504085,221.50625475432693,1.3942056837904295,16.740010785016644,9.509504890194233
0.3680275658015787,0.8833816437414876,1838.2359082859812,14.27608861588891,18.970740496189393,12.925516873122977,245.13665380851143,2.1039125869485424,17.6936912431955,10.725263800864434
0.30574402962062597,0.8053174899151909,2109.088128018966,28.04842433983947,20.183177300437414,15.86024655271516,291.04110858677825,1.313996040040939,1.1319361899622766,15.392639114962538
0.14752001248045166,0.502321837738263,836.8388730094098,50.85564104121729,13.460659027018876,9.220914376349885,195.79099007021648,2.664001867121714,18.444812978233948,18.76524386181437
0.39074731934710566,0.4820294473170218,1251.3243004388362,49.27469510746928,20.631329029091727,15.462708609405539,274.03998257096737,4.179937324239415,15.606093253648762,20.15122085002115
0.2987352340817018,0.7521237565419214,63.82446931259204,21.91030192932958,18.17607024294938,7.611489770733722,179.20733125241077,1.3088489971567305,2.0792161213783995,12.166805625385486
0.3909147544060659,0.6734900182912312,450.3119917802972,42.54017387694802,19.154111957691118,10.860346215038403,216.45557960473613,1.6853791550107826,19.365555379134637,15.417088416354623
0.10133634731572283,0.8805251665796173,923.6063293735751,9.598882754967676,10.765488283466876,9.79682668969931,207.50061881592688,0.0,6.498959989442231,14.707741734216913
0.6590617549554239,0.9020888205147846,1503.3474298821766,18.97777342822689,25.495810246628057,18.82684242260867,341.8558441490395,2.0534448160196637,7.607793376921972,18.31576081879708
0.3848817078118291,0.8439751030861595,715.8850537592792,19.629026700308096,20.596379696721172,11.081138520658655,225.10153539303707,1.045164140656341,1.8233638503953147,13.930919826572174
0.1946794223889496,0.5647395078187154,622.043717228584,53.878779039162424,13.751033046399332,12.765808416792584,245.24840448700817,0.0,0.0,9.082242448380914
0.38237301437328725,0.855886036828445,465.9735284835339,20.714451115090665,21.813824261878842,10.405406006812,207.91682218783652,2.4057092214064006,15.033014011460835,15.744550122460238
0.5220271597498646,0.7538442675660266,486.65762034528143,23.756883021363926,20.629685589879124,12.133142081775018,225.1606346877456,1.4876809520002754,13.670628305289572,10.509146685843339
0.3404877882738863,0.8401761921344855,3074.2208611657975,18.106630120259148,20.189283982654985,20.463758635902142,336.77290545863946,4.525478151565828,23.676776099668114,26.656473601950204
0.4060835087800536,0.7474494904020179,2421.218349610815,24.302977896678414,19.14167320651808,18.135221316768575,336.75061858652094,2.1131389006347616,17.021567378865953,11.517538631781505
0.32689026413788397,0.9591540542964546,445.7545014175737,8.146819924139368,18.823456883616302,10.905367643082709,219.18987076863633,0.8145636670945628,6.299352970607096,9.95300205730399
0.43517480385362245,0.9374601964519652,1465.68594105869,12.303032593882065,21.125304000405468,14.75120665215103,251.6482324369156,2.981307953819523,20.422288165884794,16.23190953094757
0.342329660281841,0.9206487770034919,1089.092100228174,19.159781037518293,18.716656538310477,12.196769938504294,247.23741377669046,1.2790201381701167,20.76809415848961,12.791442436695512
0.05454000440174788,0.8075547608008239,555.207495289221,19.89330779453659,9.618207177375695,8.222325543397575,173.1075346834927,0.08499966342984488,6.350494041699805,13.885517730144464
0.16913432890277763,0.7341411513273086,1841.5739730558776,22.56921505562448,18.201558510543496,14.821360340597707,279.6182924421787,1.066927912529399,11.348689679449087,13.493077738672094
0.1416975904423085,0.6478750891064916,544.5661381196886,33.48762931099442,12.627945332028762,7.501083062810089,159.02451544843632,0.902359818664688,2.5848006056860573,8.930353526265275
0.43359383249317046,0.7641924440523671,580.2584177036152,22.014674884480996,17.114567377901267,9.19373339418216,174.39210717456973,0.0,10.530175447261687,6.315586185477912
0.29719993100806796,0.8001180640636477,467.5579531620696,36.713169371075786,15.646251909859016,11.551935373931544,207.68621373530337,0.0,0.0,10.718219974754994
0.3588549898648207,0.6218623193439753,573.9818618368287,44.390790957705214,17.00194938892159,10.903496734376347,220.06811309408187,0.9842795464648115,10.577075464510378,16.874815308869557
0.1169269709425226,0.6147271538463439,1737.7219781502483,40.80977218665655,15.454280887761897,11.155890322451476,220.07865896751636,0.15900561792407852,8.527664649957503,9.636428133943316
0.20988894186162724,0.9865609135713748,961.9475707971344,0.0,16.97155416259126,7.407784990957736,166.0215719876195,0.0,9.710055662111486,9.291710810352441
0.09119897712210669,0.5180136194383991,1039.5201452243157,44.78685736414582,8.944979242625973,11.793021657421939,233.47723110360494,1.6041314237014341,12.485570780111857,14.320970284287181
0.26755265582282717,0.7760288515710164,1945.9786776036833,27.099627026888445,14.661225474533508,14.883355869541711,261.7838134733904,1.7959947109832837,15.023326617950815,13.813333386603798
0.7631628602639077,0.5835585377538894,1517.4638926314651,39.09501063879091,27.1377544819896,18.64988950329904,328.52404504192083,3.290104627114518,22.223434457190834,21.958985989926255
0.32810473976708404,0.9295519775370564,653.733561781903,6.6238375730961385,17.28797217279989,7.270294952784328,146.11675196820346,0.31739599080213954,0.0,11.180929247348075
0.16142832115611766,0.5091066266050324,565.541570257289,42.026933693425924,11.895222828089839,9.168499789717972,202.89203502180055,0.0,0.0,12.61873441722085
0.04798415486633331,0.618362003773612,1002.6430248864795,39.642183893465905,12.415084489004325,9.739045041305747,184.95199942199588,1.8965705225718703,11.676633898054549,14.726815091178027
0.684204089125866,0.4572072952005057,865.69380067083,56.772950304753614,29.175301502550184,18.574531556546905,307.9886360897654,2.9372143969785447,12.87578234259157,16.508211017321532
0.30967975641150797,0.7461734085066756,486.56719767100003,27.8243242805968,16.563866248841485,11.184370905662751,229.62183404031725,1.5528970281528163,3.5028095079498414,17.34354498202374
0.5009011025539546,0.6289921313325523,2246.724458330559,31.320183352514846,23.27259001756439,22.367336621774577,380.01801550707927,2.595815067775932,8.754216822459274,14.837614983529207
0.13367047002880544,0.8240584228413483,1193.696262822565,17.601862119996607,11.528514234176017,11.416605115694969,218.10388518974747,2.8604897326470855,20.77282264348647,17.553430158857175
0.22077301889060508,0.517744074444482,563.050952284593,46.88100985739026,13.65319960923268,7.337831877651551,170.263584919645,0.0,8.667543768311639,16.168507348120524
0.05464776680776494,0.8251041624683046,628.1303247690338,20.973569858322676,12.277901209159152,4.626163177008722,105.35857312371961,1.318610360240314,0.0,16.11444002429743
0.050849352929195485,0.4404405310209333,1774.3643261295795,57.39270009771825,11.778286398689373,11.81908666777664,226.16296161663638,2.887393349831922,13.963085879848197,16.41438950143537
0.4470249006871377,0.7277446512049043,487.4633425197212,31.065234320491346,20.580658679958706,8.573224609258258,171.3785894768311,0.5018285222992759,11.098911376703487,10.7240255600067
0.231794148920785,0.650650024138942,648.1200220944615,39.62933122383815,16.568346522467444,7.6638337905470095,159.27851231568437,1.456428499493241,6.285587363615397,11.546110049627359
0.5574392247475698,0.7117022167196423,1278.4863325857057,22.47589719935231,26.359510061347112,17.626486079928423,316.50829386299824,1.5854957053525376,13.001605633376045,13.704783567887239
0.4802958978670966,0.8938546306422692,706.8595886965368,19.381111163583476,18.498523468232175,9.502010353767332,170.61607176366704,1.1944724732548795,12.471750727411717,14.298665402334793
0.30932168426083784,0.33680536366468905,180.25696690084862,61.524208927493234,18.051972840303925,11.171753123973767,212.85037336396937,0.32978673186239826,12.297106311613373,12.00649271481285
0.5242351568519312,0.766512419096135,2199.6816705478145,22.177839237733966,24.933251446024627,20.32001611195388,351.08219437131515,2.0218153490311055,12.150761221833601,11.169633157853319
0.5186780859488828,0.6635180364799044,693.550575045996,32.41761245665128,21.752907918987837,12.963302400606901,234.04767504694465,2.7280878537989803,23.713920377034853,16.621229096342088
0.18696247654582696,0.6375391390779614,3085.918117762198,42.33252258485865,14.840806486655001,18.79820761117252,329.27174778713277,2.2682422294685582,14.753188198219107,17.676369042050737
0.45828677651610505,0.7889065798898783,2925.504026613402,20.25909455172885,23.7538728352089,19.85604586473145,350.50151617760594,1.8229543404325674,21.28274886121374,11.977510862172988
0.24881662578374908,0.8580791695079951,248.73379331422785,20.386695074877814,15.6577457294936,6.268551571662313,157.19201059703437,0.0,4.296789567141245,6.141124223790203
0.08509740852493972,0.7843456208062243,1073.4232618748204,28.887024108351614,11.922266722122508,9.145500715213187,186.01906560490877,1.5857286957912184,15.869918504001713,12.563218933257689
0.32712186363211027,0.8999926441548572,1511.2863684082217,8.617618356191594,14.957422021862673,12.346766200907071,251.34873231597027,0.0,11.112096222850472,7.473036277116979
0.37539362289861294,0.32968672223011497,1468.0336150711203,69.44641958657346,19.681012363561212,16.200001231572838,299.8595364964619,2.522243091051168,16.977135686752344,14.779376715108441
0.44570315978436303,0.9207675758585275,756.5481543003805,7.580851361041231,18.789728450388655,9.62100009497557,185.1929900110939,0.5102348020183634,4.377586933880561,10.477032280384087
0.2143864574751449,0.6024779372608691,765.4691658077764,41.99713602148598,18.231380330245056,8.573593369802218,177.73595408146141,0.697691661960739,7.116902060580337,11.472570745211943
0.10458763666789336,0.9725691660945569,1001.770757683334,8.914385666658713,11.49528396227172,6.935242219773839,163.73311074164397,0.7354790085749352,9.62720379996737,13.148772997682622
0.4884485204213532,0.89586918938007,304.3831772160962,13.968596839223622,21.38216807526438,8.122101475440104,173.81140881919407,0.25996861516990627,5.110511573110139,11.973380503498733
0.21624774560318488,0.8104050274179132,1314.0862419293987,22.94206162478888,17.563965965963135,11.737831464937848,224.9129709966298,1.9310520359393126,8.295406289667536,20.208717065550758
0.14143293138953358,0.7518282664256625,693.2964121212973,29.754250808473707,13.831561477189702,5.7253383400047095,131.3813371538208,1.9720527893156086,16.582024549203343,15.580870021684364
0.1973807200701217,0.6629714163785113,2165.873417601944,36.251780283324265,17.31031414400466,13.976715655214516,269.32226712421004,2.1316485983110134,11.84197548576967,13.932369239326086
0.27390921787061384,0.7638122027842559,879.9474710483142,28.782209572000827,14.501301286522516,9.571756861987526,206.223887310149,0.4254484610561734,4.319406671924671,5.038680124222067
0.06785449566066612,0.6507295410491147,1266.7263345949434,31.19888628950153,13.384796686178882,9.723292655351171,192.81536727249932,0.1488675652699698,3.239524893591912,9.866343236435624
0.06499654991512013,0.8434415781880775,403.73110166389495,26.27767090780658,12.07123460751295,7.32590182699195,146.68767710468322,2.2045474272244814,18.383654419811535,16.41746551236147
0.06556059144375748,0.8995536577878398,2309.4221874404216,17.743059437259635,12.230856749940726,11.880252985311621,213.2121531219436,1.8847163520768768,14.705598598481282,14.796748252072538
0.2408205828080517,0.5434978880124836,198.62610690993762,52.98331039801717,16.139325649218517,6.673879092060119,138.57911565041852,1.7084037411017383,12.459673224189183,15.343930466819202
0.5201824037831834,0.7391648546376306,678.9265833607404,31.26003132771492,24.284462072967923,14.20830210601901,234.695313289845,1.7859492971745743,9.832738836619749,9.544760835598922
0.17077232077210105,0.5137767612928624,193.39547174777812,53.99508663104945,13.871463505448487,9.163396437351453,185.57590945877118,2.020641531843233,14.797393531934523,15.410579573746364
0.6243548929823973,0.8599654014624566,567.909686127898,29.20331389997832,27.163273269615456,15.575902717420634,281.3794708954725,0.3611396450912838,5.111019781676251,10.076037281030882
0.06822624016288749,0.8312206493614052,3500.549727228761,26.9143471937897,12.594543434912795,19.611109169891634,349.63697135675454,3.078631853928206,18.1108124088293,19.764332946263302
0.26091542725004396,0.9683759994650915,153.11110495635393,14.925505797228855,15.622261757056371,7.535041032696467,174.3096470966225,1.1829727003236326,7.7686939105567525,14.344917695221561
0.112635337797895,0.7519138478828737,1049.779171494114,29.664741631508992,15.270925743707753,8.408508727094558,181.27304784500635,0.0,16.53197168471746,7.673152298332695
0.3161364481767771,0.7792490267670196,1853.5580983286786,28.117188999839975,14.109421972580297,15.380537602550486,267.74098388020195,2.505618089734992,11.430151228431203,13.4824100400917
0.5816253392748918,0.6546097862993966,320.1091132390451,38.96475904813834,22.77922362896462,12.148009633402133,226.12811758254128,0.10418024874101728,0.0,12.86775395194718
0.4810090269055641,0.6983395796299432,2103.3126798769827,32.07028623096869,20.498907359897892,19.767517555585275,357.17798407573804,0.925865369207058,9.692847600570088,13.212544130645849
0.5411398260672204,0.7578436730518285,1221.0760891158652,22.869189829935955,23.241369573961798,16.06347927692609,288.0300344207222,1.5784129458990659,16.548377066919482,19.137651945957607
0.3015110827751685,0.8650313136527317,646.8714038887732,20.410948917845413,16.17049487352516,7.886043261067061,164.55393616452824,1.8450818008645078,10.756255807097794,10.527855449754881
0.5365222886713719,0.6451847607857476,729.9490035313349,30.443425518520897,24.528122383880536,9.654722607624661,191.61660920400618,0.7010343180241801,3.639735852389123,10.293973590836949
0.14471468325478648,0.5942914542872821,764.5934775139739,48.01801587670504,16.462841701629387,14.857610833791934,270.08685550988815,0.0,5.1075060142525786,11.344086450380166
0.12621040055160146,0.5953186499847083,1270.045173862003,43.735353555322185,11.311572674344669,9.844058202644625,194.31617025947335,1.069697227184158,7.317903890717874,13.362836745860065
0.16968444842556082,0.8331131844329224,605.2456595106905,17.91178337457243,13.474401173972815,7.076264749121075,160.76373684737678,0.0,6.619564463650487,9.602562653233008
0.046448158559059115,0.7786505845913559,357.1980946982228,27.616748998735083,11.384889423689879,4.584130687784213,113.75147860743208,0.0,8.117710144080572,15.61821146800672
0.48963595330597737,0.9511612658171817,300.098553171002,1.1667803851265397,22.490232637076506,10.97599919992891,205.78145938220499,2.076597083764317,15.959123279027319,10.243017874515228
0.2179789870742044,0.5738700694964463,482.841904466405,41.47889929401567,14.540017026987526,9.261615592471577,191.99492287380508,0.0,0.0,11.280795266605404
0.2882314385556673,0.6226639748065552,319.6207236228548,36.73510441584841,17.718400623253263,12.251842813845972,250.34870863661416,1.762328875938432,10.39099116889392,11.74824257073193
0.34373641313209324,0.7387286726095994,641.0660874727081,24.786169566098586,16.859762303899487,11.352676498504229,237.4351314190377,0.36207806571531304,0.0,6.639532286442808
0.3826501674373027,0.823973532667453,857.9584613430623,29.03922349626267,18.675558412690993,11.959476703701347,203.93047929585563,2.4452575150320297,14.223019750841928,13.987918674677614
0.6882829356438829,0.6056365394027787,626.7462440513299,38.86827996762765,28.19890535898175,15.852494867995818,296.6965726937526,2.013519454771439,7.319414514595377,15.293154297002388
0.504603404491843,0.6412825584576167,838.4213807842025,38.832875960831366,21.00438299327608,15.750467551455113,268.5440786005423,2.352148805828614,19.826162589843744,13.07070234791256
0.2828338524375384,0.5299026684358183,235.85842509758882,46.811708738478806,13.685791511489617,8.248611770244874,170.41222342962132,0.6492005109224449,14.331950220418067,10.807827780187738
0.11073370388561249,0.8755858391961968,1663.233383693699,20.504695953772135,15.66221286966948,11.935568253375218,232.4788156731248,1.7373684683232624,14.236160938551714,13.303543713106738
0.1257223872243649,0.32149183545858284,1139.37857455438,63.430841680073435,13.09361668761523,11.446788892187783,230.895021019746,0.0,3.6863683805776204,10.669504030720498
0.07623286280278382,0.6718138591808224,962.4254431331635,30.286637275965674,13.981321359034869,7.535879633352481,157.92449719499606,1.4220168580529242,10.577573759224183,12.606347184003758
0.7207402757679952,0.8012988374556733,604.4360668806792,25.84846736968309,23.894231680875418,14.691398874013435,250.28487820128842,1.9700653633710656,14.843713748661468,17.309869293441164
0.3321017766603231,0.7352295613119647,462.34156304415734,25.33475653591386,19.658430851386836,9.34849143035301,186.40923762915693,1.1316221708760372,6.101298899480447,13.206023845422362
0.10143902240317533,0.7863772628742531,1054.7894316808108,22.199012639123467,14.125403576335621,6.486794969286717,148.7565157138978,1.3681678398983963,3.9644977852503605,11.98355375354758
0.16005422206451894,0.6660846697611024,1237.8528286770725,43.652414271167004,17.740796804716272,11.560910343535232,212.5205612509072,1.6737775488939446,5.125271864406283,11.924391117710233
0.2996532594309141,0.832328425271553,44.80483846147904,23.283877747402542,16.397743837317925,7.340840122402999,169.85993949837854,0.0,0.1924232867558331,6.087418106013862
0.37804897891447575,0.8279771308915109,326.15476102458103,24.329011677052442,18.868110600653296,9.094383956996635,176.26293333652205,2.08789735435945,14.493714119821245,16.009317380504424
0.05204557512212636,0.8568655918419135,149.33295906726374,25.59921449702327,7.8542879498257845,5.8079072081436856,126.96174112195455,1.5468608202443845,4.381326681247976,15.075141742181561
0.11222539532023791,0.7679261027319547,553.8091939459703,29.2739933626348,12.418226852547813,7.660977329378671,155.1871164690252,0.41200465401353603,13.72929408803503,11.89705215044525
0.3947717555909491,0.3674745686181498,521.7417555586909,66.17408203092484,22.020318341398948,11.203529502119789,213.0642899670291,0.0,0.8765632746594525,5.492866105482455
0.31565582252836416,0.7838231916635221,2253.0285802903595,30.960172651101374,17.231591072741065,15.886671574474752,287.5617746227483,0.9656040733694659,4.637513605149851,14.591247156172296
0.2732034184864077,0.7124177581932948,893.343541996518,31.725967346974574,20.204648223668354,11.017090952460956,210.14694978422435,0.48294456344788006,10.594999134441228,9.161693368772863
0.20720969679517215,0.7307888289950989,2669.5964146009455,25.599399879243872,15.78694352164942,16.73295442319968,306.92104026356037,2.6576136183531855,14.39624902312298,11.306589315004416
0.3036408910537133,0.6161382211097922,551.2980712854659,37.18029024028481,18.63096208024844,11.307848591160564,222.88286040914008,0.4562978924358264,7.964693576959021,8.14853138071552
0.3288614812347829,0.5996245031538283,187.80159277136303,35.73772684480294,18.66806033581857,9.331697984903768,176.06664261028735,3.9517018816473035,15.02926710626824,26.51322106122435
0.6066526856334225,0.7713947551280713,2205.6973355700065,28.787582886484408,27.171442713630494,20.057092665006458,360.59431365653705,2.4973582476282123,16.461679247954642,14.547684905772995
0.017539464058102586,0.6905966924206377,148.3877295271118,33.79699753516861,10.530558193708952,3.7144144150329548,94.49436368402984,0.7638047440032105,0.0,15.20242630832767
0.2857681203549341,0.9740124002586316,504.23494417650375,7.582657901130885,18.060874704226755,7.988843294529017,167.38179917342805,1.0460075084141938,7.132166489174399,8.306749972055668
0.1677258337174972,0.6765044632515661,504.55145718917174,25.91081391281012,13.34254419850419,8.389792040939794,178.98370333378136,0.0,3.5169466962463103,10.415128526842437
0.10201123436334082,0.9067980431709723,1846.2888918761012,12.646703572144805,16.48136065384385,13.395696579065731,255.4787849259998,1.1530157463743878,5.5748339016939665,11.389302702695336
0.09849292805732857,0.6304971779185183,1953.8269435081706,35.850759023038606,14.107833916797778,12.713800773123765,249.08029375638415,1.8152389873958905,6.936333701504013,12.436681845578683
0.45617046122989396,0.43306407782074124,206.63055706838247,65.28707877199345,19.069857550955444,14.618598854706306,273.1513228320121,2.099095494227148,11.245245391252606,15.275776917738293
0.06991610981457382,0.9174264914598794,628.7636336287155,20.059630895576475,7.7307346962263015,7.727533341910465,157.48525744377665,1.6344536360122195,18.260413185085767,6.991559137331247
0.2237911222402181,0.6803323199363697,915.2886555349975,32.51590653059304,14.614073377123095,10.776559261367987,217.7361778391725,1.8483269398782003,22.042682061463974,14.344698679032716
0.07175192222404826,0.5336307014329663,406.35515051326655,46.82174154414502,13.11824677189848,7.078799549770467,168.5292696680767,0.5263881438688572,16.144285742692276,14.104498073026964
0.012345788040106236,0.8886762901459226,182.97624765962058,19.45166347902182,9.970658741137218,5.526571390259648,138.51482370932519,1.5897157438883822,13.424694953727263,12.355003943403489
0.14637310233341308,0.46690240126053434,789.766760070626,49.23082859024642,13.398535101314671,6.6887646148420075,153.49106918309747,0.0,0.43457694438553496,10.626203273258946
0.101902358397908,0.7379711036359041,1486.6814828775243,23.475865670013533,9.938864208711914,12.259878726562103,223.63986351247326,3.613397070825485,10.81601914509515,19.654387613656628
0.3333278237339543,0.3369038911688342,632.7778264851926,69.04989786940612,16.46896513691525,11.891427766618403,242.09608549088807,1.0902987306373866,9.492159718865755,14.292945477337751
0.15612642945900626,0.8958146934575827,1392.609805327941,12.923473355754886,12.937039762802133,7.807571196132731,180.19228826831102,1.775902857572485,19.284957961352795,17.3449992178298
0.4172628460933476,0.7909495983737798,239.23343114465885,27.847075286322664,22.67127018206473,11.10111541730517,225.17801852502234,0.0,10.954361862430304,9.71960963563608
0.2891624311688534,0.6108464826494134,1596.2040937593847,34.9960799776286,18.552628454161315,14.159726714109329,265.9087958085431,1.5874426217351336,4.421101504566388,14.84818318175791
0.48164791382977734,0.8877774797264993,576.3602014857312,5.964683253728637,17.581877393819564,12.038173397811251,238.89874699313287,0.0,1.7398832253460208,6.928159647149884
0.047472149775664614,0.7639758346935623,605.4401484796401,33.106497130801145,8.320724298523633,7.33584003234213,166.0007309608842,0.0,0.0,11.316607571110506
0.18232672307606393,0.754556535880358,84.30789115561342,35.175358269569664,10.343807203808854,7.400713672653077,167.49882983070063,0.0,3.516327326742836,10.569070341549848
0.1853399106916935,0.3858953365580027,619.7849648970508,56.51073930191187,13.8333963197476,8.329734290580861,164.04249354403072,0.6609735018395466,7.481941034182147,11.703589298634707
0.13387814299438502,0.7094477728176939,170.1058861591629,32.17283615157496,13.867143958208558,8.035116170570026,178.91455698830515,1.55165577471509,3.4393091313249844,15.736034192143062
0.07128183467909226,0.9362483267543762,737.2352035552042,8.778451312292264,11.385312760196754,6.513438424837889,148.58482115628138,0.0,4.942741685353165,9.073469572233963
0.33619157327309307,0.7661811263677619,185.89797698336494,24.477713346690912,21.387197918846923,10.49801168748619,207.5540938843298,0.0,10.34374420896727,12.109492869550177
0.09015816854515088,0.7300702312672691,1011.549176770403,30.48662857491551,10.215101787937629,7.971464662944402,161.3994543270832,1.8555455185887335,9.457775912025017,7.627623378609601
0.24418194010949912,0.8363150346270382,516.427275947163,14.809659198879652,21.628886179426726,8.607298219840954,180.82381062439623,0.0,6.917397335470235,10.718188519396607
0.3597494371215152,0.8951529225048179,806.1244629794816,4.09955857731093,17.007706024278818,7.463449330893432,170.13954556826988,0.0,3.8372665155926935,10.225915408324337
0.13596964999956584,0.4920684967224687,973.1875279317393,60.103792311271334,15.263521935665826,13.18938859259583,247.86708295527745,1.4111188391513323,13.136388651514409,11.824194331755665
0.5931618535263464,0.9697535025536334,1449.0065932230334,10.991528647154738,24.780682733704833,11.946723263188856,223.6108737964763,2.6565438770145544,12.039780735183143,17.108046754728793
0.24359348915409557,0.8524623470229183,832.9093292884754,14.423793826192927,19.059486333876052,9.50967320166828,191.37026831312113,0.1807980393362395,9.264855433736939,8.683553568712227
0.11254068882032338,0.8408002463294668,363.9767910163143,16.00539772380837,9.50597549263411,4.298380244884953,123.73719489506038,0.0,8.891354236741948,7.856078051942784
0.316808901974316,0.654857787024724,2154.670396613326,35.77338320375642,15.173952906681917,16.00707074110781,315.75780970630365,0.0,0.0,9.061934602277038
0.22057305398897378,0.9362966277229833,655.4080257210325,18.552809745005188,15.938582831590251,7.239598549608093,157.81105819558647,0.5030610751905198,7.6258180918072895,7.9685241459517835
0.05803522058245587,0.6459529888036601,1051.8280898795704,36.134699570646454,13.029473591925754,10.099552964093954,183.03628679240336,3.347383357685654,14.877151911831207,20.573676321442008
0.04696304866795435,0.9337723499357617,138.45658048514161,11.106669790469713,12.112512925373197,2.0741560268712544,97.24937285930002,0.0,0.1487220519967165,12.06629453827283
0.16503057671130514,0.8092807791526739,549.1645440534722,19.236967049108426,12.95438930681771,7.4052809353300315,155.39502440134876,2.41478641882817,18.751834215325278,16.02501022557867
0.2918700065677346,0.8855332799503184,1240.503922348173,11.129549702046837,16.415379432308633,11.097166402262513,206.5072386183949,1.8860832831943761,10.689947709469171,14.487257741190833
0.35446091618462644,0.5177772187604882,775.3819206678835,50.66125403044941,16.652380073920597,12.251691052317026,238.57024690020035,1.3090265479041383,11.788093176193074,14.388283203749486
0.22147439983364062,0.9896842968239811,2242.3246926692836,15.300515561293203,16.555592596984603,16.539835916339335,308.07597950959007,1.1202503694752317,4.590140012278482,11.058483521713093
0.10728488210260971,0.2883024924364591,474.5597439584076,73.159541812383,13.537098281854338,10.078102194602018,199.89152442521475,1.80577349996123,11.386657826166601,12.483360393433145
0.13252648012696408,0.5418849846399134,938.446401937324,48.46761805921523,18.595478372623656,12.13091783355714,243.62101564281957,0.2506420850770973,1.09955844385708,13.012243546010748
0.1777143535312288,0.7865026648405073,731.3133170639902,24.151098374042103,14.669639557723075,12.293657214090354,244.6116133144595,1.8941725183034999,15.787347663033628,18.741072249802365
0.23624580619512803,0.6995516418109247,541.2334172099153,33.603796665430316,14.433445910662474,11.15053138763237,212.93392434160066,1.2796761298704316,17.88106675939174,16.464186031073133
0.4592588539617512,0.6582048513936865,1044.1124769931346,40.4323969012185,19.188194109661723,11.87493363983473,223.18804750949144,1.737961606919217,8.59806504829751,14.483237172893265
0.5790458803403059,0.8833937030151556,1608.6523463087208,14.43778309905635,23.843543302384646,17.098769795301944,320.58312913245703,1.1219292342704739,6.763517326107662,12.194739048487987
0.05904428697351712,0.6806854459070285,980.9352896500772,44.008246149352544,13.963001812085757,9.945433199794849,196.29577446364146,0.10898105659865864,9.670322828249052,16.577911164621995
0.18200535499558712,0.7790109684457805,1814.0523062066932,25.04009111169341,13.83805898928555,11.664137144623254,217.76801388802699,2.008489231219797,10.636429454023363,21.78722038437666
0.33541933952558267,0.6655852111849009,393.6518486919201,33.197335691382534,18.082854050310456,10.586214422142909,215.11650825187738,0.9489505696889494,4.836954494213016,17.06162402272169
0.6842827088822316,0.4669623183965066,281.48810598830994,60.87431330395984,25.615411860285473,12.707496151929167,244.82499457339247,3.602543731922288,26.41014550549477,14.858797653022265
0.14701443160140507,0.8351666479469496,1589.2690435261345,26.51341756311183,14.467649473198195,13.85912772612141,255.59553391012508,3.592566206875232,15.352512768189625,19.649754889019064
0.4383159995034508,0.8142207835104771,2152.8197774044315,25.465136967512613,22.615683087038647,19.176725326356884,332.1524654852139,1.6142333765816281,13.656467274162665,14.368994214884477
0.393303940873252,0.5343145986296836,1184.9496752989762,44.02174421982496,16.30965736509239,15.3102078323811,285.11959118294703,2.698045398757917,13.237715691163956,14.8789042883881
0.1383717286236019,0.6293251712016897,594.2439697577199,40.09926878604565,11.325740933590428,8.565035343025114,191.2165941415619,2.235846732173182,14.784990795274519,9.403607102276169
0.24412015034526016,0.7661386477107155,960.6489794785123,33.61572826560534,19.213141057072637,11.647179469450183,228.28227629379836,0.6611387574516967,11.783008057958854,13.283535774817912
0.4427584047452599,0.8826044695626396,365.4038760030304,14.56318192016891,23.284190352549857,10.263357948133848,187.43262135684375,0.14624716183880482,7.972620579354252,12.394849566032843
0.24781931763302215,0.7174591301050088,742.7078907470044,25.707485912778317,20.563395004607194,9.272586449507896,188.49818542094948,1.630794097545079,4.075831872114817,14.81337155731422
0.2656121212279486,0.8456131311626276,711.4367749241958,28.053854271350726,14.732564480564715,9.37153385427819,179.77848065520715,1.032336653759756,1.381950609687455,17.3405811400939
0.25765114898104313,0.7394478409685656,890.131533806382,28.106823530963844,14.636527756314777,11.901161233277948,232.76972740509586,0.8379298892952489,9.376284119086492,23.877762543232834
0.40113532201091856,0.9724748911378985,440.4163000511871,5.613011064253952,21.54769118662646,10.175348894654956,188.09876627997406,2.73876682917761,18.326537995081935,13.847079012305308
0.5011786609150194,0.5913469166601207,1766.3148680925642,37.976313962089414,18.190959944244753,15.439090416153599,287.7736363940695,1.8264223788764413,9.803128841879502,14.514770168487225
0.3246279360669205,0.6584653733171904,984.0549849407614,28.523315560679162,18.707492694083236,12.440692162940378,242.27531969429754,2.5238285427605733,17.26039319773898,17.162153568539665
0.3265507204193289,0.7539677894612351,1290.299909715453,24.475459669986314,17.549280076051026,13.4123632747481,261.674464026987,2.742998667837499,13.275403217643834,15.398283043627195
0.03191443676082602,0.9142835504458541,572.1002732911562,15.588801285586833,11.576873593718485,7.30167844180632,160.21048274959062,1.4357724932173588,2.775228249205229,16.61510082843926
0.1906923085929225,0.43432114614393086,901.4317124215701,58.77957814180096,16.15765951011367,8.835010662742185,207.39150297345725,0.2151273464678752,0.3858014892650594,9.769011121478501
0.5066017363494961,0.753712954411614,466.79823597861196,27.744557772160796,19.463992014850028,13.29121269983423,241.10919899696853,0.4879486358892484,10.053337546574625,12.549108779511615
0.29435097973248425,0.8373208337669051,893.2616466496672,15.762699493232333,14.644705150393788,6.658801833541384,160.99200257289803,0.47999927385370356,6.013729258069883,13.830608604274955
0.40266203661404054,0.4283623194979505,580.9827088460802,61.97810310746709,21.006346719419287,14.438579189514721,267.22613005988524,0.02110705671880697,0.0,6.338529105319569
0.15093372615957937,0.9075061016990871,528.9063070498432,15.136601123747857,7.928371241296087,8.889341606517023,186.09829962792338,0.6585092646868034,13.9357731211639,15.765877715604496
0.3482347210258666,0.6976640837519712,751.2146723903066,36.20955822064607,18.00429909605234,12.089966179689402,223.78606256129768,1.6404500149849188,17.455705778348484,14.54073982174881
0.6039392054386099,0.8085578112839034,817.8663287973957,26.489906251693604,24.514018341429363,14.835722198928778,268.61070916080763,3.7852620352276465,28.757074242076733,16.787404414577043
0.44434238248676977,0.855975130005605,2215.2227077658245,11.247608090217541,21.724335161111714,17.593144657584293,317.6568203799156,1.0464026747854054,10.454853584627646,17.603329037963825
0.4185413928192358,0.6859891874045507,954.6841170717387,41.28989909550776,21.431313793884552,12.712686582258241,229.39156565323296,2.4610612349840175,10.744653848615073,11.300907233721361
0.15380030601209532,0.5328057748051115,524.3217031417834,50.9007518056582,13.820706608229337,4.927951532400481,118.78340888328636,0.49866167040726384,16.145612180449824,7.713307819083235
0.21840755905125872,0.36388713626300856,132.95885966835053,51.161456456997165,15.004327811831484,7.918320030240361,162.17059965032223,1.6459870302080637,12.366341040077986,18.21331812669184
0.2772211109263462,0.8169551310045422,216.50581157040938,26.5971853254748,14.921793834717551,4.113267425753493,114.28480511933603,0.0,7.869891919466909,7.263802787789445
0.3453753356161802,0.7405538024455562,1599.720442941989,26.378393526517485,18.84444166606015,16.937802183886777,294.2232968189445,2.709951434558807,12.610510661126657,16.40235092167539
0.06546280465457882,0.7789776796655096,174.67551712274437,30.998510708473038,11.801547606478488,6.521281249428479,136.19804892662629,1.8445230130710295,3.114260445143305,15.425995505655779
0.5005419173696742,0.8957165110504307,847.0127123275417,13.348632035548622,26.4543965121828,13.741148491650783,251.3408710440651,0.7148879220707082,9.506090860458102,13.011265527384344
0.44336215681169516,0.8899197033582621,2645.3257823555996,14.151884565177516,20.154671375788165,19.429403553225782,353.45760091652164,2.172217912517145,17.125942407040984,18.922374833361474
0.46612218837082137,0.7019828086905063,332.0280957162772,27.072339288129513,18.809788721138947,9.747462078482538,192.22049064360283,0.8469759430385078,7.7688207808617635,14.675666166013961
0.39012662613447074,0.8750914345008582,227.00232353818052,16.82286279284896,19.409374918534763,10.861931969522278,220.66580056200695,0.0,5.2965330545701175,9.142899382533978
0.06849975430783166,0.5078304988964933,290.7478728188368,43.95187357655308,9.303474873201225,5.09610157159386,141.30360657982246,0.0,3.6026501036000274,12.006941496579
0.20360857633891558,0.6786523913115032,825.8388274876509,33.778922917792656,17.26460171320152,10.651106283196619,204.0831741546448,0.4631470944816679,6.549541831211365,12.49906603807985
0.5715983395461717,0.4542670984430048,1556.3659555914708,52.53956839733873,22.704793160088265,17.35053194753678,303.20330673555287,0.9561076206470984,10.425091430868868,11.206089279059672
0.14144567099415328,0.8739887045603948,174.52579646196764,23.94770746250986,10.969788658318745,4.842062149234606,119.03832091934707,0.42767913734250773,1.7673835900749681,10.141790635056992
0.2258229951361592,0.45765232329801986,354.6110093047972,50.054961147375664,19.57371345405887,9.863034494404417,195.78848749701143,1.289438002462352,9.31101918259588,19.155568809132298
0.21309408457607817,0.7151182822695762,2675.654092850927,23.52843212208121,17.045415919473356,17.118372484747827,300.59806601612775,1.3770998169953201,5.05674162087996,10.292313591656125
0.11625044062099477,0.8332347021470147,182.43516512261934,19.070778847747416,14.653324286426999,3.2329813069602675,100.99103952161946,0.992445804144092,9.835602227611398,12.557988370611296
0.40054124815247827,0.8416094871060085,372.97161125565594,19.796840063740028,19.805566460466764,12.283954903023226,230.3131586396619,1.0510138003263427,12.619044554088758,11.310038519525548
0.24419408426992245,0.7793129380883869,1371.5942732454025,30.253134834000008,13.876504957803343,14.206887930246188,261.5280518664923,3.373471122887319,24.637339042287735,17.868843992279867
0.20872958333471878,0.5185277577069259,250.7554522886587,40.656822022951005,17.848283890698568,7.996781348017011,167.38207027417306,2.643440779794167,17.80442697421276,17.989486814101696
0.1797139697613475,0.5357172671229494,888.262527351036,36.6307811495849,18.518753080827786,9.161097091850989,182.5187091061007,0.3698375182645076,7.570387113641376,5.678549778068052
0.4011709811073322,0.8618622550819601,296.66947583379994,12.655629712031308,18.811604870769752,9.327075218932377,195.49059041305983,2.2050722037596575,14.173647809335904,10.22051939028742
0.21441538175062366,0.7190394889703121,1272.123226305616,29.394681559017886,15.914244732455343,14.140315072374202,265.5415743365509,0.790226205394551,5.627779498681569,6.840709056310188
0.2056414397699387,0.645407765796557,956.7767406076993,38.66443235291962,9.959865141288097,7.49727318449582,160.23038537359193,0.650106013694203,1.2413179485990522,11.711939957328307
0.20984824400134583,0.7705883629100464,1768.6122289919108,30.360473293924944,15.380419728005922,13.224574028956017,235.65024494243514,0.6589748886859306,10.197218150040797,15.450127079948992
0.13759602622230635,0.4887935469775902,279.49152223045667,50.55289333364547,11.968654819922568,10.107217084077456,192.0504456196463,1.2764843098854464,7.119398383514593,11.259387801977365
0.27974403639672746,0.9315564453715912,264.6995685945441,9.562614679640387,17.77652298052966,5.659408959598071,122.41269410937275,1.6936488422071612,13.385726178600345,13.394924199505324
0.063117060550928,0.7532486601283209,1653.8961826774623,26.616325816198707,8.32441270476659,10.218196870710177,196.2635154488784,2.986936639534581,20.426372705374405,18.73262564024135
0.18852600870378755,0.79316592208939,493.5107174302225,19.48446044349443,13.392054637528444,5.626654650501681,119.13517914759065,2.34959349499906,15.905235476270091,15.577908943496672
0.3903068795712544,0.5696196783360227,1305.4531807013313,38.50331181476963,22.154941466696503,16.88328805394107,292.5172175598494,2.901338378716016,22.97189991047164,25.99185394630137
0.2525914425726185,0.6752191516901223,1353.2437926336686,38.537805190154245,15.40647601736874,13.963802306382004,271.65652853882614,0.7423375170091553,10.0613011410193,14.083649438639139
0.4371892384396074,0.7953382928181375,2640.4811532766144,21.065852289346765,21.42481197301231,19.579264591981815,348.36790908668144,1.8463646149430475,12.360213303719123,11.816889305272582
0.34794117843959,0.44189337269077344,1207.2728404018821,42.832824889115045,20.642920421801048,14.290647465471435,262.11593774843413,1.9452540760226933,15.864911898034395,19.128680733350873
0.1074459466344732,0.9417695610857958,429.3539699648499,5.464552741896215,14.127935009955587,4.117851570293269,125.60467985998571,0.0,0.0,13.510557354212168
0.02490113913531239,0.5077085742858364,331.56315441534366,52.501839048214364,9.649497779835949,6.030677105972643,148.48239827028272,0.2909151700866617,4.593402130583215,13.338355250772072
0.0991463637211444,0.819727267689537,1299.4900380969382,19.455663151001,15.721124637092338,10.503053922492215,224.000942220703,1.2622596789961773,9.587587471802461,8.323943566175608
0.4123436783910619,0.6856455047992087,117.08102723245321,32.25825612619737,23.500344150728417,11.624236371532385,210.2723789637929,1.6967953797858384,7.716147387944342,10.006897804263104
0.11621696304373601,0.8826838424182576,591.4280599856424,18.941167829610652,14.662844447399547,6.995470140158584,157.0389055630075,1.4161163248187383,15.348700069865775,14.394968506488656
0.2575257994323993,0.8651905119490391,409.28183070879584,10.525374927401668,16.933128516106542,7.710003272765957,181.00873434903767,0.0,7.329673254440772,14.502101696514329
0.40223530262112855,0.7702816608006308,1141.9035788284507,22.873875208009707,19.864498891700084,14.508531796960307,275.4211105206524,0.4275312022952966,1.0987702644278379,8.579649998612519
0.024951699623692283,0.5974528980517847,2449.9927080389434,45.36052772089667,12.33050558058351,17.19507447427467,303.500272596526,1.3187142106686822,12.57261545979822,15.381339159225021
0.11218780319702927,0.9208753379732432,1207.7444779106424,14.785521025697605,12.62697225366447,6.417645024933034,142.90340986955493,0.0,5.791801167541497,8.822309831326782
0.13613644896410843,0.3986169741680882,1425.365743472966,62.626395030178024,10.829452954822417,13.25934855902159,244.22480325245812,3.3157201991449154,14.58716289003376,17.10953465293608
0.4562446971742442,0.652284243447854,1805.031743895219,33.14787155962644,23.93729173487207,15.67000129588378,284.83140982829053,0.7742699085240925,0.3495170877836884,12.260963235064612
0.5141736923953748,0.7482679316985157,187.8026132584078,25.704330113192544,21.111168653668265,10.654165686750623,196.90885287428713,0.8395416298628942,7.158483593391011,12.088956878055361
0.5271450962513194,0.7933338922537134,1352.0923654373207,13.787818654675458,24.967776156677623,13.969844146467343,263.39308818309456,0.7511059753258029,7.474137129997869,14.69733732026915
0.30614090544834843,0.5863709223009189,740.7011820277297,42.44407363715829,19.497663062511652,13.302795440332805,252.34857777200986,3.279442341377779,15.11914628863356,18.775547957878764
0.15356755784449683,0.909263127752211,765.9128303480011,11.51077230243164,10.725632151810995,6.490171324809847,131.22545686648243,1.4346071950873087,9.139850655538876,14.029303871983776
0.0785484722819037,0.5761827947656979,443.47244349058354,39.929948534401255,12.793949725745739,5.678218720044501,122.88036253675122,0.38071775425367355,9.988940505751462,7.17842968611383
0.320927927997903,0.6840926530332625,1077.548653399145,28.44965894047444,19.04732473732516,11.642590246271697,237.4596582047093,1.2444954591832051,19.170722123507833,9.046243730182269
0.17433013794928084,0.5979683899526875,986.7860721882075,47.25235609914296,18.334786651916946,10.961072935719775,217.30347246940673,0.0,6.497721411258418,11.259980471465717
0.2358735263223591,0.6842564013133206,73.90853930635637,33.620532656283686,14.47652463193454,9.082853578927947,167.3500353648825,2.3695398968788375,10.701088346323242,6.397271292510224
0.12349008716741935,0.8571273019132049,2437.4391212950445,21.608998037717928,15.01892937387346,14.420088002251623,257.43033184353027,3.659165367962063,20.50674120616824,19.117618869773143
0.39652450185661164,0.8204514477175199,1282.3684225181023,18.40835813778253,18.56526787538758,11.191702568885397,219.4221246013156,2.2583811702209156,10.13940018618021,15.295920517981301
0.4372012115063516,0.8626900422267171,1226.3603006667095,23.29437102900464,20.81576903411316,15.579535003531731,283.5931420293161,2.3954160898978025,10.899020603418561,18.754365879069095
0.3572780126695072,0.6734159582243874,1448.7739257428937,39.68935585276524,18.087651988196114,16.124479168854553,292.46967355202054,0.08130020872592669,7.055328725581615,9.195958474677202
0.39316475548913626,0.7013764930746563,538.5815231495056,33.90337537962399,24.215595845814054,12.189873752007857,255.55925488970698,0.0,8.875616378351118,13.021176941059002
0.6167049827212552,0.8857677634694949,1755.1127913527714,15.22184988767298,27.41854562640774,14.50588181175737,263.31891233543183,1.400994193740161,3.4997743461909128,16.757004283004754
0.13654135466275166,0.624139776988076,1094.4058148811946,40.09448184581774,11.357028697846424,9.869347861883996,179.19603973016274,0.13506899845686804,7.923155573280276,7.037084439799424
0.3823151795186166,0.4635678982837485,371.058734517041,55.62120731435787,20.454707850053214,12.926629297418817,242.01283727294418,1.8823354219475434,17.422982490561388,16.275034608060786
0.1712370701240809,0.5803071312540131,1278.0737290512534,49.47688291867954,17.971821911279225,12.56324350504626,241.24158513399846,2.041865436078102,18.533751179916745,14.685961048481742
0.2671847415317088,0.9060544374297059,209.04584782163116,10.713726387116887,17.865065957886884,7.048084868688139,158.50024579797957,1.7458519196489568,30.74229572618746,11.685886524756057
0.6687841545336678,0.5839201586912438,802.259634287564,42.47732197849336,22.278939027726782,15.431960998993617,284.90765551723547,3.385674203027547,24.207605601238427,16.901948663421052
0.588876038984471,0.5786774670359761,1261.5777616812613,47.42096266563462,25.058483113627318,17.409536304835363,308.1143044772708,3.21114074307085,19.67322442072258,17.88210906025367
0.0838179382611305,0.7933189867588041,1564.0853743371588,25.721290935320646,12.044837227447688,10.401788070621473,198.77742845774958,1.8992563675712324,8.9760867435145,13.18545004288003
0.10951477386074761,0.7103991148350338,429.1234831898953,25.720936406889315,11.295642317369152,9.96888447388248,222.44459537258837,0.0,10.360502779567634,12.057522888823403
0.16118371491129233,0.7104691050440599,1077.1141374673016,35.382865375419264,12.826750230833635,10.817210604458236,227.54340429865414,0.0,1.530931810133838,11.017608730117013
0.7802572347468969,0.6894015485087414,3061.1040746587887,32.07838827312701,33.710655527225484,28.45845273078107,457.1045851364887,5.562815719511216,30.39415460034623,20.3325802102676
0.256282447992102,0.7042903632502852,1388.5299123860786,28.496378284829554,16.4482872932792,11.19357748431122,225.83174082338448,0.3947215124340976,0.0,10.569224926470097
0.15212872879419595,0.592466162609617,740.0283285269109,37.37319503544918,13.280838753620374,10.42798905098012,190.79050852238362,0.7348201235317711,3.3380743208115984,7.900295835763216
0.09182238397576847,0.9295321027083929,1297.776010146849,9.935175740612578,11.270701781595076,7.3842199047270025,137.0801702593006,0.23854683187286918,5.298641609298241,7.973872692573401
0.30322935626193154,0.7722278514090364,1105.2497512932398,25.36525229362613,15.364464474892241,7.319688499889107,165.35793896049327,0.0,5.756289027980688,10.82152322384862
0.16530869832127254,0.7454864402901734,1056.9519554438584,20.34128702196672,13.499645581160763,10.549498445753532,224.60395526313295,3.176367478367808,21.84769284644574,24.816404253126922
0.3474950734036952,0.7777797095971617,1710.7523326383432,27.181913312386,15.184677238687508,12.951997857625708,258.636701395153,1.6789047911501185,10.517020109850922,13.514466870809212
0.38517649274568916,0.8342856248052551,1454.9629092447092,25.798640005263813,21.71585877982475,12.36452627654472,236.08873858853377,1.9191713065549036,13.956070813754843,21.258918422598256
0.672013207981492,0.8386956925861052,1974.2752255534201,20.47727000529271,26.9339737611497,17.117613013139824,305.96472660983346,0.7545637364392561,0.0,16.584929386696547
0.2783911872975727,0.8113241918002432,375.2501066553043,18.449842414069735,18.3429549112941,9.591048205842979,194.95721810997946,0.2847597193729876,5.693750133894103,6.711785225313786
0.4303384825268684,0.6875245010664275,485.3862956236707,32.06696388371358,22.076571682541736,7.0809388450218425,140.93545669277344,0.0,8.936856061233023,12.61678686022048
0.5032125507100328,0.9328240766407241,268.74231249965624,17.506421165631235,24.36377160263966,12.939375709349449,248.25588210356204,1.163163829449129,7.913669360695527,10.319592913832931
0.21379140367234234,0.7243772144714005,679.2629292202793,28.97256344135726,17.80447678975587,8.36419940855545,169.5831285253206,1.753161207263426,4.159016298050375,15.819419942360499
0.41571450756669814,0.5097553764482465,318.9631825728079,50.21045096594076,24.439766033760723,14.672236808760175,273.55065128342267,1.2547773075197832,11.671306838243297,11.393101008530662
0.26831549105238206,0.8172724822621782,504.50541688705255,21.54940038527616,17.732843967916818,8.596790609185526,185.4250466845035,0.0,10.983605767941613,8.04163917775541
0.09364855970384676,0.7458250645592678,1722.9129800426429,22.869516094056124,12.340122292965772,11.303858700530482,216.88648121162416,1.4647477927046912,2.489701051678802,15.484531562284129
0.6717397115953564,0.9270911900320767,1016.0522280341497,9.874122002925894,25.422033656883492,17.008685766199,322.4628276103632,3.0068405366658206,16.022502014204704,19.803906693498018
0.4989852507395973,0.8117288793723288,1251.7384519908899,15.663245309662571,19.713375671438698,12.176492397636105,223.64985562214721,1.196291611082401,5.67208459676139,10.796606158189132
0.14823318232628052,0.7627756481176978,1908.823291709286,23.836749469046783,15.641191065498116,13.943887879216023,264.3399615179082,0.963365120708842,13.520472788866357,11.35758358205672
0.21766218772650472,0.8011058782702163,1750.6389494687521,27.99104433559976,17.07305636000437,14.638759116569286,271.9992264977633,3.1892381541907264,21.220890735940603,14.356578364819136
0.09373080689601695,0.7673984877983486,1148.0344423938357,15.730900326158386,10.485094614326691,7.491160022206517,162.83149919157592,0.12274247843163305,2.776473120338373,8.486988261543265
0.16525665983599488,0.7157002149602641,1385.4669355118183,28.287743119299265,14.250217401034737,9.67022449961622,199.90080673289813,1.6351683075231174,16.1913925260928,17.937818069051126
0.29085867416607486,0.8747203924509162,632.6274895402532,13.366161262162194,17.332450027336535,11.163595251145676,217.29761367450772,0.0,12.565997316068804,11.105798066706665
0.3598041219586596,0.5629849615247452,792.0232891929456,52.51035440002953,16.49697067425016,9.558983031049848,188.37998027860348,0.6889041820519972,10.221418282661674,12.160003982947288
0.45356099126817456,0.9573250261520952,832.0929563791906,14.211370558874915,19.903023171616425,11.175434898680308,209.33243097869695,0.745561979218209,6.948243702785698,9.17390134531408
0.21667609104974758,0.6936218436224818,922.8333053764292,35.55858131084536,17.905594473580543,11.475483113609817,214.09714921455213,0.3948206622104431,7.0885026207431086,9.81218586403101
0.37179538075796226,0.6623437157986161,221.11035796133112,37.5816403673514,21.333423021085505,11.041046279509759,205.34351854408862,0.02765510650639902,0.6868464393817213,11.270904136751962
0.28379653769711005,0.6072847618853389,701.5517510588355,46.62188987493688,15.247924256628895,9.187774323401353,197.65350519291536,1.081039749197385,13.02691721383482,14.517003425434819
0.19290677019364805,0.8934269077714306,628.6885792111798,6.110483873573271,11.07909411788865,8.568665869436247,185.18796579296932,0.0,4.465722575954498,4.469288236944327
0.12390331822048128,0.6209093894578057,1071.895434455764,38.095683246378066,15.34848967107973,11.862387069831351,232.12899734323324,1.4392878968751224,16.480022054503966,12.118597441807907
0.3143514705583558,0.7118705139451093,750.6164764133517,37.64670002428746,14.664873833457857,10.580411656354388,208.0314633472373,1.0415519361740406,11.781171727461052,13.620616452465397
0.0928233188724698,0.8277020322861135,2827.850834015497,28.481582495687682,10.532891271520779,16.470687505609188,288.3356195640624,2.5070242364853175,16.140226917215664,14.384339335709505
0.1482885931890344,0.9544981679588312,866.9961225910877,10.876047309169799,16.247220917308958,7.209320307456606,153.72971394424437,0.0,11.448869762567021,7.752380698041244
0.3077340597653248,0.779023055669611,1356.220466892105,22.590248331105542,20.099520854359753,13.588135218905967,264.42113791674683,1.7130809173965365,8.318933171496369,15.263086357566563
0.027901189946630284,0.5445780810598304,91.60791137726942,38.651786851756505,10.941826405051675,4.598266891842418,122.23503456485524,0.0,0.0,10.903553028462337
0.2024826782111359,0.7535909603826407,1150.5615658569532,26.3269966584628,14.709619732643246,12.820008562422766,237.57253344567633,2.3216363164114497,0.0,20.844895542609528
0.1846335017216818,0.7339740713400354,70.83697508118571,31.879573824297264,14.821328067102588,8.728850621397296,181.72889198084638,0.6658763551097405,0.0,11.62445791243107
0.13171786367437074,0.7842970550858813,294.95136864763157,25.34807856575215,13.448522482808038,6.257522183953804,151.4117405830817,0.0,3.6759267889838227,11.322404812313785
0.6161629167850984,0.9007526752019399,2411.179223007229,17.982889160934256,27.117975439914282,19.623338786108963,341.10649086701994,2.4320953742708187,14.284401515531062,19.174360470239538
0.39190608173887326,0.8921067692465823,682.4200698464573,17.922191751012285,22.371510967506453,13.558836275232768,257.9707591760465,0.4073981270025492,8.97331588087883,8.597394476812129
0.3326360786437815,0.7256621972456031,1563.595530496845,28.613771554963623,19.84389513030158,13.579555300335388,262.2372951429236,0.6560153369982419,13.995009054145429,9.515334372305809
0.49506368848875815,0.40761772542538915,1501.826148473755,57.780688768169185,20.303201325597243,16.20326669185437,290.6404993863577,2.6157645255078323,14.826373519515192,19.902037048211564
0.3668754035230655,0.5172524891305864,534.569513085887,36.184324426774225,19.96576780331012,11.462637835164132,228.8758396219981,2.740929144371302,22.88688180437639,16.72233185571896
0.07566367858776454,0.6439142008335231,1652.4824892636254,34.387479295976554,12.737522729829951,13.254364001807403,259.0271183251709,0.1155098850215468,7.406803454945546,9.951528393507166
0.10542907724656027,0.6733391943674715,796.3597095572404,29.287782254268627,14.827489809522572,9.222081025370263,174.51971597177763,2.5101450057788726,13.502863064408688,24.485781655291525
0.3273563674717099,0.8659383352275865,227.06527949571716,11.554004513696068,13.288361542325347,7.7773696612771435,171.23318022930331,0.0,1.8849239111317289,3.7281938610555567
0.5586743607866772,0.5828237956493864,863.8107832125569,44.042375930465866,24.51807550713131,13.295436821200042,251.60965660649265,1.4994415401611216,14.929590008427667,6.566116233964099
0.41417401580758123,0.40157269711181126,1283.0105407307296,61.34162122376813,23.51980596765456,17.905090849116192,311.25529268104276,2.084822885015436,6.578061506231866,16.627405926328592
0.2930619071651964,0.835549559769101,483.7290534673541,24.491936903184346,17.787206805124267,9.906942474322932,192.58238680905652,1.4829747414064807,11.745620714757145,13.204169439842351
0.5758765003321646,0.5487686881557025,1872.6763966799135,40.577721881972245,26.992095551756556,20.245558276081656,359.49594135341823,1.785137012398875,12.311502608906741,16.95887809417727
0.1943141595648868,0.7948822470421266,1223.364396942065,22.09213865313696,16.097716034065858,9.209604903817791,179.5106176844743,1.4146006747796616,25.665520178510132,11.866436933594326
0.40223819835946945,0.8757342992234511,1894.1471605530091,12.637125189688176,19.87623606418636,14.477558366993492,269.67203669068,1.7175563620861731,22.172458252418025,19.260952187307005
0.5191640300074971,0.717517114362756,189.16976607351054,31.714561266719375,26.112119168157754,11.391974807878077,227.1183503084013,0.0,5.773917638273366,13.635971524258736
0.23971542362660814,0.7087779243071874,2706.3843255322004,42.75942769318276,19.18417607313035,18.453680262151202,318.0928321083768,1.7212071221278424,2.9074966214755147,13.824938214578967
0.06167972553593565,0.7190501594405121,926.8429968778016,22.955227864336578,13.41311521445472,8.20249838591903,159.58509075337184,3.351883544861833,15.857761129480838,20.74705575668888
0.07945599368040959,0.6833248974094387,293.87910787577397,31.756541500795183,13.804693734157482,6.330546828215688,140.92255719308156,0.8708006881946361,7.821027176835539,4.633416901613798
0.236352632850558,0.6666697470615447,1009.6132914147194,38.33208778495074,14.2931136150241,12.485096317847443,245.9687591657541,0.8625307860518275,8.384663684666249,14.895478566588695
0.47447251447713057,0.748677969978483,1042.0091504626814,36.00014924767351,20.48888760419774,13.84501375939257,258.1537834616123,0.42927031522739,10.918109954417911,12.520708086843062
0.07443890329700045,0.7809195133440455,965.3611297102742,26.75700566222327,9.157115516116635,7.493465060632262,154.90909642960725,0.6977129530197217,0.0,15.849809403667239
0.15967910032776012,0.9566515554102558,988.0648104317856,6.804462484427707,12.40451077293787,7.815718799061861,179.14927324679724,0.3911240057438421,2.697550415854438,12.630999509876073
0.05162951507823234,0.9253010343807034,2071.8358322786407,12.838691374090326,12.241886969803852,12.00633871373023,208.34977258124084,1.720816126023354,5.084765927706769,12.862596340672768
0.35042306683825986,0.7958361412122181,318.42661166172974,31.03229859452724,16.644307507632433,11.499132096630177,231.51822008890719,2.8469922922355266,4.955994853751868,20.756488524883515
0.15237001972687633,0.4781818208312783,1042.1523063154098,46.36923207792017,13.213244231862504,9.049135338984835,181.10796566745492,2.5560403868930672,18.89007305627608,13.730754913119048
0.42945664894467483,0.9475307053080892,961.6813376637416,11.548433970795614,21.548045625921844,12.418459722943446,244.94558346096326,1.9692130648959723,16.31088963011738,12.269668546052788
0.5598872515711983,0.4268721709761075,2700.247907156726,60.65306271252733,23.964749754227636,22.65931632055611,384.6091913325246,2.6885498187438803,25.83794759813864,17.78671937645811
0.05141632765467752,0.7911942055597883,1659.8146471711289,13.398054183173867,13.675597515029295,9.456893884212981,196.23125744203256,2.401228142384807,5.707173031836325,20.565287178108512
0.25814376253611027,0.7212109454115225,49.4677648322799,29.116389157210374,18.607058481308343,7.347669111317501,153.62185641438717,1.1306862082229392,5.977106414995829,11.692323001215009
0.506447402355155,0.5490070896079221,506.83197511906496,47.59238204401412,25.121142954131745,13.61661915938328,262.79121604676715,2.6281681930728578,22.64245848591657,18.454868897848
0.104082681074298,0.8624206294060922,1120.1626203472642,20.774462824613263,9.571552866388073,9.920580093675808,200.79779276827352,0.0,1.267413524753715,11.813291189483943
0.05865500270234869,0.9355044948104879,223.47033204180576,13.752992472915757,16.30661532568125,4.290583131234968,129.0844219160749,0.10692354406367599,0.0,11.406434642567747
0.19822156358602946,0.7399573899746464,1601.109429723214,28.71599246556969,14.325495107230836,11.513608195791516,212.81925482430157,1.6586138877733978,5.248269262596699,11.562646968278253
0.26363885461711073,0.8211305425055393,1220.9762513547062,21.982632118038126,19.825299775960076,13.21610155463241,225.03573866901723,0.04676509726346589,0.0,14.37571804257918
0.41506007694600955,0.9885035867276424,1902.7051715892833,4.3801289477438665,21.021628414845328,18.45783185629655,340.36729107591594,1.5312336929989758,13.914103433314757,11.321603153071425
0.12698919526097543,0.367704138080883,268.2074503087803,58.648334096089165,13.284864751641202,7.322887326302025,170.81244481709751,0.54977965204539,0.0,11.376574524842889
0.18391308845026996,0.7818406680818408,1053.957895236687,27.60470088372351,12.761793002460582,9.528783176630332,199.4128763176167,0.8576756307322561,14.751574712130214,12.687581330737116
0.7284203191326037,0.5617508913723641,1130.3223467343707,40.45764632968981,25.07564492250146,15.186904642837321,259.63867111217235,2.348039047345467,6.406109540664503,6.843198171127549
0.2445599395801485,0.8077881414903139,889.8871805858107,14.473287141208113,13.863906258858826,9.703117134888327,197.01100902332593,0.0,1.543559067152077,12.753291913060242
0.27506758098680284,0.8625508817646824,997.2511482843893,11.935180478290647,15.545745107862484,10.268879959082607,194.02303900986874,1.403895113847227,12.574704206257735,18.505845766719787
0.15168088227879023,0.9015758699440446,752.7356138298808,11.100676486935427,14.635108611246766,10.97285482798165,216.3218350816463,2.470640652680842,8.266531227180296,16.587088387735182
0.45640880558211766,0.6775370902462617,2436.8498552069796,37.284735380501175,18.881095254670363,18.493571421517405,327.50815625900896,1.7731968624841272,6.981512612147475,13.09869222346827
0.21535535822371635,0.8267479357008019,1255.7428398414152,20.552424993097453,15.998566826263385,11.91513112752607,225.79096685966397,2.434699445613944,17.696176646775356,18.544665553790406
0.27722125053492913,0.8569696194105237,1746.536324637856,29.826863329519863,19.708007926626372,12.569881295390307,234.0573858432237,1.6407502456752054,9.54005342736905,14.379301890091078
0.34755661505887464,0.9460899175349033,1142.3001904932569,6.239492660792024,23.322937210502737,12.565795132307064,256.65281927539155,1.4216981495991559,9.826768685519575,11.509464699384779
0.15085633736006415,0.8829481502481754,1361.2822522751385,14.192976856763867,13.068368577573617,13.2649372942984,254.6828640146124,1.733974885988998,13.088772299011886,16.194946984016497
0.46127868122934484,0.6151486738206983,1215.9886582983659,26.801365427501484,20.206243110801857,13.324297010850268,248.3037658693874,1.98673745005756,14.581202062422982,22.447446729324625
0.09648434935010254,0.5398473665449147,783.9622078660184,54.7786235137962,15.701824140779413,9.052951588004287,192.74821564467447,0.3510135393485658,5.546895440081185,7.174610046479667
0.05382064015177291,0.9494432303534021,1350.2491632025137,7.835443704402476,15.713791156768881,7.565131370370111,173.8512049145493,0.0,7.479121249927617,10.923096538557783
0.4040816246323789,0.8476446990193894,720.869943114703,16.150215506851918,22.189189758614646,10.41617655383431,205.4948135749196,1.6267844646801888,8.670478872699732,9.735813929739528
0.6739073714272863,0.8252864793170201,546.6304962908872,13.246465655126649,28.404045888343347,13.188038989223616,236.43815434725278,2.8096945265999085,17.833029114526,15.348461948020564
0.40837025110457714,0.8882538810308402,1480.1007125027145,26.15537788994076,22.05714224932046,14.958174091293209,270.31378672103335,2.843940914348742,13.833243841612758,14.656801082275678
0.46818642182127146,0.8947767019009946,787.0999153650665,13.955179315071488,21.736829960018945,11.440075023909012,227.30697407874422,0.8474803631041998,5.4698610379094745,17.033518486113458
0.3503068526695434,0.7416511398962934,685.419509504834,26.855143076780884,17.321519278745633,10.372429754099587,205.0980712359942,1.6343115121835066,9.837502848295212,16.71861276818985
0.46736892565504,0.4538910294950396,399.8902579922969,51.06957070381971,21.90243246558969,10.86596334194059,210.07950559161895,0.8480032371195207,16.31803778871422,13.412581437868798
0.5838796918199356,0.5172218489677007,3546.8029926535037,45.403887583847855,24.21963352204878,25.124483491249663,427.6782120744605,2.634546322414886,16.880484232852897,17.772621584958287
0.2044128409956477,0.6410631074509229,757.0764440286813,39.65970533237369,15.360304649235285,9.949873106089697,185.64933547718104,3.208303292955082,11.226718390303272,15.966737665444573
0.45512661504814217,0.8663481157099231,1205.0851039431946,16.80982849324073,23.58533317616125,16.10525875896909,296.80604612528117,0.960593358451957,7.3390013171262325,9.720021784006569
0.40871663377858614,0.7543540305376643,89.42154380201585,29.15303987200097,21.273041819518667,6.692871194260863,154.69980604542707,0.0,3.286193768737112,7.48377155559514
0.29745463681586654,0.6857729391333973,1115.681565151961,35.09068297636926,16.86871230491566,10.746945061878419,207.84785235296545,0.0,14.963363262052244,9.706188018015844
0.3754780341665688,0.6125621020871099,633.2863602689341,33.82462573328509,21.733490480991378,11.597648952142977,215.67657026923467,0.5929503171090419,7.726603880924009,5.92061586612734
0.17665715334056467,0.48391141604357646,1724.158466413223,52.46096161091684,16.394930605866463,14.978584623563547,280.5263284204846,3.1982851415828453,21.124982413265677,19.7334163594344
0.34566775703297187,0.8174979370611808,746.2426538053527,20.26292403228147,18.83614544843562,11.725479515121481,243.1462106959036,2.030883142242317,11.44145033353626,18.666093461923726
0.09705159242432387,0.6998110763396125,523.3964670421468,31.66835286108356,11.032287234262995,7.939959467847387,163.49894054221937,0.0,4.839598799952236,9.448985730971238
0.4879916248230718,0.824519319712197,917.3543603685821,28.071237271736237,17.99346775899065,12.96399256737608,240.3704582529071,1.6397210340658734,15.638786569959326,17.882014834668425
0.19615333968600676,0.665605512282906,1306.05135455451,29.379987464370096,16.05652707123622,11.811900068936149,200.17364168013694,2.5739968684955965,16.753778247128626,16.29703996258995
0.2414386667239033,0.600932248184371,1029.645516853527,36.844267119946196,18.1475088817814,12.276272652141559,250.60999421710514,0.0,14.867191667068704,10.170966272768087
0.2808734714243237,0.8061679388215431,180.8270210299762,19.715091526690195,13.667426776310428,9.412267644009194,201.06254504939434,0.5081248862775384,4.691199036096623,7.424252164157969
0.1559228363319922,0.7750643842349715,278.6753448026345,27.23456249740364,15.2563549649594,9.410485689108928,191.7316384748578,0.22620887127417444,1.9079326932965115,13.783770497978622
0.04801561817477034,0.6936266128368125,1366.3942649254889,35.65172410000691,13.167662176345747,12.129666542048522,233.4858480838646,1.0627608676601565,7.587896989703339,10.823906999839686
0.5141294795092155,0.8105957588864764,137.99703709464868,18.062016338797616,21.097553901763924,5.832882479630803,140.52353194869795,1.6654750303944306,10.146891914502964,18.88183308447844
0.364352759278163,0.8093717054855458,303.3496479123299,24.968307422224832,18.991016205682065,10.802971235960296,204.25458103792764,1.3587739156922218,8.147588228809665,14.183801462513747
0.11147053691481253,0.5345535261871776,475.4713584855924,49.150599980079086,16.826422128161596,9.929929498564999,206.18355564495383,2.054540674810407,10.83061278715468,15.900636267266115
0.23842949588542098,0.7754197044076185,1035.9892604344689,16.52444644881538,16.05770297571939,11.298111780164131,200.13674187641342,1.8588734186412201,19.356079363570107,16.88391928990961
0.16927028073413483,0.8701570446026053,791.4775800252214,13.87109964629936,16.530061498769914,7.595833005037305,162.56472961167532,0.0,0.0,14.670034766491643
0.37132730275347525,0.46983132110724135,2504.6874422849455,55.744921237795545,17.477129802300027,20.179037754658125,363.01244577963155,1.7463880748208134,21.023283757243597,16.932531614647626
0.3870130756195508,0.7324734305692917,1926.6562569144305,33.05963293677286,19.710988229802613,14.377102686163894,270.85212603924373,0.5172718332871147,0.0,7.0361361081149925
0.11778833758801358,0.8034326796792145,435.97573532165035,23.23736163357649,12.152828176975985,6.320496942625714,139.26804559501386,0.0,3.7844863136058633,5.37037804775519
0.10594551173686635,0.936481118889799,614.8941963996818,15.778676787898954,12.663900962114049,7.055234650236171,169.43590993578295,0.2123708390776175,10.327896960849003,8.242653472240372
0.1175918153610271,0.400867384113092,630.601578471806,55.533953142118264,13.630979118096384,9.861201577167435,196.42235856835546,0.0,6.01568340064224,8.20703120169545
0.20473641193467595,0.9461772364734358,797.52494304182,10.984105974208363,16.250530179884628,7.057710731699263,154.65807948991915,0.0,0.0,12.621666810010353
0.07423343832670813,0.6676405100886056,740.4749140466247,44.75997699521494,9.33301006065258,9.491479005446477,190.6990751060942,1.1323070023016308,7.595490840838769,11.084140492458507
0.4776113917288326,0.6678739996494639,732.5241146512202,36.99929473582665,20.063352284892797,12.946796473157466,230.99924685866085,2.1444035354807554,13.84757034008086,18.218484093766882
0.14755350871108214,0.8124651209507187,1253.381716944348,24.049274153152368,15.521547013226227,11.707979756330495,226.22130309580524,0.3087138916664206,8.043444210998496,11.253224048677744
0.05339975194617796,0.7617616475739917,392.60820096388215,27.115641433279247,12.279490934547388,5.404004824916209,134.07246267307377,0.0,9.011358164943177,14.384654997781643
0.19510715940009474,0.8387829324491574,1468.5253111422094,18.819829062757265,11.246782249956935,14.118602977623937,268.78545009590005,1.7422154527729332,5.7960696940389855,15.983290081238707
0.15499681165548504,0.742878632475742,560.5546184671708,21.355396183687546,12.014154255103591,8.908962963482844,179.21681557889914,0.0,7.489136477606884,11.644194918447674
0.24225435064004278,0.663394173754501,391.3466012162953,33.29820722842734,16.442892628922923,7.664623140559282,161.32370476367612,0.43354144104127784,9.881668785343756,11.940621997910347
0.011590112771714822,0.8221132328353874,988.7997865421405,15.351764209664996,11.594010521137925,6.338127329290639,143.77423836348186,1.390120431460938,2.6226868728665176,11.230490436557908
0.14049154872651673,0.8739672327489585,678.029817563975,20.896109861176907,15.718693991895488,5.730802485774442,135.9284786251328,0.0,5.485341323774075,10.216041981525121
0.5333245849625474,0.42439973654523305,815.7320906103465,53.28723167890709,21.520407380650674,15.96810341996537,294.3830158448734,2.450690098301859,18.360838180212774,19.95318464268739
0.5409318821239029,0.8230233266470215,447.1351626102868,18.068422731963093,23.972462719424215,10.065165498198596,209.58328623359284,2.3896628724995437,13.618983340234731,16.550832857208263
0.42679575634669614,0.9792562095932055,354.3081980649978,0.6821321592695959,23.504599742204725,8.27649317498536,170.62328405199594,1.5027857473161839,6.894493388798583,14.534657191583406
0.6860755478477796,0.9427444969341154,3319.133697290523,14.994527221877517,27.29782808680629,25.44365321893492,420.03017399442,4.845356638043285,25.301502369354438,20.82815803467063
0.3609464833312494,0.7246956449378728,1000.2271415020456,25.33469786631677,14.802994438412448,11.270281182212969,215.29213376291904,0.0,11.494734274922841,6.857091298798211
0.3619306087588577,0.8101089747707975,50.476794579621085,21.936633021546232,18.990665049728268,9.680298068380974,205.92530692518358,0.25955778786348443,1.0441437713573318,12.095299045716985
0.22970028541779802,0.6478658794261057,1026.1925228330265,34.49832624906308,19.07689552585893,11.228252910654652,209.29823392658258,1.3665109544276102,17.02233611345936,11.951970000189664
0.3077504760977731,0.7555675716971165,1080.5161241582607,19.586963127635414,18.28549413606293,12.506545023507943,240.9780217672266,0.1394646886982731,5.028434785032327,11.019849974381723
0.21908963645905496,0.27427312873112386,1187.2983772857892,77.21512292498603,17.016981738842908,13.824305189154641,250.05225169893367,0.0,0.0,9.702406604774655
0.45878703119561925,0.7042761369217927,3052.7450227222434,25.886106872706936,21.636670845837383,22.631133263207563,381.89532204415747,1.7865989568004474,6.256703643458604,16.139486638583175
0.29055229727020704,0.6106031304915086,825.3434092349327,41.95286105974667,19.273041679798226,15.744781818319865,290.6671550415752,0.8974096694856339,20.08974320399644,13.962218288260244
0.17669396577082178,0.5154541636463835,1328.2212269014124,45.680282626286534,13.503772527726325,13.77962547551869,250.9098361534813,1.3888080433666241,8.339741286655588,10.300411699130017
0.013741635599906175,0.8876683777734767,484.661146302415,15.66975222693688,6.214426044060653,5.383008353637017,131.63929950402596,0.0,7.42049953897735,11.22690753840227
0.3295232480491939,0.8075124898433725,228.96074291800278,32.67387227646019,18.12559229530203,8.111679792944411,160.43443668028,0.0,18.17196327778034,13.55666908170242
0.16293120974282072,0.6496897499092172,2573.6439763260537,32.98291483920082,10.906656053709714,16.178933899380564,314.6205079165633,0.0,9.792194575402906,10.161178950928552
0.34831769081618036,0.5000639325733014,941.9520071558917,46.866387149648936,21.408511799946666,12.269577327106637,236.21147877350901,1.6682986272880147,7.559996521812371,10.970907045390144
0.6306747975649005,0.5114265838271732,1927.385148709013,46.98277642598177,21.743461126918405,21.74276812465259,363.4300494308331,4.7484186188440365,27.4964729685875,20.378265300803438
0.046846847844585905,0.9866861569078177,394.26137210537524,8.995323009173664,12.475442162065594,3.0472393708233447,105.42017665119295,0.0,0.3388657084181199,10.691482929855392
0.14503111883341682,0.7238628319605803,678.4280188809255,22.37197505219637,14.518338118740877,9.252787300775397,185.91871613378024,0.5317726550372941,4.99870299065925,5.976896157620338
0.31022248393297086,0.7506641110760408,2119.236661686131,32.61299064801551,22.200856873844423,16.04313342479361,312.5147670499288,0.29668872893581355,1.4860290788142798,9.063276420270764
0.7753483122823552,0.7162255150923024,625.7498232604656,30.28649330058975,28.748735533045714,14.676108490054935,271.46300332943684,0.0,12.015755410827147,9.107988072088325
0.4985495415307455,0.7198964441785133,753.3140533638303,26.485256626633582,21.438815787405655,14.405222574778087,269.81113525060067,1.2265631565999293,8.19864736885043,16.747801431594056
0.21603587134479754,0.6841540112626007,764.4391287962709,39.12490672288208,15.317661624648924,10.863026303527317,209.08620980821667,3.8283472263056155,13.971373127459144,17.915555306501144
0.495453030505856,0.8863053340200456,938.1567089704131,11.688130214881209,21.086829533352226,14.393514543983787,266.58142282149004,0.45812839809763295,17.67827648417387,10.501055388009384
0.1623941593368277,0.80021944149967,123.15285954625928,20.729013711983782,9.7721791498188,5.613758536473699,132.78291228986004,0.02838232164943222,16.001283989765057,8.897114825377967
0.08227756234641383,0.7560346920050574,1298.494766040123,31.886091897144386,13.251012462254895,8.451366230396955,166.52910165385893,0.2981952567381374,5.023981016069474,6.822214896582586
0.0333828347245508,0.7478058514651288,781.8158968545678,26.7676013919328,14.05725396018213,7.7448479191324395,177.40140261351848,0.38217351098043173,15.080532552362397,14.698424045221248
0.16542306667664217,0.6440339263559511,373.2256696674214,34.219970468455905,13.83016447669212,4.998383543669075,124.47979161331928,1.715537856903666,14.247513823780826,15.098689442862469
0.25326960681751964,0.8098015515173534,641.515075551269,11.747479798974421,15.538377471474561,8.631216212591657,187.66697979294136,1.2018059111401829,10.372963264495848,12.521724925264998
0.3562183502125261,0.8641279562828381,327.7623769574049,15.37125028653469,18.180423170909243,8.324886784650774,164.47656853904124,0.7712845796423529,1.5813182035974034,12.696246735977331
0.08304404637581661,0.8040528049954782,578.2397956803952,22.5001901133786,12.988116113420636,7.318466720617801,156.95464541111525,0.5235681991302223,1.861300815466687,8.062214959909738
0.10262282410999703,0.8263817412936105,840.1441307664417,15.765789923026112,9.250155030261348,7.700640257656499,175.18134109763065,0.0,0.0,5.946474505676951
0.46791610075196627,0.47555690229668407,68.90957629500474,57.780417522737686,21.360924953905798,12.277212518359061,241.52905497322195,0.0,4.110057418341563,6.4735394306090095
0.10918159667875751,0.6238759781871939,918.7612861256922,37.33758012052085,11.246208059192417,7.908517893196215,146.99316138148671,1.0203996298878102,15.99672014715529,4.517024575719573
0.2531457182063914,0.6282140939140635,87.83092020481955,36.94008125779802,16.548390667150464,4.059713233021416,114.84594181227041,0.2691911348597742,0.0,9.401755759870756
0.5410898179700044,0.7587380640568966,715.3541180247311,31.32701896505162,27.089757090920656,14.166210176359696,277.4501110942951,2.723683548474013,14.1607843993193,14.010625552314014
0.14771866862656047,0.5368378613547351,1174.867757574323,47.711089374779505,13.344597182341051,11.561270508371605,205.24773856452586,1.8173874217311676,8.121279511967373,12.58649635305673
0.0968578870014256,0.6489189846508633,1206.8149206062874,41.41948452645782,15.248873022413214,9.219156266641646,168.54570302459763,0.0,8.849968433211739,9.848170119481583
0.3995934127215599,0.6485852289811812,313.8347859595681,29.685017352787337,19.98275171479868,8.754715926833542,185.67978994464414,0.0,6.0091590371146975,9.921847490218264
0.35093547731741376,0.8758244684681117,2038.146877702886,15.700617222007262,14.886856687603409,15.083477700399825,255.86594895597824,2.914860880220481,18.938023528378455,14.038054159267437
0.2602062947810112,0.8557282795971605,1294.2741887842824,19.973640512016196,13.255980053793326,12.11543877767596,245.06442797366327,0.2744562567943195,0.878364174424207,8.411830518266553
0.3987649024206216,0.6532441121714422,636.8454082513749,37.613057762934965,18.990340986901074,12.201596335723702,218.45596815018723,0.6525260832688862,5.672971609049354,11.837952111200865
0.24840104814388858,0.9303385347421887,1293.3906474532841,13.596649853221063,15.549328058212055,10.43711798252146,215.72292707218648,2.0459722841978323,7.823601019925865,10.690624297754482
0.562741672675576,0.8637829436559306,447.4127850631688,26.10821939036366,26.404888739752632,13.333044872396336,255.69973857042064,1.164946474366378,6.01036116156307,14.435073366327813
0.5589974247092283,0.8535630251462663,630.124204514901,16.605203633470502,25.786479992068653,11.6915943899124,219.46560022540228,2.457960518425591,8.973273306139104,13.666383360829917
0.1834996076989506,0.8066095061256684,583.5148078636184,20.007483545036713,12.333838617477635,7.239356830120418,175.27440036579287,0.06910188310834924,3.4672526895124003,8.843238563433545
0.22338528762360765,0.5387734271472127,1762.3874426682682,50.065647969461544,15.302723452547975,15.373069715328318,280.01178215353843,2.037110766215737,27.39846580907275,13.838524254502309
0.278118969343362,0.55874666634955,1140.4931751357137,42.0227308713316,15.446939157054576,10.359633157323712,208.84055386304337,1.7561232436785508,14.492721728924636,15.700017451402221
0.3526292267683673,0.7534527573159178,1836.0280463027682,26.776458027195932,20.11922222364163,15.929753909514185,287.1299165833951,1.634005684932423,5.623917213931117,15.842415226052037
0.09507079219352536,0.545878893092266,706.9446709742195,37.55315993836838,11.63535027730564,9.744052713710088,189.99383280063637,2.4586671047797712,12.015011830508943,17.818701248348162
0.16346554657008108,0.8802959088439606,807.4683983725942,16.97273678434167,15.73073824300007,6.234524849781607,127.43730801614055,1.4481994688904063,1.2711195361774692,11.928750806027683
0.18350055366957269,0.383632313133584,851.0544161136618,69.31012116987426,14.544526522886306,14.268962606340232,268.0064037724648,3.109141342060025,19.572466340319217,20.10212398748396
0.36974614470855915,0.658648500733171,669.3017097513017,25.611068611865285,18.720827103521387,11.278078530038647,221.4085000123222,2.4734263603297846,17.877846844244278,12.919752164336465
0.2314861847430909,0.630850748061907,1539.0276431615048,36.24124408082002,16.720892455107546,13.003178728124597,232.59864026220617,0.8207685111495842,8.363422137715222,15.838954580143444
0.08741916949520127,0.6499407938192987,486.9447204420382,38.36319066599081,8.274634818065199,5.090980549627277,126.48091605426988,0.35584166494964364,6.935708962564823,11.433973683507515
0.5234548024439737,0.5837656231543525,1018.803365830882,36.92303909197012,22.219645006594533,13.97182053423665,247.1596063814221,2.3649307161090345,9.558150218452974,13.916046670508187
0.1579189675519585,0.953405774753026,1379.0514567988007,15.879480304659019,15.49346388065394,10.315759045264741,186.44341334561602,2.866422333150463,15.834252472627814,18.339149638136846
0.4495356561033186,0.8421175973057468,2258.529250730142,21.623112633840734,23.419083479097424,15.31103899832711,273.737593823831,1.7775186838676924,13.952881915455942,16.848599999458266
0.0555232368932628,0.8183792828058345,725.9533665982353,19.539847526442713,10.586516424091812,8.273891599846502,178.8481428904409,0.7809799483757761,17.029036067142286,14.922862102396827
0.33710711056755166,0.9327870886185692,690.6081281146863,6.668920959706128,16.902668390405303,11.869394539201618,230.85449987302894,2.163540591217027,22.083306136746046,11.880730991612296
0.126813181042155,0.30920217767151154,486.9419833645258,70.01396991809702,15.657694488229296,11.94578702726785,228.46258870919524,1.4889634069049316,16.704503900525154,7.712577894480555
0.2709353836380561,0.9290092554362571,1402.4694672672376,11.31723057052855,17.019589256993576,13.182810418215016,238.3226734174403,1.8919978980369074,9.5982223934564,11.429476184778757
0.049986405074982664,0.8812317592595249,1223.5092733237282,13.34645959347722,8.515578924440934,9.200091246614315,179.9916899208256,1.9296395500076158,15.624533384724343,14.125785862208742
0.29025872727116614,0.49151870406515247,3014.589969303633,47.63489671882888,14.44436770316234,19.983449851142424,338.0677842491174,4.550370257683113,25.557192863648748,22.106220450293844
0.09364488360300714,0.7435864165294075,1422.1990293110396,29.145743142002527,11.191481938869906,8.920551304660604,180.2550725192972,2.226429753647423,18.272503015293672,16.32848246995473
0.11933177296200266,0.6203898786369583,371.4672588366435,42.40861632092472,14.423139716647448,9.976895510390058,199.9963669583671,0.8484359545082583,5.08438826931528,11.478926214806743
0.5962522216908076,0.6859458353225978,1537.5290133790702,31.002419015644882,24.39000063135865,14.557037890018915,275.5033767087917,1.2321208884259425,3.9119482104504097,10.22358866388886
0.24661057033008327,0.5554946090104643,1735.5620096186176,40.0603840652019,17.438213062357807,15.936109480481978,278.59477305642406,1.5529527584557532,13.674390497382047,14.263860677519455
0.3911137719893903,0.6697519505593624,1060.0738511351472,38.361821973051654,20.99796053300439,13.507306582819961,258.7612011236904,0.9905726986962649,5.818978691519362,7.176266821800545
0.19284697989758087,0.28654295489350684,301.16629334651583,62.009434580479564,8.202937558370031,9.29836974163707,193.87854462240497,0.8490630902101252,8.386445909449344,15.762955517944285
0.0869037766134653,0.4465750217949588,290.96460328153836,59.87534862570827,13.642371002064268,9.795631745506581,196.10285217648612,0.0,1.8704522565171744,7.25668575583388
0.1484821016138248,0.5093603268813838,220.21098609612392,52.09708915413777,15.768899623096155,6.217621069032484,136.83780283608917,1.1096346539015243,18.656766834385536,18.194669634564917
0.17663246880717426,0.7252205268071281,583.3004256069536,26.453729138502425,13.502884110172651,8.560163733272242,190.60699985202285,0.0,11.278713294953452,11.703501853664006
0.4004247932740104,0.672046634692478,233.77306151973892,41.876104087176,21.7384823749067,10.61412897325852,196.9029971535472,1.3593749064150882,6.410239749849522,14.077081951295007
0.2885283728237853,0.639908911153553,60.84735856101953,31.246395961286233,14.70322635619128,6.482093555908547,154.46008183046445,0.2736634747689925,8.402752815296676,15.018457653834254
0.1329781230775962,0.4260433943257978,1708.692889474891,56.16777306204065,14.022988851998061,12.305515894721493,236.33921835963775,1.3513100863863747,14.507381292653294,13.57189129450779
0.09984393726813338,0.41732664969469385,642.3473745755396,54.188850474595064,11.330404872851513,11.51638886058156,230.07970585362955,0.0,2.0970041901283105,12.782659649782882
0.4622490568485547,0.6752495499986577,415.7258938173562,29.224049524872314,20.837052409688837,10.832928647572833,216.71359493968083,1.9635771727893656,12.022398033673072,11.997319396558222
0.09461321117522171,0.6393822062653508,2350.1960242223404,31.264411303059635,11.367819283292736,15.531908612555974,286.19941046563724,2.4966329957390445,11.162600144135153,14.448498074614825
0.16664046549045125,0.830324265723976,1596.7981923462169,26.03383888641727,14.561332552190168,12.429454011323518,238.7793578233473,1.1062345245165304,13.813697125642914,13.092569763224295
0.014132806185724498,0.4323865328323735,382.98366128069335,54.989525220883216,10.195229904710825,8.31613077205588,173.57469392025047,0.8085450111882975,0.0,14.670912855843028
0.17124233572500414,0.5811887242088819,1045.6387862274769,41.4425854484613,15.764164312836169,9.722543624259137,190.2168247179042,1.5512560622000031,13.50219481504121,16.264644903756917
0.6075431392418222,0.8528550664928932,244.97831239352152,20.376041720429722,22.990591240313584,12.217070521807079,214.45088621363072,2.4448689468822744,17.42095818291981,18.030275794174834
0.060972442276304814,0.7826002150134672,420.41747757140604,19.78820983410271,10.779819792723814,5.459297257309483,113.5119507571128,1.2612776969957191,1.7106556166317386,13.82532465994477
0.13024115087917085,0.7535050720702053,403.8607597691797,28.28786955451772,14.332428070505316,10.389149034643962,203.39849966867448,1.5257079904507513,10.717440868862209,15.937255463757975
0.18234160354399373,0.6402287696474355,518.9733291967381,40.43542539851417,16.008082291917017,6.087758872755018,116.20302855607773,2.3488252390115028,15.276680399766025,14.988202490934556
0.4508158424209528,0.9081024196559021,2337.848467989392,12.910748715456306,21.909457011646303,19.846152489269308,351.1985034405925,1.1136022022251555,7.559646802716892,18.43084175948826
0.18141819355199298,0.8726008293454433,432.4932973358651,20.66763221802877,14.83408917420258,7.877947237960019,158.44699334605883,1.4854623002178222,11.178972217585951,9.59755682680067
0.2433575520509788,0.7746513610053957,1113.6401469529394,24.484641925731918,14.629061902264471,10.601781177142488,198.28554592813302,0.0,5.590022995332754,11.282526463133447
0.22768976575362943,0.9180013729682733,910.6355614979236,7.403389572857517,15.63134087633473,11.510697719985433,219.95484515555762,1.03623396532279,20.25396927842322,13.378858045477944
0.5206637769064163,0.8797436738725867,406.41882557608136,17.812038816441003,24.09185710926198,10.090432838757236,204.60208434453452,0.24387522324025745,7.428646749125285,9.866992309768328
0.492944203635796,0.9008810325697433,1868.565644649171,12.294682060921616,23.257226862236124,14.592380010187046,268.2063351545934,2.6171021292991017,11.327638002998643,13.131038009625183
0.34563972256449943,0.7515993107906553,1517.9123153201908,24.821912184494373,18.32975240487075,13.425461667458187,248.3545244765876,0.933359128425559,12.525542847225623,13.431133292632628
0.5391073372722657,0.5231009045800319,1189.830040782284,41.27869004313975,26.4527779863011,15.242153681851903,266.48781153261825,0.7339133926907704,16.871212929417005,10.719514989634646
0.3577143965151177,0.614260193399601,1295.4270084543305,49.08056737135719,18.362072151727006,13.801798904170722,253.09169371569695,3.2749795617889834,28.1236869143276,13.5508983619055
0.17476082534181067,0.8732428443887249,1462.9004767086294,5.556289083273125,15.177515085531166,9.774983601115373,201.52036829322935,1.5074509808492094,10.512078212217586,16.022613747014912
0.27406745512562536,0.8779638802877676,198.43877660459125,14.514587941257489,18.255233609776777,7.726446704444366,180.54769583604187,0.0,0.0,11.468390491885376
0.6066345342338009,0.8394183076049296,1064.011761019323,14.82115027647484,23.83052477170707,12.585786392601443,243.14740799305508,0.0,5.284907074195762,8.070677952257402
0.1489305829573539,0.5118406688679265,788.0458416691654,49.76509804723165,15.42391024899481,14.135909893985339,247.55295423150343,0.0,3.48679008177937,8.857545712753616
0.44412125848161416,0.8977897147474493,1441.1883062619422,16.15850569713314,20.55399511891984,12.414881621850729,242.5563925004716,2.0247977920922082,16.14584614837277,13.52570408438266
0.23872272363275734,0.7062638077911965,762.459402807301,25.029964634778338,16.28920965640637,8.596192764772699,182.0339848317563,1.4507691398603526,18.63662874666791,16.48873224777863
0.3428852029049732,0.7258796009143297,440.2426444897761,30.37244277406996,16.78290108500591,9.149752942028657,203.0920290215535,0.589134316337048,9.245823381447478,13.004033362869187
0.23803749867485158,0.480780993276103,629.3970988538332,49.643116334877575,18.29331034844584,14.767864192623346,269.824181364158,0.5269362237540358,2.9075528126032406,12.377996336442598
0.31310112621157854,0.858458641277141,287.6525218916044,21.04450749149855,22.72814177879059,9.742164317128982,197.48139749257862,0.0,3.906489552591159,8.864046960125297
0.41515198157014493,0.6167109428842115,1479.043561877838,33.42561794051413,22.128976537282274,13.485814369846329,256.9689735927065,1.3013789347154439,9.89774324410253,13.514254705184472
0.28748519321012345,0.9441410796335742,2652.8623163938355,7.142045122618207,20.987745685427676,19.213445980438358,334.6719017800702,1.8555625475358308,9.073745257701196,13.967136236846647
0.39418514700393303,0.6812718630635264,818.059749963541,27.488149388118075,18.775497710133454,11.213791650950927,198.8652180320801,0.0,0.15232842198610452,5.832996874583369
0.5493918804207312,0.7477127212681628,614.4920016423195,19.403536156375907,24.88337110670328,9.823605103024564,178.795603852965,4.662661783933125,27.24535876528953,21.51185434857323
0.4400247374518195,0.6532701854748593,135.74271238517207,38.55419685717194,20.609032608994966,12.160201263393665,242.98262903172792,0.0,6.327312726087633,8.679397923250736
0.1260051877943855,0.5197580845330185,1963.8482947114499,55.306515665681566,12.011759139227571,14.704067295756493,265.8018511972617,2.077590745737004,13.036737940002023,16.313755704826672
0.06009375201880515,0.7653246641527385,296.2957484154764,32.74334755309032,12.338547196500093,4.377613593239853,116.7334288846651,2.1025501743513617,12.94637714748399,14.321989765553335
0.09766955313738178,0.6040514403536243,2342.396340774326,41.71121570459816,13.412409772805962,18.572529581643714,325.0924050282095,2.2033583246287427,22.417759733277673,14.253404866508703
0.31400641623820935,0.461925474526779,1008.9987600601762,38.30373277111859,16.763407377770598,11.16753869206478,191.8121090565341,1.5409367328292618,7.6092203425965526,12.645972768654126
0.09080315057319882,0.8290550122791873,1070.4665336690975,12.753759944354753,12.59263380581431,9.377395198526226,197.70548440469238,0.45956558663262975,10.119195443233924,9.590093522032356
0.3505290297808901,0.880300465286653,838.5280238274765,15.05239026102739,18.965748602506785,11.430168237348138,223.95180105431564,0.011157661430230448,7.4842970884178985,8.926873984742958
0.22438466787747588,0.7718389551249277,789.6032268023794,26.280894321940348,21.18011804149651,11.649004562762677,222.1020389166405,2.2744563465698917,10.26807164556485,10.158467175041604
0.4498778207302009,0.5211643856383719,427.74323032473546,47.621429319684424,24.251420824925127,11.096071897002462,216.50336525292417,0.6232188051495283,0.0,13.637478224387193
0.3353255439625296,0.7424778268509482,449.9667057761741,29.110993544398355,16.714016943869776,9.078521489918462,194.50576126673852,0.13056848065929194,0.0,9.424249786376484
0.3595705061194724,0.78136216442024,1483.2303707900955,28.293666276385018,23.193572852474567,13.720373582092298,262.49724807519965,1.2395455392369559,6.506905393703688,14.29151720509524
0.4733965553737825,0.6080878181334719,1674.4235217608816,34.330569383416744,22.777685265099965,16.48742203325373,302.94370087504166,2.726748346426761,15.484617005110435,15.870941570890169
0.18079934612890397,0.9435630067037353,1781.3974584878988,11.283265751234707,10.18709221684244,10.597876456006365,207.98147880028333,0.9453279403120667,21.170219357341487,12.596760619306627
0.1507886288963013,0.6689645254801792,1305.3948822935836,32.834149386009486,13.233316481618496,9.43494917398661,204.79401624319334,0.40699061299841055,8.885268327070001,10.94932982482662
0.10382775832216622,0.8396127094427913,2270.053842164214,12.774609980923852,11.500418991925882,16.667065347440936,304.8151875734907,1.5464860870143515,2.469890833352565,9.227844501931951
0.0485087585761056,0.5016888142335035,720.9545278720658,56.98056534674956,11.11020189802846,9.614896765834997,189.07686036296178,3.030090312578002,19.403748217173995,16.581654832709674
0.6036685822539173,0.9721421312113327,659.6429019547633,14.130754088251054,23.536841899424562,15.229550551047176,287.0087214915724,0.1457379986942693,14.947929019751623,7.682940684486695
0.49494417625525966,0.5613645205782435,1064.7611815416628,41.42395011641773,20.16544631959114,14.029014943445112,261.32663888009364,0.8514181939543178,1.3134417315508085,17.774972924493838
0.13171659962073756,0.8635711088762165,194.94292334635801,20.617536865118872,10.691859461373644,3.504973136751537,97.51440219837349,0.3250983534202875,0.42117283018205764,3.975179365684836
0.23970103447731075,0.6265703733201891,454.35501979783976,43.003318960602385,16.922314843880095,9.001092793597081,198.74447255993707,0.0,0.0,8.472729010334875
0.08006712627149445,0.5420448022938058,1504.6250658104238,43.795766266959724,11.060503223711848,11.358520336986823,215.13550132894184,2.6209899778869143,18.125736175388756,19.09201281179419
0.2393685520895608,0.7124010683299623,153.7194956779289,30.15973587847575,12.960108452146741,5.651572176032722,141.92086513639714,0.5593369143592479,8.462015420002428,12.740320825721227
0.6729145853965913,0.6235922944695729,1416.3581119565815,42.04044767110813,28.927209931863484,17.918272091406873,329.01875379382517,1.659509017830657,14.272669988418224,18.80773886128002
0.5337514113488308,0.5178178178610698,1232.9630404535742,49.59727171984835,25.25180282953069,17.582247051406213,300.57608013168493,2.264001866424011,8.071863134885087,13.285631380143494
0.4007155662548548,0.8016189162646116,100.85298608040782,24.804085063474766,19.925331224439425,10.92452669376025,203.85889220824868,0.0,4.829274808946039,10.344572137189537
0.2914299219102315,0.7710355578656146,1762.663655775336,27.594485720074154,15.538758466912427,15.810348355504457,295.64604677505577,0.6396606910649285,0.0,8.08271424135464
0.06760558426811424,0.7920832412495732,579.8249594541131,29.68030678403113,13.456321539282692,8.688956810619851,181.55019213529366,1.055124468021558,5.46636914582187,8.865643543733498
0.18404175253623328,0.7743049323874011,358.13899426299594,26.55646453118808,9.974651275061326,4.363472755414666,101.8985130422372,1.3238315068671724,19.920076047784114,3.8802182334935775
0.42593447619233366,0.7543046952347484,1879.8766290224476,32.00474269765194,19.175046868061568,16.088574398834172,289.9612771532214,3.0824690044158944,25.160842388054185,16.112440154840897
0.14867646282344069,0.8883491868345278,1705.0188879894076,9.914101823748204,18.015202794589356,11.088106049224479,187.435018501905,2.9032882603994086,12.86348697204896,13.787298892309554
0.2588134522192982,0.8230619153329285,706.4335711356443,21.146687678501667,17.131834881119993,10.264170979227345,211.76861421161414,2.7045472356167837,10.403113082429428,17.363797587394505
0.3233493762942709,0.8633464486641064,719.3166474119082,23.774052146290142,17.65852135551202,8.459948317191918,178.5845083867551,0.0720780481562755,8.888499988954642,11.342414920286735
0.2690094240065337,0.7960133932341626,1014.5618858486791,22.904521360362697,16.147338986037983,9.94092578707773,200.91533929585577,1.8983065731099713,8.69671622631411,14.609479737539525
0.013608122936549703,0.8399524353530828,1177.6598154732962,9.48067194097453,11.130124620495517,7.170018046099798,137.56159676998772,1.9312959412783917,1.8036506914745516,11.82527598971083
0.36642435432444226,0.696894071363784,1354.758819897493,38.23461240420801,14.41617432070371,16.748874203144144,314.8576566448268,1.8812033348413761,18.912339576696738,14.99230485964933
0.2925203832357882,0.6288977415921868,539.8384829667577,40.1614922522753,19.602588447882002,9.806803872723624,191.6622456466577,0.8047200513300766,1.9634601461573054,9.188139196683203
0.35143534825317685,0.8869340668275556,776.326919035624,9.991512792150704,16.764980948241387,9.081932522060605,192.30046100474297,0.22141200429897573,9.121912392490366,8.73380388005335
0.10478501622699221,0.9196703845678279,1550.183725354382,15.32406557505391,13.03432645681652,10.086674320617563,211.23641183056824,0.0,1.6330930278233562,6.4412964164910615
0.31519558948687654,0.6919786620972903,1877.6547514526576,32.7530033738429,17.65681321051355,17.28412202922481,306.1530785612079,3.413743764713039,16.304356006852895,21.716036497565426
0.1256044348643444,0.9476022425924148,1778.5207462029123,17.76104190938427,11.071473931209708,11.682322473320443,223.37117003410629,0.6235836465760041,3.048361767854872,12.165149395845967
0.49761569528471095,0.7289095625717191,1277.5672524683523,28.039498927145154,23.27527946322548,16.78670526168124,303.8223433281852,1.037458800704651,9.171769912694106,13.451032225777753
0.3068924947569671,0.5562224592438291,836.2280912338437,48.87888823603457,17.28007439217637,11.767018803587096,214.45573029829652,1.049091579067094,19.95175052050641,14.224460074583664
0.3125987247277215,0.6099373195912134,975.4330743712235,39.908447395839865,18.220246414452024,12.579680422692212,240.56412372809308,2.604368545489061,12.039008888032486,13.561132124310422
0.3182812929574077,0.5447819368877241,133.63251230056247,48.65147898404439,16.479970245650765,12.517282292142035,250.928329322357,0.5369654859321498,9.566658737194365,17.245730115175473
0.24515369967964143,0.5533913837521935,464.4299361388661,52.2594724201589,15.775514784497556,10.40485444290771,201.09141197970274,1.122423372218232,0.7325104393450808,10.459886193214214
0.22695028785861976,0.9456743959657827,1251.6934268116463,0.8707666757582402,13.655066744400106,12.80396412575876,227.64512650155953,1.7281437171678136,15.245817704661267,15.8619752540107
0.376845945890176,0.9562324539600778,2042.2738700792609,15.64434961185481,18.01618108335343,17.536169356052774,305.85628294531216,0.5294545777076352,23.16935703451861,7.530459315652372
0.2730462100790772,0.404240232031388,473.24963598007747,56.49863908538404,17.715193298984033,11.606722644582831,212.46926654921992,2.518236054001578,11.459982352553958,19.75094880438483
0.4741377305267472,0.8180612207122081,370.8225417326724,22.545644294850664,21.20043259990822,7.88024938293474,184.70213581149076,0.8353824497434709,0.0,11.86112787261602
0.4132631338789965,0.30230275032057813,2205.447749416538,77.7163866234772,21.30722169659024,20.372366431026904,357.89004676900834,3.379659668956932,14.771653232169948,15.730828568764244
0.41940801044427306,0.9401522951454631,1738.32424014229,11.498146996508837,19.355021504952937,15.985844849938893,301.1676246089244,2.7278183216128387,23.598625361543988,23.03083980584653
0.33243506327364625,0.8017982007969732,1268.1597298614424,20.697960955442245,13.43298077973493,13.718295324394106,267.9239803468413,1.1689779478926479,14.111734041813502,14.696549801965304
0.3485202748019084,0.7995165925453978,70.01021772723664,26.34950846794564,16.570928321561606,9.061753162050191,190.528170033741,0.19688246329665804,6.021452306114996,13.806177582628312
0.3084249293065524,0.28364499891589456,633.303448687336,73.66382713023998,20.209482499297863,13.071325193651099,252.17660294575018,2.141390415689253,17.700671066555955,9.991239327698786
0.3020311758576062,0.6731323815793759,2342.8352854833443,35.27982683904344,14.157061770523072,15.373614292269005,272.8000593420127,0.8782420758267513,10.38097173953319,10.263943935416473
0.1675026362975752,0.8338907543337508,380.3608348061779,22.38023134728888,14.076601041849676,6.969976685987275,153.76475522363467,1.0251109786900097,3.5071993444259615,11.462050595217494
0.2985115063879548,0.8174751577132195,376.2834895693767,23.653424838747,18.792040567064824,7.497212871123336,157.58803153015393,1.271717971370144,14.67118891921833,14.44264023863729
0.24297708965205347,0.9123437285570919,217.2414040128573,6.61704091380469,17.684179384694616,7.544962574924167,142.21567381095292,0.0,5.504135360754158,10.827710405446794
0.2635673972242806,0.4925817595156089,542.1052688374997,43.43431331324632,13.95507202101226,8.628547330282593,173.2837074796943,3.4575474508267994,25.758861690706546,20.274562907796316
0.43392003387616385,0.928350399900344,464.96602661553146,6.614120703318536,19.005144727814002,9.752373692487284,219.64760281875465,0.24146532837578907,4.505861095437128,10.727657672449393
0.2507138625119149,0.6696200686712759,141.38524020197124,32.4062934591881,17.914170819693364,9.398722209256668,178.27925074353226,1.7529265360275144,11.755295932872562,12.758794792421018
0.10965682512554074,0.9333094099549354,140.52504906550868,4.883003635170684,9.734690731932524,5.323873070127579,113.18225747273029,1.0264961444505638,0.4716931520279246,7.271463926946356
0.02451691726667043,0.40475594413296595,1854.331832037389,51.438761180550884,10.062933254205026,10.594145115436225,208.7864530580312,0.4961793489722135,11.589825511838038,16.164837087059123
0.15381085609475287,0.7558863335430333,873.9048608489219,28.184472240803032,15.08651969445387,9.479569959540058,180.68218601104317,0.8793187509459792,11.455118253345532,14.435079290770489
0.14191747541923133,0.82192021517101,498.07701694112575,28.537757772508943,10.461445235142246,9.249418566311185,202.79983345945433,0.0,4.970947027143096,4.521579850525985
0.19317048978455328,0.46169472539375983,464.37636158922044,59.766971038717415,14.99952957692363,8.224197430334616,180.80084988084246,1.4281100514662777,14.111567272432934,13.40661015432994
0.49080591797326845,0.7659923840293683,1348.0626625794787,23.495522431006908,22.620416310711366,14.984002912870112,264.26565725135606,1.5095298946084634,11.275089625254221,12.124687252342033
0.1456472893612577,0.7392060572143718,1561.1673560225406,29.37293900212222,16.245109014386255,13.033403608594858,247.38378690094052,1.9160495643896933,14.40713449940056,13.234295853328012
0.40341231157653806,0.3961791141474053,1834.6719957124856,63.415713495429245,23.113643908678682,17.683348081633966,307.2053919658417,0.9806346968633428,19.240943730856934,14.848328778447602
0.02763841543067059,0.7987310009370636,2511.0595930170966,14.536400267966732,11.645825578431634,15.16849536697804,275.63176330878326,1.954330033558799,16.550945346353984,11.34087157170757
0.33544171975334025,0.3610309710631727,1967.4163251299958,58.16763847375276,18.29166504492984,16.09714192526722,307.2087747180104,0.16183899816675806,6.32314795767001,6.067817800566953
0.34834537259180925,0.7344042829968832,1002.9117302569155,21.213428395654077,13.955977847867619,8.975779137392058,168.0041198435342,0.9501829916154894,4.746368283764107,8.994527751332077
0.14292203074517879,0.6960511548597258,477.20768702203804,24.69394453940303,14.595476753407118,10.406989281695868,189.90036852139585,0.0,3.2928600861281083,9.882995712136672
0.40861051996375014,0.8467109328285564,902.5956343735322,13.276151041397327,18.72961817554001,10.759815787660301,212.3884540136793,0.0,10.020326094032246,9.669995058028336
0.39369815220094234,0.6264152752685986,184.991057760792,46.512359231162904,18.370714080953963,7.710974902186199,174.9598441469417,0.6535071841566071,12.250464135573853,11.044596835834817
0.22638185944730294,0.7005935353078644,1110.694902713823,29.845219889965293,17.733745098355783,11.864000157091533,221.4670229957024,0.0,1.6028052433112663,8.864047008190402
0.08700456195718702,0.865014953184493,732.9611369209431,16.175162835516023,14.627271922766273,10.185229283026596,217.44656186065055,0.0,9.447690528733167,6.060791791850013
0.2219767120728158,0.722187075411685,879.106170658693,29.366333088711148,17.363431396392322,10.669092169668335,212.57395401685363,0.0,3.0007369275415305,7.660643276475033
0.273474463797908,0.6978569384424155,2133.212342774415,23.31878634728685,19.003523161281983,14.301323003029827,265.5456234716165,2.7521954102006205,19.714037272003146,15.379253955063383
0.2513889072284763,0.5232319899623266,424.658909856671,54.40163329800834,17.77928934368955,11.665547387295382,229.4635372840944,2.364105997293726,26.209136790447857,14.815192928901013
0.20260890173634583,0.5392384004584418,155.25771480822434,46.257151646511296,15.211114989504475,6.01263045880231,116.64254384988176,0.1855834205423047,5.835811344214894,9.731603160658551
0.27036552260382907,0.9039126594880892,1317.1704532777642,0.0,20.33053222572919,11.392687245446464,231.6738285544291,0.321152796738676,10.922278799334519,9.260421291025342
0.42963418171065326,0.72313798532759,1415.6594323893187,31.75989906146567,20.410426025950827,15.585352972190135,292.7568781365013,1.436329092900958,15.231424201971853,16.292892297679455
0.04300532859302629,0.6941954699025028,279.138145531241,36.319943969342276,12.332336355009737,5.937761613640391,141.63735810070347,0.0,7.351735304470003,9.852244007908713
0.12188199585864101,0.8813206996813481,716.512190624785,9.759125639796208,13.088047478576781,8.008159245818486,183.11019213839984,0.0,0.21774191103970342,11.065281238701512
0.16126452156804055,0.5532962057519439,723.1132142444345,42.67010167949962,12.580606608063931,5.4066672166026715,123.27373065140559,0.0,6.985117727114721,8.546768538828044
0.18213069574716317,0.5873295905845354,1380.8417614642487,38.389214556769254,13.348370649170521,12.679989569493,260.3877627779204,1.4454331296859455,14.050263438209944,12.859411710327743
0.5511932796127552,0.8253154748853477,406.34273507305267,26.18478135359891,22.501538504510755,13.338036092934171,269.413890254713,0.0,0.0,10.857384059936964
0.0914356067556395,0.7452175104171979,1905.9954580830752,23.407087869474324,15.102330526650803,11.222416476139674,228.52231909084043,1.053088974493618,0.11501540263735599,9.961066817110735
0.6664191070458781,0.7952666714657936,309.5984205206713,23.359221003658096,29.81662420494952,10.474775819731672,206.41846484141107,2.0403192753348374,20.622354202807287,15.52532882312728
0.3855996111213568,0.8081667171853528,390.13626799604526,27.005265801707594,20.138859038425533,10.257305459857887,203.79040050201965,1.309086358402365,15.80531375452774,12.824786770869824
0.44132643320585396,0.7355857985558397,302.4540881508361,31.793763195857167,20.859379187712022,12.645899528051117,224.13265788641687,0.8834477671613064,12.605417610460165,9.911781757926237
0.27410645772145487,0.9101338059829918,1590.793686137152,7.283320867748767,17.764035375678212,13.47265826750871,257.9804916840537,0.0,2.7233884269246693,6.39453597071488
0.4438207997716292,0.8508168890614217,518.3076292459534,14.41863037518698,22.411678419779214,7.005761219265768,165.4033795732805,1.1673079832410007,17.057917722527428,15.273989411320342
0.48409378174683315,0.791634653320054,992.4480576738441,23.75727335315787,20.261942624041904,12.20329547654815,239.37934664598689,1.247718186933673,6.932635145095721,6.804738749783092
0.2661292588361871,0.8471007859058042,711.5993070427314,24.272430178341715,16.952487741712986,9.843727293428035,202.02542476422013,2.7859057593685086,21.45621250160229,23.759306001659336
0.11770786963647405,0.5293563533238275,862.966041777926,42.402222540391165,10.195347265490089,10.573308567800089,199.7000502681873,1.8415372974094613,12.601836784896042,9.470418578881585
0.20785114748516387,0.8640324134139598,811.2860823354741,11.521237008319567,17.738573913923272,6.842569111615823,161.53138535418108,1.0560667340754502,11.26726417437302,15.840671665934947
0.22514367906247892,0.8700285693909843,389.19716123957727,14.633536520181138,17.824663893675087,11.541622861770982,219.38609014019082,0.5075714435301111,11.995545997511648,13.515769151907605
0.42942052860091073,0.6435823736439968,1194.078920018683,26.980546547939696,23.583910695127845,13.729489398580911,267.31682225398134,0.7466659604848547,13.130847379994965,15.228504313147939
0.4917997886218847,0.7989800185190812,1662.6221645768408,20.818518188363928,20.86143757731175,16.20406162306168,290.9814218358252,1.0536073925550498,10.622524759466367,17.224798484045742
0.36626596034246195,0.5495340926119792,290.60492543092784,40.22844945092322,20.89263240823098,11.280512850206334,233.60873573890387,1.736863982750993,19.41843820102948,15.999682660620508
0.4106656432021828,0.7810817890735227,238.82737073983486,29.397275530681902,20.753553402489096,12.887231642484068,223.0875928905454,2.146846039972931,9.214313229173534,13.417232461736699
0.03412376540435588,0.5357962780839581,338.6886677494545,49.351417524458235,8.581899616480591,6.089273813622608,140.51048172538185,0.3905456601158147,2.9723805664117195,14.557175837104438
0.4009606553759226,0.8203758159900169,835.8926243549347,22.16767754551444,18.133722927162527,11.290343323745274,217.54852107928417,3.7375778530373367,12.58446886104873,18.530420558700335
0.5047303088873054,0.5628101900747458,535.0204085730971,41.77656838621667,23.681518819427282,14.910993812796551,259.0726699742164,0.0,3.309296101190566,12.418658024732354
0.17851628215067153,0.5779341564329669,824.8859581188315,47.39282977146006,15.373251491999255,10.842102733457729,203.62607284120486,0.33240561273937774,2.499909601038243,12.504294659191931
0.26427537953599906,0.8059403290694662,1008.0194664270264,24.795181386628094,16.422025310210312,11.28743273919138,227.6115209934899,0.8345237904438079,6.295815686850395,12.900556702359133
0.6136049634737583,0.6837892178014945,360.7295312655218,30.084636798955287,21.917092896285777,12.657646815133482,264.8417523512422,0.0,0.0,16.1135477189633
0.4278926102509163,0.8836960767943687,408.2832502720467,11.959561541609808,21.441595617347353,13.501017901023818,250.82233397155613,0.4655454277728317,10.338747908256959,8.47470643378417
0.28117864250998076,0.7770585343729205,1404.4277340157978,29.258520603076803,14.700221884613732,12.739376183615969,236.340370864404,2.212957030371393,13.958659431904655,11.915687734148447
0.35567361164753775,0.6771775181267538,128.91076468351136,31.037783376844825,20.468498092866476,10.228475689319739,208.68778050007523,2.553629746355995,17.071711597077105,17.906844401370506
0.0709294839775459,0.6039188680202766,889.0008244814337,46.62219612140227,12.620645590778361,10.021130457433634,210.8378871726498,0.0,0.0,11.236840539411363
0.31804606404771973,0.9247931395383993,1629.630945062929,15.21144437153879,15.466978720580478,16.054865099319123,318.5412305404591,1.1519718193618664,16.646138009761273,15.895458394869925
0.5252458404688326,0.9206389349836593,597.1120378019399,14.985094747900263,24.88562905974957,10.946055935510485,221.02581678047432,0.0,2.1416538139597012,9.846151484693564
0.11922321983532101,0.7214792490093968,39.09780629321902,27.35380577346925,12.98851515963938,5.990205280189473,140.96476858694484,1.2946016732892942,0.0,14.53075389011758
0.2533593091664094,0.6695258821958673,895.4870722284211,31.71437499702832,15.459074055268259,11.250114454778755,218.64908493492717,0.884210836374078,3.3785967804386097,8.490175759216946
0.19745984291089755,0.5743244451936714,503.1255670518652,50.68001184153056,16.87626932954003,10.32217204615177,195.92354176678413,2.7352380521799753,17.777253202433158,21.186821352794794
0.4428131477004186,0.9155537223003283,2573.6926714256474,12.145488091439082,24.59158026589775,19.774364707646395,345.3694915794974,3.0465552011582164,18.846626404859162,17.811332242496157
0.25438463205308576,0.6565249799106266,315.7849665220645,32.13043466815836,19.306392953055536,6.937198061381297,158.69499577403462,0.6578578181062034,3.2311325017046224,12.650681634438472
0.5962251431044556,0.7346263928858661,1562.0255367899035,33.500441395741554,23.403909841058574,18.578927573460923,318.2546981955973,4.577485933767466,21.19921924906411,23.685921173708863
0.22479579363893143,0.5610963298407219,268.33160991177266,44.58732788359413,15.256921364106937,7.869965986624375,169.54134406124163,1.076618981885137,14.493561593593679,13.27283323987962
0.08141468906148909,0.9210821753078503,2036.5509174118297,6.886069115352714,13.712307162788274,11.44127056547255,221.51416393511232,0.0,4.589236885468745,9.74967360303415
0.44497832267981724,0.8779422031461047,647.5408759013117,12.062072309096926,15.267165333590503,8.02721776278645,166.03802233530618,1.5355329780102134,18.339990017046823,15.09628021752671
0.14847971341139257,0.8171746035063207,195.02373195654044,19.91613455665412,12.071503527099,5.633803425335809,139.7993888708756,0.49819958838821155,8.236763736336071,13.27456929435981
0.49633092564461706,0.8325986804593863,255.9721861840576,28.049054807127707,24.513924216462534,11.42093242492378,216.5076327708503,1.8230970564585272,10.211536597228593,10.96149215853751
0.35891477881115236,0.6033498746873781,1443.2259488966788,37.067742466317114,17.5107796048368,14.355158320488862,276.6157038384754,1.9198149156674615,16.587511949923282,10.83696214523092
0.2297915150320174,0.7937580890012207,1421.8884771639316,24.157666819661372,16.61497125870944,14.160393115974383,265.98203633054055,0.9369367825516854,6.200794298110839,9.451746369712692
0.20750625770833883,0.913655030364686,775.5061083313592,6.896093597740217,14.548212368967468,11.557014052937074,224.72643673067083,1.9352860020165457,12.885650510198168,13.016083904087138
0.23149016281027132,0.827381434582563,1825.8236320031956,17.260919555926083,18.56924672976731,12.940183789864683,249.31298441034792,1.0306766216652998,5.980914714891419,12.89041033300643
0.5201712951773825,0.8232797150864116,1648.182875758788,17.388259129063478,19.414514692547066,11.65142376786206,230.4219566460227,0.0,2.654559736506274,10.934761375991258
0.08450179730191819,0.8572251578411011,314.3358698752024,22.77119281680779,12.905291797510335,5.3220252792162,126.58401236073581,1.2751931756262747,11.267310357446556,9.564620914175482
0.6021071024294843,0.7815125081240085,1120.27981930227,24.344101326532808,26.846230831460172,16.932839267067262,306.92965690176266,1.8152187060789082,7.846133463677605,13.725630510197021
0.14585688387632856,0.9567325360770289,1491.1538939143256,6.353190580153104,13.650324951863807,9.656567108971576,198.3160260981125,0.25412346319242163,12.110369821759027,10.064259742401495
0.15658065557275314,0.8807292877768572,1651.3425939577528,16.66438592571554,13.960269599263388,8.48011844676842,175.27178850639157,0.6911935555288153,15.225346775366887,11.67126666312046
0.2321325928179278,0.7452322364224923,755.9992799039649,26.25977294614384,15.755398925414246,10.030148586611334,212.70282185489592,2.312096594313529,20.914369498621607,15.076295136252787
0.24432078377090252,0.43144117288447903,726.8479685638667,56.55912256449559,13.664428005002918,8.054169345910392,171.877276315354,0.0,1.1867497245380978,3.080763108282925
0.14418553711443532,0.9072010380715393,376.3776356384415,12.869700329005287,15.929174048524631,9.243964971994096,188.60972853087213,0.017248042797404772,8.11662607494996,11.22478998615379
0.12073228069210708,0.5877740251380471,1978.5924004937071,42.31410550898099,13.370115125866336,13.294931586436721,265.2762817228731,2.729046448700691,13.623970509992553,19.00437926320443
0.052349602820146,0.6054905792272859,250.97163752416606,37.802185981411945,9.863786694448756,4.023289841250143,121.74654773262851,1.46720676283531,0.29036929514239596,14.717286095047303
0.4676416520687236,0.7390876680141283,701.0219116544408,17.783895002779268,22.94348137998202,13.720826975759415,254.9407794534188,2.0776054844462766,10.104593743154105,13.964346948403996
0.15050596650384115,0.8617104618271296,942.6650184065685,22.888514516249188,13.182255383932148,5.546554332825849,113.09277209338273,1.5794945636373008,12.559031533282038,13.43975351174756
0.12700017720705842,0.6176542188936375,668.8558369840571,31.95487572940167,14.622400935320835,8.12986466520494,184.95183001439415,0.04672053783229008,5.58928293213206,5.3308024526290945
0.23895687486383974,0.6876169923756884,322.9025482282613,31.11534438376606,17.235960461625645,7.003823040625386,141.89207434311447,0.0,4.404469208302068,7.428596925128676
0.22133742846819762,0.7588747947992794,337.09452590700414,26.134551677146938,18.237543913064815,5.458092655311568,140.6044628139692,0.9753183136634731,14.530495173867529,12.433519579668452
0.33254505085957,0.8517127589009827,1232.3192214388719,17.779395716673747,17.36167112220802,12.875546734384082,261.1992573633296,1.2262511648843104,2.191571601441514,16.831120352823977
0.3604697991442123,0.883444627451731,274.3570117644272,12.462533591759637,14.844666414099521,9.808295698224896,200.6326691535626,0.8328755162374764,16.271705584267224,11.590075113769327
0.09993253672707032,0.7889109880920103,827.293999486423,24.874075064619817,12.094779305717248,6.161799267989046,140.31081887097378,1.7620296926731265,12.110800747757986,14.653479166341652
0.4436479018650766,0.9336773759065532,1413.695553986389,1.2513522160310018,22.93787380900842,15.133617456781128,278.1323281324898,0.41227157505631173,0.64945497755983,6.227146352108409
0.36531667407559926,0.8767333365634266,444.47604598833243,13.38599166045766,22.67265974828029,12.381415480765195,223.23633388165376,2.8069892635429943,5.921530221976759,10.02105064200033
0.4433703934003973,0.8276775079090363,73.86009158003189,29.077089449790613,21.80967803888221,11.218524987639157,223.02407718946608,2.038370018356413,13.263026568108563,21.17837309753719
0.6171311921533382,0.8188422068647363,783.3227740659498,13.53688463348312,26.43882082013417,14.049319160532196,259.59302080239485,0.0,2.0717419647276674,5.170995872087008
0.6726580259359256,0.730473836454143,161.3620677652153,34.53221643035178,26.015252982738176,11.166986414245708,221.6496778464375,2.0234066156318677,11.931479560396358,16.494952384763728
0.3513289809274345,0.7121858480454348,711.4730745439615,30.929267086967595,21.026446680618047,11.309457190558826,217.03152209466424,2.7320634180445333,13.410757774326335,21.30516143150314
0.056614075545925735,0.9468568784344977,407.93068607744226,7.837906999269787,13.729144648604995,5.484796326486614,131.03908810845735,0.5793844346066628,4.732923969686315,9.444868423104595
0.26556879291404956,0.9150887153090529,1126.4434159524208,8.081852171978404,16.304248511051114,10.207798853457424,219.75166440742785,1.339770267281342,9.58012037722895,14.087412933535662
0.15549360882517593,0.8558668025546928,224.81042951394494,25.50161910425819,14.00384651538129,3.656391238806238,106.63757114567088,1.2159747115096449,6.399916217168075,13.919790471620106
0.19394365391327834,0.5805595622578139,455.2135615517457,44.11915570700809,15.143617985688719,9.555884888245167,187.31390921090093,1.0896732549713624,16.469394784208678,14.402505578257685
0.5309846438602422,0.35845840933632694,1013.2323533826195,58.35256217023928,24.713308505215814,15.29281116574386,277.8704814278471,1.408832906722377,15.048575603247347,11.60855677793131
0.5624317766714749,0.7011897918450541,1430.4107802229107,35.930623395923604,26.175772179811137,14.835537821675752,261.8157953134053,1.3917161748760454,13.530907821433836,18.02150170072331
0.24219139666375547,0.8215923968847523,372.9464794554474,23.856249686580174,21.597865825363307,8.818377760267593,171.23476492762185,1.3993112720396317,8.68377715574069,14.076516409168677
0.2570786706196134,0.7097626302576643,572.3590938316307,32.453522228657874,19.865483326760707,11.360643630292575,206.36735570196456,1.18840832355159,6.83926203062521,12.577148470275896
0.45428932118073845,0.4582515974437564,1383.9555707389027,51.223380308111594,23.23590509549532,17.838825174040558,306.5955498897455,0.9135331027167797,4.788605685424889,10.207846735345292
0.2767738145511626,0.6561613087270369,1375.4735642710486,32.946651016381736,15.23070807324568,12.629986609044568,241.98012257861657,1.5350111340167423,7.326409842213119,14.013937933416676
0.5604902260485436,0.4375724568569274,237.31176268988344,58.26977853625354,18.057625833257916,13.36841927058046,264.52602842561276,0.9432545016756436,8.136390669665676,12.995177200046859
0.18728447480358837,0.7199740927570482,1084.8632362894339,28.82095468208588,18.288750329655954,13.770788914267028,246.37857960260948,0.9922885300525329,11.10359410913867,8.827798875872634
0.06234449648431214,0.6319794452702889,1072.7378982451553,30.60488817124086,14.210396002590581,11.90502432469864,232.22705085085593,0.0,7.204813783633098,8.407047277747312
0.24489005847066372,0.8057703725084364,2114.835594677066,22.390387950250894,14.989723275200177,13.618727251057926,249.42239871111417,1.704547779556946,17.006761695784718,20.565964924836308
0.1538234837736092,0.7261683923101032,767.9324228187971,33.14187591586644,12.44593916229836,8.534297637679646,188.74907307071956,1.4088236062527972,6.4578748454815305,14.392660233855745
0.1523650662835463,0.512595661351049,668.5656502828417,56.23426469719142,10.556756938810675,8.315818343846894,167.3233535144123,1.1644047566247488,7.2385418159426775,13.542094897044034
0.12101469407127044,0.6302236528668496,254.557363852082,44.98481472553513,13.229802039161516,6.770971531695241,156.86407014748883,0.0,0.21687376605376407,10.858090940571476
0.47163889446279833,0.7929217004102734,1326.2919344950062,19.030649729487124,23.689952153629278,15.831892523041702,274.9981971053857,2.6916500883220897,17.480227942775876,13.836431978656302
0.33438101073180243,0.7621652319158112,573.5414230220931,30.313318465841697,18.11485699483963,13.070749821291047,247.98331560384372,0.5790425772358139,0.0,13.237025138008343
0.6905727950875914,0.607361268036178,210.54506643320306,42.636337247882906,28.87977481323665,16.08562098005979,285.05025471295227,2.8087843735517746,21.73711546359002,19.61978914858849
0.07443818853941389,0.9113904791354875,1391.7973539926086,12.106931648198643,12.40743062393214,8.328311809359375,175.1327553566245,0.0,0.0,9.835790919360372
0.36033480672262347,0.696213402459857,650.2772277072811,33.19540849735341,18.38105187357091,9.164025494895187,182.3457930796499,0.603720047035575,11.01851052203774,13.941638906136443
0.5326799310879482,0.8081081949043895,431.01597623664736,30.867572630910068,24.07488702662133,12.783859843142027,249.95150090078118,3.0456104753434134,7.733343694307349,17.118773770860944
0.604194867147359,0.8087914416303886,9.607495450056438,19.59726770061695,23.602267531316393,8.100051677818913,167.94325884170902,1.5866226561084469,6.007050811172693,17.566042654202416
0.5735206901295224,0.6792082548330697,198.94299837749256,27.804407485811957,23.572485561967255,11.382822250955877,231.44806151503735,0.0,0.290131735890224,8.744154610924525
0.03991976008972078,0.07743252673001111,825.9068854723683,91.80883328689949,12.411857085378848,9.613121262920009,203.6650717422582,0.0,0.0,14.693695670114638
0.5697804472424168,0.640469330092687,616.1246869324692,29.222318826455513,22.860463266374126,15.290537272725386,261.017558345974,2.4137331880817774,13.851894120820951,12.66023640176084
0.0672240668833109,0.805087731039018,332.0918637908916,24.704952719445153,10.192210257494914,3.7691213316661045,100.64494632452983,0.08644792597887282,0.8470197232536787,15.687553777171942
0.3426074636144113,0.45563300607603063,930.3100441148151,54.5427933371018,18.152984083893625,13.071314873379613,231.5504908366571,1.9247697119243337,4.0574885052502,14.098707696617828
0.04701298538874476,0.920765226509847,1794.029670437158,8.824728070814018,14.461600521205735,11.765450665862994,214.79252581906118,1.3117755985638908,14.8788491334771,16.95939629613947
0.07336922940613967,0.5999801817475643,2626.0215686669403,48.22601311955994,12.16807973987988,16.439851485184576,296.44696785355177,3.692323905246935,21.556258786646815,12.918254018572865
0.2803829313969891,0.6309082420203289,2317.1093871109633,31.098594914715314,17.480323660352205,15.483800711878263,284.42571634291585,1.6034566239740586,11.249701520316787,19.981330246628183
0.3876862466411809,0.5831115139729134,1930.7402264479133,44.322638815377054,20.751431358529214,15.863187203488145,268.3763927881348,0.8453354796936547,7.992654673496621,11.36775297370375
0.31277227469741664,0.5565842855261592,1892.890602634793,42.18736566191437,20.19535079520571,17.37591890052298,302.2263155122904,3.4929123543381286,15.799806993522274,19.12584008877556
0.2976929538996498,0.8886543624914229,1222.6476362388262,14.768626422436382,16.137061413471898,12.392526622619624,229.42484788103351,0.9131884581705582,6.876979525718599,8.296389007471777
0.2297500112464975,0.7898886942750115,3531.5581155304794,31.072351254295704,20.404243346380007,21.51390813360512,360.16791035158417,3.5411511898167887,16.957689844224323,21.1916541770346
0.16250333829407176,0.9212796546623634,503.41459091738596,6.603332339809716,12.167105249159661,6.216550182870116,142.52778718629844,0.5980642990666529,11.531416923373115,11.77296579716945
0.5631793651433158,0.6577791404310488,469.8664940458512,32.151946064026404,28.081406473993702,12.926780875701532,250.87673992835008,1.2408727691845303,15.915721824371618,12.634125081025399
0.27308023771067497,0.7527491497009159,1242.0253845523796,21.81976342085357,19.613105888993676,11.589323989545282,221.36373159405412,0.5821645106935206,5.531369827755239,7.501406937147489
0.5602963561912573,0.41874138644672443,3292.3292188766472,51.07404266217102,25.194928494877225,25.20996922319178,416.8559944367452,3.4691481997155362,13.768427827106777,16.70492306990062
0.8192887477880295,0.7930565614966282,2314.0971208464985,22.272753509209366,32.25591748772507,22.720765718192766,400.431181171098,2.4214814887224514,18.24666904698976,16.824067091446693
0.22748444422642067,0.6404876026177925,2558.9536196955714,32.26023332721904,14.61923610919029,17.58616676032227,325.08932493628885,2.2485236705298233,8.924128941132,7.529870539357212
0.22631501596028192,0.7924414349156979,1667.5270979745553,27.776076874267687,15.92627056268521,11.887599704571313,244.200790996808,0.24163406266428544,11.995019192530183,13.647111928583321
0.19380598419160672,0.6593970728129941,1011.3796526163317,28.692718973149972,13.291496471059123,10.439073582637945,196.53847211154553,3.42787801228992,16.897004545026462,21.27617327540165
0.3659195824789008,0.8038668381323869,3027.5488242829288,15.38271602466357,20.686976416418368,19.178948852303087,324.7499440418342,3.1223650957101388,21.180375112388443,18.73817826260368
0.1055946668098631,0.6372793169570471,1084.460724073237,39.56952705277085,11.667980043795122,10.124151413802284,204.60900683486886,1.3523776539737833,19.37302305069516,11.373175136413055
0.07200529225464192,0.7924068175935048,3278.279091188598,26.4361899034658,13.132749073226554,17.582502388848155,311.53978304251336,2.0650222922286274,21.907956614127677,16.66837327625648
0.10136613213145099,0.7037254747233617,320.8985959854382,27.99613317439166,13.8595487209779,6.241098539266836,124.05583786956637,0.2619781179819046,0.0,9.190079290187978
0.2535364083957425,0.8850521155594065,542.9455511666447,20.37657892006299,16.333898164466987,8.659673514678856,164.52024288975824,1.8782112111999338,14.432533286654825,10.562611663551301
0.15539648604345888,0.7425904932025421,647.7342300506521,20.905426803526495,14.27779756576169,7.043694193964415,152.50230448622065,0.32213252267237785,0.0,5.410038548361808
0.32467342973582375,0.7803550082671917,874.2132897031785,33.14288722721826,16.731922717405432,10.341467055612846,212.91329441609886,2.2231420486886035,8.131960736419598,17.829620242503452
0.2955419848732437,0.6473169973309383,1346.9481437487689,34.40228241148051,18.682487288331014,12.441695903400095,229.01579591285662,1.9657172865210593,4.663731758978475,13.20839771927055
0.47450897133291486,0.510946273956702,729.1994358833597,48.65481404342629,21.63116926356977,13.056668909327074,244.79227957286525,1.3303514869362587,9.493693293540199,11.769116973139926
0.4359510338456288,0.6443044933342106,459.1760624107678,42.27975548569475,23.489066947498692,11.984439777634623,240.89845351406493,0.19075152450958555,6.147240881243475,9.596762435483651
0.2618843370731163,0.8953431728704816,1082.0336748266968,18.024181663215437,17.232976783256525,9.883747841986024,214.3543920641306,1.3790915906173549,7.0345436382601925,11.565658647548357
0.19318269521847195,0.6610562382397118,505.30847787753896,37.04360834173953,14.094663008569384,10.340233938324758,195.88962638691504,2.1952307170746144,6.3179470015153285,11.175844431548029
0.22763625946989438,0.7604963074546051,478.5026441858184,26.834289157951858,17.29825749352718,8.468517433154439,182.99353668248244,1.0278518382209934,8.605316985180659,12.62577453706735
0.3561943669800274,0.8961811083627845,876.0621693060696,26.898318226141832,16.79397987683906,12.596922970065297,231.1949774718688,1.2228429568284525,3.192633279655735,14.123568072584801
0.19257542870322472,0.3987251723697633,1462.9352352101087,62.60078773140191,15.032535160647786,10.28071733132922,219.30591390187462,0.9123242801105381,8.346678984357979,12.421914102374345
0.24821530863816757,0.6484761052855978,186.41791474030717,41.632813988012266,17.763958393273533,8.843410691630547,174.31003260207996,2.73525588383011,15.819430462783027,13.632103035108354
0.06329099404832138,0.6752214533413426,241.46940686063718,36.57731187410763,10.496554790018719,6.643894026917255,145.53962196461208,0.0,7.808188657375661,8.616648877755308
0.5560602777782947,0.4790854267185915,250.00405634851873,51.65957622140133,24.1820009565059,13.899183861831382,236.9241876634041,3.2788678247776986,19.0224171612834,19.968661576815368
0.5014678135577751,0.681995166475838,1935.053524413911,31.42540983952845,19.504797455089427,18.12320184238815,319.61714298534287,1.5275369377408303,13.230380110794657,11.218160460876422
0.08401493350551947,0.4588860866416227,2062.329636092927,51.1699459974451,12.930459784938495,12.766528785661073,238.6393438410551,1.3532381088899637,0.0,15.674897220312896
0.31450604537170246,0.7795630245010087,878.5354297017017,21.96576356384781,21.10685115693994,11.25063563900412,237.54609863111506,1.7299326457880293,7.090599705178368,14.965074484270042
0.3406506349698822,0.6907394890505978,1444.2623628759768,37.42322894741244,17.833679293281207,13.162692940264908,244.19545414452918,0.11742054312687555,12.977952971565426,9.65074767078908
0.1405353838591647,0.8264625818606066,779.8548010614502,16.713802895794544,13.645359363829154,9.549766703702058,185.3021691627704,4.122034331180696,24.88069191178638,20.0955874318107
0.2583746085702319,0.6462544984218295,164.9568633608087,42.83936366214678,16.831536069096487,5.679192842214638,135.28393051566107,0.5992828732405745,10.00585324513077,16.095050836794947
0.45258827017671727,0.6956136688616364,767.3247890426792,26.932734567615327,20.990774994170682,12.023854361756266,226.85316663945085,0.3508174854561963,17.22103764397857,14.338706025616252
0.3215345455078551,0.8163696162147815,886.0437439784563,19.656434607486315,14.110396113229402,11.545456399555807,223.81366997560386,0.7762491516445642,14.83350074647119,5.807094694135154
0.21479340761479002,0.7121148806979583,478.41744828841786,34.20556228044387,11.606090061271015,8.013621493365921,171.51703055355014,0.7842480651730107,4.348604722574164,8.936576135998624
0.2580566522786477,0.9376380699037516,62.26007243566821,15.183777667369514,13.439815649467567,5.030433798552364,125.51692003713339,0.049110751783931816,11.628735584095603,9.373675238899823
0.26358944697607045,0.9606535809141002,661.4821269727319,5.132106491188983,16.11264847732268,8.144109788377685,176.5767287972699,2.0330949346940894,11.348886525061795,17.190120904740038
0.49182069700169473,0.7364598261079116,770.9844545988755,17.46869938153983,22.533380100905404,12.859456226841314,249.64847868229782,1.139322706448497,15.665209632705253,17.759557823249622
0.4592521166629772,0.6677512872774708,2165.72352702123,34.07438824963172,20.572053729223647,18.214885395922916,323.01242782117436,2.722133119462433,11.104335979917746,19.04130698720092
0.5274066872955931,0.8145418222756644,62.52968355795946,22.11034934120785,26.15076738116497,8.812143519245973,191.54358761525,1.2261502420417731,4.1547065688843405,13.349931347616383
0.5846037746006154,0.8388332236140511,1053.3036755576861,19.730230799841948,27.101361288444895,16.352760726142147,302.8182749319161,0.0,3.424803621200992,5.886703319873684
0.3694486273927903,0.6175339037939136,1606.5499383017432,37.81719902722187,18.062673975667604,14.142899022646182,269.74312169584937,1.8949069081325418,6.083103439593141,13.274726276983044
0.3265785691889929,0.5494413238418479,765.906464068323,45.7217766228882,17.706023525706474,11.68751812177889,239.67386380808836,0.22999701251267135,11.974891469506696,13.014245891629706
0.3539728489591098,0.6998324539262534,887.6927118777782,31.881042579817283,16.405065360465013,11.971629367259048,224.10491204163483,1.8503718022914184,14.797187375188594,19.379082822163724
0.42954920938797475,0.7330301095425221,871.1400126410714,37.225478196422415,22.479610529799533,12.572417477342137,247.38412926693184,0.0,0.12089034094808682,6.935083098833557
0.3489782629331594,0.8480008553264082,2933.571732566497,23.006199200895907,15.106457496031831,17.55404746526078,320.6807607892189,3.077205567575181,15.115129709821732,19.449336653335827
0.09518874705089729,0.4732588340125698,813.6228103126646,48.6108157796695,12.737764532644949,6.849361881718614,171.07742444440902,0.0,4.532474672711432,12.566282971981229
0.5064481133845097,0.9034513697280425,424.84139350175013,23.38628897591228,24.30650157893176,10.313770550095256,201.5991028831811,0.8670395371640895,1.6534929070626525,8.92181897688838
0.43315905129206206,0.6241476106316014,537.0782242047018,41.896822123065206,19.595222387281932,11.525322294188955,230.69674046764024,0.6073727600395928,5.620312501061824,8.704443652580203
0.43068168704017196,0.7071047219306619,149.2865722074056,21.70527677860735,22.785812898425927,9.713394749915892,198.7010019515285,1.1578211760445924,6.594231758836758,17.56952597984786
0.3883582076127323,0.6417197461228532,1598.108379660721,34.5810919563221,18.628793585034042,13.25280751575699,245.7678683863479,1.2292210261286725,13.919895714735562,12.585037050659329
0.22872011562644526,0.49446958962228066,1969.2478769497677,50.14480464882619,13.789975307770229,16.793185937431957,282.8848803539492,0.9292365740329385,14.584482221606308,6.331068136735466
0.10196159202827995,0.8945083802810857,161.4202695915623,22.6683578055897,12.570123498198349,1.2565463674517723,71.3581844489911,0.0,0.0,6.029373919761625
0.4310217127470749,0.873998040850832,287.5267132306638,10.034648719047212,19.348250835767185,9.89898700416175,194.03557236033012,3.3125283877523075,19.28403292181966,19.2195903292806
0.42829925517992395,0.5972721799530863,342.89280157436735,43.0935533535207,22.07736984523717,12.552453492543748,246.5650220639881,3.245666654565706,17.643328618945507,16.74099522548481
0.21746071095049171,0.6672831400928169,1354.0240068338355,38.71831560508242,17.956173835136067,12.04946505059403,231.68919820171763,0.6813891320082791,3.148275772917514,6.9753870264758975
0.19967628629799775,0.8230474422942282,230.12754111674698,19.19624792736219,16.084384818054406,8.169578363050539,153.4785054879432,1.3392662241309137,10.81613987113695,17.550649526338024
0.37643234432333433,0.644510212459821,2205.386071560074,31.596656238506522,17.174343697981946,18.531974178704534,314.6331219408872,2.52345479783918,10.81656858989792,12.521813654541715
0.043074741582830575,0.4045540420232722,2119.1324250320768,52.263226280051626,10.168573013874587,12.026157765228934,237.13957730070527,3.290528229847324,13.841183381154838,22.072223628307377
0.261279556874923,0.2384126712099976,1691.4678367599188,72.67116067458721,15.480088283797002,17.10425090979892,313.0689714776437,2.434498226098866,10.12058223902079,11.347624482866285
0.5314924611058469,0.7984662051669869,750.9785287012638,16.706958980479943,22.16060732528347,13.037357566385223,244.15706750287376,2.5746514154624,30.89990602152026,14.233913898291986
0.1635889766214297,0.8778524484592752,704.888267078439,20.935832042390338,12.884934582831203,7.661379777058667,156.54818183530102,1.2236282553708855,6.454641994489561,13.496766364287291
0.16600115201886806,0.39010208250564193,320.9119730738168,58.97273526947946,14.626264818849176,9.315418014271788,189.96408199845976,1.0055320302093325,13.027983137986867,7.9936278730443755
0.02723676251642984,0.46250261186179564,1550.8265583194852,59.87778851407549,12.351611534832339,10.829690992898067,207.55385574025544,0.8251579510921669,5.0177718081506875,9.228635489870621
0.1757052064750072,0.8107743069551506,1759.376981923001,12.496336692959645,17.425002403788156,10.634159819428955,189.0349985575358,2.393941291933383,17.783410751250763,13.117581820593795
0.47428949698336137,0.9174284643678872,752.8593122626413,15.527570838422417,17.283962537954345,9.948878269760357,186.9334218077559,2.1932994008036335,15.04611732451395,15.854753396683112
0.29704215450890226,0.8192772137223228,101.63551686709827,24.468858999069347,17.050670138654333,6.499261982780732,132.93844902699482,1.569435820508545,15.058594079732629,10.404330217148653
0.28506400313235597,0.7512622581237901,756.331594895012,29.48839905592383,12.458858565167608,12.872627925115745,227.0076522431224,2.124004343250675,13.286958743353335,13.015258425222001
0.18279463431250711,0.758498531030124,782.476661830455,28.82625056821945,14.381684652560994,8.382977589546675,174.35095316000542,0.8355434721394609,13.37995267474955,6.347442545125917
0.2989236544214108,0.487340340008608,916.2622017124637,56.62888817596815,19.492666402325593,13.610787978317024,247.9810198222503,2.087056769263461,11.87300235130553,17.538422392715205
0.19020596105537127,0.8345962506181008,1464.4566834817163,24.233038339922665,18.02372601932823,11.886834425838504,229.64508600290284,2.2351977753501577,13.266912190123083,18.15769175408714
0.07112241744704184,0.8513632601120869,837.3462370479734,15.95037892213086,11.696837720062273,6.938442224207331,138.7754620908988,0.0,11.577465200838308,4.970060917666601
0.2720589914303827,0.8095453180331134,2082.9251140224064,17.062455043302265,19.57923043914708,15.47326973353824,287.6357867510757,3.0384626678721327,10.116962842454942,16.80156047139912
0.28828688791951534,0.32783499448869136,1691.8494496791252,67.14240745938626,20.19625832514723,17.929303010599583,318.33228871477553,1.5812393958739084,7.270304722991195,11.124491584304423
0.5363066903974367,0.5580514938710341,136.69174456380145,45.697583837129805,22.942940969738245,9.302723406314179,210.49112327864697,0.0,10.434971487667038,8.86903832070749
0.2701758730366392,0.5645074092028408,853.639780143251,45.181831219779475,13.007152531468021,11.507616806218943,213.864064743591,0.658442833184557,0.0,11.872481472886689
0.21709667765926952,0.5460861898303729,240.12985881235582,45.837855603970155,15.367415689564975,7.044921857814888,143.8244843039643,0.0,9.848726360444804,9.464547272389298
0.08393142947389416,0.8828136397105039,966.4696903481572,13.932235137414896,10.521780367474278,7.165524915155919,157.62032695297103,0.0,13.462973606075915,6.317021949460744
0.505440322554023,0.5294307482978188,449.17546451856884,52.19077698966741,22.52651452078267,11.587079384363761,232.76569022480626,0.20343658364969486,8.444924959699481,8.14903907392322
0.7593419760961391,0.5618511985831107,591.5684687493417,40.39611533276188,31.516463838794778,16.81116204466869,311.18722112025597,2.432370752946772,18.37822245586377,18.03615729012716
0.14869303780986848,0.9179871473485753,1121.782363097545,19.272702841655377,11.50695591521399,7.6033281573498455,170.25442432500236,0.0,7.260297731943926,16.40104601067138
0.20492664790713752,0.8763850668501718,1368.9349748151542,10.11158938209839,13.907662651623763,10.064751897649455,224.94257569791316,0.0,1.9390483278075448,10.507056446387327
0.4193697073994777,0.811157404104125,293.3669932730165,24.177302382122143,19.674003397389814,11.606380315068897,231.1526150848829,1.2866395532686967,9.4498811592865,19.508753824528778
0.0923638460794954,0.4252694957364787,1789.134726078615,51.95631911100985,8.720781185143744,12.374548956927502,237.1652217598343,2.6962450230136614,15.560963906420552,22.42175555562809
0.3734780992673146,0.5793392335955788,512.7915277425298,42.34562154187726,18.654837976700293,11.452801041102067,220.91725465456037,0.6595260851151881,8.930299161676675,6.770410232726649
0.1055198911073188,0.9201125402849138,289.41817313861884,11.747145704464975,14.79684340876118,5.614803315014076,120.09124123132797,0.0,10.374966265097239,5.98161980718062
0.22373947600092184,0.8968759535306936,1197.142000186518,13.93699637861636,17.477898713057588,11.523873606674334,229.15239384610095,1.1193312465781882,11.80785555605987,13.718993326355806
0.1256930679576288,0.7509595023443735,1077.499544612027,22.0774252758263,12.981182416001182,9.8600556240217,212.66782903339416,1.7945778692346914,16.649674540840564,10.996449092280356
0.08316087688736847,0.7886305540989418,177.44727336477976,33.47853679189369,10.460015550526881,7.550947607087435,170.78669217805967,1.9856538436681672,8.996439800260653,13.93020618829089
0.21948639552274163,0.8928288610888953,1680.1838169065895,11.03480476834206,17.570174417237784,12.99885369247307,254.52657655778893,0.07067198028079691,2.7507541978135737,9.438634361366077
0.1605097771191507,0.8450427971322093,1869.2665898211474,23.243587154899704,10.898106278450259,11.345657274615698,231.5252087373778,2.192694149416032,13.084295768593407,13.160805498488056
0.09193575001162138,0.8106006447118291,373.2062334380692,21.625318853908514,14.075251931440029,5.584741164219954,134.4030386728519,0.49967103109060906,0.0,12.895869100819535
0.5087171482724091,0.6380440250325468,1632.8844505322895,33.43484111228488,24.12383407362726,15.70128504233476,276.8424673304015,3.428327003732636,21.302727543187217,17.314444950075803
0.3140199738471014,0.5231524724937303,1683.3328647022743,46.31899524794931,16.571303866370243,12.885831143150066,249.9027199738396,1.1045552776254532,8.425175186724958,13.66742548363712
0.15022796352441087,0.5832127559788084,1601.9346592502043,35.45329556444249,14.402994207043374,13.372570427002097,256.5035488077213,1.499438708041101,18.833216841183294,13.421882387848646
0.33883855402796526,0.9126690051495496,1100.8878334202739,12.758923248495826,19.95603045180857,14.001360522132824,247.70989856721636,1.7410222532761195,9.638587163926692,15.095757171260784
0.6864665463882058,0.3282999638453899,1112.2727132853179,63.495406276182194,24.84728518655539,17.97594704918227,324.5695466547051,1.200433583729859,2.657899439587869,13.282777174497268
0.39689493847911367,0.9048766349848998,1303.2797242194333,18.811281122832376,22.644304992132042,12.747390806612561,245.40912012298,3.8565114133639904,26.001486931720937,18.714209261814535
0.547843602593796,0.9425694828493032,1130.2627626104468,9.58403515934201,22.863080371860633,14.981000658911624,281.09759055846524,1.9117784195391496,22.05431379230606,14.877472467298185
0.1155000313082949,0.783040130153594,755.2122079367728,21.503175764608514,13.834076877615617,7.408006151407015,161.97007024951583,0.009754941504188985,6.996997166926887,8.823056520007796
0.06145525407210207,0.7580539899563778,673.540735865314,20.889162414880957,9.546560975915153,5.755414105565874,127.11787695519922,0.6698087146178054,13.933713043794356,12.125548696502122
0.21817321078719018,0.5943195533282992,1052.233428095649,36.54166692682573,11.453167612713578,11.224818934429692,207.22629814748137,2.7046160479214723,13.650657557975466,19.545801038105694
0.27553351887673466,0.7794936541331636,732.1239004810747,25.25152159988769,17.0733835156984,10.810841996270348,201.44230442755958,0.0,4.121568196166111,10.45849559149865
0.17646515855434772,0.5631262707064895,643.7711608286422,40.786364003064826,14.715165702694605,6.6961451505511995,135.85757859464252,2.0412283956216726,6.517868359371292,19.45564143294944
0.16152396506449554,0.5873810302358368,80.74663701260029,44.83062767456772,15.919316159311597,7.659457077208192,148.83783121104088,0.0,0.0,14.127868872071485
0.24227159823430106,0.42126301547189693,1220.6074164488243,53.77401399343304,14.373043841453903,12.712646381534677,256.4159701723444,1.9306204751923235,8.167349926805315,16.088486111432182
0.23946576609149853,0.8018819165833037,2157.606778042707,24.100385178340574,15.007867808808502,14.22687372857633,268.7698443938339,1.3480886787093642,11.667226336160827,12.98419234814658
0.29853248304347896,0.7947474837926672,837.4317780843431,27.180073824645127,17.565492176080024,10.264033541326825,194.9125921964856,1.6005740866221887,6.254689965614552,11.200624778162789
0.15818776554697128,0.7087778136962977,1300.2176091408003,38.06538198143588,14.1225420145237,11.123380478625451,221.6038438751307,0.3917695166221784,0.0,5.770898604368535
0.36553903319684045,0.7682388607314581,198.93657162526603,34.65916656811545,18.91695082938575,9.286893904232777,194.09526046846062,0.5402880886747783,8.549935087191493,10.117249711748737
0.11810905746427519,0.8922777248000395,1646.3315466281597,17.574295486183534,11.854001826572235,10.352325106538718,211.02583979261362,0.6013538780248161,6.285417393848136,7.115477856315733
0.24515659720410063,0.6153896058972262,388.4856935638718,46.56775322002059,15.721412826732601,10.018999556376064,198.10890730001793,0.05988931204146564,15.374677868715152,15.229363416089221
0.3905886746833919,0.905955595682936,496.4537933117674,10.188638234316015,17.32020427579313,10.56604245832538,204.80998213630681,2.1305767360331647,9.526931759048708,14.560708494559229
0.33668355635663844,0.6729048706321991,330.32922739147233,36.13443665905933,16.44452289024484,10.04605402782066,204.49403936186073,2.247527946044733,13.6486282516075,13.168557212060872
0.2640578227734993,0.4766526422205514,280.3704967682563,56.00878247259983,15.022041724454784,9.521205174417307,188.309694265936,0.37285311206682814,10.310179495614804,11.012811025975976
0.3825201364987724,0.6989263589179765,1110.94255532712,42.729438964721396,17.977344782667117,14.45400507968699,271.87047805843355,0.5765769019308925,7.40204351596273,10.703782059775227
0.0665564251027156,0.5170167702341512,1923.0630507825642,42.38153334538121,9.504403497851,10.551746161460958,206.49713397986991,0.6218150307065539,6.337527435396372,4.384770920996117
0.12818148829229392,0.8356862204141324,769.757773837301,19.091160870693127,11.795403910752437,9.266171559028425,199.24394619757237,0.0,0.6378692038672238,7.389070404595249
0.1221434867671595,0.6358125052042656,303.56346978743784,26.912292359997753,8.805812185916764,6.542975735770091,150.54698291701436,0.0,0.0,12.072149067854614
0.0741031591754749,0.5012940312782378,943.1196644033115,43.13447447084724,9.882273152503819,12.419812015740213,228.79444672024525,1.0177030394883424,8.126859250123514,14.225241982795678
0.08198408214406408,0.9683150484024194,592.8571278046794,12.430723167797094,11.86388738516313,5.691984056021449,136.97719809320438,1.02347814985422,7.889244293856646,12.81562671933159
0.6987825834634822,0.8050017055683841,731.2647899039814,20.44739342669442,29.448720459086406,15.0156533797375,285.56998633210117,3.8262620676400836,26.841429219771705,25.587903919294458
0.6443070755905558,0.5664856433387352,140.58900092863834,37.185445473284915,25.109742287578268,12.607289595266707,215.20029096738457,2.821357104803066,19.53252469552807,14.800058964770374
0.0942012548301375,0.6665871800237357,1040.746966068596,31.889990790330003,14.054374718939952,7.842713427904811,168.19020409369838,0.49315619662365895,0.0,12.613926007644952
0.43559154346713175,0.6532423382430549,377.33296105424773,31.988134099652417,19.81877106128969,12.171899767705277,234.86140209815144,2.6349108154011245,4.274194345240591,16.316183934833862
0.36521111972407894,0.6731076997441664,574.7702552849289,24.83554224820137,17.835133700762317,11.64335959466602,222.16003989370998,0.3033671759380594,12.046940048047848,12.838405805606934
0.42457522193224134,0.945917180643347,465.4444220785228,3.4300362608442594,17.143530699876194,6.641285309001841,142.9607338085386,0.0,19.350812870597824,7.568364433357585
0.46829096529571546,0.9062697560372723,1147.169565956813,12.602174674433183,23.24887755278877,13.103615515566416,248.89290232419967,1.754907601840794,20.648285706010892,10.268648885247673
0.21384507793645222,0.7731200295123196,599.7194146450112,26.77911060203445,12.735201713640679,6.9029487079902125,169.0044490217042,0.05771682234219837,4.920449952815033,9.087828791421845
0.2630644259143186,0.7399813758954895,2175.3561539976577,22.90211627247222,13.492722049556654,13.846328163217155,249.91958677247194,1.9609529120574714,11.254051066002882,14.769602858460425
0.2202204113827863,0.8716441705531367,2849.232205301194,23.273984976084833,16.327489955231158,17.187111889662063,324.2150624084655,0.7000457262772304,12.644922785568701,11.682382822387597
0.4229255719484113,0.468043637479133,799.2014341875492,51.75339027633381,23.02624457283932,15.981464874834044,298.93959725318814,2.6367388312759816,8.553147134780929,14.39827533968962
0.28985000999038996,0.8773215848715312,891.1107514945757,15.420163515941383,18.872800672091763,9.755414430728855,195.25075843057135,2.081122566129225,14.32806596921905,14.90002462155209
0.2422099174352796,0.769804042571308,1270.6720544082136,20.555976955522773,14.476073636087555,12.891667400973137,238.10515627201045,0.0,4.982562997004802,6.444470986510154
0.06858446178988356,0.5427290840729382,1236.8821463660147,51.044441994453294,9.453117971868245,12.26818230381382,240.87789556285614,1.5640916150793949,23.347517205747863,13.447075766412889
0.38718366868047566,0.9526071673885468,262.28540488743243,7.289324405891325,19.502942649428746,9.333275745775623,182.01113566274768,1.313536885795398,12.365545701720652,15.226718112754149
0.39049244899250235,0.8723940189405511,1442.8072335828522,9.892029167346026,23.716081302693006,14.941291177550186,254.81312334330784,3.7045795412465594,14.276037374924558,24.103536493471623
0.7073821943461204,0.5535999051114203,2379.7207461307207,43.69972969677259,27.821653170971622,24.096386556680955,423.1419797749868,1.0732361849699021,3.2664586847412664,15.884884264307253
0.5631416236265909,0.6012332498469257,309.77867414792564,49.79004476087409,24.489993473594037,13.788973262787998,235.64937872333758,0.14918364368073878,11.67744816095077,11.075362718652048
0.3081032402760729,0.5268948574504236,84.43963715765935,54.117761774668125,17.692856777319523,8.069357860468306,155.26878724805056,1.1968820676330234,18.0329366530025,13.716694937396015
0.16869281809058578,0.37016043398721177,801.6062282180296,63.42243136745823,18.553328047062596,11.482545326739505,222.66509953968796,1.5799519991360438,12.217064176976448,12.470879880653502
0.4121781672826012,0.8632543900784204,741.3467235994025,21.538356252801492,19.3627229521322,9.656168649997463,187.70911238599646,1.2855669607607656,25.287821606146096,11.860318882234031
0.3248965784153357,0.6122893443140449,158.57596131239424,37.29018430422007,20.282395746893044,9.427875590266062,213.2731963999882,0.3968900477057723,6.8751370215267436,13.088546705695109
0.41097279463991176,0.4536203471663731,499.7976383273153,52.16625902725626,17.933368449849592,9.997165081768339,209.20254677533603,1.3571583960042704,12.742828387159419,15.628412925355272
0.1341675578742978,0.5611881752060028,66.53624216603352,40.31660317610994,13.654416623913571,9.105746028376142,170.11654770979283,0.8775081351989273,4.124870461133811,8.825197726791435
0.16180498392273468,0.8975857433893096,1250.447544933789,12.63211335083915,15.878188824008879,6.611562472712782,156.4761920971417,0.0,7.387919895972056,6.040679265199694
0.24425098638031964,0.8528963469481239,1987.9018644122648,15.515131471020133,14.446145702879274,14.950558475718072,275.2508480447146,2.5183795307492547,13.801931825823488,13.65136258860258
0.5352163605715409,0.5392355605241173,487.5335116316953,46.79789871820206,20.54885260594618,14.20182086146168,276.2318739311146,0.5523219049146397,10.6994949011188,10.679803708195102
0.40448451814084424,0.7229778124763487,2078.766997960342,27.202471659273584,21.404877034742483,19.567824853204122,368.9046236243501,2.598360086638338,21.387418815828923,19.212322139759944
0.31390124826187743,0.7409929184106506,196.55425282291915,29.476838598695423,17.494490753177903,6.1164202477218055,157.21036495082095,0.0,6.285394277520617,13.09614592219118
0.059505804741750934,0.8878487321942193,1157.9515590861247,10.028909847359312,15.292496736902402,9.732954485084424,173.31945414919818,1.4636319864659562,6.84038254384494,14.784913374181517
0.6065563459735264,0.6132091035890637,634.2011623531652,41.71374751021495,24.071960401827138,14.01567747434292,257.7872708743838,1.7956950554575506,16.61003619459791,18.864638578624678
0.3387256038155186,0.5324886756091463,193.33424679690344,45.444262469018206,18.42426932054802,6.486239172918495,151.2237361516642,0.6945807321035136,2.931986780056314,6.434157497686482
0.16193046374136108,0.7594746701341519,1122.7974116140508,27.88335063737754,16.177665217047444,10.333795340118229,216.44416153259996,1.5606205316426918,17.227803537086146,14.771948957996681
0.14917858112164242,0.632707114770897,161.87245310902367,45.56009780287351,14.093549625062781,9.652582808424928,185.42943352875614,4.011055397412783,20.556335565843757,21.060625947510715
0.20630193479501147,0.395686724293359,1069.730097219873,62.47482903752542,20.06344375852494,14.23604833980866,266.5994515929308,1.4585290830097188,7.571659568023543,14.22747664165899
0.2751346989996839,0.46936240387866557,3611.7459730887263,63.67432132574541,18.792854606184203,24.485426979661987,417.5268155080459,3.1619324020220163,20.770656743278543,19.808715197796833
0.20802315482962686,0.4063054722889004,723.3971990895706,59.37120142908698,14.769647662415082,11.058890854445195,208.26331477978212,1.4293210824307192,7.937441827141095,15.525242928628765
0.182924787536168,0.6747440242732284,363.5232635815038,32.00697578108698,14.923739706179804,8.82031340677502,177.1199810139311,1.3026035009153656,20.347633239488815,11.637925732268606
0.3972629961348885,0.807983595956186,503.23887155989644,21.994616456317402,21.3213113347833,13.745481378306039,258.39156074442604,1.7479783311929513,11.248672976770989,10.28527488958727
0.16718618433672594,0.8245513507849446,779.1347366610183,19.76832144571037,18.079949252521843,10.0718932483425,216.5788927934028,0.0,14.370756722031624,5.8755112990553755
0.35630745268235614,0.4872440755364411,1256.1066638457958,43.27779472615118,17.58682559214648,13.511063181041362,268.82145817332247,0.14450332607177985,5.962239389170394,9.077291694419374
0.39648032176673703,0.9378514213293347,249.32842245135913,8.639031611108257,22.18786999419354,9.110955242368611,184.02229789931863,1.1120617873235075,10.47026141579876,11.518145668391664
0.31155623550320083,0.698549453089646,581.9757532820475,29.95874645692356,13.79960316092563,10.029610815633959,215.9982394382694,0.014653830262073009,8.283438521741708,14.348410834603635
0.016740887855758328,0.7646040457112274,960.4784913472971,23.529500629415566,12.53893610059401,8.379158621031825,179.0010323969625,1.9074550315470018,9.773114431149313,11.0378679659344
0.27038220706273136,0.4491802560387604,1214.2600289259312,47.36794145838177,17.374557188113492,12.894870196128366,240.47759196549532,1.6641812249139618,8.986452781213593,17.526737121414673
0.5532608446762218,0.9137279344400271,534.4051613848743,12.048391612210903,22.881757451722404,10.920044255461033,209.2528498974078,1.9776934133211075,16.194856083639515,15.240700562118862
0.1750088204823117,0.6980011388361831,1148.319349321081,26.217875946959737,9.940350434121438,11.056486950623256,196.0109939467576,1.3688166589450699,3.750706433312824,6.924515564054385
0.4279469882519028,0.771076549164474,324.42972678090126,23.162358582030176,21.730271022683123,10.431872024435638,206.28520420962712,2.65977631675206,13.973345830558806,14.505699405595653
0.1793968863275213,0.8903965517865445,872.2218388904442,9.806627434653805,14.566297835240428,10.004026932496702,191.25577436060615,0.7075851184148176,8.03935550077391,6.914001470078258
0.32226650658454964,0.7485403121570008,2914.047533738848,24.355225023200656,19.838718437981374,19.084573541981452,322.65225651972025,1.5902335047339913,5.675270133344274,8.228121378659125
0.4325028427810954,0.7407524702178971,790.2305946678749,24.356188409727487,20.72943202318028,9.208348760278364,190.1918330041906,2.29145990818551,11.693683682257289,19.588243028361767
0.23387911839168365,0.7753647124437026,1217.562306142285,26.50040362076175,16.34622550673897,13.70245994380219,272.74574274046165,1.6796571240723321,15.556972441777141,14.488080835057579
0.24914652061251805,0.6490893177596145,1748.458754956542,42.188470962241155,17.080035293754193,15.867295253685409,297.91292256102855,1.0551948569063798,8.879109380807487,9.724380036627785
0.2713140624600948,0.8883165845950767,1328.8338663723214,20.350510008264713,18.042133587645953,12.348780386120012,239.016877720822,1.2696193418728619,9.932852147781475,14.163207157651211
0.7108204243801258,0.5936114939712294,527.4793794543095,42.14229898317121,28.52298152011054,16.610915795358178,295.04916812126476,2.7672493069556063,10.92847665827658,18.736225990627897
0.1921191697838021,0.7065383542759535,116.48554899031923,29.3449414688523,14.24756418359884,6.355663460939628,122.29185802555469,0.8394806693330925,5.249962218862121,12.065237732163522
0.039588002445987584,0.8059581084702256,1045.2989915455514,27.76180554397621,15.56988148765885,6.97072507715925,160.26961772600933,1.3541491630954319,10.724718953897389,15.154615775345007
0.3917919400974373,0.8167336180537539,1146.9067353718726,16.115680033253113,17.19383704824605,12.108907187893823,237.6520939133351,2.046318495660565,9.296958706534117,17.000315788689417
0.21783379448651297,0.8922470944923749,684.8327961680567,13.615792892147212,11.624347688621894,7.304259667487311,153.3947221855901,2.6288188073944525,13.587616528953003,13.540118072234417
0.17966880358421836,0.8509014958495281,1891.8009620468931,14.680678961688194,13.562724056080649,14.66019117666838,254.40146949450326,1.158218724471807,9.400493990754395,7.8205182155753
0.18758834158916443,0.6745552739191278,121.11224667637889,32.55426791365961,18.90098456010714,8.442464406340855,168.2579234906544,0.751761606051293,14.555763164205219,15.341336453583555
0.3000371406114843,0.7119204091669987,1351.3039312464157,30.968601558147085,16.458072565748935,12.237806626768043,233.2526461858303,0.21613764058343032,2.0029135025458578,13.682192790430285
0.14660811791745412,0.7612983741705649,1373.1273940618978,22.73848894782066,16.27336100861652,10.334632732971233,199.08398790309033,1.3406799052240073,4.342333011451126,15.409469203846886
0.6002576743655492,0.9275600081940976,450.2069269334052,5.467615176151412,25.90152798131966,12.246769333885908,214.43195353810665,3.0115255812313286,14.007310880723379,17.630147117479606
0.21339092434221354,0.6823991840714811,504.4063144409232,29.980129162906877,15.055409037118537,7.352207722071251,163.2804819261505,0.0,0.0,5.994689707621221
0.49253152787890436,0.6783603325151037,374.8738332864198,36.748866629770106,20.740934539762797,11.873416054156017,219.2979678325702,1.9302163542089743,26.760676393129877,16.45559440876465
0.22041502577911026,0.5950058758375707,1063.4027404749027,37.44766678888037,15.923565190531981,12.617233757538965,250.8208132887761,0.95447621537647,6.949415985722042,5.87493174070741
0.13542748790838643,0.747216876154878,177.13777252565345,27.117629025503238,17.337260992779193,7.171127887951951,157.27817262654443,1.5120152951766723,12.279712212805464,10.285382687062842
0.38456841962137905,0.7211313895935402,2256.322234393537,30.29715433130655,20.436729453640577,19.31831360800465,353.04154765872426,1.6731223158951196,10.566790853783218,11.487344467638403
0.184569445581966,0.8440986712012815,1468.550587591962,21.41910559693956,12.637388456809035,11.970330043258842,225.62326996571758,0.8161021036464507,12.238105435802623,7.398616318480515
0.39458722708349037,0.8783820475831158,217.17774887137637,7.8070344701019145,17.762286242385958,7.315833837444008,136.53882233344632,0.5721319129048333,2.6541727423119523,11.392720586784408
0.33491073506057367,0.6760808060594027,494.07704010796715,28.434165921626857,18.77367856372592,10.41046441904859,205.24897397783124,1.2515107239242393,5.8741271022237385,13.779319797611475
0.28961224450947054,0.5626700313280263,878.1882590127575,53.709412792418696,17.940119890429973,14.932975452707248,268.3965883664624,1.892739297158127,9.111424223894304,18.079797702137405
0.47610945532224697,0.7746564086959383,410.16293603923594,27.31308176730068,21.68959980467495,10.939675992295536,214.02372490822916,0.0,7.426499007232624,6.709778886901083
0.4015507185761133,0.4806144086430377,886.7376029837719,55.89671945109209,21.524064002165318,15.783975849769288,273.13266632307665,1.067176993665382,13.404370346250154,15.300581517951247
0.587364442886434,0.6826432119734677,3513.5223365583547,30.076213468098306,23.272986451242705,22.41898152550574,401.77217425820385,4.524873325052901,23.040011179911897,21.355347523857017
0.3333464166116742,0.7303005235546665,533.2710736935641,24.982267687154703,19.940456605621392,10.526279833852847,216.57906217936065,0.0,9.989926316517357,5.100163813414159
