geopolitical_disruption,supplier_financial_health,supplier_distance,supplier_risk_score,po_cycle_time,lead_time_variability,safety_stock_held,raw_material_delay,production_schedule_instability,inventory_holding_cost
0.24395464376443093,0.5301611640931032,1823.0305049795586,42.0327302512631,16.133558130177885,14.459592963823598,249.64646952802173,0.7370171206074845,11.463867211736584,9.132898846994824
0.28406091873844963,0.6747133420308176,1817.0227715909682,30.757540038068463,14.6187946013001,16.140115901776188,283.92223777392473,2.7032371547818963,30.057074255689187,19.42349855467897
0.3902720399385139,0.7513234917314695,427.3933249826413,22.509251061083187,19.516826658794272,6.834446302860043,149.95719449686106,0.3794027299633648,13.785301576140208,9.266626130048504
0.29864681446248165,0.7004652938024927,200.15603030018542,32.42642779599993,17.471099883761458,8.816637764486597,204.8613017533802,0.0,5.667566901956059,13.068131247456636
0.41835336214606494,0.49448580149753585,553.7265674637431,56.75955239300688,18.341053667421043,11.30561541806972,237.56425597206794,0.16170942435726093,9.939009976411457,5.454533835658599
0.49963164721546416,0.337383731460029,1296.2287992219374,72.33375953344697,23.11513841808966,18.124107341369218,334.74851879447743,0.3611950281428893,0.0,12.548901785858043
0.3039632841398589,0.6501458677640547,1574.7542491945085,39.0084144104681,19.514700614493634,15.083954761297626,268.31808201200533,2.4852838268733604,7.074062040440671,14.282129648994234
0.15089426689933477,0.8667267330946395,921.4464862546048,27.70095509875252,14.248757980607394,9.9643732284906,192.6904510296547,0.39136685118727443,6.7089579501460666,13.169970045958818
0.3293798647231175,0.7488464044532259,1045.1930300844103,25.821958316377565,17.150808439318183,10.091117687491948,193.08116496097466,0.7264834790820589,9.898986733670293,11.775531179142462
0.5237398684560446,0.7542110646356148,972.0721606332991,18.958408972782532,22.796552574587185,13.360157243780842,242.56808977630502,2.0858367895665317,18.81536857951233,13.608575229311455
0.16127411465867025,0.6633207246377278,162.4728906433046,40.56702512204534,14.022766152879855,6.801600086982815,166.95104737750196,0.0,2.156189292993424,8.840321149372016
0.3274650438666328,0.7514766050784644,221.22193641144122,18.174133584192894,18.621269351627916,8.949470241093808,181.80438238244867,0.21089736354848854,6.810566876002183,7.9760785086953
0.48761242462451476,0.639716937877999,2406.013089296221,33.65046047748107,24.409972140092933,21.3529160922192,369.1787597368486,0.7469484385021339,8.783351536773408,14.380734362217911
0.21620560433097472,0.6671474348591969,918.2025702879389,37.557292024786264,15.949019615046545,10.89838654230877,221.21966600386588,1.2698677911371012,9.42250063666607,10.02875742956651
0.29178582562220173,0.7413524765931835,84.39203173780012,27.766369706369584,14.489252383295621,5.319302642158739,113.15425989204135,0.875946756142404,8.14141264389961,11.388630974157618
0.22819733188848898,0.9775375398335776,1091.4672102822976,6.066857600620485,14.580291153234842,9.843202263603505,198.17449216674396,0.4432991354764111,2.499674028707842,12.14396657779845
0.15634583241166214,0.5214944229049786,348.46262218222563,42.161551774451894,14.240687912084827,11.805412266171412,216.112466705842,0.5624742530607412,8.64843405416778,16.24666920899741
0.14563365400354747,0.5891182226435215,1662.9059147193013,41.92534801491637,15.889090319996914,15.76533183013262,283.5358282464061,1.9658867293409128,13.838796818339043,14.886821020676841
0.3281252531586547,0.7286197768826087,1542.350288236381,34.442532524254176,20.79882421203947,10.174754092096842,196.75710444186052,1.682611082528058,9.530385500332056,13.478995946704822
0.313299117387217,0.9304270029753914,1245.7072545386072,11.361409314894875,21.381848617855336,12.359584446217477,229.0139592329496,1.6430907720663015,14.901234418383043,14.928631525513838
0.32894420762061183,0.7060389536334157,910.3478100917715,27.30536477478728,18.4848339856739,12.809117525805446,244.39258095414533,2.99175860735106,22.10619237156572,11.25900387135436
0.16357224331793252,0.6935110311030798,1943.9061494832554,26.34631489773617,15.6159244339533,13.470416435604319,254.2683805579899,2.1589729472279227,17.022773268789003,11.80149526599765
0.41305495459492536,0.7173737650102777,2079.11403060532,26.388388234297118,17.417450796067193,15.862796410089793,285.74374025900704,1.8380825486096235,7.140113594134872,13.469106874888706
0.11293331963858236,0.2081112263086983,356.84331910526174,78.23165839428894,13.683096137287524,8.89444085121205,187.12345619809233,1.4612395808810237,11.343187157834054,11.5141915000046
0.3648103431760136,0.8608268775565568,1236.0378726556082,19.24359233170843,16.969730376478616,13.198557637239734,239.29221915006053,1.7890302862331036,7.598963330615152,9.670075847852523
0.29892066136433687,0.46595384822681424,487.591354040803,49.061618156608375,17.34793814259892,8.674297374735652,186.93031931142903,0.6418616000211743,8.050220131583863,14.177989953555691
0.09624516671128007,0.773898553102397,310.75808848032824,14.295333110873985,18.465805945526284,8.280664212398252,172.14797296439772,2.1003231358180416,8.863609058172596,16.03007802821707
0.395987313395504,0.49946139114930665,2077.8958657639687,52.148538614923226,20.506791307268458,18.078938109509235,316.34743602125957,1.4588819069272347,17.221344314482867,14.06800050916561
0.25349054600379056,0.8367912335885306,1379.4534273836614,15.20025198215599,14.609637211734105,10.09465984726556,193.47230959195358,1.2759362686556877,14.020402419721961,11.107867218176098
0.6281818928514328,0.7698745639918798,967.3094689970712,29.156601635807238,26.52012533320163,17.0170671426684,302.8420325353592,3.314689312189868,24.023703775471418,18.524902174465666
0.22661914083185933,0.39695968841231916,388.9939769271457,55.493079832252526,14.631328147617774,7.020585890451288,174.01518092522855,0.3008866646888073,11.462157109732711,12.295565040045197
0.5606250264600108,0.654118562444278,2119.280646918436,31.189827111665934,22.094137435185168,18.002919624712526,319.410656669662,1.8503790893688774,11.048517799607186,13.83125956171235
0.1640564553357773,0.7756702682586242,343.81009745140994,25.955535393021744,18.307690450175436,6.874109771741515,141.66761121468832,0.0,2.871951282362872,11.333716717721094
0.0688624480669468,0.22809513272212703,275.2187028780948,86.25993420514041,13.855185254207175,12.258961801790248,243.07261769470418,0.0,13.708619143500766,7.611818554524655
0.5079425083905975,0.2972055677591625,791.672857594953,71.99664885725824,23.389635959756426,14.310978181371803,259.9453883626595,3.864406447704044,19.632027539954098,19.953472058229252
0.04625077045058682,0.7468772069882821,1296.0538475021829,28.462147867083875,10.372622680769588,6.300774518332901,147.3492078185182,0.6685002976950054,0.9010979784200259,15.098745593015812
0.11893728837457813,0.778824539275434,599.6222074776865,26.70004914711578,12.351853243420056,6.665044907857457,143.91906811359607,0.09738176222033035,10.426860717210445,13.939513516278943
0.43580332116414594,0.8350858187383634,899.3414285962091,11.086697006119302,23.98004676279195,12.918459669529929,256.58462820438064,1.4029938447163781,11.330853720184116,17.490251026639932
0.24392524862993042,0.8897975330125045,485.85518483285165,9.306520175111814,16.711286291077396,9.042968500663457,179.73692994349224,0.0859990637899577,12.873716875054741,11.071702905773645
0.2768931445268666,0.6936692629594713,533.6916244257856,20.01512200841189,10.756718327274038,11.378985043593934,234.66335543968438,0.45628908556956294,8.040004732182496,11.235564578497144
0.479835745865537,0.7478188508752489,2588.556533007853,36.345672894110706,26.8377706779561,23.146207701833482,386.7005096822144,2.3457689376406927,14.283068313829206,14.518055595623489
0.4232122092470457,0.8654963968258853,734.954416336744,24.742254431449062,20.94642994512071,11.986476443536631,226.86808279589468,0.0,12.630604043873449,4.57754573044775
0.2031280864899692,0.41110205392115845,2029.0035431465512,59.96490777817029,15.764940173718864,14.766902078110137,285.5034890307199,0.0,0.0,5.965300910798524
0.052897264407406976,0.817817086125697,141.86137890582643,22.072037764108295,13.495821237054766,7.554639851667229,165.00134002282184,0.0,2.0731884769849636,9.495835084104222
0.15792929255959193,0.7861505236596643,1686.2285017319168,16.488502858142308,14.879037968612971,11.511783860114118,245.3914173197681,1.5666155604128882,6.829647382375512,13.59167355364693
0.17389174406264576,0.7792936148746767,406.35910232847465,23.767074860025634,15.841110836999762,6.593854876044404,146.21641864828587,0.0,0.0,14.236669086419475
0.4552325047221421,0.4794508257537277,1403.060096145369,60.811385074183974,20.533365683323705,15.749063825335261,288.80638590963565,2.3201388297149674,18.646437458942884,19.744744462414296
0.5640587698096096,0.20100752852358877,403.33247607620183,77.56640242385559,21.641878597307464,12.37196961522537,254.6310369488687,1.7408980505143732,9.176500132142799,12.292786701826179
0.08919630954948148,0.5717446473865488,566.113462656918,40.71974940415112,12.79037330168343,7.235037655727132,143.38633266848433,1.0560122985892073,13.750889402589705,15.095007891740075
0.2339890354013085,0.6551970580492237,302.0659443332039,27.241911475551802,18.71295518958189,7.8995524177905345,152.11578593504265,0.8776906603019712,10.456195097380904,10.763020057033195
0.5450425599776015,0.7166924623376915,1422.1093755790898,37.3992070282618,22.330458882673803,17.364292074669507,302.5092993479485,2.476319184890912,17.94098907270207,18.23864699123868
0.2092531689413234,0.608495861082704,1581.8561955317964,39.88495349741835,13.775281233893532,12.47985749096119,245.33158925915112,0.7113464502780664,5.568388396909028,14.1964193100154
0.3996442644059915,0.4658868944836269,418.2501333383665,44.286510229659434,22.43314513090966,9.548263066963045,177.1254341711263,2.619104077100668,11.65517558847743,20.274038629194884
0.3734145063194637,0.5985232844480333,186.1654484976762,36.51157598931929,18.42087224770441,6.91502924828299,159.69592928986503,2.2346735444183357,14.387498553771946,14.108753796697748
0.3619444339374875,0.4789242290275515,2009.3670497832563,45.50912930072971,18.227491020768383,17.256958410069345,314.1214430959291,3.380343583534688,23.1172152506796,21.49377002037949
0.21604299064489343,0.4307249009499322,463.53453863153607,55.57604128594624,14.654786220229852,9.66844085722092,215.17051519033336,0.0,4.74808997258129,4.381557891636184
0.12510978300763198,0.7657326731952827,704.9638703280974,27.120754260488646,12.997782613209841,7.294969783559601,169.87939600851774,0.0,1.4903183868385375,13.888647044616585
0.26730226900100523,0.8878834980194095,353.94679098286775,12.574399856860524,13.535280533221052,6.512032698027589,151.3209928453916,0.3717489722359615,0.49190543195205283,10.854322262134355
0.3925602709342212,0.5824429233882665,1326.6896001143893,46.465369877490424,18.735326548272276,15.163538443245447,291.0444060002113,1.8298488463634728,13.340210462073026,14.56343812195159
0.05128730414767465,0.8399425590157563,1350.39191557317,19.799180890944143,11.742918641971311,11.649082316851002,230.1252741639137,0.0,2.2296623253573116,3.887690482928642
0.6816644924045036,0.6343462087015099,2237.2959838683046,43.22040314322476,27.48808818246225,20.51651638302384,353.1470451990856,0.9720548134727702,8.52951631694238,11.264139371939782
0.024211150100058833,0.9187319208802939,1720.4259787365904,10.528156730369954,12.921264857660645,10.673344935237576,198.65411625807505,2.7511732230256865,14.810798980859449,20.94437125640487
0.04150542797091383,0.8085267073840164,1639.4162524117405,37.459224295494245,14.716420143662456,13.40753827574634,245.4194180992643,1.1228211038600957,7.269129542017657,11.526947084541797
0.11519921241583758,0.7983903970433568,757.1920257741758,20.322420648728095,15.904947203724745,7.1880534801226466,157.4200634563685,0.0,6.469017803797561,12.140388282925626
0.19455375389612842,0.46255962432542935,685.6880208202774,48.852983851931995,16.693148615551078,10.22235542753444,205.08551546651265,0.0,7.772520420720535,10.103665383142328
0.26448596600444013,0.5208614703974188,1313.5586588220003,42.990964913753515,16.314679968576588,12.909879199666186,222.2962320141252,2.4675152026881704,24.6964555340066,19.356795425519522
0.2562274533820433,0.6603888154942585,724.2552713428934,34.5103029727452,15.15954819463732,7.979345237695499,167.49457521619254,0.0,8.789838573422559,10.574502895612374
0.2816921886346191,0.47967921135558766,1761.1463389008957,43.2311905236682,17.07806158088228,15.274139820144724,279.39791499766534,2.0241720843409228,21.065099984734395,12.264995617558
0.16759708002585516,0.8473427004057509,333.58954897680894,20.21197118262147,15.361084540192174,7.037213094180624,161.03357086150777,0.0,0.9069981429913163,10.16935203954683
0.5912049948167846,0.686134754744568,138.55658377238834,23.721353225164847,26.424000466910947,12.2661603993128,250.2604148147555,0.0,0.0,14.803650711103638
0.20750380004764835,0.8287416493657411,1205.4005293919672,21.221606177369456,16.43376646822291,9.227448085059896,190.26825663035112,2.2528013153467277,13.93905398278612,17.124938522475425
0.25345658923641035,0.7813738046242263,514.7991330345432,17.920098863337856,16.094063788158156,8.411919335311909,167.08316126720143,1.432846674460078,15.02152291858581,13.232777764269201
0.10313299175986462,0.8894326329177143,287.6529863166278,13.044596000505239,14.152049273681138,7.823314165906575,149.1689186525839,0.8851700787283117,12.046488905710394,18.9801566542207
0.24122872836060696,0.6608663068499215,3191.783395304226,38.54473437916886,18.55246321918218,23.52331935780596,409.7198999482132,2.3010328945555703,20.261039439855153,19.230229344072587
0.5120450375439777,0.7104738302924264,813.1404694877264,42.57754369306339,24.56144670673452,16.082210272423488,282.5422804915782,3.637958117781983,6.869105676201899,21.545097040650337
0.5349037096546614,0.7583249789186707,227.08115793584142,21.36074929341386,23.30856663103974,8.986269509831947,193.4624124190927,1.1794193788551126,15.98256198984149,13.900575842870905
0.4259009638056911,0.6400283180188523,463.88685817335306,36.64586413117134,18.979826710130265,11.618601379282488,238.253222210863,1.9703771928793616,14.558821903665647,17.116764486451725
0.2852554767664321,0.7628600265663692,639.9472386821539,22.723804235149057,15.416252060384588,8.565740927233543,163.0453662487114,0.6643908913895843,0.0,13.949173448022481
0.24787248292333505,0.744512722849204,1187.413350519612,23.644503330767655,14.834376825899012,11.565865845583245,229.02691327133832,1.1193786493893756,13.09515883120153,6.250000586817025
0.4316679645245102,0.7440830488080487,465.9678274588896,24.457658957427896,21.305849510462615,9.577650341807042,206.59097923049907,0.9510597441657844,9.651651860827954,13.562457998902806
0.1970520448002358,0.6857382759960684,713.4101026601004,37.40388753853854,15.965908627117162,7.1249272772583385,167.0643024116779,0.0,6.906146492890254,9.517582421993025
0.37517806759442723,0.7632263611564943,992.4173034309118,23.86934817476361,16.55038705397262,11.130343363263389,195.99135607984627,1.7029332265590056,16.80727865781283,12.758004246987788
0.30607302242294726,0.9639106035824827,1133.4631843351842,19.494609168930833,16.64383534384658,12.537646721662869,229.52818037700598,1.0531322818042912,11.363905969370744,12.046518864378013
0.30324768504005073,0.8116338323105522,755.144939773388,24.03285137152397,18.06776305661206,10.790367899692683,199.05371343788602,1.9016685341812463,5.2425486443765585,10.086625274986512
0.48446557454412287,0.5706664992574286,2561.222151484316,38.589961760961046,20.31227954340787,20.701375011721012,365.7553527272857,1.126770261363456,8.791949696539278,7.403095353297102
0.09097264733509326,0.7042553263433092,1336.7683881134647,29.783494718376787,13.142124489496542,10.859873624946992,217.03137060905985,1.5769530759434587,3.219586449519376,17.681889942204137
0.325338840592838,0.4801352096008649,1284.4280550268288,47.77859618572221,17.518614432987818,14.363936131352869,238.48012319088676,2.77467118482803,19.34399414210658,18.323151421196854
0.6046215741333603,0.6349441380998122,1250.983988326708,41.85537083575048,23.668698809995494,17.278249548290617,306.16542701108085,1.978678390134623,19.90456476845869,7.707659593699719
0.22808291410575965,0.9660188784878632,1770.524190568664,0.0,15.808483717541785,11.866010489320074,235.99735564321216,1.4892027699477632,4.749551267029424,11.993853300664185
0.311867577054864,0.7922443902051518,943.4308749743317,16.993247979357285,18.581250085529803,11.029849870262998,216.9275079661862,0.7451442194392364,4.623258075094894,14.504515748787682
0.27347695300348757,0.7770494151127543,328.4734121091201,22.107822046106406,15.139865996547336,10.492967836556339,208.8571867433437,0.35993435830620535,2.0278908276139793,10.059792774603618
0.21105905693146867,0.9476932499748162,1094.2289587722496,13.122341467958169,14.791251663658622,10.153239656989157,198.64865798765024,1.676210209352666,9.435314477718979,17.92554038477675
0.06881685718489745,0.3969661267307779,1197.3107594321577,65.43834996834386,12.655778184236652,11.573907365941377,213.01920107837387,2.1407823923679814,15.625245360466266,18.501211378749858
0.1078420704249405,0.6745284169960365,1962.3623248297692,41.19515342422093,11.171871393989976,13.602051003867743,253.86020681911128,1.0381541589382726,6.937271025247297,8.52525176941354
0.3749653616765385,0.9264106771678688,298.110453543027,14.272046654629456,16.05862036106566,7.987697317001408,170.33639426737236,0.08947426993661622,8.62054794324159,9.793713378295045
0.8163422381037169,0.8898011558374195,370.7873871603095,14.503448292842144,27.33540826121341,13.186337161713888,253.9476026290379,1.1104007343967388,14.76850178796683,11.431733561565736
0.12357063241739781,0.595367837019947,833.6756276797641,45.39002372977473,12.253164082321005,9.743761155443273,203.1214165746037,0.20060854321383537,11.311230479501727,6.333806474978288
0.1408222075266004,0.6357389635738468,1276.6837524995935,32.06099019119523,10.883718635554734,9.710347172165422,196.51382177411372,2.4559127599581103,9.232745562984203,11.776958925329462
0.33763164232582527,0.6810556414369915,247.44205774311368,24.48170616058963,17.74534726779314,8.358436373561686,186.3256292492736,0.7417686608530102,14.896719365775656,9.436357013407344
0.3193693559984723,0.6932386765996963,305.9696556162175,34.79170699445977,21.314119602307166,8.529764700732281,174.19722382962652,0.9065423390977879,15.956530780772347,10.343579619206555
0.37477326653094034,0.7499655974851436,1498.5543240554823,22.474704140592827,16.612134887896143,13.769976575484991,242.10940293347753,1.0659788835976403,17.027315190576402,13.514636540724188
0.33338728049763183,0.5303125139045387,257.729939442099,46.945340087764116,17.769472309485394,10.586998268824507,213.57551072654965,1.6839230865348547,10.94661824755094,17.342448135980398
0.16738465523547452,0.6013547089967094,375.51124457146386,41.476211269660226,18.449225489429633,8.364444317200736,176.73046030190358,0.10514788131891839,1.6613791587242845,11.803804570734405
0.2863602886983326,0.7661529488476279,1565.6376605697867,27.286832399604968,17.975267383409733,10.601497024023544,213.9917705171518,0.28839778781853265,1.232385193873708,12.972111190388803
0.35683426641709576,0.7785914757149297,1263.3428274970006,29.61572487828159,18.185410085476196,14.002200514143485,247.38849422932304,2.7522801446829845,10.500221145857843,16.08084689729636
0.5581949104795468,0.6504319756930289,470.1853382270038,40.62149812908605,23.641107492950194,13.103817431280861,264.46522235532336,1.3156565091007133,10.321078069727196,15.098141862590452
0.2406864018990516,0.626728607191282,1160.6591360515918,39.56942568862307,16.875885064262842,10.58813462844917,215.92704356337396,0.0,9.239259282452126,9.554875055229216
0.2521283849205236,0.9040744067113936,1003.8959802043455,11.423226993627551,19.69475348426797,11.717890735988053,222.88839212982955,1.186311913933635,16.278039860671264,11.641362635075739
0.5635616256451391,0.6752148507809562,732.1413843621236,34.76947387309555,23.027333426173993,11.531994449116711,213.6253852771042,1.6359547317045209,9.116033345006327,19.78118967594818
0.12932092824676783,0.6151581071239851,587.3531483082733,36.654718275466735,11.71780264039263,9.542497752026168,203.909000384715,0.2686324838930908,5.881088600170918,3.680153340090232
0.46826207346279874,0.7738780046432503,1127.6364380934283,24.368834972076616,18.948934371009514,13.23137431486054,237.45291690226952,1.975600747538044,12.381465223144946,9.319088976923029
0.1830446419482492,0.4334906088769642,280.58306067291545,69.07671231897528,14.782308113725836,5.854573598219299,160.4322522212102,0.0,1.823598750674305,11.148099262400812
0.35466815032203375,0.6776645079068466,1118.238577336952,34.921142792801504,16.05532901841502,12.732150385221262,234.8502063793256,0.0,8.678747648803096,9.20505295440265
0.31527514788872324,0.8213297543402857,935.6396251231122,23.331547194562035,16.954313447574492,10.365195508330105,222.68298477100768,0.0,6.814241233116128,5.689046949499232
0.12758667085044484,0.8210561418906462,986.6945401329233,17.57754398469003,11.372299889040416,7.716919772191112,163.9090587321395,0.995127223117632,9.689624768068558,9.323985204302776
0.19196946073904333,0.7809624079134879,360.6569040288052,29.813750369935427,16.947483538944294,6.904604709181655,169.3765377259279,0.0,6.791527195979624,7.226782609414655
0.28413911856577007,0.7391370856799445,1995.977365950239,32.27902440212211,16.086685189410638,15.093152724555008,269.04860580005993,1.1408873934916999,12.640805813754218,15.52922809512199
0.11436165842242949,0.6208256040570374,471.59227100148485,42.96245840814206,13.652902116571969,7.269537567527562,159.23142729838042,0.0,8.02718509565194,13.637231293193317
0.1495061040879871,0.6979450306587142,537.3275174675745,33.25940347448304,10.529468598822552,4.802714001339151,130.08820332179292,0.0,0.8075502193907136,14.918687695691855
0.3459052377387791,0.8410825409278154,709.4861049004525,24.473521795330463,18.91064485237517,12.57356096915065,245.22418590421796,3.1453102623197013,22.062883792993535,13.09624198917124
0.261017620339726,0.8421725423221184,1261.2414318059741,25.562897174183014,14.11911989677165,11.162583049223896,228.4463640749373,0.6269829126221171,8.784762238891265,7.466086684020697
0.2448553811054104,0.8648995786675128,964.7304129395397,18.574532516670324,15.270087527775543,8.939101931783895,179.21180782874276,0.8796040788771868,6.345335340607423,7.892130773691399
0.2822857856577212,0.5581272414513853,178.86710157092438,44.195486474373716,21.479549789955477,7.7128259599394795,166.54047312759027,1.4707123229242118,12.053997748927697,17.543351824620558
0.21734877498512223,0.7176617105626631,804.1417005250463,34.88330099993412,17.298068129109822,11.450330372523723,234.23884134783657,0.8643395408897108,10.17974554718411,13.412522215482866
0.25852184560859987,0.9306415850985511,856.5444427223939,6.721630808331679,16.20622097455238,7.313719268713028,152.6532340135059,0.5936427706333003,12.78348941835382,11.724704575992416
0.24720679593541348,0.8071686791621442,2028.9750177708981,18.765017472330385,22.57805371795173,15.61949432266313,290.017825451131,2.5978077542089517,10.160452874409906,17.183405467064723
0.13592776931001252,0.5000889183392442,631.4117539513829,49.725495635043515,11.567844852003677,7.959047177027987,167.19410525764232,1.231492298999328,16.550890964268277,12.908395916082089
0.5568774544154433,0.939497067568126,1183.913499311557,1.7384785766779345,26.252369124536806,13.427323439240695,253.46859265443646,1.7409620454777763,12.079679963460242,10.988978971474927
0.6676802830977464,0.7569038888861072,4173.941709780133,31.01662636806748,23.62665816374943,26.476699850404444,447.99599992021115,3.307359760068866,15.698672786532473,19.807917769526878
0.0676713353847233,0.8968218803382934,1797.2696322079828,9.47146133222449,11.203937869322187,9.954133810136781,191.42917564420208,0.8835403120289431,5.850370748830099,11.650435263111298
0.3172040452226466,0.5429337713485455,342.68211244414306,43.77850547112212,15.234521630205045,9.395682916904896,188.32831183234896,1.9047312804041305,7.612086329903624,11.160863660572447
0.5205721832162397,0.9327199138423259,1382.5595139582467,9.98880977579182,23.52885641058774,15.076552811464147,277.5976146927293,1.3815406262174363,1.821588086086031,15.176707901617764
0.32544045492075485,0.7251690944568726,1121.6735280582288,29.931215606734213,18.247951880176384,11.145582592037655,216.15649889344354,2.4339074677753003,18.12262927289722,14.807405760620487
0.4526504893754895,0.7557489587858414,614.5836275575106,25.264327327159073,20.700932636020074,11.311493083338801,235.3997557480244,0.0,14.904432002109822,10.682450460524132
0.24812650167957623,0.6291522236776093,1393.9121459739927,38.03944463286343,18.38727659224202,14.553405964267688,278.40064503217894,2.8138081821010226,8.167155984225012,16.65958297135848
0.0892215885774973,0.6860145239872438,337.94619043478446,32.96055467919599,11.096341768431852,3.8840936341600845,111.16120949733623,0.46765997866438164,2.1185003350057343,13.843286263335381
0.04680098181556564,0.885466451959761,479.9151513364243,13.072864535485877,11.82372804100379,5.7118674324072956,128.04654965891442,0.0,8.757915945726666,10.660488922686826
0.32650901432198964,0.8163173366424109,715.4603135142086,17.665467413989195,19.80383523859242,8.901586107017815,175.2835606862877,1.5914234781743644,11.137509369340343,11.327458170865494
0.23386105457965312,0.7137672403690755,591.5501887007556,36.16831798856122,12.880083946698962,7.3984914246983555,180.71548172327945,0.0,9.172096211375745,10.966009670615597
0.29329167709047915,0.6917787305673272,1289.415063254152,22.217885737607034,15.83546324391321,12.381724712704926,225.62701632985195,1.6936523920748738,11.266006952555314,15.298197153606372
0.32584569387566037,0.20440386516291206,787.1834505415433,75.5750763402905,18.253864281523178,12.454455609413118,237.95543032270203,0.8473833188215598,5.486395778954352,13.652457219170518
0.12513738089299023,0.659829488822241,543.7230712053231,33.270848646577235,14.388741361181394,6.172640279118635,146.19909133026633,0.18469926343011298,4.609586500354796,13.569370922771022
0.24815900109876296,0.6116115134869566,1776.9565804534286,42.04892121980634,19.04645055931214,17.038936763595938,302.47081493910605,3.0906684037942473,5.4522265038971724,15.878722653954098
0.41876730875098594,0.7264225137782951,1255.0242697526317,22.35050977735839,20.037423121318806,14.873508777581897,263.08059401795487,2.550199098157178,9.483374664386387,18.37930474693454
0.5315500907658868,0.6788515050738018,217.73863012365277,31.404437837139817,22.6558101838474,8.193489731517053,165.05337958269092,0.0,9.741396871093508,4.825548286477585
0.28499117214666503,0.6274878013398277,213.40595113428313,38.01429920946672,15.379587243239296,6.129564036666582,136.47841052695847,0.0,10.959499220894223,9.64004555413508
0.49469960814466146,0.5635150321646336,546.9448935064607,49.634015157035265,23.027458387970604,13.971381562208512,252.4757947421499,2.0793307053259427,20.34815309676535,14.37434710889193
0.17079762547612207,0.8707003064324506,245.97220948197474,18.29789725505657,13.675705489506868,5.889209778359531,151.6153506072023,0.32825247569542687,8.517356635021871,15.164166849779406
0.09770090633480621,0.6425065962722676,1586.3083077725075,31.256965281151608,11.894458132718718,13.724719432266301,255.77953154926823,0.8870007334946362,0.0,11.748495546807135
0.05164548490209507,0.4965559347961674,499.63989264350084,47.87258227474163,11.103360110775359,8.395361177955664,170.69240665785884,2.50775999001967,11.856007314142971,18.093366309564004
0.32812821320230834,0.6562442734661641,1182.8471787943324,40.368272151348684,19.306461454238384,13.719995532279988,256.8695134228719,2.3394068539514326,20.98090579854889,10.563181266260909
0.1718601194187228,0.5620730549695073,1368.9971009488459,38.40955072312901,13.169041879109548,10.213909139429894,209.88819614439757,0.20612323394121557,13.93976412918263,9.460034190787294
0.23265379937489988,0.39608718352655525,117.81656075011192,58.958932140748175,14.272028806554687,9.158408008316966,183.9299230641787,0.2548917972488255,12.832805904031517,8.098149890821325
0.12985766029823903,0.4096982988934918,519.1558471980503,58.081550836954364,14.109889879724182,7.22239976285876,167.35580939464057,0.08495236216279192,4.15854712480217,17.638914275293555
0.09779652045736298,0.5248212663432781,689.9216959916947,45.83717072950115,6.393463207668905,9.750803765366179,183.5505887369271,1.012110186037735,2.5155614112781146,10.529885193730266
0.11861578841183525,0.602853183959307,996.6243593758314,54.221972357656945,11.75803836297251,11.043436000654093,227.36457633097555,2.0612818041949668,13.041969266987458,15.373041728471772
0.4443441547398961,0.656849006556713,1525.0862704028252,33.81993211265809,18.805984869682675,13.929746790479387,258.8566784594686,2.5766706934984605,15.380717865145154,16.82140414057166
0.18035483743455097,0.887119688715291,3285.70066529076,17.408053812462796,16.91538738189735,20.200368300745662,352.5254009936677,2.579528464138757,23.145937957012293,11.680386287536932
0.3802816196857207,0.8234245594552771,2393.952100626406,17.060284047928636,18.625174967057227,20.62713914115091,352.4769438726151,3.479880729401307,20.058479418216283,17.121595591873927
0.06696152756438149,0.7335426645686751,779.9403373484288,31.619900148816267,10.552605958575077,7.492913821421666,150.11520601619085,1.8152673387118226,12.344475249251147,15.752467884727322
0.2290073404533058,0.678303572099924,772.7805626647757,38.30661649526652,15.627938540826097,11.008322364709729,198.45811611249204,1.709510663717611,12.205518395587738,14.530943485017882
0.1919448341675363,0.7817447415438675,2228.971018399023,21.70315307732143,13.60787599725858,13.930037820854738,251.32280062332316,2.220957353182237,15.88312356154238,8.651160466931783
0.03497046698601967,0.5582750865858542,813.2672747611365,44.481733131180455,10.068965358343421,8.395292621670757,181.80612153108487,1.1771794811621896,12.840918354956601,11.241974369391672
0.1714927584151397,0.7068905216987231,509.32480843986315,26.903454197660555,14.481539781224818,5.66579313810015,125.37411284845564,1.1258582210553045,5.88074571413124,15.87711053697894
0.09130777425126428,0.8700207684299199,1604.3518259061527,10.976111781057746,11.43861348726907,10.411672839519175,190.69061073554454,0.7474815531693781,2.701824239549669,13.63337266486225
0.3666980040518771,0.8102845433992452,1032.5323558940013,27.258368256568964,18.309015196752856,12.238350143078316,224.48459903779687,0.9307623573670213,15.575842036491578,15.981005948893166
0.45657505944828636,0.7013324134885905,209.99081871281467,29.110078056608614,19.394061138784544,12.555673489352783,234.48676916524857,1.2102063569681616,1.6356189556942287,10.068573880150533
0.6671149717480449,0.6729478934124679,635.9035899290204,22.366627950337545,24.37030681266006,10.961906884061301,210.973591034296,0.5412721203610128,15.353825777467915,15.195968906739704
0.14338743196235013,0.7448559693973873,253.68461454535446,36.78974353670326,13.705959594239316,6.635893841189611,148.2494785354165,0.0,0.0,9.866781855132455
0.0834121088876518,0.884426073642327,47.00677899551734,11.391176756877549,12.69850374176294,6.2618342129381555,154.25357665459111,0.8054451890742005,5.299075092141697,16.790280475502318
0.46855923231056223,0.9023081647111756,2616.382199110473,12.560399957254049,18.857667520196156,18.30801553712038,337.1127774377206,2.217834126009612,18.730606356955683,15.55449861727535
0.20058075434801959,0.872170815588139,894.6323026871478,24.70915912453906,16.534401689462186,9.641781155701532,214.68134238941622,0.0,5.001709445391367,3.85757352185706
0.24983327452365794,0.545787279985953,655.149351780413,45.17043433032603,17.773927142740945,9.293985853915098,173.16071464174078,1.1406533613692988,2.980229426667991,15.399397117344678
0.5047925381144583,0.776473823965033,543.4436460842822,24.30067283213772,24.569191729418705,10.713619219878352,202.14544909481194,1.179522241830026,11.850229737950084,11.618264570651135
0.4373517725352685,0.6471915672624495,825.1264278508912,30.611893723626878,21.533572482862905,9.821169801546764,204.302398593799,0.9455743516240276,9.117319115498516,11.235247044954617
0.23025018512210765,0.9633585736106164,537.7339876175042,0.12355987690669501,17.030418828630683,6.609855378120583,144.60751851655849,0.0,3.919758557790111,5.640710706790692
0.39645667241251364,0.7383646132795875,348.43387534641806,27.71525348185649,24.281468499469486,9.109339247030844,195.24795340395497,0.0,1.8803885460854608,14.866598497018128
0.08998771827704447,0.5786959590581724,564.4905393814196,44.73141255513895,11.646649755171525,8.138490245260321,174.1484879800531,1.1783640037885101,9.540426017501039,11.382606488062732
0.08255422393860194,0.8801213711368328,2083.9264714329943,17.316703638738915,9.972472596685936,11.176343445045033,233.43719377604347,0.0,2.090391940238223,14.72510732473756
0.15067178874971948,0.7671355505445268,1579.2338262684539,23.551495048646515,10.698674952300063,10.585299132776148,219.20664813096909,0.5423165426819533,19.341929514973607,10.062061871926323
0.37328195057784236,0.3580372523882063,565.0961440163616,62.877936281796146,22.84339662491069,12.138738398928105,242.6912422495114,0.6764285861132928,6.5056285853693065,8.907835858835398
0.4087397258837533,0.8024833650456294,2793.4286539212335,13.590447169253508,23.756067664491145,19.614317157455748,340.0960412748993,2.4424247379996853,12.900914182903188,20.064649367088656
0.21930425568146444,0.7857909444852589,772.7600830418626,26.579650099804095,13.633406908168151,8.42668453422733,175.42565955372726,1.0459585551024322,6.475653492970784,12.394892140755392
0.03785541272663455,0.9035958224703604,422.37490234678313,14.48340520151779,9.49174369280875,3.547595590291713,100.16139927870213,1.7222859936253703,20.77389818869245,14.114998961997957
0.4408177547382989,0.5181133240595032,1066.3354062951494,58.238105305559,20.372461793395125,14.888307863295966,258.2656965129404,0.5855216219984676,0.0,7.618926234146809
0.27984942792705586,0.7278844756491958,2307.703824324368,29.52779542371762,19.444749442468364,18.46393773266697,341.67675854495985,2.7046414659841354,17.61572797343363,15.388733600871571
0.23838147535877255,0.6006505337775164,2017.8150748412484,36.228105199293125,13.384932487008694,14.990156528937295,282.30622102249157,0.0,3.803550140617977,11.286087470892998
0.043690565650991046,0.4733579257201694,440.89747167033937,52.14417101474066,7.159025091497027,5.87944606899294,134.74141979408475,1.8791361963905404,5.3995442623521,10.800300509699793
0.1199660531959114,0.5294018343292951,286.71730656738964,45.71483591028425,17.334180283022107,7.807746882163941,180.16212830705882,0.0,0.9046183606844194,8.38273691748455
0.5723343693836153,0.8796317376760209,608.2428695060665,18.006682953010117,24.933105808430536,9.575997296473467,187.33628297963045,3.5619045265299576,20.832388075648993,17.643422004102522
0.37525925661242426,0.7082308527718841,1198.4379742223482,31.393683559156354,20.290308027147727,13.199952207510467,229.61793842810425,1.641665342185998,7.244695270463553,14.303485769606988
0.6381552760432855,0.9188064450836175,1436.197490123422,6.007686437211206,25.54366989068215,15.381435420667145,290.79522883894333,2.795387448005023,17.479369433120308,21.42714755692735
0.24973099599507315,0.5224681009422115,1827.7821082079436,39.79915447423086,17.17484474731288,13.474970299591066,239.33895216270602,2.988969638284324,25.601644696569053,16.57256469676186
0.34100721809625123,0.7876488719971159,931.7753558650244,25.42614253342465,15.49676868572431,9.922834069262034,196.88475638269068,0.6106686587720915,8.295678021175043,9.455169659692542
0.42420700950603724,0.9293958426495631,954.6971693021683,18.26994686688552,18.923334103930472,11.349090459881348,222.2975873060578,0.7807774385594728,0.8555473616154128,20.191055492472692
0.49044889456476093,0.554381094565228,906.3375316248146,45.50244090938808,22.47153813316423,15.683481462471121,289.1068753844544,0.8997236528167665,4.364913302032617,10.949753071471626
0.3855849727355836,0.937812586482954,1668.843630801766,14.663353986135185,15.097842532589105,15.395989009456997,289.4238457038929,2.3422482010017025,12.941964110280498,15.283646018996667
0.2769959753949154,0.6495296782447028,1453.9123939818066,41.60637472899475,16.319864157244425,12.167727996786235,238.32443421446865,0.7274356674192133,6.148567074703559,10.745050060974936
0.5271899472554669,0.29808075539497914,427.20402354876205,69.50669124342522,22.451419940717855,12.992267165652633,250.38293275040976,0.4648887888285519,7.619624380893799,10.331914668742497
0.38999767338449987,0.49965296564612766,1331.9824447269687,45.95877565254147,19.144561370711774,13.878649218284844,250.27222045370775,2.3562989293158254,15.987410427653636,16.124011912337448
0.1301806854368723,0.6282320078516941,1595.7247564689758,39.43565971857536,12.152353520279846,13.433298796666815,254.4419175226788,0.5295453109139763,15.7708210192502,14.086252710064764
0.03508319587513976,0.8028167767686246,1683.8783123012101,28.781854528826187,8.885296045129499,11.006325778364118,200.0393869749607,1.273631566017647,10.07592793863112,14.396042084864336
0.523590292036515,0.9092519142247915,1033.3845594951138,15.816780467768336,19.445693600371033,13.169138431678212,263.15845345970143,1.113835320088077,3.694369045972757,16.015874990319457
0.21124022117803776,0.7453744866597417,992.5485920302607,31.65752291476653,15.570499623785768,11.382961146983321,206.71876896656758,0.9857841299316977,14.712167170969625,15.596546348651543
0.272424907198842,0.48049377216614764,798.8250053726758,49.44282929658758,16.210374706378563,10.383776837251204,202.2922541712046,0.6699497962946497,13.994922069083717,12.300530807584252
0.21328768586837793,0.8423780072872967,863.6182725890226,18.17421054541588,12.581629053572094,11.002559324140808,201.8496474718443,3.081029371468614,18.486332955904302,18.831509338862862
0.20289188804900957,0.7514801048008569,2514.2400279471217,26.773154013421042,15.197364026892782,16.29574053475523,287.1344451626719,1.9591757656878341,11.604731086706527,18.224149443025453
0.35579761692293205,0.4883849572605332,885.6462846390383,50.78866383386803,18.305040032927888,11.390286601284325,220.9885831735854,0.8448875057794207,11.49228203586299,8.778588980441105
0.2527855261620131,0.7921095515147262,457.4219013831128,29.549931943736432,15.397590250726097,8.294646583927532,169.13211777375298,0.7276992790752079,6.855398047903181,19.31388180440292
0.17932213056999474,0.9147631216257864,1049.4280928124033,0.9354504119883913,10.169263490634968,10.052343946316045,212.22762177619688,1.1190327030027878,0.0,11.259826365924148
0.45907708619087056,0.8018059922347178,1416.5413651019314,22.990152221784577,22.84246217938755,14.276945883956394,266.42319841897387,0.5396078951307564,9.97580299538536,10.296124973119962
0.17899908151436786,0.5625937331525778,1636.4320179273782,43.96908213779373,12.008874957640938,14.401842772927528,261.398544301627,2.226364735166093,18.36671632553726,11.930208913893937
0.3457081590964997,0.8863993939942079,344.79997825563584,8.366548833300548,18.769244487094976,7.440560611366532,160.2725898707575,0.9119788607564341,15.853351594922383,8.733494728027893
0.5076989649403628,0.4035087373328787,2179.6832278711895,62.04304972297824,21.075937236643686,18.895372157487166,345.62758693286685,0.1797403024321771,2.065168994965884,13.371452962749654
0.7530324010141247,0.9125987565898831,1379.6969174455264,9.243610947185896,28.048356990257147,18.20187708968441,332.1168651781108,3.7518759018760823,21.138330186810695,26.19026958761696
0.1521967060089666,0.9143239187392584,2098.0024987100005,10.925684066700946,16.109502633723988,12.261334400336768,222.5323070648974,3.141644989018345,18.805577745338294,16.15239214012082
0.27425521446529777,0.8896169804794413,236.5354691880625,24.178381295620504,17.919616763239194,9.27085554698408,182.25631606336515,0.2942609135446569,6.6039564526977,11.777601868244195
0.13241609568444507,0.3219075449235567,1727.842039161981,71.07818920457518,15.570482284690065,15.387617723590775,285.56216404070534,0.5432791752360211,7.7473968923751615,12.018697725226541
0.2838666412794342,0.8468722429571366,329.7437882474105,21.65393282958329,17.757437021229002,7.025829576187243,158.92110950307904,0.6759159576452167,7.8893439074656975,14.690523581363319
0.16149510616758178,0.4636281192276286,666.3129717267917,55.17735394273545,14.829664822871106,9.833366040823758,186.99667519836873,0.0,6.058747007914083,16.656143393552195
0.6272279762473258,0.84736748985442,1411.2026816162606,17.913525800875483,22.11842140573079,15.052912601507735,283.28495491568225,2.897481867136429,20.293332638522482,21.80662492178583
0.27073103128665066,0.5986688999118255,300.561436560046,51.11668533478621,16.13322579443316,9.867376967441261,189.10191310975497,0.778915051419715,14.21709782860044,11.231309785607044
0.4266393763329152,0.7805108971736369,534.2732904944678,28.764857411573875,20.21616654462566,13.852573392346866,270.8268686237664,2.808544905003944,12.452517516547585,18.607665169638764
0.07230178517374886,0.9074259914374524,232.20241603502515,9.583911200803023,14.254874270047672,4.56859374174626,123.82339768869012,0.0,4.138493226059088,11.884173528226679
0.17351632422594535,0.540750350946458,1385.2676803932072,39.33195702373052,13.325449449834776,12.695280994829893,229.1099704159912,1.6316673988514805,9.413628995967635,14.018896603625842
0.2787074185914578,0.7593452753035751,421.0068345900454,29.493115232624582,17.49740448289869,9.049614083659153,180.45344424025316,2.283377729565263,11.305149132260759,12.420635923422966
0.298372029950571,0.7892058171311689,843.5502231558871,23.692130808802577,17.910815434933777,10.668492542503083,204.56278199226,0.9409725860952198,0.683733267850748,9.956102809548986
0.3008503173551267,0.8103734140658673,1123.188046652741,14.921701899341102,19.83660825443962,11.37332337748769,222.19861787533867,1.4301272334081954,10.841621212897593,17.019776036308134
0.22413688370200466,0.5945044420401084,1040.7403507900804,43.63753104494815,15.335933927937848,10.152196944687113,200.24318519018178,2.1766813667448273,16.103327314705748,19.195627404328217
0.12744193664417902,0.4721105198479608,972.8915572046417,51.164917412125924,14.84162231349077,11.198300863525592,206.51962381906606,0.9673443527092078,8.093878651342472,11.795658787255459
0.2791084479928187,0.6742822310314791,971.5006696430565,36.967923834804225,13.56798093154542,10.569350969107717,194.59767307439,0.24194129868523873,5.9229757127555285,11.38801942889336
0.5065268922175599,0.37359639627839275,247.94886240170578,63.58502540784919,19.435133439551116,10.78133174806434,217.2102095649437,0.0,7.092184639545657,13.591791463988931
0.2971845333157523,0.7622276438823606,695.6060761442122,23.358191942868352,12.862924643644755,10.778508758165446,214.5400000181233,1.614338003793443,18.51295049099193,8.923038393383711
0.2583509088512709,0.8864309299095412,965.1166849530259,18.385440130262317,18.03074267154844,10.699671851921165,211.5504533508678,1.462067897624283,8.749448942881951,12.316112451544138
0.1793106418996187,0.656556229800374,889.2674856896404,33.42041390479184,15.830099923067941,9.694942325640435,198.13145347421113,1.9346849642390178,6.880679285286623,20.890326555045476
0.4471054876698191,0.8035445047861403,759.6707119418575,20.51658520334252,22.97129233954404,14.097134782344162,255.26783025991207,1.5262012426265454,10.652604235538112,14.713426255176316
0.3836808314563755,0.5092087625436433,471.7133899451597,46.50985433796521,18.237297114997,8.263265192279956,175.7889014619508,0.0,14.417806316849727,6.612351745889697
0.3094391934856747,0.5621463200026778,1024.3262357052395,50.06170333879035,16.608884522072536,14.476467541550386,292.53206877309844,0.0,0.0,10.351846880721142
0.2784128954231005,0.557165819050632,1165.4999064480653,43.45221434517131,16.718227100252893,11.249365647769238,230.48615592401,3.702997245292944,23.062667459073197,22.32179989003719
0.047009763307954804,0.6521299588902267,594.1445187524417,43.17051960270086,14.062642688594183,8.337877374020856,172.18407610071446,1.364127159928582,16.2460747861399,5.77071908783571
0.19682290219895535,0.6259083505683619,1644.1967143202576,47.58567279978173,18.308228810217987,13.394792405213392,245.6881686071885,1.8030221409946756,0.38441746700740254,15.036412804059967
0.15455524409312663,0.7403850832007445,2210.0524791114635,24.67174682766075,15.45149808201089,13.243462362196901,220.04754145803784,2.6232909338908215,17.54427635360571,15.44098367094959
0.12880565605034994,0.7335703465832325,856.2294849575733,14.373692234024414,13.882180850865751,10.22720471651683,214.09501227759944,0.0,8.017053185365475,5.074005620689157
0.16319623835505662,0.8609347690021674,435.4384973678973,22.7384185061613,16.75067135427667,10.481170375854534,215.08360917556612,0.041321959282690335,3.82861183023149,10.349086663597653
0.20446328483738344,0.5820885846717041,297.0785064358606,40.90216789274593,14.599897206635468,7.72727480409851,160.47084236871274,2.565569739388966,12.030086152107279,16.00448365319107
0.08336194491462662,0.9543185881990606,658.705947534496,4.780394996424598,11.302165561901075,6.73927598685283,136.77206297402117,1.598750988743281,8.441692192353223,13.924606715265286
0.06893934297000068,0.49717472695948955,809.4726223859391,47.31068404288109,11.465439333022394,8.960242212894926,172.85095876152664,0.4270189072632202,5.065233149674774,10.022765407423764
0.2639736188054245,0.9120081500127537,282.3826794097792,10.84519739202202,14.641911731296457,9.575626553407364,198.07837692590468,0.0,3.4895198415611155,6.93598734413758
0.09646449456989085,0.6086303179103326,642.8532849221566,46.70923684153877,12.061593635504046,5.3181043124699965,128.8781573504248,0.0,2.546114786216163,5.63559149920526
0.23965046240041635,0.6959480554586809,1586.0304651794177,33.164231205306294,13.756445472442527,13.548689102958026,260.1462567204432,1.0093951129386416,7.315204188342338,10.45141796152273
0.18979570433148493,0.817972593617363,96.41061391197123,27.80045972497801,16.79490824608628,5.722577842245706,136.70309901736744,2.381599770673104,20.480358201925558,18.531755768910955
0.288550672923689,0.9428864401417423,896.9359815302735,12.611320983635668,18.30114160515826,6.73794056725936,160.73669683005525,0.032396059488003254,0.0,10.780201029900244
0.2025283838875734,0.5187974310163972,531.596969374869,46.76207758877183,17.922334392284984,9.232273840737541,192.17985901498557,0.0,0.0,9.79248001166023
0.2927631179634711,0.5727677047695375,828.6197053346194,41.49912055469534,14.060512343258397,13.612689830635603,262.47830126114087,1.234662496937051,15.97257552391978,9.96735179512816
0.12562663453799972,0.7778135666035892,2289.0435713025645,27.804822759424976,16.944059757294138,14.108963677479025,240.73762105296598,2.507588043276437,14.070263376402837,15.147225309628459
0.11950728040207384,0.6608098863694639,799.4717509081238,39.629238373411795,9.842731182464965,9.797965102736338,184.6260208360705,0.059451858972316085,3.296645973476585,12.360102322502428
0.1890917107000363,0.6542487909386967,713.8321019428971,41.101572244021646,12.330676617334497,11.070750493768186,212.41774070764652,1.67208360948413,11.132248819273174,15.694560311166798
0.6230287464329333,0.35919486218974606,1324.0161989342726,61.36476984604414,24.334075567097155,17.97959939063805,330.4896787085732,3.0819852253972053,18.374324405484455,16.273366454174866
0.1768232864769678,0.9197245287248803,1034.5116985840261,13.100821696783132,17.036023545863923,9.94376113048753,217.96171421799036,0.5660765350035706,4.6440500044224535,3.58098488310552
0.2333098552562293,0.8426508538969734,899.7911559379381,22.081625195549027,16.283893375862878,7.437861872146803,159.92557025833327,0.0,7.529655638236514,7.975457109515256
0.33166697819882224,0.924739308303012,1061.6100098976774,9.85363712304461,17.80401595392741,9.988814319663662,193.7164141560731,0.6529257295458539,2.800390049138934,10.18423077103272
0.10102323621988776,0.9249528137970002,1884.5718627940932,6.079546589256151,10.940326036206873,12.652011012324307,220.23047974228658,0.3254562384641251,4.79269406461057,8.092322783052028
0.19350923075496132,0.6725891318745892,1516.8349467100998,30.435622797776354,12.085860467552633,12.041092488457405,239.25202496759272,0.9132595099441275,0.0,11.043621425441204
0.2241683358777793,0.8136608692841272,676.2309482786209,20.565344551688625,17.8694630443305,9.757969326536248,190.86763414609894,1.4395325283686935,16.61931578779365,16.04848170550739
0.4429747202175065,0.6994545733497078,2209.0870329020436,35.3601240946278,22.671646527534943,18.748635446734433,360.81287839459804,0.5281623313372412,6.232210842550817,11.20851646947356
0.27487428359405847,0.7976505392508147,558.5324792552209,29.50633894528718,19.57675784403616,13.13296072608778,239.60037169097157,3.6314654359511502,22.876382202490394,22.0477517335927
0.28252440790373773,0.9632545789645186,897.0268691252408,1.5268518495202228,17.85674645155569,8.957377553157327,205.41341426596654,1.0043035993665483,11.400087318797443,7.985642741480158
0.26248373128885444,0.7491252585078498,974.1177838334729,24.592001664643597,11.277888365110293,12.325739388122916,242.3697646577184,0.0,7.74906890185661,9.084807826135169
0.5035530176666099,0.7257679629987296,651.284970961079,27.891570844798082,20.099659576302344,12.24334633717255,223.3675510643746,0.0,4.961122357128268,4.182933667464999
0.31924735524136355,0.6507022005724311,2052.941011411014,40.41038711001442,18.910926492727505,19.164199678856008,339.784433069276,1.3209630125315055,12.224989013821896,12.02267494181822
0.533519845836558,0.6128472980251823,625.9030211367148,37.20319050079109,22.598562095441906,11.184247556707938,225.47751861612375,2.519408382300323,10.271211466141569,13.161548589857787
0.26107955387464993,0.9013673196588452,752.476001325318,11.728279555966575,15.409304913009995,9.27332846249459,186.847405012253,1.8494966376815256,6.5420937695774395,18.467500094488962
0.4461383005847603,0.512706755796977,1669.6114940451678,41.79642909252095,18.94700398483995,15.58889425732559,292.21324096540684,3.2106515209914352,17.337076416439466,19.255764820009105
0.43227723276734487,0.49099750045225343,575.4829313347891,53.22726153916349,22.702109954012702,13.036037661313054,253.7001365131824,1.2208277879551164,6.484429249841636,16.09655795666683
0.46272738596037555,0.9114577922804844,271.3521206592942,12.161803321773629,22.480569923838004,11.600967618983754,229.97789929069762,0.8517542647070456,15.534337925075315,10.841342185948825
0.21371872427211372,0.4695394186791532,916.0786056708233,49.47122714397823,16.345350552619088,11.867642564988897,227.8499047943584,0.037578909101963154,7.026037782943403,7.034792981404979
0.3853752110628194,0.6049016630592268,352.0600782070801,39.26128420225911,18.36717577900037,12.039956613334294,218.84994830695314,2.008159443708777,9.450230824232412,11.865709625656628
0.2768969954544993,0.7419288809500231,317.57394282490736,33.861378224154244,17.2750004041621,7.764459066856733,165.69903224809866,0.4915363057540595,5.608443030488337,12.025158606697723
0.11064193023661147,0.4929347413111671,99.2206705498762,45.61143874039575,10.090518403522324,4.841916135354959,124.3893886674828,0.0,5.665032909940498,15.430484482580272
0.2433528448262852,0.8792788160298387,116.4922761578517,11.656608401796532,15.824165158964744,6.393404666882125,127.14056129285365,2.639876802396503,15.219492428841427,17.83683888205272
0.3106734453102335,0.7979278191268695,127.2770547628064,29.447758515909847,12.71097697556962,7.315551986077401,161.42563295107445,0.4202166002496466,8.03959656566991,9.926238312761368
0.12839463025789546,0.6066136337063691,2402.8652282098915,40.783647106521066,10.073633478178277,14.910056278719237,272.68283153268715,3.096530265298612,17.729393783505987,17.175013097866778
0.25155212463035975,0.8786476364308652,126.69254448999318,19.270483204781723,15.644179427254972,5.391390660824155,117.90459920451279,0.0,0.0,9.906099004744608
0.5165550927998779,0.8154324003141359,344.09081281348716,23.6198435217562,27.664113612546814,13.637390596400635,251.230795039092,4.333622739530543,11.579968120602617,26.913984529360835
0.13938156837341492,0.8459339805949124,762.2137410392534,18.689268984988136,9.883053062485645,7.036573118816356,152.43013331390236,0.2757694101173728,4.2350324160095365,14.39024922279808
0.453822235476795,0.793349263587654,1283.436371431814,21.85707068136835,18.85839470184015,15.82505329220508,306.6767447180104,2.001913657056763,15.810118153718838,15.784661155093003
0.5750447851224506,0.2888431142610168,1376.3033478952893,73.16190982892758,24.809669221446885,18.50423259503026,329.76467238722756,3.075872297347842,15.491644016573472,18.018876646787927
0.1435007917845899,0.49458224130327033,435.67368289726056,56.299281121761446,17.126365606643954,10.247263359171495,214.06940290071842,0.22891919810590894,12.098497359449762,11.4703581663744
0.1436067644778679,0.6406260286307613,884.9183690498182,42.76459915831196,13.994514105922844,10.762499130271767,210.25933390917,1.9687495509470136,12.640564707293562,16.404700885216766
0.47707049433164583,0.7757568231206492,745.3091985982636,19.254527750903158,23.33104606289946,11.023771935500019,196.61741386414946,2.5867439219567663,22.13295600908696,15.227265945965131
0.1737119924601446,0.4896424994487382,847.880987317989,57.456730138835205,13.66759231015066,11.254999624746205,225.5484128594093,0.2734028880196767,11.853128748400234,8.151270377919282
0.09762512018504853,0.9299325053261798,933.4904895323411,9.516398249655593,11.419384826747459,10.596189972805309,202.3609822962042,0.5855842906151659,12.598771488332998,14.56062150820251
0.11096091879197216,0.7213082489886466,1120.4911435192564,26.30710990329763,12.938391673934817,10.003184550318442,196.69176695489753,1.1464645450288824,3.5683000090805272,12.932109554288157
0.5718941974825725,0.38776839191466794,523.4817779435235,59.254206243837515,22.980776155812105,15.430822536537876,270.9326255569134,2.0150208075299876,13.145786569985958,17.883735826269874
0.07150255848143938,0.9751022771689898,629.6899859760863,11.396437231034582,13.236102639471476,7.685925436116588,166.01656018096241,2.0241885520906147,19.21062164577403,19.998947626555864
0.06316773099554346,0.6791392389016082,3193.7097521996598,36.579789418995574,8.366649476997418,17.82474223680986,328.02291716837243,2.5568260119798225,16.58902767170948,17.953909232248236
0.25083604256341463,0.7370254016772486,550.0466218090882,27.39078178977629,18.050875129219033,9.563763263202459,202.78383003278316,0.5843194874748903,10.1090774748944,12.536444157397437
0.5351052237499807,0.8778335602329631,896.5805307357238,20.1833089134232,23.45625661835502,14.215741190049103,279.0980129285882,1.7625822848794883,5.1108926139398445,24.007184653749913
0.33332391649607623,0.699608919460539,750.4647592351341,32.73450015234866,17.903656175200176,12.135647622520025,249.3143089173415,0.0,14.593949653040335,10.621060384839453
0.33972367344707444,0.9252340532966598,870.7770688492202,8.864077875603751,15.207122715804015,7.896923878547656,147.9951158756326,0.6829898772278742,3.775087496084415,8.43583426953064
0.6597044487461476,0.7894577589578403,1699.5664237800017,20.4086252790019,24.533033874657953,18.147241963882657,310.2724238489485,2.867993471180027,6.499848175969124,16.326307981434105
0.1476476576775542,0.6478853953934356,717.9458163856877,38.7414886366989,16.088494388205213,9.127196295907936,168.82602865535353,2.526902419776607,13.351980989981094,20.972310184678143
0.31422354901214905,0.8576122825969567,305.34186286585907,17.402305887195897,17.438390729236996,7.63373948182841,170.82539633132205,0.6552511338131781,0.0,7.755625783692805
0.12597291187566115,0.847259930846048,515.7319722488976,11.869080456787497,13.706119728637171,8.66402973467869,173.02962818218884,2.4657679953192058,9.437446257320989,13.907041175839073
0.25262675778132204,0.4679933680066791,719.1851898996042,57.11640434474639,14.556604917902359,9.837346404675886,192.668392751699,1.9902959182798252,25.75374283864153,18.295020213605117
0.25547158030177286,0.9689077462740228,955.7174718900867,5.396927692215847,16.32868023509342,7.493637359384332,160.23858607149043,0.20069540941454111,3.902577750142065,9.686876595997251
0.3336510540522455,0.7150414164219308,437.4409787259281,38.60687076197021,15.596972255066177,10.882436061758893,217.06224780729093,0.8775635568828394,1.371318387632403,11.863171531277612
0.32943189092447295,0.7597195560964465,479.27256231694304,19.610290025546256,18.4355617816876,7.167803360363174,142.66383992538303,1.4291885046949853,10.84324345161053,16.793089722129352
0.14622375645711758,0.252654752934871,981.1726727934539,71.35752925391155,14.396875705968348,8.929973944483741,171.36097454091524,0.7685195776064234,3.5850595852658182,9.770835417054176
0.10944361603329451,0.6609579782627433,1005.890312772663,32.01389353415697,13.3773198552024,10.868804369330164,213.0450276052635,2.661221971356786,19.967483883796795,12.247247573825781
0.12243374616874377,0.8233678009625697,1540.511277069058,16.01978531148204,11.253673993238271,10.868638818029758,225.01704163199105,0.0,0.552276103069798,5.833342087412392
0.6188745764348573,0.7826241034143673,510.4400679278995,22.12987710891506,24.78776244267043,13.526494546089939,252.64344415883824,1.8526998533132026,13.764467963928606,16.377090963511872
0.18193563526669035,0.6635840591214914,1198.9818048589816,44.13027272425067,15.622779173630523,11.13770145165713,209.1489247110366,2.1435999432682364,7.83910458871065,16.136396139662974
0.11005919060479662,0.47190598737762846,751.5391400183582,53.24531198641096,12.32860457456372,7.321577173003384,138.34157079167437,0.929252190590697,21.712149486315553,10.245430936638751
0.4564085427940005,0.7344393910092855,572.0853297286782,24.941914615177158,20.835602805169795,9.533364992374542,202.52723073622093,0.10540274068884892,7.9397295628919675,6.78713198930072
0.1761113052109823,0.46686193793571107,770.3627201148221,43.83928353409898,18.20971784752567,10.005479826834021,192.7228809086055,1.1455201723922495,8.854551702156659,12.052081055534021
0.18644175405620447,0.8939167209531954,852.8942661754329,5.9406823824739785,12.759065613672862,6.205400771448932,131.6066424142168,1.58703970322803,9.883367559755694,17.317151116821492
0.20689906962469773,0.4281493320776093,275.2187482551532,53.784244392421485,17.33331367679541,9.50585618172706,175.43459046131807,0.9406279976688403,5.994512074428539,9.844116132684332
0.30595990608795287,0.8733894763786436,296.22590992951683,13.226507205228772,15.339636325188962,6.901166790409846,139.12649374472804,0.0,1.1954326009624117,8.011947934142313
0.4393342323265035,0.6485736169426629,1314.569874543449,35.508120943987905,22.292917979705415,15.16985117198899,267.9356253752963,3.2144267189275317,13.915723244804198,14.464502095279695
0.15696694698233177,0.9106136501070994,617.5739773525295,1.6838524881818007,15.34047879080624,7.344018120638443,157.77178444763516,1.0725538118895988,17.681859499868153,11.579145862417482
0.5050397022085158,0.5761495208352674,960.759123528831,42.68813514959327,21.605262245098803,14.838749537664725,260.4938260173643,3.096292372567423,14.622099701663501,18.754967903568296
0.35830594516209324,0.47824682447726896,1287.8240147630524,57.096434672781335,16.522694923328118,15.100193383420738,278.35998112678743,2.4686483275162607,4.227498776872938,22.51712828991992
0.1967363367398091,0.7295663418628456,773.8382864556061,37.453235469164866,10.977542010888392,8.67268602866353,177.62581303077195,3.054726534556925,11.389067533828229,18.290160874852127
0.4512389687240004,0.8472372662860728,1214.3358199009485,9.276415294667757,20.05074720024934,13.214641774117332,270.43954950360524,1.930570614968789,17.360905559870844,14.665392221710915
0.471458318517816,0.8770754648020885,856.921155621882,12.056244371616259,22.838895258850044,12.582009870668635,221.68571689610292,1.1745548536432744,8.436599131616413,15.52519695206358
0.3261853580478449,0.6145694944870816,886.6694311113349,35.417576191289974,15.999377636996964,7.683610580302094,166.86895300765525,1.0743657251831824,8.627054900050874,14.774560968448688
0.7214215325008806,0.5482487962617917,1793.015138846488,46.386215474067,28.22943547436947,21.466947529041,373.74426282602457,2.110351911600319,19.29047990349674,13.542897335900747
0.49120913004530675,0.5443094727005707,711.9207028234305,39.91328511756637,19.327368655310977,12.897038700161517,233.15000646319126,1.2895968623633385,6.272554503591838,20.130172376198576
0.34416976704628927,0.617855433153948,1324.970497868442,47.80432725977809,18.136467791949304,15.00999995749074,276.1025233368357,0.31042387377407366,9.403784105750814,10.702909627553325
0.4913346709759323,0.3712254020476464,229.47524747184303,61.80732617414052,19.98927896600085,10.007071118131092,207.80201043603356,0.4840691759311098,3.596860954786477,11.91929890089516
0.5114779676323982,0.6666932380137824,935.9571074820794,34.381877132263526,22.630988187021103,13.475734492910254,253.10093221923213,2.037447017703889,16.029171254577225,16.747663306118117
0.047550755873553056,0.8118480796751869,2099.075805573279,29.89724149814706,10.186609957623762,11.162268652984087,231.27865864295967,0.6929797273679212,5.816242655623392,12.770066421258663
0.05025859397448933,0.7265892822622823,3342.1599802169185,29.52672647597785,8.875732576887033,18.695306947314847,308.65272802876933,1.8582339242771369,11.225189822830096,19.221777817316614
0.10647712568589152,0.7191711868142122,241.43999333051153,32.27611021921435,11.344181186369406,4.025334854622566,101.95768869131128,0.0,9.100668287556386,8.230273782610091
0.4642340361126316,0.7368642957086314,615.1401687514541,24.928222019762924,19.737537178331802,9.988492468761304,214.577947503729,2.6676029916254795,19.410536004914416,19.01915422562181
0.19912888177502766,0.7591739731404352,359.24119690729003,19.821832092088915,12.350372643900865,7.6751145354269275,174.24698136404243,0.7028200333763833,6.98414020648261,12.250755419595896
0.08450168290260743,0.513960616940443,733.6446996581848,45.69173631783897,14.27803372314402,8.092822337801278,176.79745217968207,0.0,2.6418816500260727,12.948169585328571
0.16694922505976686,0.7139717949823827,1474.4954218998043,41.67741764630968,13.453380897592323,10.942867519848097,226.47516686291604,1.2332489657242531,17.928733785305283,12.438166064405799
0.31391331482267504,0.8102533364362232,1835.9348470666812,25.24230446217469,13.443381972419544,15.493747570130067,263.2406347649333,4.588215576936127,26.299516365234354,20.419292873880956
0.3907372404257884,0.7031339555189762,1875.5176834931258,33.090618188847394,18.52186939545534,17.482347611027283,320.19132079263744,2.5041313024831418,13.060816166643141,18.45654871848589
0.1638543895012978,0.4084122935682539,220.01424848290662,53.36102662793115,15.925783165168975,9.330917704925412,200.6074671980754,0.0,1.7345781835512248,11.073979771269942
0.35517532463479096,0.6535641635076972,839.2936091183766,40.735479289226475,17.356665849355018,13.11191538632685,240.09172913314538,4.31668904578869,27.391243717865457,18.330839707495922
0.3637720979383461,0.8449597845475899,501.9497822215068,12.16515301914795,22.08979020472591,9.492333175651995,218.67736881369217,0.0,5.577000430265796,14.036836859242774
0.6001741981966855,0.8421783912402604,701.527041221879,11.368662539964655,23.29103084499396,12.362700042253406,237.40399027442166,1.0894883717425614,8.540188511339814,14.921249054681784
0.30138409289552465,0.8833198949540795,561.4855685928673,12.706773839724619,18.54141843402103,8.101444556824648,149.5939779272843,0.23964309624340907,6.533448262786605,10.376495169120362
0.844224763603197,0.6041243234760368,231.6331763265163,50.40126544696392,33.17889625926195,16.428822276943098,300.245054133484,1.1099396321881247,11.128742901937457,11.370155745276964
0.23090068253945492,0.7539022368897575,1847.8675066157,36.638269841884885,16.67290500810924,13.779677239100298,249.49655828661048,2.0673192798445013,12.985831382224147,16.26069089023201
0.17359375786979053,0.6957565806253078,441.18082287855106,30.125723102469582,11.590855997462704,6.748788600324947,162.8817817441694,0.0,11.018434334214971,11.981455672080351
0.43367545225960963,0.6981946496078931,509.78386845426513,28.7914864442997,18.95694915264711,11.691506437980339,230.85203690361806,0.9990971701900713,15.293081061820219,7.715517703562689
0.5582146084266786,0.9573446422163454,2107.3758343180707,0.6371719977300181,26.29550719144013,19.6482137515598,338.7439855506351,3.7739511071581893,22.755245024641756,20.56192053546397
0.09678222914856828,0.8943408052697773,192.02690098830237,14.89948115332046,10.810332816050254,5.50627979862046,147.61871616193585,0.0,11.873594952478136,11.957664107240603
0.14901276044395,0.9379898931014274,1109.1492662109836,11.39097338081212,15.67667203890316,12.241222421135467,243.0128493768251,0.0,5.04248384069111,2.942654200096686
0.3118149251954397,0.48279641961923037,1615.4127260349592,55.49610350525383,16.934803686256103,14.212922675855339,254.91464026100905,1.741009295527189,15.415692207131833,14.941092215053843
0.4504520677903152,0.4669829447876228,1998.2837828517718,57.52507253573977,21.544176333196184,15.94766979168214,287.6945960696236,1.5994225028691988,16.4199716058365,16.082383660359735
0.09941091372697197,0.8187487066410658,1056.274598146179,20.32550681398091,9.713058289132398,9.565561620853728,198.65259222044673,0.1845315355643662,10.833317542340515,12.203963781704553
0.2871116810911284,0.8290031500150234,1341.694426467066,23.169855872445808,15.961256877853211,11.058602150927467,212.23639963618578,0.0797232253532929,9.898888640104891,12.606653127725707
0.5869732563053821,0.872953053147716,1614.8292447686217,12.931030877472876,22.92371864675511,15.829674007741408,284.10111607764856,2.49395550350151,18.131767984414463,15.252188982699032
0.32823751747081964,0.9498733773614696,742.389736513167,12.196608704271162,18.657137237886836,7.349165341534123,160.60473040565668,1.1866208041925037,19.532123794960444,9.84683270645489
0.2729112002234095,0.7877837259661478,389.14176000713934,21.563304272123908,17.009175165017,7.02058275915584,144.6507555469637,0.0,2.3015210736725447,4.60076700470381
0.6751988944487091,0.6232069147498479,2212.2250568892478,41.20867025234838,27.805272153708998,19.228374593951578,316.097965523504,2.1268321460620667,12.731224646447213,18.59375008685934
0.3942381008617035,0.6248892131082463,1244.1429739326811,40.652477446684664,18.87490751535724,13.342881807131718,252.53457573029613,1.5661838063758728,10.192182842252821,16.02465599732271
0.44687374850796424,0.9579557577760611,838.5713847909323,9.127999928629814,19.31138357010995,10.690555818351001,190.46933778231315,0.7352816994535394,6.10079107399511,15.343671041119254
0.5620829957429613,0.8500892982452173,243.88421262916395,22.464661748727213,24.417533064662646,11.393004480918416,210.96468018232903,1.6855242657779672,1.798236846037188,12.038386587912484
0.384664516944324,0.9146465934475857,74.78475621707172,4.829811232913856,17.557435117594032,9.11114543624044,168.95135795412088,2.8661930517367002,23.33909623548804,19.576991897217844
0.2384618526804491,0.39390870504281894,1093.9321636333866,54.223635455041595,18.118391369856404,13.727723351554406,239.43140579570306,1.993869155833238,7.845274328101564,10.476630033712699
0.3991122287873408,0.9037975961251125,68.35003609738546,12.307917980974713,19.748760946505296,5.610753561397077,138.42485516214907,0.0,5.849074543730486,7.391519323870566
0.3292217843945704,0.49317366000042345,831.8228872564703,43.39805366159527,17.57827439045435,12.679732819249647,237.972910638144,1.860755869727217,5.333717590534436,15.029821323841553
0.20227491792447702,0.8079020481843298,458.81947300436565,20.254493090636792,15.981224193612348,8.031017565149162,167.8812589225562,0.6045180418931951,10.521650821171473,13.50091799421225
0.7354013949979206,0.7387845117059558,560.3566414637485,26.636242471076223,28.23230587608458,14.54455608275071,255.00932340502055,1.9262969100084952,8.77820746033299,19.85277961871231
0.4026615029632686,0.4931198607914971,1889.026059737283,57.167631462098726,16.750434140411322,17.114293661916076,300.1559140403555,2.739221648817769,10.277076974725787,16.12786192584921
0.453930713632701,0.7878915664834955,462.53225282038625,24.802427527942715,19.22540804203866,10.91233594517547,217.4495907697339,1.7149512467915908,12.831522309574895,11.690128951611785
0.4051437627781962,0.5448392342171459,863.0880559344986,51.11161680077626,22.244011477184134,12.547854701059649,237.69694786282975,1.4333065502242013,7.229553298483661,10.831819742066216
0.08132591765616638,0.6766609124365695,464.6524958047216,35.60889147475734,12.200916637093325,6.846273107483121,160.92083722266668,0.2194584311005892,3.007038243970492,8.485108242678592
0.3763773733725502,0.5936692693880181,1022.7315003435924,38.89142939891804,16.046298729586873,14.229369953576454,273.09146942490594,3.4084193798720843,19.49262559548644,25.18412883910557
0.18997697939753433,0.5558072932910879,921.2201155661832,45.64592764253465,15.45364861836869,9.749181295688745,193.71552085274905,2.2385971507380735,17.954335871124382,17.867113620248556
0.13975092866529681,0.8562469158603241,832.2475557365277,21.584909242231703,12.375255576892922,6.837699486651365,134.04299944056555,1.9148758268390205,8.567500867997524,18.124785118184928
0.267662567541786,0.8161424382038597,1618.845425293193,27.514187193865528,14.942564283527085,13.141215221918623,239.55177933811717,1.8293816988878553,7.361564425593922,13.856497485679956
0.24529500404115914,0.6923822834702024,192.52282621243452,32.02404417300962,13.842629649761285,5.714198308159163,134.73608181366052,0.0,5.117418333411375,9.995053952803762
0.6160752426083786,0.6337551940747915,141.81821450988238,29.724479314004043,27.40174000784684,9.508185083602278,184.85790573399302,2.28656026407557,16.84250395759269,17.814194178064493
0.1940227560154299,0.6208261607974511,289.13245546485314,30.53663424111989,10.919572156375047,6.356778639882879,134.80543748490567,0.9141982061005792,15.970568783705442,10.76809924790863
0.16230623857571227,0.8837410449256542,924.637113645001,13.83124290610668,12.382591815513827,10.718882107663996,211.4807544571948,0.5097376170594206,1.6823024767691752,10.400420383008521
0.19192702361069963,0.6504630298006188,1149.5645357273206,24.768819812204445,15.038429122089976,10.569973546903258,232.85263423088168,0.11326464762781036,3.863223084159338,8.259048670278005
0.4490111999182814,0.8232447122770614,22.579019827907224,29.883498223748617,24.38200613576403,10.101747151882236,196.64432665786978,0.1955359251551002,11.661073825996672,9.146361713616406
0.07486119230550775,0.6780486146022087,1138.9569628893316,36.96029084279989,12.979246200338332,6.7543963249654455,151.28788634956393,1.5713302474782116,21.15079367060644,14.075261456205498
0.4032848520028975,0.5438372809296376,627.3576857196902,42.876309668846396,18.39007206900683,12.295224091356708,221.30800259804073,2.420931459994589,9.718270843434585,13.587198271494591
0.30538099865340257,0.6585184548302373,2249.7866636731515,30.185101095234664,20.693231874548694,17.195483271828554,320.3662596278434,1.88793463579018,8.857678944127471,15.57777352686361
0.40556166475720934,0.47499354258004134,1080.7402719703466,57.39117664767683,17.42879481952029,13.053960219191916,254.556833721393,1.1528855462480891,11.517042658041655,13.735959102273574
0.26483113155895555,0.6617948191988515,2079.9670635244065,29.870280493848334,17.151450619684198,15.774824631317879,294.6797108644273,0.9438345756080655,5.886622591466825,11.821840510451613
0.39738694809416797,0.8046345544943888,1826.636281750249,17.491756277499746,20.91024299385863,15.751947400445061,299.8771691197234,0.0,1.203841227450237,7.517620433309737
0.41607793667792425,0.8358229470240696,627.6232132151587,15.946205067700287,18.63971725054723,8.843152294714224,178.3738708737653,0.0,6.222353031844536,10.314889146855585
0.16236087927707007,0.7978291846108633,1478.8685728321811,23.765810457893934,15.454208085703259,12.218563651465335,230.2542765735238,0.6808645541541976,15.470557985315677,10.187447696530121
0.07530922653662744,0.4394138297041923,626.5441423105741,58.556742522359684,10.854950405533767,10.460433202274096,224.00528335297795,0.0,0.0,10.139782501318104
0.40378983958389975,0.5907369455380947,2435.1674941245224,47.79703606864979,21.48503084463342,19.241682910086517,344.95252468074335,2.485794630245676,22.434849059880268,19.50886897782449
0.38252924032413504,0.36268251125719,674.6235646810471,67.58343048158642,15.884040022930957,11.219114405180573,196.094497864267,2.6601274491536553,12.76666370370018,12.89149827157204
0.3087315985518217,0.8755260295051468,1188.5474387836357,16.2065258907105,18.38824214425329,11.526235055020042,227.4417355816707,0.9640497466608683,10.585158592934466,18.930583377332294
0.04463412421489743,0.5549229220981661,2736.2658633777487,50.159546879946724,10.291639759985225,17.635779547821937,308.7197126096331,3.728793285525602,27.869426747611712,19.104412438450783
0.33872524798674347,0.7746878676721692,1225.5535513934142,21.923093839622965,20.76753876560423,10.98382343734348,223.73906980671876,0.09522424861789425,7.007514955982137,11.473578443262499
0.13490505779871143,0.709111495313112,575.7757194901983,22.075635349510083,13.284664985425884,8.346662243816143,179.28183835144387,0.49400506899809205,5.4885650349964274,8.976762401769726
0.4230520195954244,0.7495687752324108,257.87973040143845,24.183154870530487,23.074759557325848,9.06928506771383,168.63384837547946,1.331568410086318,13.917151753818969,16.75555567384074
0.618463704142107,0.6737984616846091,194.37084635481386,30.326835877003745,26.476818133618778,12.576152154518724,241.33058402273562,2.397960100863583,13.72600939179213,15.618020843806947
0.4459911149614075,0.7808612739388852,1134.90233671863,21.562549986504447,20.894760955938875,12.47338299671349,239.20702222321842,1.413706213413719,13.261580101627947,12.351910604136776
0.22731578205566397,0.7615006209463665,770.1764013669248,21.668070468617575,17.258233170620187,8.720844928314577,184.4472987893665,0.8326569078658798,7.307222639574422,10.355097205837978
0.23039478801252578,0.6209973661068112,294.1679776908761,36.80468916248843,17.347986629367387,10.746905041745812,216.95886414532026,0.0,9.305764484945193,9.194523922632415
0.07604782527042536,0.5376412843819816,1371.3270942271772,49.712370476089546,12.845015640743062,9.39243196318781,205.84613904603447,0.0,0.0,11.255041968858725
0.18334716891870095,0.7221631758796415,1358.258234087393,38.58159968414512,9.999076473717157,12.056801009282326,234.99090503537786,2.280305728205643,9.053614792354193,16.219196392405834
0.2852104977017609,0.8243705905408812,759.7078380469345,12.179914480025577,15.165141461015228,11.801268893337319,227.24801800480444,0.0,0.0,9.880420800669182
0.5295959343005476,0.6224185314611624,2140.665893337694,32.54365903399166,26.008110050525538,20.356113396742803,366.82137649302433,3.552019395685578,18.925930436760616,16.745784235364482
0.18137786437994252,0.7248784904951676,157.53577468282685,25.80370456179407,12.02255489862803,4.178088948095984,135.09874145733744,0.0,0.0,7.692479578225073
0.43514505718735297,0.4829879520585801,593.7985752163851,55.35979370191075,22.643548729815436,11.09850598955911,225.62829738506755,0.14273334381968394,2.11177549994464,8.974210511810018
0.39127289256670694,0.7231104975234554,1220.9112166488217,28.89531800802377,21.194727627727012,12.51036498671958,239.71753606887458,0.4826439335582233,1.3930327113888543,12.587436970377702
0.08064545376380255,0.5841051423642949,327.4474051872961,38.80999107169534,10.564631620931005,6.717009414863835,155.0804467206467,2.273747547147207,21.493371336282948,17.671148495179228
0.2835106699937568,0.9525809935673702,1465.8314900870412,12.851375617463779,13.09730349561047,12.077489666646557,233.72278259368093,2.6462161286569286,10.631462753748519,19.006672912336377
0.3707360991713588,0.47329676421563943,1767.1019393527354,57.1852425523023,18.130577283388117,14.705600439455608,270.76919074456737,1.580843769792847,4.890646564554677,13.947708743865693
0.2549989436657883,0.8614276757061741,43.340505192970056,17.377709389326185,20.53100367891073,5.852753403730656,159.44300937102363,0.0,6.241692668828847,11.150685822753474
0.6127101255869059,0.4875495779422322,2188.6344221097092,47.03944185209638,23.59119855525394,19.329646838556965,332.4541688351901,1.9779816771682026,21.34603248148111,14.43960207827177
0.41898797420053285,0.804105269610734,1169.3091822463796,23.981923571210906,18.88618466581478,12.790044188850203,253.39972111518003,1.2068188576808252,9.246940034494877,7.790153171416959
0.31493090581002836,0.7728517431679943,538.1610413782311,24.27700207261767,15.878107824631055,12.244700875255305,232.41194370182382,0.7005585255291727,7.6086375697313695,11.103615945204737
0.3058546372812606,0.7646640136647035,212.56981291139343,24.975172551249383,20.075934885130554,7.157484611792539,142.55807747550085,0.9392054186363178,15.210608979937652,11.222033670517538
0.5021990128576236,0.7872229296421024,1601.8264800177303,21.587935239201606,22.06914389819038,14.349229619916864,263.35526686288785,3.519209145828224,23.467983274395127,15.680887251283407
0.09619821072097685,0.4941308457410552,279.59760801752833,55.15314011991548,11.153142810126143,5.618894102636858,128.81565320201372,0.41125281897127675,8.772086198944569,9.325949520169779
0.2123421166006864,0.7469682009589867,1167.7783191399724,29.022263045325158,18.135500949407863,12.494605360906165,243.19485359776905,0.1528957273370004,2.699879267347035,10.787513561215434
0.29259595956696605,0.38462882719484964,290.962417001529,65.56190996191168,18.473887165045223,10.491783522861558,208.28975506950908,0.0,7.279789531433064,6.600259642944772
0.28998679331929983,0.5360730740088907,817.6491910668084,53.43505406659046,15.411089349561976,10.229567394330514,193.22324227847804,1.4681609256084471,4.068723225670352,11.538045899773689
0.15920478287661116,0.60613188819698,1553.5048311960395,42.743033906605,11.532951749791717,11.810558669928556,241.86845918382548,0.06938627194957936,2.159167340835328,14.817171726532102
0.3456242317666114,0.840024509922978,544.146791987003,16.865408532506223,20.95694572392523,8.741127855858448,192.01825788263395,0.7307321190185867,15.080241730850595,7.018711319905548
0.010416422927863345,0.6145529032415533,2178.750018757751,44.89186986935913,10.293986900680016,14.03085990880774,276.3234539530801,0.0,11.509963423705608,9.450453521178686
0.3190885930488483,0.45826861092089466,1240.975042403521,56.08414852851125,14.879086786508982,17.579244268601286,316.0583106697004,2.7560473756456414,18.211612999259444,13.39119034182185
0.02573075636180386,0.6223855362486198,328.4588600263293,52.00214062166241,7.077037535257999,7.007640760909924,154.75728073084193,0.0,0.0,7.745089606521671
0.3367161756901021,0.935958591170226,230.47998643098484,12.314241237153102,16.185826961853035,7.519752684719322,169.83189509697604,0.46319201719965064,0.8116604288828517,10.564768354144784
0.1718149227134357,0.5780079425252302,416.87843655371057,46.467725367799694,11.816403891629832,7.140416748824858,151.33150102316384,0.40600180116002793,3.226645061569768,8.052276135013763
0.5336808850587027,0.7476953025738532,788.0404547353796,29.15954222483337,19.249868184664695,10.751966115525239,212.58008728007692,2.7921660131917054,15.310168896073236,18.702206879078545
0.18425657369503348,0.945170298968284,2317.1471896692346,9.43918013351385,12.407400369078845,15.176245007379281,275.88689611747554,2.0006292943328297,6.750461424801504,19.05502509514931
0.4259059824210775,0.9813252071592844,2611.3621958256363,5.386773607726575,18.809488437239228,18.962489856192857,319.82700467099363,4.7281557217004995,22.68105426889084,24.345423712559445
0.42444646584603,0.8673330866321202,526.9151767497767,18.411241426402015,19.685799069381606,9.677512870458479,196.43724810526788,1.4741326791794698,19.73300690749466,16.759171051111277
0.17355142621320543,0.9560928886359303,513.1187856897312,11.557518781835546,17.72460574558556,9.497454327808107,188.0521459996886,2.4823141390066845,16.933435940320102,12.066578310430266
0.1314284602829853,0.719830880185023,1389.888387015653,35.987160281570056,12.752024962878085,11.354803397164337,217.89652931728202,1.0671879523572216,10.362884954234069,11.938756815435653
0.23449613073705433,0.959451006187807,1381.957582079386,10.193662234616191,15.52725359293793,12.40471162797818,239.70852387617225,1.5970743099920628,6.300520144875811,15.394948977040453
0.2178861664450674,0.5942213771562447,1950.5464163501474,39.20563017881183,16.465664888724568,15.419701742259923,294.02085747376515,2.649838910161955,7.404431707085285,19.238170017748498
0.18567235467911858,0.906561025743742,1985.6360728282712,11.775237700068308,14.167172724844844,12.87605710265972,234.653155634416,2.5909995411474007,9.223016036874412,21.737557830697973
0.3561516774789333,0.5913501125889747,391.3062995585567,35.16380515247637,19.70409786474675,8.695916638440293,177.07316742531083,1.4363482384894206,2.3484472137526318,16.797989371110386
0.12804235597586908,0.9226992465650492,185.27877647705898,20.26313702700712,13.762288653300194,5.624649214516567,126.7189112541504,0.2452873582976997,6.356325744398345,13.302684266765903
0.17949258972419518,0.7803253379812091,1253.9391412702114,22.06485151408694,14.732491874303365,12.02788964306653,222.116538768008,1.3944611289929565,12.497273538008622,21.386939564100473
0.21183719216963057,0.5420691202457533,961.7738241221665,51.05098147857174,20.82886197307868,11.45646853588696,215.90133860180669,2.5345029150813323,10.311561896228596,16.62518453252522
0.4827529779094158,0.37570148245227075,94.88554364541083,62.5696208665083,23.8910761358241,12.613320554960767,237.23530549625954,2.7968444168208126,16.926974366828986,16.124935727327323
0.18525741979819865,0.5520289663350921,180.45631542082705,46.83605218403874,12.467991525541507,5.791782135066056,142.73544859476587,0.0,12.344969081161418,10.532073710981347
0.3863054206547382,0.8799940114221988,1211.1203686616054,15.213299595640418,20.398079888746782,13.925389307173903,262.0852972554569,0.7489156922856653,17.784149480878845,9.12713096365376
0.653262272605416,0.6490260920787327,734.8740454886264,32.648657269780685,24.74808320181596,14.979651711294204,264.12620567858056,1.1598710681488884,13.491536026341645,13.102579027675642
0.41887878999868816,0.4765571199418338,1230.907870056601,47.26718220277508,21.36447127808691,13.039525463812948,258.5344851963658,1.8973813381269506,11.715322832716085,9.56289676398493
0.2464855888875706,0.8463820879350622,307.61598616450027,27.467939029869083,13.411764887972726,7.251488555165511,168.21645139225305,0.0,8.690521219381278,8.411442890296584
0.2820845249990463,0.930980736275565,1295.0383455066644,11.781539129385378,14.836554228808202,12.648551036787081,230.71640904570918,2.4852417567227207,21.70001694528069,15.867102745610028
0.37537892472729356,0.5755795615633138,1051.4381889990764,48.82417819024002,20.072288243162593,11.772287488821208,238.82542125151372,1.4443001988683264,0.7410601065205107,16.459656369729945
0.5148994856871765,0.8504691493041563,1363.0934792943417,25.382311250852194,24.867825369375463,13.964433812686304,262.7358913162573,0.9514917037582815,16.216312004015208,15.712000892554789
0.3072082556233288,0.39266589116457906,558.9532225741777,57.60583514469182,18.685495088089244,11.27234952355158,217.52068982402122,2.8016483332615776,13.483659230080997,14.1132696389007
0.43558542375902903,0.6767479198185238,462.46587274215636,36.21021604597208,22.59787026304616,14.734734318444678,274.6018152214633,0.1405272263216799,2.8872941305992685,16.579418367694977
0.31635633659229867,0.6966636418669635,212.21038085803414,32.525326109430026,18.65654553233516,7.7955732254330545,166.6758904252406,2.336599822261175,12.57175942611511,16.286619990971445
0.23235592276297312,0.6760873814212172,638.6168523147132,28.36606665700601,16.15389026713899,9.997612663662029,205.41497649974448,1.1550041674503788,11.220437363680292,13.607645316718257
0.22498889296762137,0.33790710013029857,1715.9290792261247,63.660961108751856,14.617335775673661,15.42947899383614,283.3153401388538,0.0,0.0,5.1469195450350185
0.31757066664879197,0.8647537830768447,2045.3789362187483,20.109692474280113,19.565270283653394,14.778076393929028,268.2968853862134,3.4098189105926293,17.21520546891576,16.6643751061214
0.31257531466923855,0.779111809385982,282.0190598797403,22.384790880207326,19.864141332384246,8.969239528418187,164.28032533465895,2.425346461231133,17.327771877413987,19.212837587675267
0.44202805954733226,0.8111353905694997,787.5784000863727,20.373598871885715,20.924470106023758,11.172136543079567,222.85387355251277,0.5894540358593192,8.450672389807242,11.982970477787594
0.06286164852622589,0.6804651875960165,2340.304843011063,32.89129883943029,11.337689129598331,13.672623686490555,251.35280251349099,0.6982695712482069,9.697150856800173,12.06911810687914
0.3403267410571298,0.724233424182463,2552.940825453286,40.37663848012885,21.690980149872715,16.714948322597834,308.50369093541997,0.20479152165771697,4.199322524724721,11.193495315870734
0.44748901544658,0.6428465603923025,617.6193972806943,27.973564879170574,21.146381826532053,11.584370878334273,228.5823137977713,3.508599274877816,22.502946861824555,14.441885271936393
0.602184204209956,0.8860119287097106,1820.4264077844887,17.76714291126234,25.20597684598084,19.117073197211674,333.27945584661506,1.5484783687667076,16.47599408508111,13.581370261712303
0.07904018375931926,0.6452581519318629,1613.5024665196931,35.660070939871524,12.944456409488772,11.897142006739747,238.68701201186954,0.0,9.982196560813556,14.224991065892866
0.229886525779756,0.9222875500197079,1523.3775646383467,8.790845955714126,15.551550632585593,13.340638998698624,252.15800159884506,1.7075624756039725,13.968301066631568,17.52902905520641
0.35882983478493097,0.7886791920845827,153.10355168420563,22.629494176606237,17.33006522413708,9.084528546384671,187.90435666955096,0.0,9.694463043618395,9.624401673653205
0.2420630629734408,0.6355953383855362,500.42128299180536,41.133300764468856,16.80750772538306,9.42666887329032,190.01892623172338,0.0,9.355302920573653,14.691006023084666
0.7284654442925067,0.7263357124464961,722.4018991733869,33.25240384991816,28.134126087268026,14.658181927109485,286.7082860290402,2.1886297695549537,27.137058611640548,11.694278903582202
0.4655665325903658,0.6870670935431227,706.0521189469051,34.094047193292724,25.323662827708137,12.322596947289297,227.70628691838286,2.026580155641471,19.196655972809424,12.151357394534898
0.28478903477069006,0.6903094148179909,780.989054688954,38.33585924866396,18.696622969852005,8.917789193926653,180.54009253430922,0.5481007805873334,6.748682439172926,16.961119082940254
0.43789500860084063,0.6115554624777444,2739.170624368487,46.304173352505885,19.756410642135013,20.337894495078732,342.695065975381,2.9401913907171893,12.202369126134407,19.08439783171854
0.03962182342160331,0.6388319712654995,635.0533509773351,41.58700229585812,12.448666023920834,8.022836147509429,177.6098529858865,0.042935568729057905,3.8660410011206787,9.240676895515701
0.46176607599741826,0.7975090889735844,1087.5863767176618,20.4932197366413,22.159883569397415,15.966249283790521,283.67224919328106,2.007584285106842,11.371412862427471,14.853005014661363
0.4412246169516684,0.7244447415106245,1059.4553542257004,32.27218101010817,23.649468027682733,14.72112809209228,266.11656556412095,1.0873685057720879,11.90658686171769,10.298527925048667
0.10284644000815171,0.765237433047602,788.6278377963943,28.624634321408667,11.522252574545714,6.839571503296116,147.42420622786994,0.100777395614144,1.9018283565100793,11.081721294457695
0.28147759055240856,0.844830044000477,299.91561769378495,14.887138871724309,17.414292060529263,5.648931534581804,135.36119217935092,0.0,10.960885857602019,10.592165338934413
0.6093211651015297,0.572844945128708,872.1510814669988,35.59676046814499,25.034841829353258,14.588409813683613,256.3185513586627,1.3376284955945312,3.4026989529016465,13.403725368574397
0.30877845035263324,0.7111433929422492,92.5429661774144,20.88321652832479,17.83642010493243,8.77766997992845,159.23259703790416,2.5335350732364277,6.971514611363629,12.854569037457782
0.1650174548583944,0.6737893989132777,1167.9045368195154,34.70823154836576,12.35503847345196,10.249500629539718,208.3195498170235,1.670231275226178,11.005345061277968,14.969846521272178
0.42138235805915963,0.3370592619104795,72.85750084303268,66.15486500239143,21.686382287305346,12.036165723569173,209.40690879150048,1.0071289020055392,4.815720362044599,10.929287957747752
0.3039352467660884,0.613590426231899,1093.0467507460082,33.867953750867024,18.434309720851207,11.990524948905492,238.39925207335617,0.0,0.0,7.042068218532436
0.1539991504242121,0.7124874723973602,477.9028980605762,36.1062891469944,16.420425994448895,9.487483804226454,207.89753455874828,0.29828760264280874,3.007800635547022,14.545946481219106
0.5679142687107716,0.9236118732327329,341.30670200522394,12.636022155536104,24.17780501379573,8.77112578349474,179.92464871307078,3.020223606994267,13.273465282582453,24.059723090991447
0.0790425619554905,0.5683864569631802,1405.0690083102481,50.59248194789054,11.152385032390994,13.861371561357243,270.91550288756355,0.16165264649089206,5.697282242134664,16.23199200268614
0.5270730437649593,0.39025680161987336,576.1315400754431,61.72956720412935,24.755414850012055,12.652175925794156,239.54007469148016,1.2438789250280486,6.8731617585408875,15.060065603856975
0.2557410897487061,0.7226913402408228,837.9976333918523,24.626111518930195,14.805118480518285,11.040591094175975,231.60127800341834,0.7650367301206965,5.364475129232424,11.11583658806417
0.13461122513441637,0.9666443562007585,159.32672068079336,10.29341400838248,15.535249698528327,5.150878846993445,122.70100418376956,0.3008550086378305,6.179091443444857,10.541070773780714
0.18837780541054958,0.8503737524946074,2147.9335008103226,21.81691574984583,16.875129130091146,14.547129752981299,244.55812820040828,1.9333241315570417,17.80450437990529,16.050117119279427
0.3465364961426181,0.6469890592774837,901.7900465545661,34.03286673559143,21.17797020583427,11.896138164058698,227.64295501981545,2.463474220039311,22.207624207601196,14.89794229271471
0.4199256590925644,0.6196889347994956,900.0951692080235,32.01753088149602,21.251387446673096,13.131777488225614,264.0562942574916,1.411836288154076,11.386182965036626,17.48602090075238
0.4313149019111292,0.6325143362149157,1186.374868057529,38.575190062190615,19.809879782582698,14.782546972937427,277.08788765346554,2.402696877903564,15.738503105466856,9.899559711773295
0.25275761475942654,0.7997241892845574,34.46194676046751,18.02059978780892,16.53731582159639,8.12907833548179,166.78294274684842,1.4633386685499516,9.937419587720601,12.771170009412579
0.20108251625222207,0.8701803950834281,2293.845799260217,22.288202757797123,15.787200696463964,17.378456893314162,313.9658650925598,2.902046505017689,19.014429120366145,19.65833073874618
0.29214136984617445,0.8034071487445005,616.1486824716794,20.657473210861998,16.183250955778608,9.759819312731057,206.1085380754914,2.257041278347956,15.979261916312518,13.107124254030426
0.07109767229612997,0.981969229458617,2203.0621348543614,15.245774881190968,14.443674385253681,15.880381178386541,287.3495532866535,3.238786075220656,24.584382716324683,17.376518514518143
0.3685867814688328,0.6935964333107777,598.4639884020081,21.955527664435827,20.374837871857906,10.636011083592889,235.80406710731714,2.6322885965321343,6.0856312403513915,18.361651740059944
0.12099082519358284,0.8808994834325875,490.30316105247647,16.39302451179286,11.240324719195561,8.050999722606932,165.5908162739091,2.080216626754078,12.148377788455274,19.755348887998586
0.15316816032467082,0.7267366517948403,1128.477303374169,36.740664538970975,17.594951361048324,11.858609936559063,237.90425626883345,0.3085914973429269,7.930315335009927,6.889663896858584
0.5739882309212251,0.6289944238425833,3105.500825216746,33.93898027473102,24.54448432337098,22.56872386334093,396.15023031493195,3.504039450362429,18.88473801373916,14.655875162641491
0.2129269703796663,0.6625309209652123,1819.1318743958539,34.57621243499572,13.134968173791686,13.950850340009053,252.26448085315522,2.5130109573953696,10.356178669100919,13.4444368299689
0.24780069312140113,0.4047224999230173,1220.3634794730608,56.559796435108225,14.534509082540481,13.626783463263623,250.1573492754776,3.591644504926033,12.869744623501745,14.366503710790603
0.1414541962903822,0.47339199019048694,1115.5482870657534,48.97588267209476,16.511922101590244,11.471111970325433,232.24766602967514,0.0,9.03161213014431,5.600864633765589
0.1568966308814787,0.826499835675486,865.9397962937481,21.83812799477766,17.57238560447061,10.065981249632632,202.43759762053188,1.5244119025565595,7.313018358244164,10.893046163307297
0.28415603927543803,0.9029600321101825,2136.7130991772397,7.25648910508806,19.122871088847788,16.349400268484377,298.62172129453836,1.1699181774875176,0.9051702524220602,16.62527608845677
0.23374665169401287,0.6159351223693923,1430.4374922127713,39.01099508010356,18.48228358952459,13.279555761843218,232.8336628906047,2.4952686744879253,19.263938998001194,15.301941232013542
0.15748759656117775,0.5591228783820328,207.35820805772775,47.25891213403992,16.370420831626667,3.492010833142608,108.94014904876012,0.0,7.294914502230327,10.094125318469821
0.3831832270082882,0.756012990005976,343.2778749534961,25.88336234252894,20.693412980735335,12.354162607357095,238.1854075511821,1.7464041420696819,11.40624608098755,11.499617584911668
0.4547453584216134,0.33498106951206047,1250.7754516559485,59.85068274398568,22.026717536162188,15.491219296289822,281.7291892179358,0.4325177151543944,2.157312896812434,12.981905513079731
0.10509995783057145,0.44618560440982163,288.4724625919593,59.994222596123564,13.707225334717501,6.815564111777766,155.84238030725723,1.2072935394048403,9.261966940766891,18.645525932010415
0.1933340352360875,0.6958030243084102,897.8887412978145,36.02901262032733,16.305381767188777,8.699319699695415,176.39761842418872,1.1337227822776879,15.612829131706777,10.171417303575957
0.6464391918659206,0.6781747022737814,1515.1056542890417,28.758340938840966,24.677783783595217,16.866851913064394,297.0837536571312,2.359791419896606,6.365669249442426,21.07372366296572
0.24138264860940684,0.8521867737389559,1134.3662613384731,11.83265253838126,17.49848367385939,9.840809665251646,195.1932896623836,2.99891540912681,9.17577355280927,18.590561672320558
0.07197675039691202,0.7945430286808278,245.33509129087676,18.731505338756378,14.716652454516836,4.595713307627111,114.2936678312237,0.0,1.8611733854379473,10.050590497866134
0.1550777487948658,0.7372608472891518,361.8258973573509,31.372889571412422,13.464198863213582,6.253010483074129,165.60045285654394,0.126058128920141,5.371014081714539,11.515516819276076
0.38186148526707225,0.7766028834126996,1160.4907992288424,26.483604987669764,18.920041561033212,13.653655798680152,263.9235442686382,1.3747578501882014,8.017571911333903,14.60847412237155
0.039176755008908416,0.8064054224604605,2883.475448364113,26.37392554078712,11.932511493700042,19.001433996126735,325.33682070218407,2.838794936851253,19.569262623240107,22.668300599317863
0.5391721429161238,0.7885133614459601,758.5937709570429,22.403046379610526,22.179988472086823,14.025760213973063,280.7493632322044,3.2147791360604847,23.303286266483674,19.597610035616388
0.46466905583415924,0.6412297196325617,1551.9618314351994,32.665654045568914,18.98308916259897,17.08984312621422,302.0190807788502,2.257140544776775,15.422406052144439,17.26617287536485
0.429871289813568,0.5889562506860837,1141.6567172886644,46.58816988032496,23.042220325549554,14.225223683341778,263.6729089247695,1.0576671427737188,12.032830289875395,11.379668397046665
0.16102921282616,0.48447109492570245,473.5155515459059,48.63035888943096,13.123827800607135,8.73938607168139,190.06496302453402,2.4125855477200338,16.0108399509985,18.548695278693295
0.2743541444761143,0.8326306638450223,1564.3787271052533,20.99598053321789,16.895750769343277,13.676233312637743,235.44361425058997,1.834742794625985,12.38651163308053,11.716316065696006
0.36872442538127154,0.6296232175761206,153.6880715815814,30.584286222572274,17.997860552515657,7.8041042429183065,164.6913051743649,0.0,0.0,10.327011968738782
0.18117147468569977,0.6831801750911971,1485.5956545954039,30.66473212017826,17.082796496968495,11.848815390597725,221.99889234929418,0.7084787574509577,2.69395649179069,20.42104756096988
0.572211645192924,0.7931365666526068,1192.9753809703102,28.66469060597295,26.01164344639113,16.966403670181567,306.54685584816485,0.7368490326211394,1.1928037456249232,4.329552822613975
0.24302814003089274,0.7988288982348166,513.9061665706753,19.524026325517216,15.594224418464918,9.950623898225604,202.9598553060385,0.0,4.257476025194581,10.699440989006355
0.3314721413924742,0.8581247216175123,314.4987141370152,21.841294161681397,15.927008805286352,8.492003420837765,176.60745765924295,0.43396331835723573,7.897243429700804,11.89977705852978
0.24711959652865476,0.6844730829839553,554.104740625128,21.74232405050306,15.484130303499969,6.810375711611808,150.91916269238723,0.4884345809220353,0.0,10.53681932484348
0.15191331453591184,0.6791346176403655,442.1008200714574,31.080926114151172,14.938138263297223,7.335088866948778,170.67764673058613,1.4612518333805902,11.2079825690324,13.039571800249183
0.5333753303924842,0.7651988178745853,663.6228145222963,25.27533316189666,23.711654667971636,10.58001205776083,211.71504016975285,1.6259576416259782,7.127748925202869,14.339123423549395
0.31554056127163305,0.5847959517291598,603.9063227614394,51.08106586108765,18.1067101206948,11.322813207129514,220.25644820746214,1.7698287861825102,6.733318427045746,13.668562139062681
0.1375655738146824,0.8435058244722806,513.6687591844674,13.239161397422489,13.862536864306684,7.279642893679583,160.67334931979514,0.0,1.8732529171964556,10.665939186463012
0.3212966577211021,0.7098094347394825,146.29447371327748,34.47211735068202,19.55000890602387,8.405592728502944,194.44278090284635,1.0950054719804911,3.777639396196733,11.27468156250053
0.7134221923384635,0.646156270063634,271.8034735481747,42.130594600516915,27.7518364003315,14.426463456550783,268.12369161810284,3.0034001617861206,20.046896236940913,23.57567886070654
0.1554111870587404,0.6200176942267962,1738.9038085299203,35.59095928336697,14.785306577387516,13.821600539991842,252.17952305022058,2.1221455240346483,12.648560005893955,14.549322580194566
0.3409252757971614,0.8663448649932055,526.7787886481101,15.161342406748057,16.54929347943884,9.460271567583648,172.81408262764413,1.9142579980187904,16.733102277013103,16.494479217921125
0.2668159502489741,0.6046915714942024,674.1188347720977,41.2859024345813,21.778100310175002,9.359717670890104,176.05639132300203,0.06944656314402309,3.060304492044744,8.166508108330408
0.42694911536685115,0.3320271146115784,576.87581137553,57.710134848995295,20.10600924553877,12.24460780944847,228.99885819092944,2.5312347475465256,13.096508680767673,19.127515960069754
0.39450360864240225,0.745256935549679,2169.8329072813053,25.65135974122211,20.26977623182801,17.77315938749915,315.51362237294575,3.979317510072536,30.284183244357422,22.148697137235345
0.2240940708554772,0.7509605997229091,432.6869651447948,33.79410622967026,16.735282820959352,11.09156581900941,210.81727268903876,1.653373709781321,3.4981924807235885,15.391214984049812
0.19428261923942525,0.7717624817607671,405.16281941705086,28.154650695853064,14.03548445618455,7.280078809445895,162.71262191214652,0.0,11.422406217098496,6.917993931344441
0.27982972662391736,0.5287565772532057,1212.2097481543062,46.628151599795274,17.01139275409686,13.79685359938502,251.2677235456922,1.5780855972724042,19.584962577318752,11.688004871490447
0.7853462862804328,0.44601605257692833,951.581756517523,55.42391707725887,29.62500770632437,19.621272194010885,335.17419020880897,2.2971168951296743,18.017555061826194,20.80131119506273
0.05936134101494429,0.6509509458431912,1236.6845871303503,39.318941701761645,9.655957340226854,9.541028215204227,199.24186158163752,0.3869114285131155,4.89529336719734,8.67685744815075
0.47661273328581505,0.32443073008872625,1181.0799696548681,69.66328503156521,22.79249718322465,18.16187219519896,336.12202789676456,2.461445543910498,21.9802925343407,18.076320370413757
0.11880605160180985,0.5086067189241488,1592.6418161486808,46.4433245599311,9.671707613527785,13.89719879458127,247.38630594125357,2.1961942101814964,12.175970041275992,12.656471534909834
0.25514551630700816,0.9008647633531572,238.53899801318576,21.59577601461419,19.884054792508433,10.128294243207568,204.36157228519164,1.9500659833401601,9.271336004807033,17.900314665155708
0.17925347256013513,0.837807640064145,1129.889496187525,26.179053400250254,16.067278583960164,11.360278476316017,201.3541305632021,2.1464457136717687,11.644441133728757,13.306922211687267
0.48194610041696595,0.885252209718823,407.56328059842525,18.713589277071986,23.3268972257309,14.460741847928967,252.1657464116629,1.2473847424293096,7.1385702741245485,10.228898193453274
0.28181112002810554,0.8234972691914781,98.66116014032492,16.670446443537507,13.571993775836154,5.595530320191931,128.04529652310723,0.015267272572551782,0.3279534656922971,7.901140751340675
0.5657100722236503,0.5171133887259964,1175.2420603894989,43.35867548080736,22.55769445900522,18.964353141506756,345.81440144637327,1.4413387687249997,16.31539424544482,11.941939131829429
0.33088094914648375,0.8806906213703591,1126.4058720240173,14.104825093684704,21.0507139702722,13.167968664480654,239.73246967015504,1.5223370319652896,7.222106364752239,15.019862644685883
0.269291304240459,0.7149166370722047,812.3345514029464,30.961328151723627,25.034765400090677,13.717530856675317,247.60195810247427,3.597173462345551,19.240458904775338,19.20108477427723
0.10903697694438334,0.5978104472229935,1612.0723261500627,32.35460042213533,15.115309353723646,11.725554912508064,226.24419650656546,3.202906643955502,10.592767128827987,14.72179837015026
0.5240617148275594,0.8365500764023888,410.59042592026054,22.183958791511294,25.175429691190885,12.98707987000136,245.1770341615189,2.2735380976018345,14.248205799153297,15.600004202608126
0.14429307905995137,0.7434528500892377,1315.8118241990278,34.526554811210964,14.657275432727161,13.482972230241888,244.3932687260816,1.8767490731963026,6.727366071671514,11.261368461117467
0.35202005167778905,0.6677374663590686,723.5954686585825,37.78599872683821,17.105506900524386,9.534630293891402,212.8816700810034,0.0,0.0,11.930672095002938
0.6280390956551719,0.751534486515281,768.3783585604597,23.981632199603542,27.691325557779958,14.205617220407255,260.4306245749551,1.9304599007257832,12.175400052422718,17.30685844843168
0.5421558478184566,0.86807031392765,118.41478861110383,12.901654759509052,21.35148152126756,6.446831870810873,147.8383278863439,0.0,10.284861325904675,9.928157984351914
0.3659988237452141,0.871596539085352,1623.4579389599364,18.055573203188715,16.728800263350642,13.566421580189756,249.4785283257419,3.2860189949075167,20.346144418329047,19.030007696247075
0.2706045883151198,0.9183244255455076,1094.8788430317954,11.584283124213414,14.218056057001014,9.032262353218835,189.88365091979432,0.0,7.545601930663796,15.25637233199323
0.2232009411257809,0.8791810851229588,1280.2127275325772,18.08890821021325,17.53146882114771,11.113972640869273,229.05916521008027,1.1810929615492731,9.074785946302054,12.479923426696827
0.01894236985726149,0.7854475701553344,360.6256225435187,27.31832554904808,10.358731136576534,9.89923243337804,215.12512347021632,0.0,3.3217986742474124,7.167226149847331
0.2788913836385008,0.8108745642480708,1003.7290333181812,27.480741862146935,17.17400079077128,13.772889674299568,248.97068836185477,1.7850979682406252,16.09609506543368,16.20033062841493
0.2685207561832771,0.7344559330538055,722.381166115854,23.238348880509896,16.68221103048056,7.5427685074762625,174.14947937515606,0.9672449135421324,6.053093842564519,9.020150986559297
0.431943731716513,0.676640230039866,1137.0383018884088,35.21047403565863,18.547160210516378,14.379908247045234,271.1954319011887,2.514050679973577,19.22837349213279,15.653419810115116
0.11822358074246957,0.6718519324400668,969.8012216227567,32.71595106058737,11.614127706526931,10.401306872028048,215.7649691750215,0.7071448470346025,14.008314082808708,9.970891979335956
0.38183797644668,0.7965586542445546,2455.188693974179,22.816545898313272,18.305096998660098,17.255204802127952,307.90927930499134,2.8770610523085596,12.301310294355353,15.087193131144787
0.2785457618839845,0.664160972230834,1964.3590968797976,39.547556762568654,14.153101152648892,15.453606898354659,279.93369574249806,1.2116831681257505,6.3745051943369635,12.278945133380844
0.2291930313814119,0.6969039948186435,658.121758594118,37.1442698315783,14.721405593934595,9.94542892721937,208.53858036543048,0.9566383301419271,6.098075788494686,15.091269803997065
0.223813470578728,0.5813397429423453,1174.240604289368,49.6716413871072,13.432723851675723,9.966043769601225,209.03758160458125,1.710706228061162,4.508011783477582,17.593771935125464
0.2288315264580268,0.8205493105623342,614.397133399839,23.27851330123127,16.876139419184657,7.436593292073612,177.20610501972305,0.477872302792463,4.5644755530005625,13.973298346253168
0.17649287418679083,0.8936682449221651,1582.458907693114,14.01977400322617,15.734263982603418,12.06135199948009,232.90575554670625,0.7202948369135611,14.38842803375177,12.809799359669146
0.3713084087408162,0.4278053256619343,746.6364867908048,55.233128343173995,16.695431973240627,12.372088222207195,234.51217705676035,1.1088452540580749,4.20750330455556,11.998963450982219
0.41507819506859195,0.8665602107720686,546.7436056790134,8.335806018540485,19.783691348218795,8.829099913298728,157.83796289953887,2.577977123541011,21.937889037433784,9.371467822652654
0.10429866828272305,0.9636227697129985,993.4454239753967,14.972625950323152,16.319586469701484,7.813176100353985,151.08503612535642,0.06350995952354155,3.08681754832878,11.261757878640678
0.23017223355397423,0.7603858436710575,1862.6032101097542,24.955782000676475,13.792780043492769,13.473827940921739,248.16490306199213,0.6950345386858271,18.350316340257073,4.899591172437907
0.06670898559083685,0.4853273743016279,1667.4431877345783,53.850021612868034,12.521000275361052,14.103322187087477,250.53924349384997,2.5474047672487217,11.780553742417748,10.598410088702765
0.38901332642676056,0.8598932181452364,573.4620046615335,21.004592995640884,19.936377028674784,10.331912177723174,213.11998832018006,0.36640406248670493,5.745706500836021,10.43100718885592
0.35491180593001254,0.5591217968052955,2313.3439524272044,38.452460742272706,21.058570263932125,20.608175079805843,346.0224165812981,1.5311743540948741,6.573782090417498,14.621667619128678
0.5343345153144067,0.7776688371328476,380.81342776838943,20.393072695745545,23.94929656557498,10.366247131718493,200.48066369227453,2.5561470353047704,11.786084273289951,15.037112876774142
0.7474381943727753,0.626736711141388,492.3927886276499,46.328795532552554,27.82336390347188,15.72868577382345,281.3100216759668,0.8983105261351567,15.284137938832583,16.852369761119796
0.4070910826239527,0.9267167563939804,1536.7206206636051,13.047669502959483,20.310805308544584,13.571172271419695,265.61501490528985,0.9748229023734829,11.271975035188833,13.823362228489227
0.41731607717056934,0.5885252979287366,99.56686744704363,39.129794864921124,20.595641817171703,10.664573522594205,203.88621534871663,0.662637009407926,12.794636933518952,10.908368803134042
0.38871620863424516,0.6147717319494546,839.7761693846725,39.03880906891137,19.53451485129048,11.178570204413997,222.20267424668984,0.7433784097074827,1.3955671338797684,16.017375859814095
0.1932821505089188,0.5675832212054895,655.8580899317697,49.348694615670134,12.193830852074935,12.357295553383809,237.3164945759843,0.41026303709941525,9.915194414187235,15.72099763544081
0.5396547124540491,0.7368853443244351,2403.4079446542246,33.351891409472366,25.97754502654701,17.95917719809095,328.420542825837,2.6371692717729225,10.691460503489335,18.13059925985631
0.500373726534079,0.7001724501289497,319.9028617274076,24.654070677196312,24.642210339080624,13.784856703424541,265.275001072533,1.4234875141856467,4.007357491578324,11.232945806191626
0.2230991296974255,0.6464840117185157,354.4176011504129,44.98785816369305,13.489100188695923,8.610204082333347,178.81866010630475,1.7852162414217565,13.334695659954805,12.812229310489196
0.2786811649231129,0.761256105499293,2623.6924741525154,31.317690660057032,16.365577858710314,18.57357730042473,311.64071438029913,2.1857567373041418,14.885718616273634,11.124175704280344
0.33581943752616505,0.8538662705369137,661.9974842565612,17.389659404969834,17.94531459944569,11.897612952038848,226.1467854141264,3.4871859787487263,19.21547284649066,18.59071430747028
0.39177327378934174,0.5952548019580061,1813.7536067944948,35.46845560834585,17.481294243734375,17.071309777219266,305.87009021296745,0.1620343744385906,9.23592956089269,7.25496161176288
0.5779452990528532,0.7268139786937199,578.9417705136632,34.85678511786983,20.715039940796796,11.694384389800897,228.27585817854123,0.0,9.367831588168386,9.012775692410445
0.6932383784757228,0.7983391991847305,475.3027773738738,25.53160957484735,25.989774158068396,14.522299072647806,260.45893463750895,3.6526962521798447,26.959431704687884,19.913541539615096
0.09391783809551194,0.8407896520704318,1874.9631392804426,12.039939423272319,11.635141271885415,14.399674382784221,277.4041269258495,1.7917224893414336,6.215174965836558,8.528180297341766
0.2536988128350337,0.965737858033554,3046.731966476837,6.923202400188255,13.460003654147805,16.25074146847797,293.8973162103195,2.2749114778332706,21.609727138584205,11.896054889019467
0.17885448769100606,0.9284892204226127,1972.5973410713339,27.066834875927302,14.825317720446108,17.076007434467634,296.9351380388933,2.768825626831792,25.48685995580505,15.4015199025735
0.12780865950127804,0.7734395070099241,548.6483116663636,25.47295315617894,15.52092909416463,8.397403273562167,171.3787707160157,1.4682861128072784,9.04199436896894,13.51313317584868
0.03153457057280289,0.4661412692821924,811.8875646038554,49.337432792924396,12.47259655665061,8.187746288261271,192.10162086358739,0.44936686748309174,0.0,9.641744769493405
0.037633480309167244,0.8668746754153751,369.3148369425341,11.938796086083041,10.687465701411744,3.6384527728470064,111.22057052217008,0.0,0.0,9.188446205840869
0.12531702211406184,0.8310898347038805,428.2897328281063,29.062409793797848,9.452102159809153,6.2517003102737725,154.2600702097506,0.9414089849445365,6.456379035109588,10.234960873984669
0.025633046313845283,0.5211974584715529,409.26246661071735,52.33102618544868,12.072230839164227,4.336582675494956,104.6328704352902,1.1236417037764994,19.565274766643107,8.460904734015369
0.14222909639288184,0.8929251556812698,590.4822721190523,21.673931558271853,13.848511747951163,7.037868496137349,148.67973052022222,2.1907603288155735,13.848441316278187,13.872648489863838
0.4404046478487442,0.6007459667016946,913.7052600700032,42.17378941730828,21.858818414654646,13.17117959035016,240.75347079643996,3.444344707218062,15.691458245113182,17.97135619325424
0.13819524978243886,0.7409870129550029,837.4844531871139,34.58126501071367,17.327086845165997,8.172005614649919,174.424021595635,1.0009588005641636,5.57682391047017,11.571226690591663
0.0881247379306332,0.648256408309909,1386.638908670816,32.41532130436863,10.553495189204522,11.577111674083978,221.9166568004041,0.061218282806080326,0.0,10.48843346340456
0.3802453307196963,0.6769980578984642,949.8211591210154,34.883129693713514,13.756501401748322,11.320729545505474,214.91599907001188,3.117480686405064,21.842802894022206,19.05038542743825
0.431790301686878,0.635537342509469,1295.544427543773,39.23690674901147,18.687848386552435,13.447830902181913,248.07676760769414,0.6082455780753833,6.97263858870611,13.565792625878467
0.44330276356976983,0.7179145733938659,1442.0736008811275,37.299923053928175,22.054659225779886,14.999910646043245,267.05830782389796,2.3261613465813884,24.803792935137714,13.914750859919298
0.39151540329735945,0.8218425971802148,556.816949787726,22.628381454482945,19.841736885930068,10.999731841117208,213.19758474774403,0.9471776358171493,11.929757525400849,7.640553677783519
0.6593383929769089,0.8882854437037827,734.7386390624105,11.926751357978478,24.05218756522536,13.527659218448132,264.04704411505946,0.7645588574323035,12.207917010015564,15.72618624076658
0.10554240709987574,0.83743684014174,5148.075784084572,19.95105358184526,9.799125411144033,23.852601251769798,392.6576252610494,4.296132114761914,20.974004305334265,21.896668033738052
0.194801603694732,0.7152920150913158,519.0909870339715,22.241652629480377,14.160822060733508,8.059462929338453,174.3567382764291,0.849435208578164,2.9425891434452165,9.259600967923594
0.4170536745549863,0.49720483863250364,1347.9063598657012,38.646720856723334,17.934152524111045,14.274499821006135,277.91842426388826,1.7403886559551651,7.593649722174759,15.184086809365176
0.4174422029611281,0.6982855134151134,255.67789661321189,36.31101064318123,21.477321910537256,8.690201694158304,178.52115442671888,0.042800093530046435,0.0,13.31098443362949
0.02675975928086998,0.4472132951801054,1470.9969300214482,52.8770840022588,9.846140204769211,10.786083984900184,206.5024994820438,1.1025004411041364,13.961975363507001,17.943780678478515
0.5062932257695176,0.7716701526272916,449.2373161649738,24.242599768642425,21.403094875574517,12.138896696215667,241.32576530274088,0.27403007880647234,4.171544378996456,11.436906025489373
0.23912037339103276,0.5323365542563846,860.5569951112307,51.24444351375846,14.461456528929807,11.94483901244534,219.33036641799168,1.3879208269499896,15.31418600576029,16.648813979424556
0.44494079825198685,0.7187202285714505,213.96499429911324,37.30023135379246,21.64976540946086,10.182916243716008,202.5168283563528,0.9154826706716117,9.341502694224264,8.659900459734857
0.31182146239156194,0.5971794340239927,795.8808172972375,43.926290711978574,17.88075500730912,12.571681947195708,228.17678820407835,3.542009695399871,17.703947002747256,18.747315983709647
0.4431909208371309,0.8403480083238766,808.5661583446198,29.00904340194016,21.48368756065346,10.982864058793622,196.04195118166155,1.449071385357586,4.948271366587594,12.617640515625007
0.15019775725938156,0.9213548723356365,713.2419127904775,14.591507160079104,14.115202819096163,6.477923732815353,145.64901334428237,0.0,6.508163664813389,11.02770955511263
0.299054850852691,0.7531502888037361,1144.9719808683453,28.72754132556372,17.331980198123862,11.631618381351156,211.8403250875975,3.0188528135035555,15.982246171780245,22.380713840067553
0.39467393497889797,0.5967067830347729,1768.0424753692962,42.49833363939344,17.800587207556266,18.270915348542182,323.947025094841,2.6933978303061017,20.284510961001512,17.48316275860303
0.16323145150466498,0.8790261282915083,352.8706751418544,9.460170643096175,12.620026034154101,6.328224189689971,156.07365908915665,0.0,1.4229466206220072,7.18692778219937
0.2808296677502142,0.7871657484327114,727.1009857273037,28.935075669256594,16.23139188347748,9.623455136396723,212.89438111274708,0.0,8.080538867485181,6.209684260348356
0.3713643305584488,0.6004303852867529,131.95588541391953,28.73393522411581,23.414498740137866,11.76381676015971,227.39254424182775,0.2895880727841067,14.362594372249113,15.661310370222083
0.12251919603151953,0.7358481495008382,940.7398127547084,25.842402258545675,10.365307259954365,8.159621368386121,182.58647884554782,2.356226552751731,15.787685784305522,17.431946619035024
0.1754211034524642,0.6193076080701835,327.95846315786827,39.37696702652155,13.547574579677825,11.068287074457928,220.01393261793524,1.0923991547967362,13.296053882896352,14.075241927917011
0.4105132626777473,0.7909456674844421,831.4596128474753,19.866078309333396,20.45936568716466,10.905228635922128,209.74729340008133,0.0,7.859451230887897,8.968805834325488
0.32390738625553644,0.6401850384886482,969.0890588530679,35.12456692065756,17.491019149843424,10.329903450089002,185.70078821202608,1.9546584569778613,22.30909125049905,15.690231496448185
0.05038655334268652,0.5275859513863689,160.71705178559162,56.71414220636294,13.407602916442638,6.643265219390589,165.91390156168004,1.2147137868187925,11.716657255744314,10.075904748666552
0.25476309221973575,0.7941821214480594,1079.9262929546635,29.043728498583043,15.752081444487661,10.799182159923316,201.4967105060385,1.5910426491263314,14.863964855182875,15.139201689926784
0.09560479500855211,0.9215478575028674,1710.3964896510543,8.63155442070824,11.921037076912583,9.614577636721009,208.0463736649928,0.0,4.818619857420217,6.475389590277917
0.3509244170593337,0.8435361056348105,1262.042628905533,16.733917938005177,20.402367453715975,16.655577984292115,305.20174605700424,0.8462201228404838,4.51293781294814,11.037684972017932
0.04041947413825872,0.7332573424128174,360.792269806221,22.621819440087215,14.631910179293222,6.570342222937173,138.795005491584,0.0,0.0,8.071320554021783
0.25695016486236677,0.8124345843718176,791.4449967895769,25.4058563365671,19.238750869455828,11.073861113811345,219.2279003253597,2.5891376555729666,21.69117095047524,6.700741210932691
0.15623273758404346,0.8429697222694101,860.738677408323,17.884012743700715,13.632510671382798,7.9390749474927125,190.415234825244,0.0,0.0,8.95969412039978
0.11283926971418742,0.6656121955891213,738.0127103196404,25.26257004250634,12.721953319389879,7.159682421908165,172.7517621372602,0.0,8.72932249891716,7.303400726611214
0.2750886898652921,0.6837899955076356,242.93192024636235,33.962818363363084,16.970655736200708,9.954514012082598,194.19057961989446,1.5311249444971886,13.204582929907563,13.19664270957062
0.2567983999987067,0.8108509405629395,415.15582570531194,24.21830976734458,16.713958816892838,5.919257154827417,131.66904974056442,0.7425195862530695,12.559005069490937,11.861467367078236
0.07840153729809811,0.8836341503244617,687.418284697015,20.288631336673706,10.265342203756823,5.216821625384502,129.25440475392824,0.0,2.426439887083907,15.303795828944754
0.37433652805555573,0.9474447487927062,958.9801295582323,9.363198635772564,21.23160079909977,11.112550035919636,215.03311324909617,0.1961298679900847,1.8308698995442856,11.40445166144774
0.2819756102955817,0.45844814247544646,516.2617481767161,51.87631136327791,17.462608512835118,12.560629678612148,250.40681903560952,0.0,6.891859190498788,11.002337898950614
0.19095044021535149,0.5918195950273941,114.57743919957538,51.66755984998217,14.684048627753159,7.210123105728985,165.54773795015282,1.4462755403991443,9.32339379555901,15.102530356655596
0.47117942214675285,0.6061268436872866,543.5034465441528,40.48151484864196,19.237194800550675,12.477331461776627,220.23755591136518,2.126785055530119,7.351998539089085,17.932388175548677
0.22079366294131358,0.8685136515182418,2452.7616552704453,20.43158052134791,15.644413990514066,15.987230068338933,294.3952035793231,2.23912559828545,23.649130104843533,16.96065235727718
0.4524518590056982,0.8609311637423267,1085.3176794620651,14.818497046309304,17.524871868700846,14.27492884191965,262.333023020121,1.93972542412828,8.801860866700395,15.694452633593055
0.15083083058524147,0.721723217168093,938.6710677403858,33.494458713050804,12.607472076566573,7.150090135461618,157.62243339220495,0.8890697844226436,3.5881155777655014,14.35641521674604
0.06588630247066642,0.811624433730779,409.5206285684799,14.67565600220941,10.520962148808263,6.581044862055126,151.20510307343346,0.0,3.789321159103112,2.7200967375066876
0.26543172729286074,0.7946057655922976,564.7240497973113,21.175143368100052,17.209783568496757,8.724226326597751,192.8506849517323,0.24318589292590553,12.237036417493192,16.87511948215124
0.2559894593565681,0.8402379757879092,104.25333344223273,13.3372109819579,20.159436533804794,8.543031328669201,187.92339956549822,1.6530286156616174,0.7784392470283894,18.90176107329424
0.1534157812427064,0.8337281041695094,384.93526251578277,16.939604015396814,14.979209462398535,5.63200576098393,126.98265900788599,1.98431385417289,18.786673489568805,15.612191891010095
0.14627563140553915,0.902801657190414,1045.8405449390605,20.000201054018095,16.553694930409705,9.873221128057173,197.5121972439609,0.0,0.44263249271848526,5.7609806487737005
0.361835000098504,0.8458249420912585,943.9036306742177,15.814125765268251,20.336299348669755,11.357685647679752,215.88007078662417,1.1299504319013431,10.842427928146645,16.455927377232193
0.1768201729775143,0.8258355356171244,475.52054976837616,24.26608242182922,16.67061130381309,6.526886192576423,131.08483319958037,1.8228720785521073,8.911453505589428,12.475550699186137
0.28573474114624015,0.7900871768217821,737.4986096567047,31.47847999632481,20.857623234542217,9.017820333373866,184.17359992459708,2.7675639345021366,26.029840008018578,18.52043288598015
0.3499528938002134,0.7225392690219231,837.9211911830902,29.833579220010325,17.285148680400827,10.365142135399996,223.9246763065909,2.283304573373021,14.75631872670384,11.859544628076154
0.2879054378265683,0.7779319138695978,497.75339335523955,29.95496327701759,15.6034270774012,9.327415994987064,172.7908059873085,0.6169676024264836,3.927412657999754,18.221639702985577
0.8104671463120968,0.8178368896106597,1131.1339369766063,24.050109725734004,31.599300458757064,16.81530513704672,301.9889591191001,3.304560426860855,16.712785098254965,13.934750780826274
0.1875888145551309,0.892573388181954,931.0762278888134,15.25057971654181,14.682363455753782,8.694788587644732,179.86044736057423,0.8796960338766284,8.966969510014952,12.406198295641074
0.11147658369583816,0.824770783314001,581.9981672376736,24.52220744832455,13.227622258009875,4.601363017909752,121.89779998628948,1.1483004500329053,10.481584838942624,6.504189481547785
0.29306150165835854,0.5638148742704278,259.8124842916588,53.456351765620774,16.82920375724424,9.024965221575583,175.74722874969444,1.930840951275803,14.917176222709816,14.703435021600542
0.30775111528980215,0.5059667398832308,547.7149934267434,46.27664884796646,16.50126044819562,11.977270375590567,215.40794972585897,0.4601596910138086,6.83361572564366,9.874543612119695
0.10096488212591193,0.7146137971248371,517.4946679935674,25.888753757884285,15.76565139069785,8.59475361443558,165.13532764858746,1.7527662958309,5.125253100280021,17.793465921295148
0.3015096926687941,0.8852495744546839,474.62039716484384,10.237965570801737,15.338020089080025,7.992777516371104,183.20100032888138,1.3053330911255099,8.519994009993734,11.98719443303818
0.29680723683956084,0.874600839257216,168.4649744755245,21.258064315533332,18.79296543947211,8.295644911837313,164.60781393394112,1.0189972740563227,12.109280970429584,15.963363933679798
0.2955478546860294,0.7015253662971577,2027.934835898353,37.509555148897576,18.437152938611636,14.874782285927033,268.12611237237377,1.6347695730783864,8.189664260418542,11.014562229929954
0.30807839685574206,0.6281209385296638,1961.5188624395623,35.78393086566059,14.543933326253065,17.718147191762277,336.81853386256387,0.0,8.363906398491888,9.154115190865769
0.07259007496878044,0.6007136029990199,716.9106386676855,30.255707982891472,10.153191214232322,10.585770995471265,201.44400836430444,1.99175986290456,13.125630116407292,14.193663363499882
0.14940046842941654,0.8870546769992369,955.6217779058152,11.791295370453257,12.409630588835679,8.715935661965569,184.1630309089928,0.9134188377234687,7.564974567061425,13.770311861207423
0.3797259811464071,0.7354760136021501,1116.9925731221394,31.546429664841465,20.62231775529336,17.062476042288132,316.575257400577,0.8180439886454833,14.242895417279895,13.150233250834878
0.0724796982066711,0.8256364435934341,725.8653472553212,20.359104381676765,11.077922243305675,6.14266897295133,152.29723646406237,0.0,0.0,12.166675464770085
0.6407016515794574,0.7784618745615237,1006.2366156544429,25.840170023239704,25.846361676264824,13.44290356775171,238.32778994583884,2.070411691403633,9.905042274291285,15.976521038378301
0.19322886331644934,0.5571178178653613,1232.6641749514094,42.242674300739495,11.915426868941779,10.3114997205743,197.53897133159953,0.7020949033439243,13.970523161769577,13.739181738199157
0.10843276006505778,0.8015686270162355,905.4858362667362,27.929269192087617,17.362642435057072,9.161029852837864,190.4390875550878,0.7861224125599755,17.294735466007573,9.271714245320524
0.41180753905094936,0.709122019581595,1388.6131249938992,32.894977246429626,20.43757971375273,18.027398458572026,339.70115145241334,0.0,16.429962423358504,11.166396000643703
0.43801540836802877,0.26696815874921775,460.93952214777187,73.90518307438943,21.948387003794604,12.91365986871504,236.08979144431368,3.0149238747515676,17.31147315069779,22.361927469215964
0.2223668302580205,0.6008806279594145,790.823924464608,41.7160718987861,14.477919779320068,8.91023818255388,178.71744289719743,1.0005289075826889,11.291602528408472,7.4613439667939305
0.17616822620232392,0.5847701124551392,4034.183707383516,44.99253069709169,13.098951000922396,21.412861534779445,375.38866723570175,1.4867033973063049,15.033952725403553,15.183782358172545
0.2282016838285522,0.8449017154777548,1617.807310976376,21.25170404790687,19.530411405620868,14.999022795837316,281.1819242110435,0.0,11.375376360791421,12.030339333814354
0.14169632191432432,0.5389840692255751,920.9207590187173,41.85106062901934,9.70896483384485,10.862103990380712,219.73409989873804,1.9543743382996792,14.382957026572523,19.269494978164246
0.597543029791033,0.8858559825163782,353.7006553956951,17.1382770504016,25.49586988163738,11.148223915146316,208.75980007884675,1.984231899446029,17.56767221501445,17.1387205484857
0.49554826701546295,0.5657303259839918,822.0793093870598,48.04181152117334,19.965698893170785,10.835972609590494,207.21910777451333,1.4956960459879478,13.2816531861744,14.040187941445996
0.4229344576652333,0.710147672129987,1544.1596226245101,36.86241683927539,19.76335913283682,13.674848546645272,257.27774019769873,2.350224923320806,17.012019402825107,17.16578189483213
0.41830183548507455,0.8837217766142249,1330.7955203663873,17.545575846138327,19.18135695177882,16.0059448566692,302.7122859763208,2.3830967310086066,9.940540739534027,13.752628323837495
0.2383193721724035,0.7979894159214257,126.52273488590288,18.354699973414004,13.986028937471593,7.461497083038484,159.537615424393,0.8852078571448326,6.894762831698211,11.049115425788843
0.04580049651235959,0.7548534633477038,175.54891752720087,23.00660165083665,11.215895872221646,4.999506168920218,124.76957353296507,0.0024022781053616438,2.395763122032349,5.99889717615742
0.08785271756134655,0.7639915348053917,184.54349469058482,24.065021461250094,7.060259644421532,7.506535498705434,152.3387481091874,0.5166172573323803,1.121991761436913,15.752631686363621
0.3226899639101146,0.659853698116046,1129.8524364951427,36.56048671023848,17.43627213391547,15.481884022078008,300.8605286500925,1.6842565776492289,3.4790001895423384,15.56111340097561
0.1013194943377103,0.7751160325605838,187.25383718580093,24.628376563009493,12.352407407742806,5.589941839814833,135.39175706863958,1.689243766709062,9.638837573875506,11.474772035798814
0.2883240043389454,0.7500137602144962,339.57840077721534,21.880101252540776,14.489547015661609,7.905985111999205,179.36732447555548,0.2596681616168882,4.719261014286255,11.463241292029974
0.11426197104030494,0.4043760551206889,705.4624105154089,52.95755486756274,15.882986718906391,8.893201138430056,183.69698915712686,2.301488414260951,14.731139037183013,19.231764165635376
0.282705678646333,0.6767767054236471,1722.8703367961812,23.597487637338347,15.878725216563698,13.287905009479157,250.17124579462148,1.8407581053012625,15.141721625405753,17.580272239616306
0.2060279603505847,0.8161518986990475,1168.8266186697506,5.948954497745682,14.675730523834945,7.5928499972460255,148.8896610501698,1.4697111353591832,11.819455759465844,10.891361998898756
0.14725094323760277,0.7488007915799035,640.2104794304302,26.949019643034053,12.496835253110664,5.725246169464755,114.37107384504566,3.409124953651456,17.35194392695294,9.121295936489998
0.2844946931808205,0.7929004436456905,1416.301050440835,35.240111947602145,16.94923508865934,10.661564304530058,222.44251668631046,2.376341298347154,9.929733614504242,17.127011500557025
0.5333690448925831,0.6444195110127369,2932.713926229856,45.98614162781081,25.950514309326675,24.8161978022288,423.02354917605624,4.877621450443807,28.89583128928132,19.53344473059482
0.5261148339793444,0.6207432644519169,827.6983710616979,34.24194913871263,28.09890245733056,12.104541647247919,233.63240593858495,0.4561391518243446,6.315445520850371,13.007330397502365
0.10221333116816313,0.7206372541676922,244.86385375891837,30.89216361186075,14.046611686605395,9.373705446024058,178.11504416835677,3.4729544447200222,16.722868803845543,21.53319727680878
0.22865803412657076,0.7592837303473189,350.7362488460405,19.34156671849047,17.89243838710781,6.787586525588315,142.7831561058885,0.7068404380563771,6.895090340159162,15.10800042863109
0.30023403733141024,0.8309944555512668,347.6847900066124,13.649951346095374,20.93870589623942,11.221939770592217,228.95211657023307,0.6371091854948312,3.884715005205786,16.826994421672673
0.42881994728772377,0.7671790190853346,423.2111216738114,19.96652529416798,21.21824083572601,9.756884940766124,213.75471181990622,0.0,2.3466303829444675,13.70907075423191
0.12998187641051404,0.8522009733637778,604.539968669157,17.17441897505083,16.39004865748659,5.425962976955555,125.1767045166078,0.8265674752289225,5.493978334464751,17.315065174424372
0.5097282352951061,0.5653146896254628,979.8729156597451,43.20937988264847,24.328008147158457,16.732656108304226,307.70467450819393,0.7250994716340777,6.4637107965339675,15.949929708791188
0.1334319800608716,0.5691538401729362,208.3620135183993,45.03966423847003,13.623774220144933,9.29925168095565,191.38902454115077,1.2461341008858573,13.26331118763388,17.513987974281143
0.29095263270607447,0.7213871135542061,250.54154567901153,33.39124172864287,17.974497886554797,7.33644751337949,158.8414232999151,0.0,7.03556034270304,9.877395582106683
0.3536633278486492,0.6174096300658389,1224.8689242178543,37.748728677098704,15.19874926948058,12.398552744041456,254.49788136240502,2.6018950433475263,23.141267209794023,12.636758314671681
0.1582662521260867,0.8348529049536205,519.5403347277598,20.0442484074873,14.540894824044466,6.168944095059299,138.00214496566196,1.1128760709424501,15.510149744329844,20.22900094080336
0.2781000282381391,0.5150648984639269,382.3321361070161,43.175096604795534,13.865005665060883,8.81184440864551,194.5847924998575,2.729434445941156,25.699846649937502,17.01244492050095
0.1824909487244048,0.7109557160683467,661.1680098983322,24.291500432562884,11.311735414887906,8.177678684411179,176.47941343658817,0.0,7.795792398354147,13.686124191922703
0.37980082028449685,0.8496933263778447,1929.0443185451068,11.032738895752434,19.88077788516287,14.76126287534531,271.25004990653144,3.268435472719217,20.78926800274452,16.520264188725378
0.1498694315313752,0.8730814544361984,1346.1529547168725,19.668908106383277,11.518578597884272,7.5664623730340175,177.21710732584103,0.0,2.5629211118143216,12.891767327636916
0.055054621413750816,0.8703888430186848,1281.8289693793308,14.975464887877155,11.362138032737015,8.149527825496707,175.1442623666809,0.8434643007718912,12.503931690565057,4.773770776809831
0.4292426333374434,0.5693654038699659,2390.792126125145,34.40151233758105,21.007934872135813,19.923653564230612,347.8905281643364,1.8858531736663249,9.262828044449853,13.483302761162951
0.14538828511845442,0.6703093776092695,1014.4174219981581,34.3567112517477,14.00080632959563,9.725383167073122,209.67516923591717,0.09701828791600087,0.0,9.947312469613136
0.1603434701156615,0.6055223279637696,2537.026291599308,34.25888382433032,12.200343938807336,15.482687768017584,294.7329390579827,0.9311280711622385,16.35612924588773,13.715646482821155
0.29046709837872625,0.6688727153226883,2672.269216859834,43.103349715822915,19.059042224430556,17.630672656378728,326.47972305721964,0.869295716759318,2.2312748938739144,15.389313321701618
0.2956336365423631,0.7736798808905164,215.32866002692757,22.474702111919395,17.21237044062692,7.016897350340198,116.37541683890632,0.4591875983862366,9.031009341522939,7.865540231074645
0.18423098794235368,0.8841089388639267,157.40454660581352,18.837725431342196,15.487926058901166,8.481963430237307,181.63121771094373,0.19781471988260324,1.389602015363602,12.474441366467119
0.2743145561653664,0.8535604664348445,326.7373348440559,23.62437315778893,14.464984676240167,6.142766262821464,144.26266587302166,0.4738081787891,12.52857082911557,14.864521376882974
0.2104781530021754,0.8984437306930285,1800.805377785044,9.36542197484222,14.905298711462411,13.672347285646897,254.7365767438486,2.7250054256986984,22.214771631648272,23.850248312509517
0.10680711806152557,0.8557756983683211,671.9766421118088,18.360422734624635,14.86476691807838,7.760682518737716,172.50803412079253,0.776518884239908,10.751964574075563,14.061181162112373
0.2675377646276868,0.7539134145609954,606.9465850612887,29.915132196451143,18.628799379309573,10.225380968667745,205.98628325506147,2.1221802848431883,19.720544686753747,13.926932767664304
0.19743777069662893,0.8232479329398287,1443.1035523473124,21.485416897465957,13.341358901566936,10.328856633548693,211.7109236765022,0.0,5.036685379155615,6.184706028675217
0.012145354576059563,0.6460124763327686,497.5677722817192,38.66438092659992,9.212517483251798,5.874864545481243,135.44335010466872,0.028648818439942214,16.28546867789002,15.559228939695547
0.434558202085746,0.9511648897597628,920.1311507923687,2.747012953825588,18.886581592016014,11.11874783609119,231.76302384313277,1.4293629054971557,14.44827778945316,15.785433070521716
0.3666747390778982,0.7662767516783021,1224.4484624363297,28.805273447525437,17.854042640425693,12.168561383894836,240.3178626761508,1.4347917058437352,6.236409025256474,13.52105236986862
0.3707105707023075,0.855341213698265,355.154083121512,15.588469796292605,16.46962918614463,9.133316921895656,192.42501973358324,0.0,5.348033543720695,5.140545117334545
0.1598899301665868,0.9088595356152274,283.7046854140805,14.949897911050247,13.720896509347723,6.905726079128295,158.52294352399306,1.3218162339230863,9.524754804617006,10.510988732113557
0.7928543406831188,0.8812716310793653,824.1491852083432,20.28549743061444,31.087635313443656,19.575911570275473,355.21148662906774,1.5579291613407706,9.979596353174777,15.788783769673735
0.5689878613817724,0.533361364091008,906.0318907900808,50.341519769400655,22.65459080694215,15.508580107769415,292.8455794858961,0.7424171186910453,0.0,12.917541869105314
0.48934421929067307,0.695560834957658,1365.803208253886,34.14312348125815,22.05239291694447,12.524617715667251,236.74154519954587,1.8994720339107816,14.532210857860427,8.909685407877593
0.25959373641320244,0.7479057238930163,319.05280142756317,30.899126330551105,16.048846595067346,10.04977302406155,210.6496991691562,0.7165422046964791,0.9374039240831538,13.689193181246683
0.3615433248343228,0.46651335019781176,434.7713592606185,56.455853751640866,21.14882058405451,11.320741848452988,221.55165012721525,0.6229832702267251,0.0,6.852148830906933
0.47477369198449604,0.6254342665196829,2654.6920536338835,46.188421820148164,20.646158626003555,23.841190679724725,426.78712811087416,1.9442320392615047,11.056859951429498,18.92260730396054
0.32559684849803006,0.8325489784541663,1592.7300767100746,19.900338441811183,16.98948899714905,15.725522045245416,296.8601087891509,0.45971316366602477,3.0593843877029108,11.774950653879934
0.0864014064370196,0.8155322985240572,722.6553423794738,22.421878100046797,10.467992904340768,6.515224386100158,141.47227260588542,0.26921820742466746,1.7691877665209033,9.282781172313769
0.16822110923642117,0.4627095388313612,1771.1078408094288,58.016475550058054,11.930508690753554,15.203454494051787,301.3589243052795,2.1813144027601217,0.0,18.423749024232322
0.4485997545572932,0.665401973121093,320.1972823269838,32.66188437028407,22.273363846826268,9.952753239682593,178.2709002353406,1.8680753997375017,8.218087219184765,15.730686364681109
0.24821193555300514,0.8600928156084687,658.251760291221,10.91530923184789,15.93507679616417,8.558765746227985,184.7550336001102,1.5512025205108309,10.336600756179811,17.852789126792132
0.1959491694530492,0.5069063377118919,900.2520886709042,51.84458047884358,15.008348955972833,12.026060299177045,223.42843119320284,2.028851781384843,9.944637425058904,15.313556293630809
0.2673730056970982,0.6863115801263973,599.4181186210373,32.20183936554453,19.233607454818248,11.701289915630664,244.34115167119015,0.07829319227087483,7.249891150350156,10.612191079894329
0.05331516533130393,0.8586839462988255,616.8110252662939,11.680807774433868,13.997040585138343,7.920170643537412,171.33062030601403,0.0,11.963303242377812,9.144248702206273
0.3588261792193613,0.7365194239231617,1317.7054346741838,31.21596149381463,15.678185864814425,13.166441574733764,239.55866897013524,0.7862505110324041,10.726839245405491,12.754527705882499
0.28514408158727705,0.7306029722635868,1608.2075430312645,36.40139757142342,18.424271385873062,18.02282926139723,317.6774917987626,1.6121369917779407,16.58051943762169,19.12419511881261
0.06831007128190811,0.8300665008510175,548.3917244804794,12.145302191962996,12.15904563347008,5.623638813005211,127.21526760842225,0.0,10.545633448242242,8.491707489816868
0.1675857089581488,0.9230853019827746,227.80789757127312,17.03394779763269,13.266460725661847,3.6827828131322486,102.18397241128294,1.1251704424005813,4.406377934268762,14.75679155399336
0.08800745960478155,0.7913469712898994,181.63418399124103,11.093435005180652,12.855553864175423,2.791552299874575,88.5868083392236,0.9879155965977392,11.147235849821932,9.828458242470495
0.3479916565489838,0.6097619472321368,91.45684107601966,38.119991598200116,15.247024943283026,10.553825533281923,200.79582431221831,3.5203002308792493,24.056987690344325,12.600554224162774
0.20246355515538617,0.6445072608654553,2363.9898199068616,46.19692608332193,17.986873564437452,16.96856567993204,307.2291233148068,1.2005445373226329,7.622375759048135,13.62373756441691
0.1237301815343794,0.5323153205960612,1321.6234453332083,45.450000903790155,14.1231427325033,11.905892935754009,232.50063567037748,2.7659649974054954,12.110726739470525,18.02612876392201
0.581395946828916,0.6308918902763806,1122.3067002076994,38.669421854230706,22.804503181057584,14.680755125445794,260.24826296892724,3.5922723918637898,22.021121863537374,18.650527171332023
0.42218896222074237,0.9010571277272497,490.3345319980953,17.719189508415308,19.38390361187951,9.453341124012228,175.21742922974343,1.1832180394761693,2.324727798966281,8.470090186373714
0.2536969522953405,0.8179039536155259,487.9244309881061,12.806276604299399,12.936130856288631,6.38136300954947,148.83000966473776,0.8374729127277841,2.9098687355796713,13.006585505744326
0.27243568849156813,0.5434702426880974,1644.8186648393814,46.44815216227001,16.182977712616697,15.215340652291209,283.5493152955634,2.8634581816490323,13.120050988678962,17.95758635654092
0.255154043203245,0.8768427021535831,158.23790604865562,16.40522216598406,15.413387125599957,6.660383270654128,157.20791667942424,0.22106783934748866,8.136842423043497,7.886327705091001
0.2918780480829133,0.8632351672025211,568.2701282813942,26.62043981801679,14.646730427825315,9.78864451956862,202.3414116094706,0.6665525862424113,8.760772952747967,7.605906751186968
0.17269841212193834,0.5649875343851993,1810.3800568058405,37.97241775034294,15.870864770468016,14.411515705262442,281.8999033363065,0.5625749019508185,12.412154005563934,10.649273471759145
0.5930215390601925,0.6407724476982608,567.4359250217318,35.42278312490592,27.37913285589376,13.253106996748482,258.7672838205399,0.0,0.39064972818290666,11.958787740333305
0.3753290622883108,0.5829146333237946,1273.9140879198671,37.895904046740405,19.328505577118815,11.704263950936618,252.36224122820502,0.5221627502042991,2.211286144479655,12.55537107088672
0.21893993961217592,0.9760469324032611,745.6143728772278,1.9837170652496017,14.862204724611662,5.7437941763615115,167.1633846137521,0.0,7.619559843748322,7.357489006497765
0.2774715740499132,0.6749237895658099,28.1058572402786,39.89387257440001,17.80675855551142,12.537880820949733,220.48718643779884,0.8327642758190474,4.337722582741012,12.492685944613642
0.22768563980962725,0.7100256215987678,721.0754352197007,31.230951566114985,15.652863070250595,11.832524064834125,205.51647466015342,2.3562118492401862,11.40732781948864,18.551908839527165
0.13435581892596554,0.7158250086441574,836.8824026285998,27.79791323989323,11.194537040686765,10.50172623035662,207.45198047688217,0.0,0.0,6.482002872199556
0.48511327930512677,0.8032826053046815,677.5871051624957,20.115336016865985,20.82247600945365,10.708482646872001,215.66956400188323,1.7610825593473214,13.498560244457224,14.592172502497887
0.037388310420621684,0.5000732219052262,270.6064113728362,47.17727464380266,10.34183574701948,6.305935823744054,143.8301872661036,0.9522551915238462,16.515473125176225,16.399560919322234
0.14315517448740986,0.6150175152642173,683.6549276793384,37.27940773918197,14.075252551138638,7.63207518767177,171.51693227565414,0.03354393263618649,0.0,6.259063365708772
0.4864824817391423,0.8143176170844478,99.33740776356532,15.38918774095338,22.180735479231494,7.417656051150957,158.56242001328062,0.6304107774476964,12.630161168391353,15.042605816767768
0.4913419221399569,0.6798234416059864,562.5343956966625,32.522242542635226,22.704286813473153,11.329467828495488,213.0025097932911,0.21738430914431794,5.572544331627515,15.401023129827951
0.2439042348014981,0.6417492814770162,1347.4026398459957,35.446531208807826,13.047949903469608,14.05964092890117,255.46570533500713,2.5221520006558644,6.261534810573302,15.638763426127003
0.13601767575850526,0.8306021200623086,2276.8335615260394,16.45682566237551,14.73087738213249,15.489066592996801,280.33431520431,2.070774740720046,8.809464684739542,14.147910994751273
0.12834455199420508,0.9214246985416912,2026.3331446008128,12.847008412772674,13.215445567872152,11.301684247743315,227.96038715675124,1.204048888532997,5.033858890113128,16.10940547839117
0.25814662229954777,0.8293640559939016,312.2319797323359,21.556682361139643,21.559083665789004,8.153573490014846,167.43619538356438,1.370948612175106,8.901155522997293,12.868980405349207
0.09516627982820208,0.6854920654458349,190.52871416050394,30.522478038416324,11.603888255352226,6.913836993396154,150.81786787177523,0.0,7.097571442233521,2.940619897914724
0.30842344069863664,0.788418852619827,900.4563628207862,23.321632510384287,18.35750300768466,10.132462960763144,207.68911285189068,0.0,14.244614186207157,9.703616215931262
0.37552207382520325,0.8836002555451702,795.5483367358705,26.26909563543896,25.046490170047086,12.376177612073214,233.65470020564632,2.373383935987169,7.337806769356245,17.34467174455161
0.24379789705901656,0.541920909531823,1207.1821932625924,56.82928443514662,16.483130685481772,13.695816944699317,266.60435967694366,1.9080777901236874,10.208424175894809,16.99044603605662
0.3074523932630419,0.6926540991644408,455.5481920910932,27.39068012455165,17.551048753024013,9.870399061416089,188.8609235988907,0.7210529256119982,3.4043074378944356,9.160744819774226
0.3943921564916687,0.7469486238852919,814.5707360940368,23.202386017380928,17.885960122790415,11.637651657132535,213.20113729233316,1.995667074639567,6.642770991111782,14.179764328181093
0.2720307882758418,0.8091637696874272,781.0304898573542,16.878244343171566,19.857302441314015,9.142330088318067,190.18124166495443,2.0379342417601576,13.628975400088457,18.025557396857295
0.25021897963009077,0.9225589009211679,578.8298344161767,17.254968616956084,13.93727131839913,7.443948422034883,165.70211095317123,1.634006527709733,11.543426066773169,13.90502045503432
0.6431510779527608,0.6520003605823067,145.6733028247605,34.32732104971393,26.933018782515262,10.783745927503176,203.10659397171352,0.8124909009185045,0.0,7.44501327041352
0.33157970315912283,0.8563163432789725,1333.3316165535805,19.129900322873976,17.342381936361306,10.20181150783179,216.4631266307511,0.0,5.0907526397273255,13.712914028861128
0.40215624915597314,0.7234626446109415,905.1575155980174,39.873198651419685,19.675233703743285,12.61070193123699,258.4098970662571,0.0,0.0,9.357666932868264
0.3202955284292127,0.7680733624886308,1400.0653172513746,25.821073404470923,15.159523673510202,13.951997139570064,253.00141496514377,1.469429821832614,10.936857883005336,16.947230886125674
0.28925690953217076,0.7704416821518802,1643.85267642431,29.191492215117385,19.917677181772056,12.266268578745363,248.86703540849237,2.3560672182796054,20.77175133914887,11.703797958099365
0.2826346653162994,0.5546425154368609,728.5260674055022,47.684277357184484,16.510272021070932,11.445396129358656,197.85962022037262,1.2030036588626467,12.127354440830283,12.644548904389362
0.3833450071158206,0.6537619440825434,1339.376423512929,33.22033827409135,17.153445860109446,14.83524636377436,283.28981812379567,0.8061254215413907,9.112087158201012,13.544521624885181
0.08076135377426959,0.491464637658929,2313.0859957172183,56.06399126940569,14.524415038436922,13.125195979066834,238.30031197471834,1.1091971300802332,6.792959733303999,12.51155824069762
0.48802869877966115,0.8016014796054098,2825.5635822807267,18.607362790012182,21.19244384341692,19.90984698516901,358.4084315972566,1.661924446895042,11.98203604180404,10.605792510274625
0.256084566007227,0.8449474210034139,989.9274842837497,25.654131041913622,17.07132873364212,13.321107628022373,240.20385456076895,1.7753220959037284,14.917559494852325,7.277895319228776
0.060227777016006144,0.6926417712287756,1048.448880284346,29.724985763364597,13.188527189668886,9.968057630520054,198.83598911153285,0.0,7.320831714042049,14.56979538851008
0.1211284104356013,0.6704275872880243,977.4542705232864,32.27167854139734,13.976278922038674,6.783184407360192,143.6466101449845,1.8448722963935318,11.883395366506408,15.356295346687805
0.12753639958346627,0.8607440443667105,1176.4306359642787,12.090596888862098,8.795138888588586,9.637323611873654,192.421047200284,0.8649416731060262,9.546648312118682,15.66275734113848
0.07081157871383402,0.7942954499557439,1594.322594147283,18.89211244989982,13.161002869801425,9.740933867922518,214.41324830814222,2.891297446234579,9.982380684727914,20.014250913667794
0.27016215700040347,0.8468648512241379,962.0882966530763,16.64834177818491,16.55282639967983,11.361951886615893,219.34990033330433,0.06310312342039115,1.5807286197928758,11.948298286909715
0.3287862967850544,0.7044326693836084,2717.099489642207,19.44431696592219,17.561600026019693,17.070021535147166,327.1533392664658,3.0172789149192343,20.606914422406867,16.579185221856882
0.18962146112072925,0.8547398409898322,2462.6697003316913,16.906752605037116,14.522386630067787,15.311797448436677,275.8188361156218,3.3038587835798365,22.425599891190384,19.728947735866978
0.18862027941691667,0.7914320917680828,835.1824842087595,21.231240554664957,11.495441397540752,7.829256256690309,182.35649088842266,0.0,5.46799295419681,14.297610839112174
0.10335361009493084,0.6891758312467325,831.2731326996478,36.924230680853235,12.968182081696876,8.94809684196299,167.96452656431683,0.9348616947364213,16.134275450771444,12.586187021662324
0.3438347524397487,0.6352590268039146,543.0305489682901,39.94159127943182,15.867086063575098,9.449022428032487,188.87024586670537,0.08200826468843436,7.868130141060572,15.910123794918658
0.5100831301914796,0.757286588706077,1223.0456648715572,23.306019860956585,22.180398835673724,14.129901157085236,256.587417503025,0.8704967439208358,7.31634938636802,7.677976200401522
0.1827153135229866,0.7019524224581953,621.7331441510568,29.531528181632886,14.880411701151086,6.893885736576412,168.7853420566176,0.0721652304724614,0.0,5.359687242393813
0.18351266366795274,0.652762390301086,521.840270531817,35.07829468029777,16.735890767674046,9.555750133757872,195.18873986672884,0.8984838684992192,15.787601724141451,15.21043531480623
0.39655505922779033,0.887174311180457,1203.7074525242183,22.58409476613811,18.27465016097533,13.120600359338288,225.92817369359938,0.4921597378538267,10.820226237188194,8.774170535071931
0.2770771668111213,0.816953972307083,295.87427921573214,17.362619090080322,19.83010391397001,5.817962731795191,124.16814442969223,3.059238629512211,26.228511632701434,23.778107335066863
0.15908526645648183,0.8492445740373552,1613.7895725773922,14.969185011884768,15.87083816844234,13.346300388124904,240.06788332807955,1.5462268758694948,22.019144780997557,17.87759130337257
0.27130127822489036,0.34145866926937574,1239.045517879018,58.62579900767044,15.923712470641188,13.182007178813151,257.070610623319,1.2626982658055084,3.616091529308231,17.919460184787894
0.08317077018397578,0.8371096590851193,2376.4309633261805,12.249933285158347,9.861770721794189,13.505495881657438,260.63251306142433,0.6580847037382902,1.2106700943172344,14.298520675999477
0.18522386621342923,0.707052386060342,1003.3767423359182,32.90030337269669,11.74296429087489,11.048600219360953,212.72500896080308,0.9804003237006452,0.0,9.686249938240731
0.1893707978147841,0.8177193340699924,1379.7112933756923,22.419776589066725,15.277777648435881,11.938830396279737,223.59735800802034,1.0974993862830238,13.981808230280876,7.765723665301984
0.3209489402315388,0.4266512829886928,1509.784639750824,63.015193795194406,16.54915520670684,16.987667789312702,311.97889924819106,1.8303032703166302,15.603626518704516,19.061642183358643
0.4592760301666038,0.6268645772536032,1917.1165110261911,43.78923308581036,23.880614364728526,17.674284811129276,303.81904124261956,2.4754097389708654,15.390533956512694,11.68981972939099
0.34189015551057156,0.7225642363399541,921.2991702360065,41.95480230206317,17.18820622810775,13.647933053688478,259.29568558483066,2.2147556132092374,7.7283562976199445,20.291546096205657
0.247179021520738,0.7288543199626352,539.5106158546542,29.033747365657362,14.378133577914507,8.928268967265545,187.6492144776855,0.9547048831275385,8.373651086886298,14.395606488506912
0.292131029589977,0.7203506560470221,1020.9116338293722,28.86579313678697,17.77052844223805,12.291013831972396,231.6193115489183,2.130311973115392,14.444775367500096,15.097021971328175
0.15542901118432254,0.8686370919599778,1612.4811031433571,10.3215299979352,12.513631565289216,11.691921495935006,229.35560208948226,1.1246740130711002,13.41232438668025,14.137828085683683
0.3559771715783029,0.6581505758825614,1763.5183497760636,39.24933900795109,18.916529276195178,17.562932601521798,314.46493255357376,2.3350641394117573,15.705191129973459,17.233533154876692
0.5554252546261353,0.7208608886223496,147.28715546621177,30.71519123122022,25.857610025770423,12.529070284639445,242.9102492171571,0.9888290115856834,12.274322521298567,11.864841363202968
0.2557472204743202,0.5794389367049158,4454.419845153439,46.106827221611,16.628139175195454,24.99880116130342,411.64099433475036,4.65316260107719,22.991996054738518,25.909968207450916
0.364575406591268,0.7938520686020645,524.2300025019541,17.8576927296222,19.35631408618715,8.847954446147371,188.86433649749756,0.9654650022794198,14.769269478743938,16.587865087497153
0.1489138550446442,0.8272587216142027,1396.744167443361,22.304735999855257,14.13313979393294,10.938864057821052,224.3489741623385,0.6747743553095755,10.85774780845551,12.153913793736763
0.35773585230684496,0.7916659157909016,2066.9231288240608,24.776065668588565,15.557198327100336,14.56181020462661,271.6366672750436,1.4000759699733374,4.665638526389228,11.70020676483243
0.42172364089847875,0.7893055757754369,776.1589062562228,24.657673379679107,21.32676652232295,10.332035097555599,210.99268497324897,0.7602011680888928,14.986906510636778,15.818365053435105
0.3477204159854178,0.8275687432797758,1811.9662629139677,17.102483563867562,19.01287355308724,11.544604886748614,222.0698801271316,1.2951104519122518,16.30829942122469,7.170094989364171
0.4753566474089294,0.7607538574164233,145.76902444535168,32.47877607528889,23.669710839190078,8.236430569952732,182.45978421192143,0.4117037143950764,8.974188542845015,12.36093710702166
0.4171391415258014,0.8733745458925862,1858.2184102895483,26.647828764557296,21.640100140419275,19.32650277432265,340.55001289463826,1.8205596225430813,13.68582701510965,16.770124380984466
0.3523902048537425,0.6159971508200055,1703.5010325113835,34.008536294711426,18.405857858132535,14.10968088788626,250.16580049374778,2.725735073187583,24.195998137141956,14.329282178634921
0.29798767625466505,0.5085604681133661,1117.6496009985938,52.83177776776185,19.514477689388006,16.278450805559707,302.3789236322282,2.5237787669171485,6.928550736308223,19.23080337960581
0.295937401834981,0.6837866990645567,1616.0885635226373,19.069946327487948,16.813173650649084,13.912058734475528,242.33941854205523,3.8609095223244068,26.64976070959588,19.573116221861138
0.18638305705116842,0.9249801695688025,2508.0912390396684,15.094834486220064,15.153890634434621,15.47661769959006,284.9770629367347,1.133029021007235,7.151082591157184,11.195472186670733
0.047424647896266166,0.5079969284709784,2111.5955811019,39.92950335490316,10.563317336447941,11.155844600558227,213.49544050790362,1.9550822702499335,18.296216313051662,17.77737569461585
0.40896245298927947,0.9531621161426754,812.5549328570573,6.590572807662921,21.147576934578407,11.030587879276446,210.97756069209956,0.0,5.601879235845215,6.742946713906752
0.3923607270190532,0.6028976856235483,1013.6110966171387,34.1740849851094,19.056038610200808,15.598715893858916,285.70062590714576,2.617253824122863,9.254385179450262,19.150714569998797
0.42012931305738005,0.7184437638564916,706.8042432579704,29.26200377816878,23.798336044317637,14.557557189072115,261.27047592790177,0.4398379205990317,4.27675263221767,5.152556160039811
0.005733078329736931,0.6903105898786239,635.2183386820348,37.06601540276299,14.1780524326947,7.978104595454758,174.79362907309968,0.0,10.108645365829826,10.857113340193589
0.127844616041713,0.8399605523635829,1503.5160807230627,10.116983968642426,14.943991909414834,9.061266687212777,186.4869666344117,1.1743763423111349,8.646465962645172,13.06747272441832
0.2527553252446449,0.8164435264132529,700.5899129042468,19.72268417522904,19.401476429944182,8.285009908953498,168.10220912018048,0.30644063634437213,3.118335471786963,9.14701429026365
0.2416613506549737,0.6840740760627392,1501.076393809409,30.86648931027319,12.963104804656249,11.146498801600833,230.57927772447567,0.012167439223320087,1.9078094679181787,11.199293201725334
0.38745832055644536,0.8876805200683158,775.4405526449997,23.013996613210956,16.843702527361145,12.795916375840331,243.98657174059994,0.8731366507878535,11.703783714320366,11.94413123886627
0.2120965570238047,0.9342988800024928,867.3625522317673,13.071905839027075,14.659292792332693,11.466292530081903,228.30239728547335,1.7603295914034671,20.794493516313686,17.564910860425307
0.12003481608344366,0.8314322625886318,407.45892480186643,14.285010800656027,13.083332332603847,6.560703870249772,162.57644534869078,0.0,0.0,11.680452966410305
0.5475617438071155,0.7210423349606389,1473.4669718314517,27.749717958390505,23.29262875897856,15.70112139626431,299.5186063019084,1.380959784478799,24.52726137463163,14.810482159820054
0.4431881479356844,0.7673312556556738,135.6031121761784,33.720708182917015,17.7954331991262,11.766333766196446,232.29286103150858,0.7123581442332743,8.868163721813755,12.6564789712638
0.16650136031077942,0.6675169293739948,1906.7632451841198,38.49530294021059,16.46571742041678,12.885826311998331,240.2608126698769,2.343562178431705,17.275369390220956,14.442406076438136
0.4606326671302714,0.599842206919133,3433.543084068329,36.42303406525092,25.824213144970656,24.191752339724186,398.5792472204907,4.4055957413026325,20.4410742294735,20.108578703329492
0.4047323301682273,0.5073875786236359,890.7698623055747,47.99976523195732,22.68028361255093,14.297417893367818,266.52817540531476,0.0,4.9824243757158655,10.744647520662667
0.05567748048955752,0.6887911704192896,860.4823015496046,31.8332489202232,13.56298354981188,7.219258117833221,169.2347149256722,1.2996228416940818,11.161056427431866,12.728978642913797
0.17535362861683473,0.6378419335664064,194.23234964372716,34.9043163432444,14.836079925712074,6.196514901441657,146.49087171555772,0.0,0.0,13.334358491298987
0.2113471178701141,0.8613965566566613,552.7443673105794,8.923249119292045,13.59768320529858,6.316962980181215,110.30860420503925,1.717211860554225,7.840440250929253,14.573380220016821
0.4086047981952608,0.8634603798877889,1628.4011255144342,13.90045723314916,20.360176060153453,16.656582442282428,308.54935818250107,0.7985599795111282,14.11707762250078,13.124299772253215
0.26809364715306877,0.6917650295250282,1792.424167596796,39.68714387207434,20.913517252509727,18.307381544677543,333.9257147179206,2.337792087978692,6.589434125118663,11.636428418260047
0.18548700949567662,0.6317937039213465,979.1775832625293,36.23284421177294,13.933199012377804,10.47441726681569,204.1040370649722,3.7128782017613506,22.056708323613105,22.111886320584507
0.18073781621280613,0.6414337675629316,1561.4100709417328,36.754692767031564,13.608530909672272,12.16822920770762,242.40705486814954,1.1558914398651197,7.770981212614557,11.14620781863977
0.34381089671640375,0.9792261064318345,414.95832376981787,7.572278655402763,20.809879736117924,8.010654749508385,176.4394753865595,0.05336087046188848,0.40990773446967665,7.00544142926458
0.1903758401888029,0.5711895017451752,1154.8530723441916,54.68365181649486,17.106768106211266,12.445236287819117,229.82347639446647,1.3402762461819353,20.220764244574745,18.28924864279255
0.5450890308639817,0.8633751236534258,2248.7838351268856,17.340612728276483,21.931422160049937,17.68725892068553,328.0218949724598,0.30266854599950355,1.4381613776908244,12.849535932296533
0.48142270976533563,0.6588149611662979,1322.6238978114811,41.176380262950744,21.512598517658546,15.2820406966321,266.55584121842037,3.6215124675911072,13.835539871692072,21.985068325653092
0.345379274456526,0.8851118340606302,2481.9745060647165,12.349034074287296,17.63067086961028,17.572833788572865,313.0200601182036,2.465981577194221,13.929062791174204,17.528442491707505
0.3962390962160618,0.4895200381828387,2533.334584045863,49.646200261032064,20.045356163523724,19.18439512930656,336.19590381187754,1.3758620569297628,6.660655057208545,13.160202754613273
0.3219993424931282,0.6882137245969189,1209.9871749531244,33.12352840182873,20.257356904231195,12.826341301562493,234.1407380015496,0.6552643507622555,7.652960688021765,10.799348852736848
0.43256524539044344,0.8389784155987186,7.074047922792955,15.621277886868414,19.2060760925049,7.8726117354254175,171.12711470787093,0.6050359791679486,8.197140399928745,13.84992050428988
0.22379889921232385,0.6248100787898159,1766.445071717934,37.748504005901786,17.77430210478197,13.933396844493505,272.1046416631331,2.1288942501405965,14.688867328737018,18.719792752066372
0.6737597836713772,0.7213337741814675,267.9299719166206,34.52021500273427,27.047297089627047,12.582731655093953,251.21839354502316,0.0,4.380545763782184,9.795448756222463
0.5973881930689063,0.4743945478574684,34.253395302275294,48.30266788736843,29.587089099351214,13.912610789436664,265.92580398896916,2.4832016958600955,11.421998267979257,22.425632833752644
0.0193950899410976,0.46239228408507504,112.98353591095727,53.38513958716144,11.122539017269187,3.2886286516563956,82.37020470604298,0.4104374978556443,9.858765204819228,10.434138095506682
0.13427171241368896,0.8028275455835129,1853.6505599284023,26.289188655763507,13.162955671083694,15.139098510975746,263.726954655865,1.2414070819024015,9.407164495088885,8.921492370086089
0.3229230693911672,0.8029885577111835,1217.135417216375,18.608699561929765,19.222506189011163,12.469031325247494,238.6971610763001,0.8528135362865161,5.933167584871171,6.967465617734359
0.41587382861196226,0.7901145131955721,999.4408742808632,29.366762775473283,19.722553239524636,13.666501614701282,254.65517380968382,3.308799631659964,25.63516702212747,13.20867297551193
0.13485627273762407,0.7905749845385109,1303.1935050333973,24.212668790090635,9.78086057173695,11.057003402022968,210.87425275536137,0.0,4.393440198042745,8.758564622282515
0.4429156500963341,0.8696872335056992,122.32659348761388,15.902536167790629,20.591848903866158,7.8544469786447255,186.86993665421917,0.0,10.459933007482954,9.30394593666165
0.18164736838228268,0.7951583274121737,704.2784531009268,13.39501150390329,14.028596991418617,6.6727950491010635,151.15052726822736,1.4217447960487384,16.82117141974191,15.60216090316152
0.30534933295205074,0.7861307058846351,480.4576694942239,22.38017426031548,14.449098402701646,7.102594888033582,161.96305073241192,0.619122454301426,13.914853994334669,11.461982029992251
0.2970037239290446,0.5713593817350288,941.3618255671101,45.43561772457393,17.27902271863713,11.634509342982179,234.39657895421715,0.1575674189047408,9.086058716174467,12.924031651164405
0.15200915375909635,0.7509728582303989,967.2408466967618,36.13916785327643,9.666008394758613,10.390703306063976,206.41013408768424,2.0069111973726814,13.024477305111903,15.151956491300185
0.33001184959157853,0.48975717120777523,1263.1918220777065,53.7613003618583,17.554922569478506,13.13852245072691,272.98845844002733,1.7057554504045087,11.502813348362906,14.30495290439187
0.18160439569100797,0.5660377009416433,1404.406363731267,49.68768807414385,15.027301876364545,13.720837765882463,246.40884346387992,2.1716280241311607,12.465911504108199,13.696525438302562
0.11745895599922887,0.5291160202099924,130.22954651969494,41.33403531299099,13.130466254257188,2.9449797095689396,88.11397974459287,0.0,0.0,14.267765381193438
0.039233186895554335,0.4254919048854068,712.1370872701143,56.071616082048614,10.158690726615223,7.911447454376732,159.24345463282592,0.5112602138069038,10.639074883966927,6.683697644783275
0.4090559561081838,0.7292005617127061,846.3210825749836,35.47568165750078,20.055338098808452,14.190522828279056,278.48442528845885,1.4444570036120667,12.000155846373664,14.515073381171812
0.3198706950305542,0.7791984333412267,260.16839603500154,20.43347324728998,16.428638500808194,7.8291516483207655,175.45813346699796,0.0,9.127621331043137,9.4550486147523
0.30505189786646664,0.42836916318896523,232.82799802823894,61.27288845785864,17.647930485506738,8.838845716514383,177.14116662052982,2.3168573124258485,13.682421492343574,18.137407073578125
0.12927425933665795,0.6408466804357239,199.28589668698322,40.99038808378651,13.348029296599991,5.8977966269141255,129.8281856541641,2.3440414951993915,17.700291790565192,15.797615534530932
0.21071123045421367,0.70103384289815,1554.770514578125,33.2805723814156,13.467280805552322,8.046858797247516,184.55178696473877,0.05560681956607624,0.0,10.164948165762887
0.32720653135185457,0.5262294205947906,158.5008305373443,45.99583902078897,18.71556168481456,7.841078821107965,171.23305947000807,0.9237600009953442,2.848711957673525,11.509481135559227
0.1891132104578652,0.8480318614614087,191.3413521865114,13.745656695611043,15.250735571607539,7.839026321699524,181.68957451165625,1.4385306005193528,0.0,17.776095713694374
0.5316399327434104,0.9070669149745264,911.6153911405344,22.24087412280919,22.95857849142312,12.581507356019,238.12111683246943,3.3608317472050055,17.77158100966189,18.409297023193385
0.39424138637452366,0.6789711561059613,1151.3257953371165,37.05190853908364,24.698128731936727,13.619732466087509,259.41134021564864,2.9464806086737445,12.923294495801978,23.275155156524775
0.2708659382625261,0.7272670817994729,825.6685326360646,31.249043261424685,16.490243683194535,7.00787207164027,158.1203576270441,0.0,0.48309062414790027,10.816741244882607
0.3230578781798187,0.7224184444730611,314.8588831094544,27.91809125641325,17.51797846374943,6.421243200590601,140.07753466511832,0.33486619207329227,8.012726658119709,10.902445002575211
0.45131022521294967,0.591141739399685,238.3073828778305,41.98660160197824,20.437969411908277,12.513810592999704,236.26571730690546,1.9210030880758775,10.556476381315367,14.366526840626381
0.5685185601117889,0.6081443924925285,892.0634668587637,41.090591025522606,22.27108555664192,15.437535854094126,269.7200043684284,1.6767040845016916,4.541361303988454,15.884500910309765
0.5357500134321826,0.33290068967978975,755.162655119187,67.03831635248679,24.765545055491373,13.427239756723107,256.349664588119,3.1486206614306584,30.318316509483125,16.10637153485503
0.11374515495642042,0.8656000042030156,607.2451233168028,20.767701064088264,11.47113493787161,6.152138439443898,149.89456405512706,1.823821314815159,12.110232156820256,14.996780484155007
0.15743168428187254,0.7926567178150808,1506.322435243438,19.74853776736727,12.799895813051307,11.148395961056616,227.12755141690243,0.05928089286816718,0.0,10.172613274493873
0.10972810800673147,0.9467066547316794,715.8371417044875,2.463416246713839,11.66671958109109,4.820160582136023,128.9678576637504,0.0,1.6508226953347513,10.975743097795569
0.3958714782035534,0.6218583012319295,216.66622398504808,39.45415714549383,17.92689992339181,6.689163742081681,149.05535476619497,0.0,4.1342851549539805,11.050090978785265
0.4881638927590539,0.6102063277134201,610.3076517841655,31.345343819168384,18.7019306538869,11.480282957091395,237.7239508071408,0.5613228059344437,6.369061412451772,12.609291655387848
0.18729851124584126,0.7812330822698327,1248.7075240359213,23.07071762074687,13.756583046827645,11.569154367431768,232.46040038877197,0.742248259462518,14.479814403079452,12.140334887176172
0.2136583905901419,0.5284392652456723,680.9230309352173,44.89451697733068,17.08813039017813,11.128690635450189,230.81582254832387,1.706997619567256,11.430840690107985,18.97432452596626
0.181913249490653,0.860582018260971,1232.5380850947283,20.006359317520946,14.941790848196812,11.939901007722925,243.61138216054738,0.0,14.276040859341261,11.267706448547452
0.11802414239145231,0.7640168626024241,1414.6136666426312,36.15146754321338,16.071754100162558,9.490648405217462,191.10372952519302,0.0,2.8378852799394707,17.817958865077983
0.6666911149449901,0.5913403252918856,717.8248635265427,32.05641760421249,28.169190483603117,15.119880691157594,280.6770049362963,0.04707518437084657,7.320480938782848,10.267242186624733
0.2529554795004154,0.6042790625730508,822.6008320900471,51.98580952001744,17.371816608058474,11.116433085229472,224.49214811341687,0.0,10.109900971639153,12.876739877365523
0.3861467523376394,0.6308495588267222,645.8076232050892,37.05816390999987,23.41896685374641,11.90732670683764,217.11848272722037,0.9751499532889011,14.876361336713996,10.259727258098211
0.6360197808691825,0.6311954347358231,1252.5869755575,39.931454284638825,25.70620333172314,16.63333691272267,288.2303219670521,2.520266889237251,21.64042864409307,20.50303498902704
0.588753628865732,0.44940251388680313,629.1947548660047,47.47961296206913,24.844992068653205,13.336865237880039,237.0598621082498,0.8105293739516704,6.882058791406008,9.913471624555768
0.09254075952586457,0.9735492157176938,1164.0011975261286,12.364928436539156,12.29059014482634,4.3314801285389315,113.89120104288507,0.0,4.972553698625403,11.367634053868285
0.24854112869854886,0.567972127883999,979.4881717817622,44.08987117219871,19.301101679830822,13.748684058156009,252.89709028022415,0.732850308834771,0.0,11.038844167394549
0.3372472939297104,0.7506684611190786,112.0289992756326,27.132501443341493,18.436212981160942,8.763136616094062,167.09034295845854,0.12951767974289963,4.538020525968795,11.679817590707897
0.5433630361092776,0.6240653879715211,1211.5405847161908,29.147189508048335,22.287521154577732,12.7671195950233,243.00037620233627,0.8157667266482473,13.719337796242899,11.335028106006149
0.2941492475290517,0.46569057099411376,911.4115767713425,53.4568326797669,18.529082264151995,13.16074174041806,246.45493693910498,0.905509540182621,13.106220560009897,9.896015168692903
0.1144219544875706,0.3471699629005785,1959.3853062587752,67.9838449580308,11.228029240075209,14.165356284346283,274.3027459659642,1.959188208602653,12.404317229360206,14.083193652113279
0.2386962524990934,0.887214176281333,272.93026004656036,13.96933095726409,17.034349337705187,6.626451534071376,169.52656380239523,0.0,13.495697214649788,14.624740372424938
0.019830025344645383,0.7103577260863059,991.6760209540348,36.93880138045322,11.323432501899804,7.518177328647385,167.3371633338531,0.13319486884306653,3.6127530536482304,11.734815977623109
0.3482087575010623,0.5681756501860161,556.3726474509566,49.528667342715366,18.326413601913565,12.041951766213526,223.66297127954053,0.9702592414251306,5.300337845601025,8.559098013925432
0.3992984099604405,0.818496904013737,129.12415323609426,18.12980172505943,21.114083393184664,7.584751130584274,170.2385107322348,1.2525803324210876,7.669512653552505,16.417598934772897
0.26489286096592873,0.8738969207621323,84.86397583461901,24.32484642539505,13.646741663531516,5.076600332729486,126.24203422414702,0.10441989689557687,0.0,7.586507201257104
0.4768919184591067,0.5690308153382173,2235.0410165459616,44.01370144118585,22.24822220412764,20.990835032444135,362.46127294884707,3.771359554400264,23.19741337611874,21.65847675017511
0.13093234748941118,0.6552196776375475,994.1181321170184,36.278955266559876,12.347777917901814,9.42172364474654,182.7098434594,0.01936870706111593,6.519883886287509,11.707917210440508
0.3702358356139075,0.8170590402632893,698.2965866959904,21.959592489317615,24.98042304491673,11.3788865279103,216.0410975264344,1.2967323825183277,13.236826761938568,15.090762355049883
0.19323605400053007,0.772455307720726,176.8150434257172,25.82560105984029,15.142551489293668,7.8545075625081715,166.0397033248843,0.1556224207284408,3.5506339232577058,15.948623550325642
0.185522025134874,0.7746680867318474,2145.083855319814,12.12920541084119,13.445266528804975,12.686381820951791,248.33669123593134,0.0,4.709635103303732,7.5140772252939545
0.17542222838985844,0.888101082243736,437.3182594411625,14.143370607115164,11.628952237640297,5.901932471914992,143.63924288280353,0.16447115567983156,0.0,12.243562216860065
0.36810776559971226,0.4199307105702819,1029.7880744568247,50.38650369036235,21.81350653358134,14.313938491764569,282.9648388057535,2.8323456891213583,18.210510513040667,20.859630060100553
0.3035094313269627,0.543005532122197,884.0074214134668,54.26118062008065,16.887670344126512,9.898248315196929,205.21710546641864,0.0,5.494207275298247,8.069974895125386
0.2832839462024958,0.23693732226823933,2848.907318275442,81.60605595446447,15.499394520911558,21.398761388734012,375.2243700766338,2.4550707491036268,9.317644688947183,13.900416131214083
0.40356506217155436,0.9331213644839844,806.959265323254,15.27876885871934,20.76172498230698,10.200987560175413,199.95250974790545,0.0,4.476712339567013,9.138437383682696
0.2400491681024439,0.8622575268884853,526.7364480579361,16.204485393341873,17.300666865372406,9.715872325206973,185.3634550596375,0.0,3.7107534896491643,10.974199107466202
0.2458348666346274,0.7105214908604035,1005.530578777533,26.01299113954519,17.41377753228474,11.721512425281986,220.12375196069837,0.6419425670053389,16.38932994305882,7.373427595630491
0.55108838852732,0.7044445957674419,1088.7892044423934,28.312081374552207,23.816710559301722,15.373797114073547,273.6085700834839,1.5660381543104283,5.958517776602691,15.569301358351016
0.12328043011452211,0.8033914544110902,4200.164532576606,32.407978635132054,13.400391026636493,20.00692118414284,324.49474958282457,2.863727182069816,18.112039622612777,12.93415772993736
0.1521129355553741,0.9155462172947703,796.2211231008763,9.139853510870871,14.266897540245758,7.843722190666175,157.5695150342509,0.7531228482929513,2.5586496297800014,15.762799598154718
0.5364367950795209,0.7548901672746633,263.5930824525412,15.281908173349983,24.083712408245773,8.956619119729282,200.37138440959896,0.0,2.2106327796486487,11.54130048427037
0.43676467923316636,0.6741852486386493,607.402546746052,39.474155164948534,21.768887372632122,12.107472630526244,235.29809158748358,0.5795946191842662,8.702473245198217,17.18840616436748
0.21043158559306677,0.6926038759518295,1003.829838336292,40.16816673242481,17.44969514243776,7.851715130741999,164.01048840767902,1.2924728996185042,9.11307664415846,15.237533530874153
0.17768481483725296,0.7812938440652273,1145.1082074989724,32.979632469962155,14.554950094983024,8.522887083876611,181.82810447954938,0.0,4.9700457189322185,9.085718646637023
0.1853410985990859,0.5792931994880748,158.43178409207843,48.055352067319916,12.999920933316425,9.252762081784741,169.25738596947738,1.118789975141452,11.138770441725656,10.400943532200639
0.45639649644049946,0.5108356671857072,547.56552565532,55.03238833946026,21.121329004804416,13.314832605848792,252.54346625235615,1.7054393358766584,9.353309487513844,14.980271513925235
0.23378672897871794,0.8093655218622304,2737.6765173090985,22.42177340266697,17.352229861937943,17.014199279270677,317.98791182053503,0.8866152909226859,12.967193837767942,12.125786461873089
0.14229384806126608,0.7919395903616379,361.8773416029341,13.34395874999427,9.98429028476196,4.387586647086539,114.60264023540428,0.5359971773506425,5.616589993214545,14.898410048008436
0.4306210070311896,0.3998872152153618,1531.4340252483312,59.14955583811751,17.204020785035816,14.482404190523447,249.51616759536603,0.6828312070680564,7.243547520509368,8.921221568605594
0.11662809906980227,0.829510211873691,624.864935861633,23.451944793464897,14.752254719529706,8.11815361624044,167.63289889583962,1.7303547758012803,13.7279754761444,20.388592940886138
0.2235495702343372,0.6324563786479471,833.6399733180818,37.402575638853506,18.628984889561085,10.271984506135343,216.87238754186134,1.0228198105190616,10.226280247900421,16.381380351442637
0.48730015844784513,0.7701206122281938,182.65272485246993,24.784964305764472,19.65210389115718,12.136046740930357,234.62699768293203,1.2984835175797207,13.415073693033145,12.63563790317787
0.3317653121571396,0.4817236469486897,676.2873553297985,46.824281579526314,18.49505134559428,11.197598119376245,203.78087084270803,2.729950772650346,17.50462509802491,22.218339624538725
0.6798164146743195,0.4284213210442204,994.4980792194913,51.433387389660034,26.19632014102396,17.005721763275922,328.76211824097754,1.0112204514996121,11.390035113779321,10.178666843577213
0.2516193933947072,0.7164768356252996,804.1722673360792,39.70782736755338,15.768824610384433,8.497604074354252,164.92597595286244,0.5329270535647653,5.504845643433353,11.949087003657597
0.2387166431948093,0.5136780274793987,711.4289337378349,58.140709376254826,16.578978097383064,10.608282226164306,206.69498757633244,2.5366639925058565,9.802800479595824,12.512246826555678
0.20617953782842863,0.397784373363683,1257.1862488982065,59.18617074103801,12.568747987689218,12.788289141027517,231.45047710889074,3.570224973584582,12.142705380574025,24.465270202865682
0.39461325062525826,0.6053754675380667,237.49201630708134,41.92382594703863,17.65089626464665,9.29152124045954,179.0127984577571,0.5110910844252485,0.0,6.335567271820188
0.2843289319142035,0.7644179764388475,1029.9294023168825,21.298091835318633,16.505720952012638,10.206668998787638,198.578523824463,1.052902447430878,18.02524337836989,8.310931029790721
0.3684974516119727,0.38033021248477417,75.60568680645,63.983155126067594,18.921685094510995,10.778177319024596,218.0341613838297,1.9709240931613208,1.8198293181746532,13.023170911719692
0.14082950297196037,0.9147650724349513,1838.8480125450817,21.46938933892538,11.268827362930665,14.518056567683363,280.6761629674465,1.212404049775851,15.818233693988915,16.997981148468114
0.4151718054271485,0.8509420449400815,731.017428993132,10.7690620556692,21.95859048525708,11.29513989042348,215.56541663602758,1.9047099439112443,8.51449471915761,17.626309518014768
0.3618707774144651,0.5746459027974715,1459.5074266571812,45.601285246739536,18.21164748913956,16.46108673686206,286.8148655110817,3.052609674273168,23.14264355769169,17.99767607037024
0.29981009950250237,0.7625019388141324,19.11475860998981,29.069936719953287,16.65161727542887,8.358582824050146,180.1651355273503,0.04789105305303465,0.0,13.176506266134473
0.185467670107658,0.6118189315156937,1315.3261697939483,42.574328738033856,15.202009333151251,13.780593938913213,261.7885448729901,1.8339746805584851,11.160429212817528,14.238695527262767
0.5248502072402792,0.6813223763661189,423.4814856741189,41.89507446629164,22.863438628871982,11.502417233244133,224.9400218541965,1.147056989810648,16.85834997436893,14.134928812330607
0.4075778930798726,0.5817172226118633,838.001516861862,52.82554102578807,21.864400952808438,13.223175163820494,251.10502558637475,0.18388573730729196,9.301590766607077,15.414892570236578
0.3227699538963616,0.6893752906203204,1330.490706742613,31.78880545480785,16.20240377180771,12.619762940505897,238.17077964415165,0.4370817285505878,5.061999610748393,10.35284770176383
0.09020166976793255,0.8439666742755615,778.2457077801297,22.408867675981256,9.460268550071365,8.19349571041971,173.88394420185446,0.04716217579982307,0.0,7.818787577184439
0.30936001520050965,0.7607818895646599,1218.335609963638,26.950798467810905,17.114425252415526,13.4515455060293,249.95667130420378,2.5007470152940714,8.390545450421627,17.66298268121615
0.3151424066735618,0.5623374780134068,632.5767664413383,41.22905051409491,17.99903251270907,11.000338008432792,225.70750739686312,1.790335745467109,19.10707846466533,16.696662286142423
0.18178058170327144,0.6733925356264134,1939.7021364108746,35.748742578027866,12.063002654386747,15.12500059239287,299.15960389295185,1.8501251569687844,10.65929462160651,14.956656103857798
0.19818434827239964,0.9447835840196572,729.3900982524577,13.326975080732094,12.179101583409473,7.1512519552649945,159.06531084604683,0.9589025510432103,8.476489687105644,15.407400318726122
0.44406058828482703,0.4655666856206425,741.280860573751,54.1836417212271,21.466110271796648,14.774773104753159,271.55587409158375,2.131013947260822,14.941731312556442,14.72375745945152
0.26657501181876125,0.7860641020941401,752.3696420082277,19.848324764096805,15.148814160839109,10.93053118819251,216.51658147978836,1.340381718076686,3.847332306868963,13.73359232394219
0.13492744429620201,0.5268357281312085,820.0173764966411,45.26698126891285,10.46816267339121,10.2093070436975,196.5603876456296,1.6363696522712468,13.581929508285883,15.214648778368947
0.25299254786609526,0.7785951405524315,249.873678917158,22.646900249407874,18.255496281280507,8.095359228481684,179.08017213827344,0.960172956605009,6.742614423075006,13.262515505624856
0.10202584889243671,0.5628136875000755,351.0501439648453,40.134548350339685,11.287056876456733,7.990178314591819,174.26443880968856,0.0,6.468513927877703,14.839814887866547
0.2335703065565748,0.6232124719766728,1613.7944776220793,40.47857543012779,18.138880871645085,12.727494567336333,236.7077164296181,0.7450181015690184,5.089817803590903,12.971214003923542
0.7523691317255372,0.6265414886044147,1458.9062705749268,40.70182650706806,28.866169875357286,19.517138339301315,351.7777432799445,1.128029080700412,1.646536022495864,11.908366296986978
0.2875756600341645,0.4255599098679431,1393.4827415605885,61.5971961163211,17.77890922496472,15.071998151314116,276.2698699531656,2.86224779984751,14.312128540329955,18.739564604091807
0.3570659270153314,0.9610376645313516,1138.8929367562032,4.218498451375201,18.503648683189578,9.404297893467433,181.36390201726775,2.8557617791460403,19.62693520212417,20.16595696867548
0.2810867279137377,0.7017224411794425,536.6066403675354,28.95758686270621,11.716843708752048,9.312402663637442,193.20208440879122,0.0,6.970300445385179,12.322706324556385
0.11608239729284513,0.9674065676987247,490.5488032583563,15.70625616677097,10.62848695021372,4.39721215372407,118.32810733985431,1.6532986839104733,11.767849072315528,16.28966942326512
0.2758436209032353,0.7861080606382815,793.2125938250259,23.427795222190063,16.644671603143433,9.405812397242858,200.6913674197491,0.7094677892847714,12.328530422190799,7.279519042669824
0.2531039231891923,0.6552342078394046,1790.6041842174036,36.179576440711756,17.057056354315215,14.614426836480469,277.5318720479555,2.455419759608318,13.803708975712139,8.661011548499815
0.5214415763087134,0.752759080764947,952.377175066991,26.376164124176526,19.45669136294159,12.122248644438525,230.74146636029027,1.8575723504393031,12.7116709718333,18.46972449196013
0.1971316904950678,0.5597457155286785,334.72517723656705,50.288039696027155,14.82108884665577,8.77735060263701,176.93938967541987,2.3986237249195312,12.195660501209497,17.313131650917224
0.46730208783578175,0.624348458543475,198.4734649389746,44.6676821346624,19.438024021466482,10.781233758049575,211.7359438713216,1.326404372047593,15.088707371957648,13.251278680273174
0.1648588595425525,0.9459238551213431,1491.3088714550129,15.432893542023358,14.590711818743122,10.014085353034847,203.84436909220926,0.0,6.457642738608822,12.082939083340463
0.34627895256942637,0.7921877745870051,2184.655770409291,23.835938343957288,18.61817224283601,17.34533914405234,315.01763093843556,1.850999674505127,9.619208147153648,20.40942899326056
0.10780517158498495,0.770102776383592,149.2217324408711,21.328570238031702,14.18213249448377,4.506841933558167,120.61675108473369,0.6012586736996952,0.0,15.743740181788468
0.36800815608867454,0.5284065048508062,1526.456419313797,57.06947995222371,21.3338497625919,19.5354039500666,342.1234398162813,2.24157807401716,19.491118670560272,18.49060690344877
0.16527272514934357,0.7943570160897694,1119.4268452193726,27.78941343669834,15.049797927281647,10.282611308003496,214.2073398202847,1.4010783123462276,6.8839879934617105,10.842518882367639
0.0637110002260764,0.8058840248849829,410.64965780879686,20.187142853389595,13.31356218359306,4.401736885767188,109.28303434557505,0.2968537124526178,6.547736612258206,8.471761872221915
0.14940637594341583,0.5927771509736472,961.8983559292909,48.7691506470938,13.034474446737718,8.959960481309182,209.19344174118595,0.0,16.762998415722855,2.8407859558968793
0.34296452542809697,0.8668637438094654,284.5504970289969,14.304218480852642,24.220347958236715,10.951552006366354,221.9039838970329,0.0,9.007547708666545,11.90054042165476
0.2845906657609479,0.7595439963924165,685.4122029298624,33.69455734062579,14.677128451033933,9.290943797915732,178.08930293703588,0.8400718081050188,16.416035176555035,15.426061112646044
0.07133926611529814,0.8021651151270065,827.7311604690634,30.196562585491872,10.727970097063812,5.9550167028878525,141.17754385268194,0.5422553558525807,4.478397360704579,14.926172528205987
0.33779214289049736,0.8407357402166155,1927.0185447010278,14.726369522099333,20.24752073775622,16.46442702938814,304.6932406211434,0.0,10.354881984101034,12.026291413830327
0.262808837457445,0.8231435704666306,658.6485022536367,23.825870173108054,18.07566354615811,9.016346917586102,181.75151270859442,0.17718635857880538,5.842090399074677,9.980765321765071
0.15506927531211104,0.7971696523186492,452.3537216767284,27.16568481112822,14.851509921087473,8.61610908460236,164.29019579326834,0.0,6.830084603842909,8.307167614269568
0.19417269738993592,0.9417277252004057,1057.8846363285659,23.319050729895146,16.204954750734615,11.784964912022891,216.38383426435442,0.9623890653050629,18.953764826418052,9.929878274990362
0.2949918217709224,0.9130277189707313,1241.9871392920186,9.115999704464901,13.207681235060981,11.176530610030662,223.06888859391546,2.2111664424881576,12.4514366492041,15.037641558724797
0.25652915853777863,0.7792739619086055,437.8081521920007,32.028059813194645,19.591826352520137,12.937503914135984,226.51639398635604,0.7808941471620734,8.219848857030977,9.018756606215838
