order_volume_peak_season,weather_severity,geographic_distance,order_discount_rate,order_processing_time,order_item_quantity,shipping_mode,fulfillment_center_congestion,traffic_congestion,scheduled_transit_time,actual_transit_time,delivery_delay,late_delivery_risk,customer_satisfaction,churn_repeat_purchase_risk,profit_ratio
37.354384590331236,1.0612079855534073,151.73744293289212,0.17979817948697385,10.59329076119674,16.876201768180167,0.8850010150395811,62.17536352046004,40.76128757648588,6.306115886151024,1.6035352910038065,-0.12102683277123222,0.00843249824472736,3.8816672943490835,0.22205482634777138,0.14481133604957772
1.4729730957150942,4.802057299559471,872.5305350574899,0.12134226450945634,3.286587974534109,2.7452146975954284,2.018095543996286,18.65572539824276,46.219810882684385,2.6533595653246502,5.628271396586068,5.705754191467089,1.0,2.302160316922385,0.4266419307449672,0.22723301233663254
60.49479705592376,0.29575440931111596,298.00965552905143,0.18666634076457253,4.1381164076487575,24.885339906353856,1.561888758556014,84.59523232364752,25.08521108335233,6.919211052037609,2.7396399434997893,-1.8706589387711419,0.0,5.0,0.0,0.17782253617781474
25.82021929247295,4.729835858552301,637.5543432839677,0.12810684276439369,13.355202113198773,13.334391087766084,1.8085737005844404,45.042792905118965,70.79833329701474,6.175191272069027,7.387035131973375,6.236307328204977,1.0,2.412824864206142,0.27969195446971,0.18171493206422457
20.976307360458126,2.7655741821928603,1169.8535439302675,0.13427163359863226,3.1328676586622013,11.158099632179292,2.637448948714368,28.669640250356437,49.3911751863113,3.1842699115855426,4.231784412143525,4.290652623012751,0.9161614893730614,2.416966458122356,0.5194601224631884,0.19190252432492497
77.38773644780491,7.3371679507749965,307.03452456710863,0.10839923727124866,2.962472734267054,32.755650881499875,2.3710640862888863,100.0,91.1447403920515,7.434144259286159,4.643233344400768,-0.6065110936897472,0.0,4.136371116057946,0.06452728496915103,0.1985470802151996
51.379079602548245,0.2631578150768037,1029.19038657672,0.09891396979123715,15.500620164220189,23.20855567285971,2.6705794797891427,81.58416626819545,7.049910672198223,5.120979118412996,2.6243100157560426,3.9045094525173996,0.7024708791962357,3.2216298483051644,0.3493334085429633,0.15770108516164394
45.995542081002085,2.0382912844542247,617.7401030627562,0.15586460931205773,20.628244271099586,20.676977128613046,1.097721485800492,74.06606116109224,32.900914794873025,8.80954536144285,5.640621868746862,2.6186008126201945,0.5578353231076413,3.2804319405290245,0.3389156549662861,0.0743704863774039
81.26868729658793,0.03873949990138072,961.8746932993641,0.1417255005340032,9.920977549568658,33.10223155633274,3.377916963222623,100.0,14.783061448334,4.374666683252428,2.163777440110504,2.4812765414271234,0.536982153316589,3.9066037116083256,0.39768648008883545,0.20224608535378844
0.0,1.2360537922722166,400.50390609005905,0.1549579661036209,3.917626752905394,1.0,0.820147410987359,11.251492078423546,37.88901886631372,5.186093444091674,4.248266403606047,2.5883935507022784,0.47432863851204016,3.728954315489209,0.2114295881549427,0.18626954524881945
13.13436133305519,2.9057100459423766,523.5272509263812,0.2039874842367939,3.221962183918211,8.907285392797485,0.7606805749983321,27.33748092970512,40.21800226184554,5.547344077977483,3.659386521692716,2.007454397028326,0.423733387532829,3.6447340983578664,0.175547072118812,0.1448391580653343
8.074565446118772,2.6832660011595966,262.3180357791073,0.23685452006911978,2.726936347490477,8.786231037643573,1.4610100672514388,24.304837707487494,39.776212417340126,5.068441477915713,2.245400483570256,0.17944685415052652,0.0012273883887191223,3.6906878223421145,0.14057620516666844,0.09311320497108158
73.84175850788282,1.0206314507353862,538.4428208966299,0.33048616065324676,16.37780672326494,31.292668294430843,3.1584692734456272,100.0,47.20132315198816,6.76228148478113,1.1200981437377815,0.7877814137839916,0.2604064033058797,4.733350626651857,0.2275136581046009,0.0012006112443216158
60.80969688979374,1.4052258413607046,914.1331546746254,0.004138106044170034,11.256829529902916,27.70154559759411,2.214650721297762,94.86829485410493,49.37858642275272,5.642921943637079,5.143553879150883,5.48891819070926,1.0,1.8013229444318481,0.48023191254865105,0.33776584401763793
39.362060835253054,1.040767883701543,3807.1938973733713,0.20273407712913022,1.2393289159325525,17.20809015114486,4.0,63.1206267425077,30.661543479933776,4.43304741312509,7.82228939494974,5.40756987434038,1.0,1.8767050373861909,0.5600435914443339,0.15797340649295266
49.997450677730086,2.9220926397304927,807.6951555165383,0.12302475780934141,5.53590121319316,22.219710557136313,2.5289973701088417,67.20389015190322,39.88471342952111,4.471862479265727,2.0185925886594216,0.7854124206015284,0.03666020133384268,4.124677576628146,0.0,0.16906273684643705
44.365127161962974,0.5323664400008736,447.29252424841314,0.11702341499229867,3.9675330162629647,21.04917514729232,2.268367758805911,72.86391561111931,37.19161254237332,5.982556635110744,2.205207684134058,-1.30734374661197,0.0,4.3260381229184794,0.19776347921862827,0.1645830164282429
56.18641384082224,0.9595991699645842,215.3333971564844,0.1302141331713985,20.522974446567105,22.01760815986899,1.0879394616819895,77.92577308879655,38.94843834121481,7.8240794448928535,0.8681070994901945,-1.5290978437250762,0.0,5.0,0.06644848544164664,0.24650730100544566
13.612093660516464,0.428805332440144,858.3925976529532,0.11890444491507182,4.982811356687965,7.750389919913607,3.0736015482706347,19.250549783960274,28.830244182268984,2.8109248059136505,1.4515534370454222,2.601882886257885,0.5340299708313478,3.339048283975532,0.27478047558935664,0.20732183327402734
76.78461717373177,1.9224684542644175,653.1706573931336,0.08002347572165058,23.211689816527713,33.414252180163274,2.1883552080594826,100.0,30.42173723666239,7.592418175080686,3.204567803626824,1.8839496946760703,0.2881742927995876,4.071780422746721,0.22407083048961862,0.2971723461986493
75.79639291434319,5.020210850095286,142.0760158875863,0.2966014073543454,10.636233973738038,32.97657359600163,1.322914869059703,100.0,60.997521667883035,7.375188816943513,5.214131857734728,2.9902088336672734,0.5376092521416252,3.1801395304032454,0.2741868920808456,0.02581183312469886
29.679980925541642,0.16965157457699803,97.23647004589753,0.23376009469809125,4.45408177002039,14.105091791438142,1.872436631889313,49.20735961636297,40.01996511211306,6.650023648515627,3.6961609079200715,-0.03094420026860073,0.06437731852700754,4.709284169169684,0.20253653807490835,0.1548289032783855
30.01460822558341,0.8005376050628781,417.88614513640186,0.3240828315334571,3.3542124933572026,14.083592332947239,1.857131589895743,44.44243921068184,23.991773675118502,4.834002307447375,0.5,-1.3913376655048988,0.0,5.0,0.16607071239949536,-0.10584517737878102
73.63536158473411,0.6985861160272537,1462.7168371995658,0.15006133861680082,9.074746408062273,32.91338426420192,2.543121008862495,100.0,35.194677204474345,7.012007613285999,5.379220803462261,3.4757648382031414,0.6562133650712049,2.643966780944498,0.5030559985638994,0.1209080992760039
33.306470675336705,4.464278329496464,380.36258900565167,0.059144894294336905,16.755837943823952,15.207884642619323,2.2098728852682235,49.18370970156341,59.907506360912734,4.136647765453624,6.685893857214271,8.18268693433363,1.0,1.2275158878352292,0.8225455084889891,0.23403822827952492
77.29026811805731,0.5669468724919292,926.9896793188158,0.16147490909455292,4.425396793605133,35.217492812557474,2.375378468734429,100.0,11.06987577437978,7.407989762823153,3.6724287261028783,0.380689631566987,0.14989676693541698,3.736924792449857,0.27461085675683206,0.1783033207044417
22.12738549488475,2.7186728775425584,968.7850746688428,0.16138990518239865,13.294082339288032,6.951582296722816,2.100520113098383,30.401918483307696,34.692430844415554,4.257666684823819,4.963179764961796,6.914896403034245,1.0,2.333328316514934,0.49796120473594135,0.2241574956838634
39.255291642459895,8.603339893474928,468.1723279926765,0.13152301692685736,5.921521199434471,17.16943900812005,2.2781905746345195,54.259127815301184,94.47161162044937,4.681916460919043,5.680630069662782,5.287002462766854,0.9116429680657963,2.77198181775154,0.11070068538732969,0.23422347713314454
88.88190928639152,2.1096203801689923,1123.0554495172144,0.14186865252709896,4.110078973449744,36.48131788669439,3.128370592721553,100.0,29.451020931337535,5.582446692357897,4.2670967980936805,1.8689262463485345,0.45148150979044327,3.8725226709634235,0.20635381057613156,0.23653682805355508
69.48560167569306,2.3087213066706704,1522.4201843756944,0.32475316084017525,5.942449158147689,29.15598290881958,3.648836840039576,94.09270789169715,46.74318211889905,4.831012610961139,4.651338852546631,3.960810934777175,0.7642932647945195,2.932293069062546,0.3653050573312045,-0.07431194081850699
34.30959723718903,1.350313889841006,1532.925872719059,0.257183414527739,8.136834308751409,17.350449045692113,3.0779478825479063,53.50515438380624,18.023969634399855,3.85425017167794,4.946060722420617,5.848506168470096,1.0,2.6548325777985604,0.4267224867872068,0.06992226656005145
79.89486570779869,2.987704389280983,387.5727203108514,0.07039657520691861,2.29378251315343,34.57677104454543,1.9981771491056084,100.0,51.91112131619258,6.6235458272694325,5.270542195763401,1.5115217097423252,0.41753012403158507,3.3551804118581,0.35968311094137895,0.24748655604659436
24.35970598325731,3.7581338971887797,367.14086436001736,0.246863791658008,5.512006352670164,12.890892184479942,1.9209391495086938,48.38279015903547,55.45267878814151,5.428776716491894,5.870743290171163,4.104705712040256,0.6876117568558341,2.809886468093592,0.42605186026366654,0.2189789205716647
43.60156670813219,1.7886651673046685,908.5002142989573,0.06537641801978983,6.166125142604411,20.64207378582482,2.0225263405327154,70.1946254449342,40.48769640080531,5.1022799822909795,4.479166503875259,2.782216024250192,0.4997467421855091,3.076583962769518,0.2979037951684828,0.2618387354945126
84.7969340934276,4.874031839655522,687.4796696141962,0.13751200424524163,9.425398968472127,33.62376305768728,2.817405036425834,100.0,61.88801016507992,6.206729162565371,3.842716467550817,1.1558695014873253,0.3935096570173128,3.9145688399791543,0.42603597701366447,0.15517700371630744
40.30796942021535,1.3168135028178642,537.7369445258456,0.08965296571858179,6.072852544409356,20.62946065500877,2.1075598842882424,64.69937380410552,20.026942566698697,5.333253827588333,3.3790784833051335,2.2755358225734312,0.48912029645727584,3.692211563654892,0.33669445178678714,0.21165215354103745
78.84083164390019,3.7868231161364383,230.08890296120205,0.17245354869194224,3.4676943855424778,32.04409596589435,1.2035128296562236,100.0,46.76743503962815,6.762437515989495,4.665095473999894,-0.08619349622774597,0.040277757350241555,3.955563523083599,0.15259065749386913,0.19223053525584838
15.315006156157306,0.06385093889325509,763.2842348255351,0.08354000381333827,4.175792892614275,8.724043279924636,1.6941834541656011,27.417379341092865,19.788277076805006,4.469283027857356,2.6910366188192314,0.44908917296768336,0.12148313213879817,3.858961133323412,0.25912259872483556,0.24611097050679182
45.20423414154275,7.27572484166688,1781.2424780696858,0.1334996832411605,5.515218003553559,19.179249272196184,4.0,65.14757703095209,88.80304696871403,3.682332628518006,8.539892665895419,8.699271066462028,1.0,1.5149989727243554,0.5236666703506997,0.2395135698989708
72.76895273008674,0.6287957954075198,615.5801812829261,0.2601014832053632,3.5640087692421747,30.419611251997477,2.1027657986443784,95.72822959630821,14.964226282367731,5.190230223557433,0.8697191888556117,-0.9976181100065575,0.0,4.586680607543021,0.16838466543765762,0.08130549408404383
67.8766161858586,6.6842626995098735,316.76346569164474,0.17105149296311714,6.71991563203014,28.550447946411555,1.599577622327045,100.0,67.10312057203545,5.357445686632033,5.631603462588913,5.014319685055883,0.8309697880614193,2.5879410736253634,0.36793965519737054,0.2702551623503169
70.51673476575739,0.47329918711694063,2392.4525921476393,0.20973819654415113,10.510413242063185,29.58975282892122,4.0,97.04183813799077,33.497712245688206,5.153731318436455,5.95145716314356,6.301596970804686,0.9737179411063195,1.760151866307929,0.7605608873064157,0.13846065131829102
23.533917066565625,4.490389022047341,623.9894294310506,0.2269251416096415,6.085613272856558,10.977683119227079,2.4583827831727927,36.462975255719165,68.51168434368185,2.559992191095941,5.86039716966997,6.53195915827809,1.0,2.0796210626530622,0.6837625040080602,0.10150480395876484
7.892565695665144,9.954507589879197,397.2577901085081,0.056108241937911724,8.476123994587807,5.870396216962247,1.362333441687243,30.983191169708128,94.6704629740401,5.683049229236039,8.913098549871593,8.437242331545379,1.0,1.501473433453207,0.7911573394693374,0.31167868039279784
24.346952300489622,0.3831254252121242,847.382996019645,0.16544024331186147,7.964517066609247,11.417691241510783,3.0942821396094553,50.63012649087321,2.9351876190563715,3.7545307118233664,0.9625596474738327,0.1587475603107864,0.0,3.982434428101756,0.1257184730741699,0.0987258025427216
38.91214582049391,1.717534757936389,670.7242098641892,0.09722811034579901,11.662573978810304,16.309014657775457,1.164611186075049,57.651864775510795,39.455003584249,7.65914984480672,4.229020320456404,-0.613959236762025,0.009363804154784494,4.405917156652529,0.2806233928695445,0.2055192329739596
38.03625366263466,0.3433769580382245,1283.1637276903089,0.17550140870427108,9.64432685195226,17.252764873384553,3.1575992654076193,54.892640680446966,22.200224980124375,4.586716062449913,3.298057310345131,5.223415656877851,0.9458896374154381,3.2425071259045195,0.4310827680676692,0.17387646418162472
80.06332816109334,1.6353708293034028,230.9921137856101,0.07525824251667602,2.0079925126035105,32.0948091530215,1.602589504680163,100.0,29.94082252795457,6.397984710809444,3.9089130892888346,-0.2798720422795883,0.004383447828292393,4.4213068531632675,0.03351100582213962,0.28172584263905887
37.40276088763953,1.4549518054970403,1182.578777353117,0.4205211067202121,19.27609588077665,14.460320233548083,2.8943282360719613,64.35305380296536,28.917499881479372,4.171865677117791,4.281352814487039,6.404352447423333,1.0,1.4873654986864349,0.5663824362361151,0.02890708446425079
79.80589139492625,1.8819291556414857,1380.8027159484259,0.22867686237512685,3.4414706142859885,33.49224625859167,3.367298084423774,100.0,27.283218224981084,5.42196408882598,4.110552890531651,2.018962393026882,0.3626327521310827,3.6119274588179784,0.4766678583816102,0.14529538332847014
83.32639258931604,2.751297531714525,380.53283622074406,0.0883999087695839,3.1904870707696538,37.72050776615512,1.987172251756039,100.0,42.48495757295467,6.789915681295756,4.405888474955228,0.03421975196712529,0.011031349435994292,3.5560363718645753,0.22345662768252633,0.27214747272897194
25.70563931942928,1.791478698581866,201.0708882937046,0.1321147157093225,8.42493328373711,10.98067287164478,1.2560529484931222,40.346680828974286,33.87316096590644,7.203337552266333,2.923818080931759,0.1794636766751779,0.04804950410913216,5.0,0.09792281487758314,0.22142543714468482
30.449200825089534,2.0044407994275057,1909.0810639481408,0.11309521032403337,1.3722486333575024,14.363760667292254,3.2053480526133917,42.256898020535345,31.030085527298304,3.967222949360113,4.717180947720653,2.5019927632532535,0.40089929352923465,3.8461977674906027,0.22548056387762985,0.21683032901031826
66.21080182755443,3.2035933010546875,714.0052953170606,0.009366626034222617,2.7198326102625474,27.409217574533816,2.758329602179889,97.9208621207911,36.6418591035597,6.760770027495048,3.1466978739755045,-1.1932405507348356,0.0,4.738774142561632,0.06824130596243617,0.40657375440117094
83.56236659108994,0.47974215338538695,339.6852314928076,0.14311328946365842,3.300070992125404,35.617419210886226,2.019032554535523,100.0,22.004152614684674,5.500714996741288,1.4161941922944572,-1.4605185119592126,0.0,3.9968565823824553,0.2431303048579334,0.19578783079841972
22.51610005922651,1.0729923106604733,526.0648363176892,0.29803259939095583,6.970585892375471,10.466288193846559,1.9007896981300447,50.616337256883796,16.857946642778806,6.9264435915934826,2.5951098556192074,0.11353243670263663,0.0,4.6065570089094265,0.11717805792709456,0.04281638159532642
67.76517531342981,1.4620795150734422,499.28202731263013,0.16082564556905254,6.129991599464827,27.531944955747502,1.37474456630407,90.09458078290908,22.13402389911373,6.798940323044018,2.192705957128259,-1.0440051207436438,0.0,4.7725625114847965,0.12302591969593045,0.19723553599487462
33.14180144417439,1.5479158783861158,946.9330064538352,0.1441660740323934,4.393074172530637,16.78097985493241,1.4974600614196514,52.62078296323884,33.25511054710188,6.157779953582525,3.736300546423915,1.6115878965027544,0.32614187630022595,3.9395373094104373,0.23656486718473319,0.1648954830941597
71.02214149744016,1.2223682575132067,733.9921200227818,0.26580697279662346,2.6707273277637062,29.659193531660527,2.0990397138137324,97.41520830108226,18.100598409613816,7.858595676353365,0.7505128113260744,-5.0,0.0,5.0,0.11511969298631324,0.03960193565538093
63.62479760031681,0.7447287490873986,183.19658477169887,0.1101342042719026,9.172206091953765,29.327635021975027,1.2581456699019649,96.51344753582134,39.82765941588962,7.154857026882244,2.761897500794284,0.04299904584590972,0.0,4.612208625025479,0.25365637309794786,0.2221435071415174
23.420030694321092,0.14663566468422995,1102.9456332448765,0.13325314022034931,3.888474949181685,13.213623805290876,2.693324573451125,48.73239292946919,25.647066334847704,4.265545136879232,1.9310565650255418,-1.4030948453220198,0.0,5.0,0.3250490469884739,0.26189842290335236
25.584124936517338,0.4972138650526633,504.46289483590573,0.10642910098865598,12.171279878407375,11.901502950468373,0.8255007805323201,53.05188725534754,21.470937606002238,6.039857025914674,4.862256768092217,4.02890012524472,0.8233377292312922,1.786501718846502,0.60843844753145,0.32897708652317004
59.939897909902264,0.06262565932210597,399.83439999563524,0.26328913114212193,12.062855290400979,27.434269503305632,1.3487859802827327,94.29272699328808,17.992533654947817,9.357552926501718,2.49197486522897,-1.83264201602815,0.0,4.74996570968502,0.13346446883858815,0.1138670579283222
29.61911140540318,3.261627052539087,979.0358856430911,0.25759564156176173,3.666304351299079,15.308064129354825,2.451576007121595,57.00884504079518,61.596992746610425,6.268270435554684,3.758498751201798,1.1550857694603804,0.23960815434636656,4.4887965148009465,0.1761394367548614,0.1125468660667486
44.24058429664644,0.8392557851949592,558.8009491894383,0.117232827757977,20.8583886010751,21.823364496816687,2.0890842196733823,76.79165286487515,38.252333465918646,6.572053363776124,3.3573994198722215,2.534853759294107,0.48998463138682236,3.7584962251443095,0.33900798175955066,0.1686349515345503
35.58385864499466,0.9408211323886059,982.8466907639043,0.0735046167367994,6.2090412849864896,16.43853491427606,2.3555835483441334,46.652484766496386,43.49917619884315,4.501121345825417,4.0739288825909,1.312886652309273,0.0756947476543735,3.9956214140202113,0.41342072301829247,0.2948675776925907
36.959817243017795,6.7544103177136305,1061.5988971193815,0.09811317359815393,5.7142363974184835,18.628491236234645,2.2576102826811555,57.32992004562551,83.78934664970527,4.470980325927341,7.759920165087524,8.466288208918538,1.0,1.1472280683448275,0.5358861347455317,0.09915719271471421
63.046941821859214,2.7960722576784125,358.0256801599384,0.05239620014323424,8.365656081040587,24.290007833764246,1.8077824948758836,82.8314921919932,37.123527217439545,6.191652034113633,3.4994220499160478,2.2632576267159483,0.4268046545235191,4.335272856781761,0.10499149207142841,0.3096073911151386
40.63158613463018,0.874568325256115,1508.5744942890321,0.08077521960072541,6.237123459579003,18.186013381890607,2.832057883900121,70.26297395111729,30.23231491459944,4.7413380211783895,3.7287749012665543,3.7776522629739695,0.8080002849920882,2.724772227061206,0.3865110237957612,0.2208324123658941
30.02679221740764,8.830667320669482,548.7109173002499,0.1305895076961272,25.312868287671638,14.432380969492565,2.031752017295061,44.62397753278045,93.72496035458127,3.1807714931650994,6.650670027412671,10.844956449373864,1.0,1.0,0.7016129564332115,0.14184644512574998
20.58073423602589,2.211518306987536,716.8043292983245,0.014668876897627614,10.723917653190297,10.689085415961776,1.314936708670778,37.680289805022504,19.653783397099332,4.050592458391363,4.627675638081049,6.254251290743801,1.0,2.1504335436761233,0.4344864194073899,0.26879233724895535
9.293271870218625,3.993767744186149,3686.667220214551,0.10029823012690502,7.927725907639078,4.86267653085536,4.0,20.339683248742507,47.20652572942674,0.5,10.388281726666,15.002217857316692,1.0,1.0,0.6574172718504881,0.2019068643463712
33.85556981580526,0.8708780481601837,1751.758565920235,0.14987879431337536,7.008466281365217,15.533110378694369,2.9974500254775873,51.75330413326825,27.284947930976298,4.785429036832931,4.047899125287006,3.5417360728837997,0.7908443868963129,3.609457646141991,0.21753272432410897,0.21470284237005247
76.07113616939358,2.7905405972800597,1057.6149562664402,0.029919290297784912,0.44696835299147236,35.427414222908425,2.5045537413700814,100.0,41.940370385897566,6.620807385795911,4.3610586599657255,-1.5664293732360222,0.0,5.0,0.11785278134553354,0.21003251234765197
58.43142024781921,5.783328289739186,141.99792986595688,0.06545970655299668,22.00749676771904,25.295473124012307,2.0017018719246895,85.68359487437552,77.77421146104973,7.070224196367375,4.239702805709801,3.2721473975772213,0.7824697145672506,3.1470508093958878,0.38319966764655267,0.2398707045034987
49.92966948910598,2.14727453716284,1172.484356379714,0.20847542025775798,6.471637407045111,24.70778030470948,2.6986651803494723,87.74481486001771,32.603440266345785,5.833030640729169,4.287884913940368,1.8752961337842273,0.3558264834127207,3.329972586587477,0.3213434669748796,0.19554043163726664
56.15435897179086,3.0440691529003616,261.12107321503566,0.2351549067233533,2.684007783623927,25.235086262684213,1.5565111698603358,82.7754596983776,44.665663321244516,6.481359298756962,5.190029797958609,0.8022150112001144,0.1253930946169999,4.238054311832531,0.1836385821017963,0.10420722328316062
71.24363643072674,10.614993562435549,1266.438998907886,0.10566841216799519,11.376493161012549,30.270822996487333,2.158613702260887,100.0,100.0,7.457704702588723,8.71002788464671,7.073343310566509,1.0,1.8917512603434936,0.5165556586328579,0.2385830875317033
31.076923934490864,5.29955411097171,406.32087822589284,0.26778110082101086,7.213243677435374,13.593578463031536,2.2464497466787336,41.74386176190226,63.3296020401745,3.816088624976081,6.319807168718103,6.031349231678389,1.0,2.0502901919919285,0.6115074676723471,0.05288899908394272
26.81205032598195,10.800189715670154,917.4032933265744,0.1220254832146743,15.605968502549867,13.192351082788804,2.6274977282660217,40.45647798114636,97.80223369792299,3.532950964350861,9.551870752868563,9.753932287597644,1.0,1.0,0.6908421275905927,0.16633737558294726
60.44969920629171,4.121347161322515,1463.631451093927,0.006220416130361641,1.9533412580359577,26.644918896180826,3.497407518054745,85.52511931015137,58.535231844366876,5.319550951401813,5.707736100368801,1.9674451809640303,0.43200236974169176,3.6783681782972972,0.2240831469374964,0.3169145981481038
31.31742738402911,2.1512459740846377,925.7198163440854,0.3074416571866963,1.9155923229615335,13.895239025257005,2.0604266795131267,42.88087330866898,45.771967358684606,4.670693223433234,5.226628089639243,0.5441443756657063,0.23076772329454437,4.174285049927222,0.24588705216341467,0.08500673002967508
40.39112806664702,1.1457811571953085,66.45488177448212,0.08873322391524009,1.3826299889265925,18.5662885571974,0.6994262209882083,69.28118132282357,20.06598657321085,7.435705623502547,2.749724989374066,-3.420439163080423,0.0,5.0,0.14728213403853047,0.17742054669822438
10.26220842655928,3.9439500831675933,326.40452213508325,0.10815724459323756,4.42682082146019,7.533195078543196,2.2109545099598344,23.908577727136347,39.33250465611859,2.473894336816307,2.095124652129609,3.342382625630721,0.7080122125817708,3.044439754373756,0.34122639369888663,0.24042982456849704
87.49108233168839,1.9871311370306868,969.6041177026219,0.32847271262637506,12.025299184175502,35.95938757213949,2.7933768132482917,100.0,37.20835111889759,6.361057725700395,3.5809076714509924,2.6870865950644744,0.5225342134713735,3.464718756364613,0.12161158727286994,0.08539536853400304
19.906164518651867,0.10341780335850015,768.6714763671265,0.18488143394608347,9.837298985657792,9.868957416771778,3.285974792621923,38.00200706166967,9.803683691234335,3.689675535959903,0.5,1.4776713735815685,0.25032988192947314,3.5826983829781494,0.17119715807836125,0.15629968753596743
59.06930186971621,4.91500558245457,358.0227577367163,0.12539536766982595,14.59144500647326,25.827646870363086,2.6760734814524136,84.45880359457146,57.96185209762345,7.05582103349856,3.7132508711232846,2.8344603685518166,0.5739347424197732,2.9477923739488006,0.3240046256650628,0.17343193882043967
32.73431370281521,2.1080318046991064,574.581159734107,0.22644229650208947,4.8249550009149305,14.237299248620264,1.9443117043150786,49.15154533069195,36.42062416048926,5.412704154214837,2.9852126043064873,0.5958391849782668,0.1922190735652678,4.874131179763451,0.0,0.22252362973132866
61.90359824072891,0.5725575789097966,338.1315905530867,0.07666083018443429,11.577268312089151,23.78361744054287,1.0426669129762227,79.65788025245944,25.42671344215681,6.731243747807982,3.224734774928546,1.6552087462193255,0.2884633130460038,3.6345143675015095,0.31094678171439716,0.18076015892387387
21.016032923710934,4.532103888415032,929.7435071284374,0.23825293694408173,10.423731459206737,11.590327966375188,2.003295771988819,33.808205127044175,55.73568573638897,4.176782840247889,5.599110617809658,4.93488710614751,0.9711253213510495,2.4545458882357156,0.4313629655924223,0.08796378251001716
56.04475437357552,2.570077824825474,1234.3359925479242,0.19157896958598356,3.794144281743961,21.508212588458196,3.042519873962955,74.27721159713867,31.089173601820956,4.5630581637088,3.382233612226903,2.314228728028236,0.484430976222489,3.538583303987509,0.2511865610861718,0.07211584749901728
25.41475114818006,1.0838445257606797,727.5335289478815,0.1921351997701708,7.209539253844474,13.453977471691834,2.190507257766805,49.46000020627736,37.33181759655551,5.912035663510828,3.7119846205207665,1.5018719567161711,0.4926736658420785,3.509676673675955,0.3449318998078855,0.18787643309285887
45.66278655311811,1.4594805105438076,1110.0437525036868,0.14581996795553218,1.7827377185921855,21.79073118915189,1.8108030939098976,67.89140035383701,42.602079252147156,5.35233947052536,6.298197609046375,2.695590448460643,0.507425631199523,3.20238132459213,0.48596660694161936,0.23684385510391417
84.41629699526797,1.2135721927771925,734.6925221140572,0.17158496679509838,3.1275041662271805,34.68397533045638,1.4760886378458133,100.0,31.19979281493197,7.714218108323365,3.3372740583983136,-3.129095352626905,0.0,5.0,0.0,0.2203508949613917
56.23597669041051,1.021699735140952,376.9727779305053,0.15437790370626747,5.937310778468321,23.253939776743934,1.8433361312805228,75.55507539817293,28.313483186834695,6.616821725111713,2.4123115894113267,-0.10750472747894269,0.04209194734961516,4.5767894895583225,0.1849158503393955,0.2110265339053649
66.78600738542463,5.641238939178083,1315.569650265759,0.14782634483522933,23.137424917179345,27.717011047737174,2.9204704640307453,100.0,68.7409241224064,6.223830987479286,6.7231333270729285,6.877881811738984,1.0,1.5925748352672684,0.6281184442174073,0.19949367401840995
72.31016264125321,1.4318240982582424,77.23746588268381,0.12513691629826576,4.784177825202569,30.086114309806014,1.953410905866907,93.69511920862152,26.614333136636958,8.318206574361255,1.5054757646337928,-3.055361963282457,0.0,5.0,0.13805653290422665,0.23918579450486097
13.267989907835545,2.0492265848852296,508.09292413026685,0.08544425055101831,12.017379159792519,9.417622715484013,2.4606207887904175,31.564306511702544,53.423973086615234,3.5848480454279055,4.4978009915771215,4.6691720358431805,0.9779219957934389,2.798856650043646,0.3281730951821207,0.29941233662027567
70.48413113728984,2.445598380865607,1242.1164315155104,0.18631674570014922,6.321643702169844,31.18174641168574,2.889329721726847,100.0,31.539303426624606,5.810266436733255,5.255904211426428,2.4024436852351627,0.5160608468901441,3.961963572522495,0.25974407118028403,0.058341866145949245
27.059956751437262,0.5989464871239731,969.9598350613953,0.2617190609588355,3.701196412549924,14.03618114915933,2.2460519550347033,45.27055771692576,19.17578549553082,5.640444684400626,2.882502974801759,1.180129584158383,0.29889437018548554,3.9693306267967596,0.1491796467203123,0.146463785148549
50.54439586397733,1.8365306211980248,935.6750555656823,0.26418257804027717,1.6968459640350457,23.765271013898374,2.1891134747948193,86.28601906585438,51.71123547173046,6.072427696910971,5.136015388050539,0.7328321706114508,0.07638757356736998,3.7959601328913815,0.33933394252928684,0.11804799034545183
17.988730585576015,2.8225398493733187,2217.481832205388,0.16125352018274602,7.389932194622792,10.759836457333899,4.0,35.30918720752689,49.708096052504175,3.4048903855459787,4.798460274168747,6.200462723517161,1.0,1.931809109834651,0.6198777960021862,0.24467953262543385
83.54940133909469,3.0425530200398216,802.6543953492229,0.2606233673664844,0.846008372864419,35.11099896469215,1.1436517931350079,100.0,46.95415484972888,8.098385827094734,4.563800106087319,-2.3448325522954003,0.0,4.893323357161805,0.22439044126260166,0.12500323333337146
13.263977482646569,2.0340788918047195,482.93546124007537,0.0930509350282977,7.499059012211791,8.429458721574305,1.9596867269198142,25.522419401394906,41.5197550295848,4.063535929214072,2.5203388438241383,2.730651830569286,0.614656431967611,3.589356029905497,0.3520635855996337,0.23328160981956997
63.7779727385454,2.843188949568144,536.850339943593,0.016849646655239955,4.4652745103454885,27.847922236572487,1.8521297104788461,100.0,44.724531519930004,5.128520460437005,3.159294019540605,1.3274024485745703,0.4049897178029808,3.3008381986731687,0.5395146748369191,0.19387358309392466
21.83734028287819,0.5193805430756848,472.90808810390763,0.03783575543333784,5.173097196558158,9.347803991175567,1.3525954273801772,44.45056708113546,13.338808960846308,6.11204601118501,3.1869883644764236,-0.4676990961366547,0.0,4.559209755271075,0.0516015152464874,0.2553147024861045
73.9499067774306,1.7778703239915652,838.4777490413442,0.10741885834696242,11.283087100077903,34.13929465327108,1.8288323717408619,99.6438866707208,25.228168129321602,7.15486759457989,4.017759832536785,0.7920556035195765,0.25753969421814843,4.545717247801065,0.14786450210776947,0.23217144943699186
76.85908363284193,1.4597899958491958,1523.7053420815587,0.12007562989018684,2.205018775045123,30.399991042129283,3.0844764913449567,100.0,34.54465060094276,6.238574348752626,3.5735499271155984,-0.861065243256741,0.0,4.771890948602749,0.2333098961927591,0.18742188981214178
2.7836414677980876,0.7306025309922898,484.3886275071272,0.08996525090482016,18.28189129611682,1.3880766958686648,1.6239756377176393,12.433199827396622,28.22453173169082,4.762909120020166,2.6591825572290886,3.3679744619857863,0.8073799347871315,3.4801766620859933,0.41691913335954855,0.2081124956529613
34.36283187038319,4.47712466623945,673.0320845583251,0.3776206986090447,6.229547103467902,17.020184809011024,2.0359626800685486,53.96524024481694,61.54751705786471,4.317419267668186,4.56903232695392,2.1843436268533494,0.4600331686146991,3.0464028828547143,0.24963390760158638,-0.048233942353933794
57.57841829383077,0.9998630871106036,184.9652465230807,0.09890338886711006,13.047692076712337,25.898653995066645,0.8435564026942676,73.17029090553459,35.84793139143039,6.466015006138541,1.9926384556675794,0.6205156851653846,0.038551085012976744,3.2765427199611277,0.5089446119192411,0.2821601508236261
23.81083101645344,0.22625474633383755,620.2283991162442,0.01487098580559056,3.0848782088683446,11.086148695418236,1.946699430963042,43.36635148563664,16.702785439240767,5.196280198135202,3.593244734403478,2.3707334872026955,0.5076695060678682,3.073947019407475,0.381954688906007,0.2730122965673327
34.58794966617268,0.11853201326889791,422.7849983177964,0.08116362491435673,5.104281449233535,14.178538340599886,1.0906092007026928,51.72758515392344,18.73428404701895,6.315586824809939,2.178210621799617,-2.454234053975633,0.0,5.0,0.12060836035753979,0.19016313717874778
66.56624370766264,0.99245307648171,619.3108905406352,0.07312847675540637,2.201436635311373,29.42053713508205,2.0902972179047126,100.0,18.414780441780202,7.383070287147723,3.9525322821054885,-0.9061099227798504,0.0,4.583548109939862,0.20037702772598753,0.25282788096744124
57.294323620643326,2.0116360954015886,944.7635215266164,0.03740826880262589,9.48722820080467,27.6464584387743,2.331297086476706,87.1764649722199,24.783693425730092,6.182198463788482,4.183479017432745,3.304929220248634,0.37271307995604336,3.0619784333429334,0.35520033143611224,0.303739198163766
41.29311414883962,2.5069551851100758,980.0615421588894,0.15728190285446925,12.52312876663005,18.732366850797646,2.4681378735242387,58.73665080034854,48.56656751172829,5.032774198316625,6.125470625746417,5.926289602671317,1.0,2.737753761581923,0.4259691926736989,0.1592501835388319
77.54251530716911,1.5784778127313968,699.021738990678,0.0303895859549298,1.852569944938625,32.03715654617505,1.0705959145912476,100.0,28.55856216905727,7.451351355393868,4.5048568715497685,-0.8262315364279018,0.0,4.866188498037817,0.22400316954480748,0.37618054491789366
69.92121427052398,0.8839257712098877,1138.5492149455004,0.021575869083315203,11.66542701386138,30.649635666449843,2.2901731483119416,97.78390664232045,19.58388561691928,5.236837421478047,2.615799542447573,1.8080160315611535,0.37085897107800436,3.797693752321713,0.2063466962902602,0.3197459881229066
22.703424304510552,0.26938645194167826,622.4662973591,0.022284687100970802,0.7525595317711936,14.622444287717373,1.7633337796759323,44.11160037642062,20.411994696005234,4.055398406224175,2.6872763736349787,-0.02652206409624666,0.0431198703445749,3.917184290950994,0.29721480254589777,0.2411872932440882
59.68173187316505,6.356548972347463,1543.7216982278533,0.14187217363487456,7.013740435495421,28.682758805151316,3.5296741982632605,100.0,83.18556826129152,5.271427716237668,8.117357085924219,7.176026070778387,1.0,1.6326838049772838,0.3734817052388614,0.19334403291707677
82.62108449369869,0.5367620600969875,415.5233231796051,0.03797225082521049,10.447382849162212,33.54498904679341,0.9404091614212218,100.0,19.557020872559534,7.9172043631831155,2.859741461135088,0.9710768519924065,0.1673759375582497,3.8267415636059225,0.19822773020337286,0.2201168348222672
44.46210160466342,4.750594088017186,2030.1284969616343,0.11460999125380103,0.516709245049705,18.578264708295258,4.0,63.62269759377173,63.42683008629801,5.307524711185752,7.264326542088755,3.577503195553869,0.68802438448459,2.5230143460542815,0.4787719592895836,0.24554910091064297
45.72647580103168,5.4111487351365986,972.4630732856734,0.058712316865580046,1.591715871159321,20.345400339033464,2.7535326240500893,71.02010509103897,73.80825634632942,5.049803367889637,5.7555053858478615,3.757734808053394,0.7503659958776768,2.9595386170803195,0.4958802271977826,0.22319163629570551
72.74077119998475,0.4781386063133756,865.0356006349575,0.05250208299649122,2.636051790090667,31.565728459691865,2.2639122424356826,100.0,31.46464238099912,6.3862455931381845,2.2871709061241585,-0.7677059616459645,0.0,4.557619643760933,0.006817865389339567,0.2547733560524907
42.68933174641224,5.469567162976434,1665.8920979333107,0.0886602548841094,12.080935818984203,17.079328651692084,3.381398329286409,56.956889150909106,72.60278993418754,2.2943313161329186,8.811383581433486,11.888238455894697,1.0,1.0,0.5961527073208525,0.247852604044758
60.05639708716295,2.5555709108709714,1683.9632640652112,0.06609832971284148,6.5246989527586505,24.93836975093158,2.727065907003664,75.73652136458982,49.57021552581971,4.074258479036082,2.615214495588525,0.7857056037523253,0.23637893002073307,4.352263056605412,0.18746090114923789,0.18820519272772127
55.03542016471762,6.438683582297316,1315.6622739620714,0.07194874868888176,4.77545172939159,22.81483214169942,2.4992359780550997,81.62135585787318,66.61891110111564,5.845836708237728,8.779352130649764,5.112179429233593,0.951360377512461,2.728066042596026,0.539471108612132,0.2688598931277269
77.5097036807709,2.9858426556961644,1139.3558374159088,0.038796235304996034,35.01477686881965,31.65153214366634,3.364903691283837,100.0,59.570860926317685,4.910040490074181,4.697502005485255,7.143403495092989,1.0,1.8543292977182835,0.6820036555224095,0.20647896623385187
91.48458739723165,2.1962136983218565,686.1515942078946,0.012395688056947726,21.368971951485882,36.993571816931485,1.8363815492650803,100.0,33.74350818684241,7.661187201758068,3.24342041102312,1.9269172798069383,0.4438295218100337,3.1453721646397583,0.37123976753252763,0.27039817105770786
30.116143026163506,0.8045971824048641,544.0986816891277,0.13964812046983796,10.86295763576634,16.864068088884416,1.4287664956671626,55.92998702858391,15.104615017910035,5.928342465463443,2.684375684594302,0.9556533788518807,0.25929585037797465,3.326428809928679,0.3122316109196233,0.19446639429500942
64.69803278371182,1.085725018270091,472.7288452820725,0.15452743118107296,3.6464205996051375,24.908879763286546,1.3331081046828341,86.29183228329829,23.903983385313403,8.762460681430841,2.9925419217759033,-2.075215328179563,0.0,5.0,0.15986127800665983,0.2001779760041106
15.447666267978647,0.2589813440375994,750.8940272592736,0.06761434807524293,3.6885666465792997,7.500048061592937,2.2735510913762447,33.38931195597325,34.03446633592243,5.377097712000561,2.8881884798509647,1.2962766398209613,0.13049309416810548,4.547911024716133,0.09670730784418392,0.2315530053011934
72.86362009025387,0.2694333811469422,1028.7551310066212,0.1564795127713339,5.060069475715653,33.356984689824394,2.09330526346241,100.0,25.67502847318124,5.8268357327927625,3.0963614163026323,1.7051234437246232,0.28172783119547784,3.543463538309426,0.05483456616429383,0.2719622475053103
15.840459842696642,0.6254764284507296,610.993462255567,0.03630713322579568,10.832662913459561,5.944757815252046,1.9929376754071164,31.820071602177237,13.007244761896441,3.282745576670644,1.714155307608232,4.056031927556263,0.8677851451546745,2.769092449206836,0.48485127758038227,0.2957550353843086
25.114217755503898,3.169342941815224,1098.985022678586,0.15204447812928662,9.40340061390889,14.212539228786325,2.656446618618929,47.258816656232355,54.31296961306715,3.3249112307597226,5.5235350304968645,7.007183375398626,1.0,2.0829371556120786,0.6920270682219232,0.1632475062362712
50.25331658401996,3.856902388339877,489.2743370123695,0.212924560393265,12.68341608271035,22.073187448804557,0.8231582510427238,78.58299600782999,63.467855077543355,6.987714476400074,6.909214519665786,4.181714296039685,0.7699196262411521,3.2795690692070503,0.19260346595003422,0.12873646305949876
30.65079703618686,0.15821808133896617,530.5797553905641,0.3105046391637951,13.068854778040516,14.132580889583274,1.3704868962934806,47.2280118144548,20.31627780047801,6.517023882424519,2.166896083856816,0.46831862198987473,0.16219249822940662,3.895172397385128,0.24716924229480416,0.09442165796669791
20.66322200975587,1.7977492138606215,491.38098162487955,0.19886860212559931,18.13209212872542,5.994664061533791,2.6231963852314233,23.287494697570384,39.11202011952641,4.043488856178962,2.054648849112925,3.6208085643616252,0.7171747559851642,3.3070554308755855,0.46834970783339835,0.15753504833769194
43.21852305341939,0.7920731084448778,481.61539456992165,0.0168018657276173,13.994583607125302,21.47532890578014,1.5863531548988146,81.25290159496204,28.02894062240073,6.370543680248234,3.304904453910945,3.023847059518948,0.5917227516049548,3.1809104598137155,0.4497163417291927,0.20951810052716713
88.47450056728529,1.2078410002299522,107.01722361017096,0.0488556444733103,16.62365428635233,39.28842796623694,0.38523944178719394,100.0,40.19221568356554,7.772111278262949,3.5346747500499407,1.5253056545355814,0.25270580845650636,3.4618597732369984,0.3775735828287079,0.21587111474466653
27.049388334538257,1.7150152347349608,525.3513944433996,0.06991023638279693,5.451289872300394,12.215588665540968,2.1489641948442633,44.3079293965341,38.4625199234961,4.906757048179532,3.123636830922572,2.206716210829734,0.47168281260882317,4.336817571863485,0.12220374217546738,0.3273262698430298
65.31096705526838,2.906810543973824,422.74574279136726,0.11260617715390847,13.411452158876267,27.297445999926794,1.3667989817579138,92.55728072503875,56.708871814609,6.5859750125207555,5.522397364124226,3.8796404734678,0.765587995918492,2.57078028081951,0.34209254347415513,0.17423230321549787
27.35770912631004,0.44323380888795133,958.2317165575233,0.20296892684656237,7.317543366527216,14.085666782288827,3.6553392375634184,42.75774632426722,19.173303161480412,1.9059381221006333,2.4810694910455036,4.430015306335954,0.9373572840961227,2.486895190000832,0.6150036964146415,0.11445339157770718
28.444326695950146,5.718178207632407,742.7020141257265,0.16949896289643504,2.2245026724730295,16.47862301979608,1.3369951784882868,52.66157404097479,45.83401914026248,5.7525197015902645,5.9768502086134,2.308860782113061,0.45135261324149206,2.5403887830904566,0.3561991921803507,0.1989488822698605
4.589831854667102,1.0908348882984844,583.5851563935813,0.24402626425986024,6.198209435736361,2.910078025729319,1.8565223159474415,8.23323841034683,11.980863458568411,2.979463261911018,3.9836678185708823,5.470767506265409,0.8937112011711392,3.372410194693364,0.16786289148661326,0.031156554564890943
74.22306157233335,4.452710519375605,531.2532309790602,0.061858719631701524,11.395556907169418,31.904868275655804,2.217047237443742,100.0,39.13692010416378,7.259935035810173,2.3989890524267627,0.7262760604984477,0.21921714871716003,4.21062834616613,0.09450831896065078,0.24719264467935473
71.02913934904753,6.672054598371938,681.6270293841684,0.03536670826558614,5.444494444496807,31.945039560588917,1.1436821154003969,100.0,80.80543224985392,7.988449752743159,7.326410194009756,2.564671763495377,0.49762536001178365,3.256812601590539,0.2508502518586438,0.27268311538645407
56.403913080539674,2.8736550581760416,201.71773104178988,0.14883897612428765,10.682229807807103,23.787577935206112,2.0725242534343904,76.71473736967849,42.45243535653457,7.649671036130059,3.287598739302456,0.1651000045001899,0.06414410227099734,3.577032660414039,0.15954284982552266,0.16864386864216943
95.2639027631675,0.5076556796560532,267.588403284083,0.16987070297700588,5.309943030311925,36.13623167652938,0.8995986094920196,100.0,18.328463004149047,8.282691879710601,3.4050994671394714,-0.4164810224347705,0.0,4.23823358872925,0.25595323387106794,0.2467887635920939
38.78963364880319,1.7563213783761988,357.8877126358192,0.047469244848960146,2.2040774018963316,16.535174483544864,1.4171874859815996,54.60111595275496,36.06411795754068,5.901487696375755,3.1683536634031633,-0.42681745568215174,0.0,5.0,0.10473144549140131,0.22864284088830367
18.2069926324912,7.714911918916467,281.263600522671,0.2707464940974837,1.0697570759710782,9.434795413298607,2.3220747020213515,38.135865835800416,84.65935185414584,4.850927296698282,6.639554106705235,3.2343183113647154,0.5422808929363997,3.6574792913170193,0.22270043666708053,0.17293978901410095
15.276952883508606,1.5118817889494007,778.593668814113,0.10871115993666813,9.130037422109092,7.753739689078254,2.0406553753932983,24.005071718474273,39.6760092422908,3.9332266606546633,4.379642616913192,4.503394973217862,0.8102602497580236,3.270980378619335,0.24754550822971486,0.09660367424413568
35.46070967995539,0.97676683240714,291.62501389283364,0.17715946035399843,12.903246288757902,13.412251945062629,1.3314080827659938,47.66495634436365,33.64005397959144,6.221868798502845,2.493050084245221,1.966465695655177,0.41140787380582083,3.76197100993945,0.2550659237241727,0.052937431952114034
23.79508153180409,0.06699666665413442,878.0797311186025,0.06864330535545633,11.761027463309366,8.760672177593943,3.0974338009137012,33.212977901259386,21.48201537466306,2.820220699129078,2.6530526531669114,4.8978994855907345,0.8697663202539391,2.051698411483472,0.4953289281880873,0.3385292528403493
77.49864127678686,0.39961721087402896,1833.4484616479558,0.15883945087934875,4.2148424414702905,31.876296977469366,3.482304313198914,100.0,20.656791596294056,6.496139727279165,4.150078173721302,1.2928653505759753,0.31481438790491273,4.1534932424099145,0.09841032897355542,0.23573361999012654
79.81729310776373,4.945666567796014,940.5160846126765,0.06485934205551168,3.252528126471271,33.879986673338394,3.0766332026404632,100.0,56.20028306526888,5.116676487304857,3.85175011390305,0.9601471086845985,0.25768720988358784,3.0461084468868687,0.10745714047008936,0.22095934392548017
15.655053419026174,2.4812149668210797,1068.8955714899118,0.19702987374065653,1.2068971584455699,8.964767885352966,2.118480780385328,37.87178244846632,46.500617972429126,7.274492308573683,6.318340010945066,0.26826766649462624,0.09648475204344653,4.1604581414977515,0.15702569392503274,0.22936238683553223
59.10828794341688,3.0575010726040044,713.7963661933609,0.1939395978698978,10.561837017271717,25.224974946869768,1.8493676260267298,84.15345490838997,34.11380415176295,5.010472153065098,2.0044034188438427,2.4849681578763274,0.5521337395947217,3.833648087370752,0.13395627094536705,0.08598777991280696
96.56352298282768,1.013353014928106,306.3168665758548,0.1090535606318014,5.210494834326942,44.355269197057034,1.3879207717976463,100.0,24.24510380311453,7.721317159814725,3.1552448632846195,-0.9240014239957599,0.0,4.69413422138065,0.0,0.2136308567021249
83.49987740334429,2.2094295642421993,306.96141198617494,0.027016571596994988,8.096281230825445,37.62894369737235,1.3400715171977504,100.0,35.31512091145639,7.8818456313115295,2.924037425236475,-0.17977981758934047,0.03833644640605222,4.212517921230849,0.10215229119404247,0.1749827026158987
84.13195358182661,2.0628214254669626,1290.8874314028108,0.09438904652105913,6.057733702427075,34.176819533846654,3.328406287573157,100.0,33.317756880465346,4.759917973496905,4.074274700972243,2.9168217918523762,0.6436605108556607,3.626089358460063,0.414465978577078,0.23552147691314565
93.80470360547312,1.3345987711300025,1170.9993716397428,0.09254987545572298,16.475845095406655,39.77686961674549,2.957728294236851,100.0,30.083992870855358,7.103213088027784,4.4862482742510865,2.2014392045116318,0.44402655684155806,3.8000344063818483,0.18601551808250802,0.2480398731984992
31.28069442554368,0.8217013062901463,765.0568474188287,0.04702536240090266,17.89739275680081,17.231213791007274,2.8860942641070286,49.40096779219802,28.793904118484537,4.494451318022354,1.8193533253589647,3.6983142799458184,0.7304367038461561,3.6314576586897584,0.31552655321015943,0.21966953938655862
50.40677423371059,1.5247951039050822,840.8675797963941,0.24966995329023497,9.007883923861153,23.803797377387934,2.956256396719647,80.34141876823315,29.522692104060418,3.4828050790557405,1.5229765319772428,2.953373311090264,0.3815434736008363,3.349644225635854,0.25730136059938197,0.02908515314316823
21.519314902296095,2.184000863125821,480.51567323649584,0.13074546566868375,21.74030059071527,10.704536973698065,1.754390709871619,47.305102053951146,32.224619283852505,6.109572167160357,2.100685159937483,2.03519914027721,0.5309370754845136,3.8600739730167426,0.07623269702334165,0.21985822293653903
64.03028707018625,0.16017059000881045,342.7162412043302,0.19008349052597356,4.7853616800884105,29.789764017618005,2.2832872547116843,100.0,13.537967359421945,6.49921334199003,2.5811903352148713,-0.5200975132886065,0.05717140196475311,4.13237797566336,0.3011294384895884,0.19228000951639063
33.5631453691594,3.4879622035504614,217.90274612403482,0.0946153937542746,3.2001331207789,15.551736846347534,1.6494094893332973,55.68936066627741,40.86293288869837,2.98807641175045,4.311662001714307,3.5895716700922167,0.6484345153009252,3.5120011032715746,0.08441846468492742,0.21770929050033866
65.09841730157154,3.0779275649250257,176.25285808385428,0.07444523784750422,11.960541428226353,28.41635985141224,0.6900452356976511,95.4546440811927,43.88110249602247,8.626642489369122,3.808664280728056,0.012214726848805924,0.1101265945033642,4.527402531177499,0.1905776139808933,0.26720977976845833
53.47911941364016,1.84017235557587,688.0617166618476,0.2250476534680561,4.672430303803715,24.030081131747494,2.122746799272141,78.00467757030871,49.44578508969737,5.7031910306598945,3.813792785635941,1.3191374093146833,0.314585726180699,3.6804280371044533,0.3788071643850196,0.10042285648629187
33.59005405293263,1.3123736691623116,730.5690310272337,0.11122837283323188,0.8138927713887033,14.612955455801073,2.6413103193286025,49.32507183274909,22.18032560931426,5.741755730465048,2.921887014497796,-0.911491434125681,0.0,4.749488686273429,0.012702020804951766,0.2573291539335283
27.121345073315357,1.8233677704460645,253.69803321666006,0.030513445847987007,1.6829654271927568,12.54704054091017,1.633964163148041,43.888556764098574,36.03303321941817,6.1424494223693245,2.4430851355467555,-2.0424250955465517,0.0,4.85156184900574,0.0,0.2248570154068471
66.81859654070513,0.9160610538753331,920.3214426383403,0.33318705929807707,6.0568198796043085,30.854612466651822,2.659062563885932,100.0,22.548487594974347,5.29697848554766,3.781596420313069,3.8815341979310345,0.8286406685080918,2.7448080024097576,0.4975573037142648,-0.011685296062930894
26.02956105040082,3.3473588961978047,755.2775912024383,0.02501861403066609,2.8564415654790287,11.303230616691007,1.6869611827092204,32.97575508352646,43.21530023107389,5.014631015764001,4.595577002046551,3.5433775165947257,0.9127348393552057,2.7724441981225403,0.47575089196014136,0.31448519399717156
23.223939665246906,0.2847245816931832,1116.0646590779277,0.19526053725648146,6.618852685139245,10.980040682356368,2.7432932995036015,41.247892378169375,21.59425275905737,4.870801513936948,2.9744574890795112,2.8796251819149496,0.5574633993241531,3.6687658402236116,0.26591390309514346,0.17687761802382007
51.48822982858022,7.2333753555247,287.10687633415284,0.12955229567608317,8.046964869292209,22.4291244706878,1.2441152328631195,73.51077342777363,77.84036999908635,7.255737774660085,6.194857404331369,3.0085732938808825,0.4219341760080878,2.740906492313051,0.5225663972903694,0.20895181841205024
44.582460234124255,0.171877092118921,749.5358281071362,0.10201857217548126,11.24281014001703,18.09333396332941,2.1917709285088947,55.802154976884154,35.738703037109296,4.508695933821723,3.4019177271432137,3.209183189127173,0.6451044356673142,3.8610832217268265,0.16415159028164805,0.13683215221827022
28.256327931976266,0.3445097326879349,405.80047885465046,0.10151973112680637,8.075703255575037,13.667151991890435,1.748571949259972,54.41451055135892,25.560354960398353,7.175919649268101,2.3389644497371522,0.37755688192532144,0.07702974718474008,4.729134383321093,0.10249464108647598,0.2178029029006792
71.33374862335894,3.028101765703078,1071.8792928211083,0.0794039005960854,2.521210417715602,28.896374917018846,2.355318790037595,96.84614234882615,42.52489234256266,6.84764400000026,4.40037811400115,0.3352401570624456,0.059607015019841815,4.29688727719704,0.3472054758764324,0.2099340238079932
17.870595149414644,5.4567253424952495,113.11577166988258,0.057527088294987254,1.4082203654570489,9.652148349604474,1.1969916216510532,40.96133789799278,65.63738335510186,5.345093847102675,5.691245205431091,1.9506919532279898,0.3644314970403365,3.573656891366171,0.14230973824034338,0.2551346436852436
26.60434537923811,3.5414808405986724,959.8320647994763,0.22212759174963517,1.9592010638252226,13.232017426595153,2.3673162302284174,41.475680901458006,43.91196929290777,4.618527372581863,2.0743727687425686,0.7217562716127159,0.08445982025979591,4.345291682959848,0.013493361253936714,0.07390626343617139
31.395965514533025,3.172362687603635,1013.2622225838007,0.19581244618757285,8.153799744206236,14.879133401890915,2.1430785169924036,48.47639878041005,49.70224863895571,4.6846148403590115,4.610576351494267,4.896318122162718,1.0,2.105311092022778,0.5051414117809763,0.20888456738903743
80.44703287362505,1.0011659508678366,495.6231498386744,0.295811127839195,14.546824975566985,32.82440291161034,1.9005812397251274,100.0,31.566956136721195,7.046512774563247,3.900698643932464,2.5412620397295664,0.43324897688451747,3.523593833401032,0.3455159166479553,0.023745207632889002
56.57769478381254,0.7928918398614772,622.5308950765261,0.04806246083368664,21.95022025734503,25.413197750504406,2.571819322382216,83.57426043556936,15.911222473211232,7.291392836497643,0.5275885902599438,-1.8092984750308985,0.0,4.3664958014624435,0.10486527166363478,0.2917995904034859
82.74544356473417,0.6586964548791293,829.4538907833955,0.09727945174855224,4.012392507030239,37.16653118127353,1.5980688158495533,100.0,15.856710403626693,7.873530632733393,2.8527450006868653,-2.515441622367453,0.0,5.0,0.0,0.2061012533038284
25.27096270539738,2.1329876311005087,825.581150626601,0.17819253889145725,5.757266530310776,11.23441201042704,2.051875449095294,42.78600682589328,53.46973780829707,5.404880614036475,4.641726569311174,2.6935624210002276,0.7642528544371332,4.29272058694111,0.12374100233981855,0.18177130229001198
40.98157367880358,0.7875838057988771,726.4258870695203,0.04651215034385048,2.851731928864183,18.243203710864677,2.172279415812755,63.38710096169974,21.61442610065502,5.505138029632105,3.0555495985765466,0.16052400420187551,0.16025234874065822,3.9667892905063593,0.10312153584053241,0.27141299699567023
43.193228519857996,1.9754402056640816,234.332196440809,0.038290804585844766,5.5313009272364795,21.928761941052034,0.5559007771041291,56.584103803850056,33.80917883904217,7.0573402911189085,5.362627281377877,1.9465921181661003,0.3697508402412164,3.8614964153777454,0.26762143413702133,0.2866335327222638
44.071814014120555,0.09224429049741355,1033.2303355158087,0.027857442485733283,7.934694884162318,20.18776579578419,3.160996962817923,62.57915161735675,18.447179605468072,5.269125450646912,2.797318948517866,1.0499083529284876,0.2348205576330016,3.1148557190307447,0.3055572383143878,0.2553617767338451
54.71616832715191,1.2104704839889286,783.9781829675547,0.12889564281499427,1.3385835757095412,22.17717762592756,2.2293412724141017,74.2224295131104,27.488281340543182,4.923430278203154,3.470654035968107,-0.5152845648897834,0.0,5.0,0.04642570997999238,0.23214669406160832
27.466790733193392,0.15158174172765396,87.30928194278246,0.1319768373584896,8.958005008516032,11.61105289558125,0.8241023399520142,49.8283883786422,26.150739447266677,5.35126481100325,3.082157773431949,2.9487888083763227,0.6400166848036506,3.811687278520176,0.2849942792534307,0.1590595019687026
74.66938446532532,0.7499069271703053,315.1520834330291,0.031719184962806644,1.0420345567653033,31.748145250570218,1.6706208585588884,93.5076416832913,11.398082884957471,8.888121327256433,2.338877240924921,-4.001737198926206,0.0,5.0,0.029813272713003852,0.36696141504175606
50.84112050597389,2.781118297158822,468.42306670963245,0.11536036639306012,24.478349771766247,23.7237741623895,1.7497148896636792,73.90249684479015,54.11201025161954,6.873594530703724,3.5628729267863286,3.751780472345703,0.7427357597884575,2.866712079043575,0.3905804167755928,0.20615588891242234
43.52395648412972,0.20613805035019395,551.5573270147588,0.11537429115629659,3.974229471792272,18.36774890130938,1.8082653820851993,52.27146327654583,26.733650795543188,5.392292304800644,2.6226568997858846,0.6183899402659729,0.21075904711598006,3.9577404458435086,0.07756370917066102,0.1788038767421801
64.07077068356216,1.2261434230942507,522.186886890443,0.2616567101452783,16.197974400811038,26.75666262556023,2.3161089018532808,87.16368720175296,34.68629362658141,4.956966841434648,2.4174543676642064,4.077083396949279,0.7552723810710185,2.3948399580780713,0.27507330105659183,0.08912751060055421
66.22701195379355,1.5221001445096383,501.7969258380144,0.22059673469139063,3.263592891509628,28.654699579550744,1.5800149079672599,92.64758049130043,28.51758315576424,7.777645519056548,1.5382807736808823,-3.0852320189069515,0.0,5.0,0.07548207052551556,0.14202442049959824
63.66784613982083,0.8950495305050978,527.1989670406404,0.3331270157716556,1.761397208299608,28.527667574604486,1.9594582353361003,91.39077956922702,38.92963975501499,7.41130294581656,3.9130606536349624,-1.5603868692328915,0.0,5.0,0.08614355761539655,-0.10064152124634801
75.62020541415924,1.3339302203896533,524.1784492189793,0.18621717492127776,8.441099582446467,33.566971425551564,2.9717284206399035,100.0,34.162234039380785,7.037370570939004,3.2164527922698856,0.9231773665234848,0.22229460912569265,4.140740585941192,0.1999199350228676,0.12598903200288847
88.14423551379265,1.9254826857577994,1266.4492031559741,0.09844982208965182,13.219350996253505,37.67911941339288,3.152422367713492,100.0,45.21623885139215,5.099456464271556,3.1775283218375128,4.299217045128243,0.7405801327283963,3.4580273663719123,0.2232779987427923,0.16161824501048452
46.02657104427219,0.6280798194100128,1890.8318190611606,0.04046485539252058,3.0553945204119275,19.73666625443607,3.8911752808273055,68.67686994604158,33.36042597503333,4.262373220034219,2.919652596753117,1.1866750719862864,0.3302963505611254,3.5164653934574783,0.36448891111295784,0.2217648687875703
22.79424904812858,0.340266652926326,121.65439408280588,0.021669753878026738,2.9147975817707903,8.405874958000199,0.9904878774132284,33.3095977306362,20.77316388714768,5.076380291075727,2.45454180511564,-0.37938233381609665,0.0,4.254000618727303,0.21988035020839186,0.23659885970120342
52.17843178405065,3.9105631556929263,123.72584957733122,0.03491116212988407,5.326908152161898,24.3233794790367,2.1471314513659143,79.34323840580613,39.43903936296689,6.236215201565121,4.104368389629127,0.1821090686029878,0.06258242388402878,4.207233142471361,0.16897950538371148,0.3207723862669442
22.53788720116248,0.6308930054211016,832.3646162459186,0.18058323188484607,6.764672387855452,12.741339856535193,2.6705269684981165,33.94635385368127,18.407480198494,3.1868619939245506,4.369764630172911,6.328504929674928,1.0,2.881332143434645,0.41820147369758826,0.16212401717919633
70.56435954770583,2.122254746310369,381.7779250493818,0.2521845384690956,3.2577576370548518,32.30081249220769,1.7542551694765436,98.48003628766526,36.60312559881428,8.018686123973012,1.757080732498982,-3.6094999771318776,0.0,5.0,0.09688789510376888,0.10205017295727375
34.097583453088035,0.8045558724944235,861.838871705763,0.1443505053332193,2.949043439433622,17.88908223914504,2.422797244754831,64.93677097337648,23.92567102340991,4.349079463707156,2.503434624111038,1.0242452320094333,0.21047508484391797,3.579048653388206,0.24304891272452883,0.11059859735641349
51.97076071538767,0.7031920693252955,126.18734853675993,0.20031817912569908,7.910180894064244,20.105121043644168,0.38512479002527256,69.10249580744076,20.45196865447152,7.529524648456375,4.365961129488672,0.9538274787889734,0.293352719065428,4.640397827455684,0.0,0.14819288831403585
56.06164843766646,1.8427070231235614,775.4011349440563,0.2507731110722128,3.506277119728422,24.701518174229925,2.150290978127771,88.52638377881199,48.17330252200762,5.473447074587485,2.6831111424158873,0.47025251172994986,0.12589702850778522,4.328696014222612,0.1359158407408979,0.09156009273042728
67.34285983748325,2.2939489960478383,159.0705916295202,0.24540290888015592,5.18789990773341,28.149412549268135,0.02886579204273354,86.12177514446894,26.301644393967365,8.04568754164712,5.462064083164503,0.8455913876590344,0.23952461139081185,3.89970811819424,0.14235576246363893,0.097240855032943
51.49558951276476,14.240165630122672,3392.0212729347377,0.11258673904298556,9.007456714956598,25.60504454042017,4.0,82.75249918607163,100.0,4.567172912191647,15.170335843044603,15.838630142142858,1.0,1.0,0.583674867651417,0.2102505178324452
64.01918176033085,1.5490651466440775,215.02852025656134,0.08820469538724968,6.154649640961424,28.446920667334922,1.0156120635750887,95.94248496566233,37.14775488493674,9.217179912181425,3.721855923360033,-0.8251150125622836,0.0,3.8596410106870143,0.24319252068671496,0.3326224425500042
67.58918297654293,0.224993581826975,364.1529720493995,0.07250572921311962,14.674675783391775,31.147806020805294,1.9292828048003818,100.0,32.91657733412032,8.723124859098483,1.8576491486755995,-0.7063882694629846,0.0,4.47777589640349,0.025218499325991975,0.2528544431492238
52.96282549298255,6.131368906015347,795.244391185143,0.04465615931720563,1.985567888291677,22.047730228386964,2.1208498946346914,78.6373994660907,65.65812849364899,5.735310765454592,6.990472327092081,4.0584274487179,0.822034268221646,3.2143044207519536,0.5283113430494785,0.2718945361061744
69.05810888884349,1.7472134375820876,623.801762180643,0.1513342340623394,1.6787667248417326,28.93103932909751,1.0466195803733749,94.40091492629969,31.606476626173354,7.264287805217212,4.700501192051676,-1.5238507114814677,0.0,4.350303242901302,0.0,0.1817107021621675
48.47503955540207,1.2420630790456781,2142.1161771612146,0.014278064158345913,1.1509087847599044,22.365504961878045,3.9888998784518614,64.1547958493506,28.472534231187545,3.6163015318222347,4.274362848403484,2.5401453511498224,0.5273299094951425,3.406817083599535,0.3211430972392046,0.240515488197936
74.97159738525204,4.61212408105954,717.6249172680263,0.14178093110827963,3.588253660256414,33.063422531611415,2.240420496009771,100.0,60.18421481671264,5.669211162071861,4.204583324128254,0.746688799401091,0.07557801650096604,3.803130218449065,0.22788488203140184,0.2321221532240996
4.348766490776612,2.897732554358378,510.17478207463836,0.2397281323410487,7.334988883753786,1.0,2.13750247612404,9.38627410495971,42.63976877779399,4.757032813586188,3.4702732892711095,3.3285182969677822,0.728471436349684,2.5376418127417386,0.241811714229432,0.11346086710853528
22.22342018654699,0.33365041064412615,430.2526235890211,0.1259227066475289,5.365866443189015,11.65149079533827,1.9211278319536502,41.51078282228255,28.140576081789735,4.634615996909359,0.5,-1.0733457556932515,0.0,4.209756458653402,0.13216995578385438,0.18007775696322956
61.81744712599092,2.5650161283420148,503.04925513340163,0.21542978892007708,9.719466267519838,25.342821331901913,1.3188858907062435,85.46477225466361,43.48607936248023,7.577976693036287,5.0962896626401495,0.8908703972148246,0.2650024741849555,3.2800416586885213,0.46695137448555357,0.12537501326851633
23.46538727721707,7.591889093809251,470.1152896530541,0.06343733897331241,9.853737945549899,10.930032549191122,1.696745727618824,41.9361829779475,63.973496812459615,5.57938063646164,8.990020049090486,8.117055965074016,1.0,1.6949519289384567,0.472581537300382,0.25618931684373936
44.371717829787954,3.111878815958189,163.3093977655296,0.11030114015141068,11.759603266974938,18.353440058179213,1.2048433492881208,60.82104450639201,46.89953213279484,7.411696564938541,4.278266535389841,2.734417188018934,0.531285515467347,2.7980111964159424,0.42667450002604407,0.2066736389009042
25.32793170115507,3.3857548146586445,694.4723131243098,0.22213690092383145,0.9587244364203246,12.10469017386931,2.010183559777668,36.42011370570198,51.359486374024,3.5457173446973718,5.296887150194278,2.61610963841135,0.5508687926632346,3.8651152904294737,0.3857604084331365,0.12220280042592988
15.646922864894885,0.3743514299216667,867.9696602665265,0.10494676508492426,7.580733890009953,8.960592779851652,2.0063452077740487,36.58632811261102,16.859923811100696,4.326379989567417,3.8416413986296263,2.404902995817597,0.3529522841439606,3.497071670653333,0.2790745023711161,0.16147807407762776
86.70553761646103,2.7892243530068765,257.07653227939767,0.22003299645071295,3.786041756364776,38.26916052776785,1.5401973204724122,100.0,48.72972628229072,7.752648858432952,2.1743944592927673,-1.9478467724811666,0.0,5.0,0.012173728990424265,0.11302762486733693
48.30976346551506,4.132409947423372,1586.6593146466141,0.13827091585490633,11.294305126744433,21.138314623144332,2.9166912006293337,72.62300950433735,56.100494782901436,5.589831244049837,6.255499689669214,4.80487313792535,0.9472973366070221,3.1841099978022576,0.0,0.16207270773454144
92.38124815485978,0.384875244345806,152.05456426128006,0.2474991677084713,7.36435003501556,39.75216620059021,1.2772783870837983,100.0,28.33901207963086,7.054379598984389,1.0264393612150664,-0.307267410467003,0.0856158949408213,4.265025479832381,0.17011910107976488,0.08834649530650274
56.676204366226806,5.138917413588768,182.94241047047905,0.05057982460909497,14.281142417194438,25.357356483178524,1.9125163410625423,85.1423005565224,60.5256962938316,7.060524175288643,3.9558727114029137,2.394330572327841,0.5226918419052391,3.175033943571553,0.17902089367801746,0.30982949081466077
16.96399309657182,4.057895629257074,1478.481856939942,0.29440139730283277,7.060258865238731,9.051278621371502,3.5904410871115795,44.475145979793425,56.92285312896795,2.3037173420858297,6.0440155957355515,7.698959991140726,1.0,1.6431465710634627,0.5955835293926495,0.05404298144191689
19.965769458504877,3.8217800677248897,1670.6416172487734,0.13362791787930567,14.343509830633176,9.34173511572892,3.8332372174174227,41.26507824291397,56.354751980520795,2.730115561480007,4.9374112688796234,7.722459334217326,1.0,1.000853620698753,0.6196522615997394,0.2125152938530405
19.133319183005113,2.595247312586473,1199.8107191824568,0.328146728644669,16.11743643996577,8.131342263971112,3.1355513061763447,24.461209237355423,57.93264987837178,2.6853216937184876,6.380171522370301,9.278636379328127,1.0,1.1181081515963034,0.5716717523866401,0.0042265154954399115
40.41696293985324,1.7848665209599772,1148.5511400323962,0.23681936898904238,13.52402122714465,17.31528242768043,2.686192283862545,59.63190263620982,33.53494930704591,4.517445397103559,3.7303125188461808,5.030710957439534,0.8738339262417295,2.271747278179452,0.5507766475010147,0.1301309147114047
18.785054968665712,0.34256732023733616,398.89300178437725,0.2987030243082401,6.601226599283219,8.542288786240107,2.2268482605476883,28.5561997936715,26.828011247948112,4.0591100877051645,0.9719739197116686,0.9555490570274263,0.2574987803580068,4.304972375895409,0.0,0.10644622794665491
47.875898021108846,0.821459795019155,628.4888676591765,0.11676672423555869,7.782381716295958,22.888984092680353,2.4877605724895844,73.00629234123565,27.56651014875236,5.546556301976077,3.0816771941172414,3.00689656045633,0.6054535457327418,3.287268724018795,0.24790361098523994,0.17921298048724862
21.591178403925007,2.7106866574622694,679.4926607871253,0.11895881797687037,6.55994443883133,10.779583953142893,1.763070905016065,42.50622650136309,50.50707699943841,5.316087121801095,3.6971833308139184,2.2453650990031155,0.4560323024315308,3.839644035495793,0.14064183187365134,0.20536457240825257
19.515696870775773,5.102984734014369,318.8016132990574,0.034844207079829326,9.974376566011472,11.738923296543604,2.4869162444380555,37.37689207475047,53.26050162480048,2.623908334465937,4.16814503556121,5.592807704941398,0.9766825024646921,2.641938979055252,0.5503246219427846,0.29838690547935637
80.03932446378158,3.364861515200926,926.105791841341,0.17372355414705826,2.0276359038644727,34.09783801764807,2.3068910900968986,100.0,36.00406559046877,6.851105699174374,2.4465769962312756,-2.7168526702003235,0.0,5.0,0.0,0.11359194080794625
73.36126503443691,1.4744954997520534,460.6263317380474,0.1021423583953033,1.7250392619731785,33.98068886422051,2.178378896873535,100.0,35.21432941368716,6.6145320448449185,1.6559607200354671,-2.934483132242483,0.0,5.0,0.0,0.2598658040485849
65.70154709972788,1.0027846880256697,587.9481029295614,0.20273113970574508,7.195714170385685,27.09522316327245,2.2457771511540017,91.91310623651465,24.093479334131374,6.234131089838313,1.95305295632514,-0.2436239232715078,0.0,4.760282625028071,0.10323957153904309,0.1572049888596337
48.486279550016775,2.2483707589451267,718.6498602155384,0.3327057060141637,7.409044607477289,20.857197256008867,2.418875224399942,73.84317695254255,25.8857468258037,5.046847381127077,2.9044040447431656,0.8798707322526123,0.06619163569637904,3.9007601969524512,0.3505895167733716,0.01642153593139933
41.04729835568137,0.3333554509664951,512.9059659285609,0.2670939721424139,12.500915871065319,18.051244982232426,1.918704755419258,60.36745100002054,11.813273314028104,5.3270627962368025,2.4612160504530767,2.048099704387542,0.42091800440218746,3.276813626334442,0.24163193446381243,-0.011131006244856217
34.9666255758202,1.401356046841507,366.93804128948415,0.11658487523528792,14.316006508044081,17.85627858958731,1.3739603769630095,63.36122144862269,47.873594260736496,5.924955997883478,3.27168434933811,2.5086652291782237,0.4965902530380177,3.1884674155582027,0.3029896820208218,0.2651827405643119
61.544312268706165,1.2901443430425745,1561.5241520091854,0.07974879087932725,15.175279078116239,29.551370078614003,2.379289401694032,91.14624383585131,28.48412934071765,6.896283290336271,6.113977187731942,4.653831448127503,1.0,2.4039312446938954,0.4197238837737138,0.23531060214514
53.278160696847344,3.518304987101111,348.1901531507214,0.13654042174744727,6.65123950146795,21.760471106005888,1.7397861156693746,73.62090328015866,38.62114948236233,6.984818750071913,3.1992485021688735,0.0021182072848457967,0.13719412201821857,3.976661265555348,0.13196964595295935,0.16666536218531205
57.51058976854342,2.2128454407223668,1474.3099561842741,0.35000849239543796,8.845241955801189,26.684551642959935,3.3034631873128797,93.58246820998053,37.38465906641696,5.406793283251809,3.6633905438598933,2.0896354963528734,0.37054506280024135,3.777663821401581,0.22603935391855687,0.043761006899308265
29.25905629234079,0.7360078300333334,462.83300353606364,0.15689398751131173,15.577490217395553,15.861134534928198,1.9472655882655643,49.01583975866965,22.935412861244473,5.483992870391482,3.7675584610515536,2.6980580630214157,0.5496048216848213,3.1991665343147346,0.40406888810650715,0.1729574797955057
37.211140455732135,2.967837482303824,1219.3510429861828,0.08739556703208697,7.107156747879601,17.02321889909225,3.3304784562423153,59.38698804858167,39.15699019092147,4.186191772589286,5.010260850228372,6.336630800906125,1.0,2.7398217940525584,0.3174490877185049,0.1431492716872798
71.2655435436686,1.0778097986986352,406.99149726663563,0.09239016203222333,7.413649247032884,31.676283865991735,1.8683558122496615,100.0,32.16086135347195,7.784245579475721,1.4862466947607245,-0.2951832071647915,0.026708862975680456,4.916267999844985,0.06311853985257276,0.32949855898887037
68.52696468750413,4.793941837291211,147.2508597365608,0.1637717473752483,8.946829813904882,30.68140244791424,1.4754207295560315,100.0,44.77655262625227,7.320815668629316,5.360495612226357,2.4140673034443587,0.5499364152749329,4.148330092439195,0.0,0.2331028910412074
60.061038918463396,2.1122752863702328,903.9301647432676,0.11957215504699412,3.192041613693172,27.503932322938795,2.85455230322254,82.12335598266021,19.308680107453082,3.640665480583276,3.511401165526428,2.0635283614263593,0.3017435715597686,3.448001450673598,0.10499729858566095,0.26314324785217813
20.985146589072095,9.190609901136899,503.600104622976,0.018923763602741468,15.431401429904781,11.219093508480583,1.384028993224867,34.40454114795882,94.65261314890678,5.262806537868308,8.12663764372129,8.631321779087488,1.0,1.0,0.6969740041245522,0.3825285204766705
83.93054310182563,1.5071012825864485,250.83845628396446,0.16915298948984975,9.559083772080891,34.99027131957082,1.285922914944837,100.0,34.893750778428696,9.515442589856908,4.318166906665545,-0.48722652995984383,0.0,3.8417414189275654,0.15533183931226038,0.19919032508229764
29.973896412869603,0.48171907044562884,801.1646176753485,0.29922887377514557,8.150087023905852,14.7670330349097,2.019577817834045,39.988343248859756,28.44889879322598,6.512300455932568,4.768400932538533,2.5116242992327216,0.49982566705451015,3.6090257353589617,0.17066437115109312,0.066653990031392
65.34545865180942,3.347640325566866,237.08438875662154,0.13095149570851045,2.806040748670402,29.36306979770694,1.3608799674355296,98.59930045211493,38.52495932727279,6.195934469962687,3.0663336405359733,-0.7375364070518848,0.0,3.953990842843501,0.40710515356584875,0.12299588769657033
89.27388287967221,1.6351391513116211,958.5672225411594,0.1986326192358764,3.6574885680210842,39.05685124250342,2.050159934573397,100.0,34.02810802381684,6.431302511924642,2.371028162403796,-1.433139865621059,0.0,4.531713309650342,0.0,0.13328334329596608
68.34799997503686,1.8002755459314486,568.5945973472319,0.2893892215950661,6.045496578057112,27.289548146140696,2.2710972266516984,95.8613381731696,38.44098092601627,7.388831204988421,2.582295506509935,-0.18043680320471822,0.0,4.651799620706469,0.06737951769688705,0.09837232582115443
63.45212698033732,0.3917869043930307,14.346914301644494,0.14232077895616577,19.135058827379876,27.05306564269208,1.491138842867334,90.54175191292111,18.594982758096027,8.805000465317187,2.421037827058393,-0.5481523421376244,0.0,4.250532512762806,0.0,0.1727137880319976
85.0415120343734,3.6435086595717707,807.5582273621851,0.11287326180736071,10.338249785079176,36.57746317744877,2.366959800575843,100.0,32.85274173267195,4.424929583896667,3.492203173970045,3.2747233971360634,0.5510431888296984,3.421235760158139,0.011989323373095329,0.22848434267138176
35.61306914498325,1.2823755962367362,1434.2736890620045,0.16969522852448626,9.688523041910399,18.83106421249697,3.865873685246394,63.22298240441309,34.28363641716638,3.299331691977913,4.402864583199051,6.263399014380091,1.0,2.5963700091696675,0.5404857915228561,0.15212473516295852
65.34627807276871,1.1003645046219492,322.2930138314777,0.06370267417643176,1.0578915018493764,28.771973014033854,2.1338633067815453,92.16378236543758,33.811017843504416,6.037373766886591,3.856279619883849,0.025379964743662775,0.027744249696136616,4.153879915288142,0.2797834979231949,0.206580277780452
47.1875714799982,3.6773890178553543,523.163368876293,0.10682372614631784,6.912042767926709,21.18756783137768,2.3974140201858405,70.02428500843789,47.96524211713082,5.686031578217785,5.149843918446656,2.3994201852387964,0.625102829646376,3.1115075096436366,0.26403761767174727,0.20884937583690158
72.94484044338958,4.768999849347941,488.76974825069925,0.08106956385892088,2.767996255156624,30.496413853935397,1.9922176516612264,100.0,63.03610808008875,7.291281139726147,5.374165095796597,0.6591673650630443,0.24358700908823214,4.18116374919928,0.14568111340902856,0.31093556432638186
13.970998535712425,2.5584023203358246,786.1358595913637,0.022597784068326764,9.08811593416146,8.419483660325653,2.435960768404128,23.250887898284084,40.33632931605172,2.926166626795904,3.877480728478123,5.494312014677671,0.9713019085278299,2.266650646885648,0.47275979394801654,0.2800668522023898
56.84950276534506,2.6801914883530107,1763.301267889144,0.0701926137001831,2.8965608989432394,25.053124944215636,3.6943700541293474,91.84751857244979,48.33577264190647,4.8962557162963565,5.208441005281996,4.373471972103026,0.7748262220905637,3.1549764727891847,0.27892521568408335,0.17983018134917683
29.6372444190073,2.625080650180648,632.9613575655242,0.13570735424014638,1.7788317774769022,16.23445347719817,2.5521463954087498,44.74717531942154,42.745883185513904,6.161183154509793,2.079173616006792,-1.9988414558628391,0.0,5.0,0.09588199094980748,0.2631195402358085
80.43705129653812,1.3530502930589423,250.8198231851813,0.158165273863394,37.383516230338174,34.24618510695509,1.322686691850712,100.0,41.299766620572775,7.998853640502965,2.537342721480969,2.252029364406507,0.41125763342948557,3.4206563731050665,0.24136502280555622,0.21711278282619823
61.17618274613267,2.7229420990020547,540.6363319121494,0.2808466374158676,2.823764966454531,24.263926468519116,1.7356046966961745,77.9457712204963,37.361189765810984,5.903970108588761,3.8841654929753653,0.8669471758499964,0.22192255158965507,3.218051534674921,0.3273062229819457,0.09192733592270255
55.170207881897376,1.8609547192299465,172.2998110323845,0.10380365830477994,5.801366675958059,22.593577891441196,1.5778523504086075,71.35237588591409,33.78488737958465,6.269269401645031,3.571107998977558,1.1115274878827435,0.17120887445546418,3.5833101563286887,0.16495075034337126,0.25699788927521683
15.606523970161644,0.10236656104495988,1431.646455850976,0.1444165446282744,12.796460341176761,9.490801273253169,3.03742420365727,31.341878070563354,19.713765256700558,3.2034293125310813,3.305085050564528,5.306441206142305,1.0,2.415384963862845,0.47069576930687157,0.2030554586507858
58.29486317051756,0.027462867493661704,758.0140925846113,0.11288149845700864,3.649856275861556,25.05662905562912,1.7946508083485653,83.61084925433236,31.198260534041744,5.626654823464531,3.118746512118519,0.836763690741544,0.18486244108986927,3.6682693599609015,0.20078566604501405,0.20677044483728757
23.106409485112152,1.5200299973888924,1856.2724756768705,0.170013919208231,0.18857104183817466,12.446810231211506,3.3532929738082857,46.25084380451467,17.823368439840458,3.5360759506573367,4.769136878451474,1.9181303860293268,0.46886829775072125,3.0817765074854906,0.20151478622599941,0.11852052611630767
71.79197995146615,3.70667223128767,616.1772709027455,0.053877931447716285,4.454161638288185,34.351077447507144,1.6961687261832559,100.0,49.795346218974686,7.623533475827019,5.487110880398678,-1.1752750947587502,0.0,3.8420829478247702,0.2537059030690696,0.26119501487706714
96.21776819107397,2.0035032511774156,1452.9433780800832,0.2536966147544957,26.67450687975907,38.42450402356131,2.9605209986479797,100.0,41.8875949860572,5.061434072637871,1.8172439880114903,1.99266740625114,0.3486981890453598,4.19999477929067,0.15339418391546783,0.08228794023066499
50.713364439750144,7.287557822886669,569.0533442743551,0.0749207659814468,2.233454013666871,20.929396454561637,2.383665395096531,75.85306824895311,81.69928759739852,4.725065540910055,5.902140404732807,3.1297605167820763,0.5674010421064053,2.8816432371137695,0.3544593463370684,0.33337313398287804
19.313417670307153,4.390478379357253,547.9051514491354,0.1029707572418854,2.2827538272245786,10.041503725441563,1.6768583556276864,39.57801420287138,45.41515568097628,5.398190609297748,4.293916776859204,2.1953065373043494,0.43610593415560045,2.8774882857547546,0.5002106671453949,0.23630734925676908
38.781111933659616,4.979863417178874,533.9041719480258,0.1459656895204614,8.527797095642141,18.27002242206445,2.628350657071753,63.93783232468777,51.84628544527037,4.780149855905407,2.6622321726508784,2.183109302473003,0.5294093501104704,3.6259950514172186,0.38272261933234547,0.16012346222570348
30.964034672238068,2.8428898281453554,1873.810211314305,0.2156742380940758,3.3318274303354762,14.478746246827045,4.0,49.7313207015197,39.229123609632886,3.016755013336843,4.110470511987025,4.571844516510778,0.915451522433532,3.156036978146165,0.3752356413592305,0.10455459689373853
81.00824804296407,3.894543982137481,67.82101108893444,0.10168277171296938,9.183417399547071,35.33433672397273,0.9471684476574801,100.0,56.88735296223799,8.262722170074863,4.859443746419576,1.0366980011864,0.25607559105513855,3.878720131867919,0.14627206732452402,0.25175070659214754
26.424612595045748,5.293662771252776,791.5590086038179,0.24314191371732513,6.633373784200913,13.575973078610938,1.8285411813022243,51.30552148974804,69.06303480750444,5.555431942521998,7.697361499698289,6.7375127611682455,1.0,1.5801264842452583,0.44366996840577766,0.21745949945632165
79.6983399067167,4.313153330591788,1158.690827524372,0.028013122305054546,16.334933920366876,35.75334984304337,2.7436997308781845,100.0,61.069337915532905,8.06077881179542,5.75634954194062,3.175359913779352,0.5832486845871918,2.6414330270547923,0.35710190140523557,0.3237392220717359
3.98333410586417,3.7688417032811605,899.9044448805938,0.07866451825583763,12.989169848115933,3.935508651493652,1.993052546799591,15.403490390883142,49.98329233428654,3.934329626621917,6.176719154428893,7.365349291744678,1.0,1.5163855854600286,0.5917011572319154,0.30833551345290383
60.19194016798082,0.12835351992291708,274.1246317865791,0.020098217006905235,12.942742263046629,24.6410684879535,1.9969515941208518,78.77254931720843,25.31056258183694,6.724163947443078,2.368445086536402,2.2413728219328632,0.32528812114854483,4.104005342376425,0.41490718207609634,0.37661094611073886
35.903894857622504,6.740137043846309,1288.4373787938193,0.19270252361045312,11.115322571787718,16.504437845984537,2.2267512289823106,59.782705860679336,75.35125439888861,4.400872351782317,6.492490342792081,6.67306465370803,1.0,1.9446327915388535,0.5694609903564709,0.1422501446519675
34.49281134513176,2.4318102472465193,834.992164214866,0.07668189452023709,5.958488573046389,16.43869093680302,2.2701676223587697,61.30405370220675,53.443537806562304,5.988915538755532,4.47504393357458,2.6130107283034176,0.47106280945248585,3.240718564100791,0.19656974908757652,0.2574315076082576
61.90803547085232,0.7716066124643772,432.47935754355336,0.21433431047047558,8.775853928839515,24.74285471620843,0.981560298122006,89.54120728237109,30.88937686529913,8.043325202763539,4.684932347987789,-0.21431168386064892,0.0,4.362714626798946,0.02032102884860823,0.05571465028960268
58.21654228287823,1.6448360760429697,382.9920702187601,0.10136291506051776,0.7935984977230922,24.211907648967,0.8974010998663189,77.31751729843718,40.01475990827758,7.094876043782434,4.323797583479186,-2.8730835325610133,0.0,5.0,0.0,0.2329217062089225
31.87300639894167,0.48569931285399986,684.9482863903386,0.2891404102546901,2.8972976002108135,11.912181391078885,1.6447708458111556,36.339908192819735,29.343354152218282,5.160381401724473,1.6561945171393924,-0.9950995358688257,0.0,5.0,0.15098929612867823,0.09023016382431834
24.439607131717793,0.8885935067202174,875.6596897262483,0.09313059323807862,5.834942484136388,10.89054419181689,3.139161223415563,33.51508588678938,29.442002998427405,3.37529864227612,1.6313064026440622,2.8527594709104784,0.629569484189173,2.7923564459445016,0.4706758345147304,0.2449515328818821
60.59280294790511,2.5094745552434548,430.6804792731481,0.1272235667408276,9.736165512344746,26.72931054927642,1.5297306817564211,91.1781055291696,42.07537820294725,7.454381373063038,5.334660936542647,3.001256758002457,0.6193138871065925,3.5547020150264137,0.4311055313321731,0.18448472665689825
75.33112873428064,0.9197480575927816,979.9350150809579,0.049814332932187594,15.115752604095078,31.21956189451603,2.720897328533354,100.0,27.24656045401938,5.548005362917857,4.8318441749527805,5.583193278143963,0.8713901431706312,2.6934483006253775,0.3366248960858252,0.21913278188944058
68.12495261767317,0.2393086396398437,258.61096555858927,0.15322870251284532,13.728767848635183,30.310930466460814,1.3407980865341902,93.51567540197024,15.081653716966429,7.964146011902573,2.7711038469013887,-0.32621247702638734,0.07941372591675899,5.0,0.0,0.13995081261664924
51.84315994516921,0.5200822446538155,802.7025631061642,0.14437984686437316,13.670189137721216,23.614761350666175,2.7816429129319156,84.66255541095644,23.27381113344898,6.194461707578226,2.6014756294609707,1.6082653971566492,0.3554027029516854,3.143752220468404,0.35679920329457065,0.12400235863704034
21.475703422678635,1.4638560568125563,622.1930314228404,0.14207285911312162,1.8698498502741923,8.481731930658835,2.596477952770208,26.44929429660145,28.41184488702115,3.28280046667643,2.01492419158719,-0.1939767042909879,0.0,4.712703978593434,0.12891127867120378,0.23306319403952774
19.36469646909543,1.3752099010494756,2015.4109568374206,0.051070885986477035,17.81819253906161,8.854873668118016,3.758223178094725,38.28753359631405,34.19032295511797,3.1870034919079435,4.621982208408203,7.496528338747909,1.0,1.5272767517327428,0.39355641241248474,0.25902409429000567
45.79402073464488,1.1122733317756155,819.2350520980135,0.07361591795645973,35.229049289262875,19.159931036936605,2.3969462907807544,57.743044521748104,32.55192146795191,5.294297112253705,4.040500855215905,5.600039878099098,1.0,1.606074136831276,0.560663230595908,0.22951257605692688
53.67745209097646,0.4667287206569801,2807.791245654517,0.07664326812491155,7.019392209555135,22.659099412956756,4.0,77.71207318489743,16.987731076799264,4.978484494633845,5.7200225383280845,4.702056290194664,0.9633729274010383,2.4571784042708256,0.4592598903911132,0.23111610656195827
97.24708179052044,5.406247112654983,329.6377868345476,0.08205088785002265,15.936507068334,44.16191623675382,1.890279498025441,100.0,51.46787132173554,5.545072268329102,4.554420574276937,5.6182353944326815,1.0,2.2386998285958613,0.41344144920962217,0.2687002560631836
14.09534720195673,3.0873437543498565,277.61400403253197,0.11428859585762303,14.595493448094723,8.598987349760225,1.5362122345233284,34.95960808320642,44.09648657033766,3.696226059753811,3.244763356475437,6.634983251257868,1.0,2.569368279123735,0.4485102375561161,0.2226778977227935
33.25676300090654,1.8587283296261663,755.9474752501201,0.08362542141693367,4.847443655223471,15.695187159510448,2.284076614847161,45.74527158588742,28.65264318555042,3.36664025278203,4.226589568212852,2.8817171687993124,0.6545777810952029,3.1620221966996667,0.4879128174611955,0.22490887300000859
35.35319600930255,1.2555147954376564,519.7905491127084,0.16717777877783424,2.6959711244032976,17.28943577695728,2.447749368031978,67.05939186944984,24.504943010657854,5.267849169182959,3.759005248651075,1.1363088113352067,0.37609521092298964,4.60963663711013,0.14913417256384173,0.1449740803772756
88.13872445855058,1.3792485421956542,1099.4428366263553,0.10345836433753283,2.78160443335221,38.806596773543035,2.483759048552148,100.0,33.47220023466468,6.732311003737798,2.959870474926399,-0.30361858270057396,0.0,4.3321916942221055,0.2579908022242897,0.14645436024901665
37.9076221667061,1.0468947640901496,510.022315613515,0.11646400882509339,1.724970063703648,13.523124142717501,1.491412729514505,59.11148070024418,24.387374334242477,5.907581138665976,3.186742625023309,-0.19634905577507855,0.032868948238574,4.732549626809773,0.0,0.16368628827919246
41.681705463459224,6.731116451169247,71.70662289455912,0.0805885650996525,20.95667437630565,15.77918399316583,1.1663142412294327,55.34099561909741,53.75849013623977,4.593618621300054,6.831935177953991,6.8041696635396995,1.0,1.4036461739056896,0.5749658056110211,0.2691252180453832
81.38059279304021,0.49509735903303276,781.1923371041781,0.26675168745586747,17.662859969348776,35.77988433083056,2.0481727586461367,100.0,19.09697051770854,6.207379708896928,3.768241682396404,3.8984941148504797,0.7191617428686202,2.3616619825650806,0.42143115015841137,0.1341772306575298
33.760572140093075,6.404327124849356,305.1584991233676,0.1058911057051557,11.623519873761715,15.269602061561127,1.8123883872762812,56.93510033029937,67.77350147387985,4.96767955595052,6.603845764886599,6.74512207355436,1.0,2.05418411151068,0.657903562757109,0.196801822150988
84.73574028117456,0.8326330546397507,1303.5136884209307,0.1672857498360847,0.2553243831986472,36.3870706310314,3.366443204381906,100.0,27.336979009746585,4.6024477639611305,2.0459953931020345,-2.7196867174656063,0.0,4.621829043894465,0.07553901944810298,0.15591907239408628
23.084172510315067,3.1409509581041974,957.297090907242,0.1801368283448301,4.011252841688611,12.189022209554398,2.496799342381453,42.43308797884113,44.13726960115073,4.156810269529687,3.2798037118021632,2.6269446609270695,0.3799663152911235,3.9494909851326034,0.14526106299428315,0.14840348151571328
36.325207265608945,2.0067325890631817,731.4147228392817,0.09121553890488102,12.961535811438821,16.50021721918907,2.4263221473938055,49.621091573760324,41.60520921334534,4.542675618509701,4.324624989751031,4.856285628575508,1.0,2.1141199445333747,0.5091167821942071,0.2561075899082392
34.35764412503295,7.425857465390462,1063.3740382769292,0.1714822479060167,10.122790276264686,17.33083311172813,1.9473619948005534,52.01567745780997,79.762860327802,5.708434738685484,10.203960362886145,9.662341374007646,1.0,1.0,0.6324987767718597,0.19122169787721058
69.42666203409311,2.7562270440345613,256.79424840578105,0.18034533932061564,4.99787600778508,28.56009318635938,1.6893417378838627,100.0,39.676445662137816,7.182610689971188,3.5773599116006256,-1.221570993320114,0.0,4.647681504758236,0.11148077176805418,0.1328561396095614
70.7169046342824,1.0176475190204037,553.1619096820467,0.13350734602334646,8.38119508047189,31.352615662440993,2.277916735839278,100.0,32.80416991825017,7.149238266461202,1.6027236699691658,-1.0924976584477448,0.0,5.0,0.1681196830648578,0.16873566129479833
8.981135644679764,3.204230340620094,605.1018685761511,0.02810353267651578,3.584196961131377,7.695519615163929,2.3170957892614257,23.442288856803266,41.88234935972049,3.9743900544132016,3.413456690252309,2.1232538286683083,0.3954698348595312,3.234291677248803,0.33297211269320165,0.26995668991614746
18.687024731128965,0.7793132901744639,1233.7809461513768,0.11326214824523938,5.437263729667535,9.592890842800895,3.837138590120859,34.29845386832335,15.792441764846915,2.495176196950656,1.784178953704822,2.975273165176361,0.41978263906434254,3.230170908821159,0.3051285412198304,0.21196482785916682
56.42630216530145,2.388861249084535,91.0377382076913,0.1433807741508947,21.137189852561857,22.89940950934546,1.4912004026523928,86.16337014773192,34.21868499397824,6.580990606814454,1.645046576811463,1.922418754659238,0.3652131909209797,3.1677298951038875,0.4709964124297943,0.20275801982981265
79.58894492463602,4.571185767707597,357.73631460906574,0.3206782031023112,3.39231594617587,37.60152730827351,1.7244613872746546,100.0,48.63019566062525,6.750291288976465,4.192419796577723,0.9185131836786878,0.16322813190907803,3.2631671490570726,0.37779968667444924,-0.03739095181211334
12.565584840380634,4.609478758318152,547.1489121472824,0.10781788511542507,4.50634554717496,6.041443535072215,1.9937307482242872,13.522096717432147,64.70024980292978,4.0827210803781755,7.329301211413163,7.45994133330033,1.0,1.991375958926407,0.5285513738822533,0.23927724558965993
56.55738372458276,0.6125714061031182,940.5354053156733,0.1297292593568663,13.575907984204182,27.042181634468918,1.8845117835771148,83.2695559607735,18.703408360812485,5.914092299175535,3.357715271030157,3.6032123616845815,0.6548600939265127,2.8578189346514695,0.4232983478449953,0.17573493026554005
94.25926909296369,1.6686025599267127,1697.4793021786627,0.07708493003680797,13.852551882237515,38.64836114745793,3.078927488278171,100.0,37.81565719109918,4.884858646132792,4.7041945079102705,4.660527719406783,0.9804164821593002,2.001591448583516,0.5198959648322606,0.19573511438734786
18.813374592969158,2.0316020440797056,790.9522983811039,0.11386649328597385,2.644957307314866,10.158566890105163,2.4066403253867272,37.737743403860804,41.25546047829691,3.793835658630066,2.4990727209786745,2.351160804318617,0.5045990893674618,3.4204215666863083,0.35352856663373067,0.21737689437259353
69.80849831712416,8.205120987107769,1085.645086307103,0.2881870819456999,3.6169009781172976,31.877649347641654,2.4407420248332166,100.0,80.06665893507457,7.001098676053759,7.339302959215383,3.1961690101017624,0.6145868048417923,3.3474185724040533,0.2677951778205724,0.06284522298851733
80.62488242689254,3.327871153955926,143.5250398160146,0.053945402897406555,3.4771290115385196,33.81317492748624,1.2380441088500094,100.0,42.50641274855624,7.79852483891179,1.6372161210207676,-2.2496098984910664,0.0,4.747690457973032,0.223901278516461,0.2798033374044678
17.221730213860607,1.5560614600551064,1522.131203204642,0.13813241408241242,0.8154583961202552,7.457068927962711,2.7443936035967837,17.8950298012523,35.40999988470864,2.729334728790985,5.2646359888165675,3.177278108480521,0.6294848954062293,3.159537430000098,0.4900038830286592,0.1527115981957785
63.794277793987845,2.5617953026640374,308.179571705999,0.134769565518046,23.38414748980639,27.520651205315172,1.5645558765397813,90.77680461210575,31.05124336017566,8.322273309791465,4.139729616019586,2.154594160150844,0.474039493773675,3.3483098445189867,0.28637428818566907,0.1535606197381244
27.706950728199885,0.11019379929783191,555.4368589420252,0.11878911579184652,3.588196898575919,12.02176892110186,2.8680732520063286,41.36520668093021,20.59652988484776,4.434758253269515,1.7802712829192149,1.6658979234777793,0.33824767156750596,3.1684190075927954,0.24884203759983048,0.17529353881583754
70.76315864088973,0.7708918437398962,585.8533723107881,0.14035654283609683,20.549011515840743,32.30187906008129,1.8041822083597852,100.0,22.112481421275902,6.9570538428580955,2.6392012597545427,1.5025027170853287,0.389374712366654,3.7649747166382443,0.18151530837408134,0.1212661566164031
62.90665513633221,0.8419027347182527,350.7332578947688,0.25640570529016155,3.5075114506393965,25.567795764098427,1.4602763354102881,92.62396187562791,27.162671568340496,7.007580878156415,0.7087814078032051,-3.411287676472483,0.0,5.0,0.08869598230556497,0.10420899214105259
63.30480276367069,0.08880871599076787,957.5687815265613,0.26078525805637476,5.38784738597406,28.21891168511942,3.127780635003937,89.03669204249486,13.336099182674502,5.746328441698683,2.240527343572899,-0.061589649746494446,0.13435673817054938,4.222103826458325,0.20421652202988583,0.08870469765207956
28.78049213964224,2.800806694298642,641.8474778112537,0.09144767544363067,6.069710489907211,12.106474319699103,2.5433597751286228,41.85737258405473,46.58065977332066,5.370629289208864,5.124971121012035,3.4007851731820153,0.7311783361106546,2.813398641956596,0.22660117550031453,0.11480095783701882
26.093384356663,2.128915394377323,562.2203148854708,0.03933044359791282,7.286708763931613,11.988725170557396,1.662023812209133,50.74676922725165,23.200133619036826,4.5775851820312585,4.39200607588657,3.6260613417137435,0.7180282433306816,3.7811278311281464,0.25686584175529065,0.3006291866142866
26.744018582893514,2.3602933470514094,429.8205591632582,0.0514084097210003,22.69593305904487,11.485870329862744,2.154883360017956,43.63482241062665,40.42933000875778,3.7040863577248766,4.334239294199945,6.565905567830212,1.0,2.1396628815809895,0.36133137291636114,0.2287612497100555
18.852131916257193,0.4062373685475823,195.78637587565822,0.08615412723424241,3.3840778216989875,8.450330111831116,0.9604524310481135,35.9472999928083,38.262646479841294,4.988196277746608,2.1127744862233038,-0.6306797372367009,0.0,3.8625579388047795,0.4849495633777504,0.13168897738575958
44.9206208359158,4.334325944745887,940.0369665943796,0.2188411052394084,11.915617783136543,20.643478447595694,2.272440601229065,72.15680879956304,63.66941274636311,5.5096561521743626,6.602763001816357,7.027064842142428,1.0,1.1434580975630997,0.4846962735937054,0.09193449025312408
13.368325034729544,2.0495011067414493,1056.0122802000262,0.2407455354666105,13.490972517193688,7.70454430185213,2.4248133794511615,28.841300413448312,36.03519719222971,4.63228617190941,3.6110195263364386,4.340939976825135,0.7517093050625124,1.8344889060857335,0.3888118840675553,0.024576063573117132
71.48327039506104,0.6865920949126035,1377.8997239771177,0.22225955558066526,6.9195410178989505,29.219307940626894,2.4982738108901854,100.0,29.41786080328071,8.54925853750717,4.747029956439096,1.2512762034290055,0.19178537685990127,3.672953141458749,0.15656373385727462,0.043987529552385385
33.422621285282226,2.7000156869940675,508.3371666268631,0.2652685599664281,7.65925949045503,13.71892247794414,2.7397393951173705,44.30250314672756,47.309007872079235,2.90442631313866,3.740002285606283,4.9399439728524355,1.0,2.6111983665052247,0.4016425956264842,0.14973392867984245
63.01145524911499,2.7589936139008744,1158.8535834073475,0.14483955868281906,13.141176783135487,25.848449630766122,2.2787064277984173,87.94729644971731,41.5690445389136,6.539917473666115,6.190981177818574,5.306876838787286,0.9077470150699118,2.303465603124334,0.6494128088436129,0.1954365270144815
13.867066758680298,2.543372126173022,266.74621274913505,0.15775035432103263,1.6083701290752814,10.611703233460375,0.8793727362379817,25.396271962922782,50.34305405230797,5.31838069445985,3.6133067536896686,0.9368353608675049,0.22000993477929662,3.7769320942293936,0.09438955455375556,0.16011381850759487
35.05569962011043,5.932209419903937,1971.150324915961,0.049475485278349024,10.125283136585608,16.534664211164007,3.6796452340439036,57.374430600987,72.11407483560615,3.5534114350885337,7.995585137506194,8.79200334046933,1.0,1.0,0.6083434084006993,0.19241942842765927
76.6794850948493,3.3725972442640755,201.50852411432646,0.04916542300350552,6.4622526031954495,31.145653069699094,0.8059341225849865,100.0,45.524497380608736,9.361487332451162,5.185362181234542,0.43511610880383944,0.17364168152919573,4.280560976384829,0.0,0.32569201603176995
43.65952595625892,0.43455052569272085,622.1941827981752,0.18568719411282522,5.820497003172841,20.50237318474602,2.198975384279484,71.24629204844817,18.852016322235574,5.8658548481756805,2.158887967979023,-0.32790240030528295,0.11272714090639369,4.449399435750878,0.173432841290968,0.17113189155683436
74.39833512697655,0.0936994784613263,1569.520418007924,0.10096911739170224,1.713295942534274,30.65822255551357,2.5936381325891347,95.65414572253306,17.258956507641116,5.505847654339332,3.828018544383664,0.7952906525923477,0.06705953381356705,3.9394287040767964,0.0,0.15924958048318388
74.61937816115635,1.7019046951812058,380.79291955139337,0.17886478980068038,7.079479914496191,31.32243685718711,1.77960249969504,96.00311053862904,43.45625846489167,7.6431017796987195,3.306345591202255,-0.5004771973552995,0.018101074040408935,4.166288890742499,0.25155480903799843,0.21632096796511927
80.0397256862605,1.074444532069218,152.51394519323944,0.2954587015484998,10.127543488234982,32.700745270505415,1.3488092089773975,100.0,40.95533358094006,6.711539645487038,2.3743163294184133,-0.46414919022699574,0.0,4.759273171783446,0.16705415961715522,-0.027465418967058175
50.1669827539566,0.4392700657546641,230.22276233482987,0.19259652870511673,9.60281896133729,22.55748217609236,0.33538043181784216,75.3438611391661,14.23302822584326,8.971359430684597,2.3996662621781275,-1.3594869982971105,0.0,4.881399416152221,0.2168424170678993,0.27348386916661976
22.7369260276627,0.7998576818752202,499.54213069637365,0.23800132570208707,4.8285416342985945,10.715082701155556,1.4531289408332535,36.76327431428353,24.606733029821193,4.820171335022976,3.6815776892874608,2.4467855916519508,0.6041366534853377,3.19571724689689,0.15408973861714,0.17665699678642766
31.961183838352852,1.2130568997167035,32.508124953202646,0.25069169947990727,6.455523910860918,16.3506112780858,1.6852279626713813,53.37045192968379,10.946896681460636,4.959528260396732,1.702077691755906,0.6559430975648581,0.1135959587728876,4.023045313485271,0.1803245644175813,-0.006774166728265293
70.61458105168873,0.6433725019838613,1195.7541451086977,0.17773279662079072,7.048839749279696,32.1836517803134,2.586992044724354,100.0,22.249243014837873,6.596051430064106,2.509991701127842,-0.30096175828974353,0.0,4.032127063647398,0.07919039872074868,0.11311489549195244
57.171067320111725,0.6793172395725453,400.1988086021997,0.3163906768200858,12.922481890840013,25.0854740313158,1.530407894470414,80.69529186634327,34.23798503559142,6.891634757919389,1.6378331665237233,-0.1474410060155345,0.046123012561123056,4.5252899483451845,0.24600734611898578,0.07323050935630895
30.736631844007412,1.856838320952669,311.63127238710905,0.2150178588226955,8.271165916642998,13.427185772451297,1.2405507328924827,48.512276999589524,41.864291740223464,3.420231627505944,2.7149312249307815,3.8621384574417594,0.8521129961295735,2.526280199342039,0.39902550674463627,0.1517169619091045
67.3947381168492,0.9663134213689621,908.9375626134952,0.253522440108722,7.346137116782629,26.487940910525023,2.2646608179447516,91.83226565056628,36.89309580978422,6.912929956674816,4.15743561290207,1.787549631515398,0.26210698797044396,4.160436062344438,0.12366698131940905,0.06234510496016566
73.66340860836705,1.4399465650285928,74.34513484749425,0.1509210359374046,9.12423708385507,32.931177046687324,0.964256262733709,100.0,25.442499931601816,6.418807926645222,3.197259804370857,1.9480558402441779,0.46340923789960065,3.915693478617522,0.21783395378904627,0.19435016466438476
77.02465292205254,1.5769125821077616,1432.5916605914647,0.06352842985853255,3.692564626489261,32.92878612324931,3.324320871615237,100.0,31.592505308959637,6.498285601948941,5.149203701907077,2.3172808224558623,0.4594388631869299,3.4179540887911286,0.43040652834052917,0.2544806522758669
79.66903071347632,5.1924188890464045,374.3048216783989,0.23972526521306003,18.042465030628623,35.80731800182024,1.0579088857056003,100.0,78.15717200993545,7.770897695809625,6.235710262469837,3.3025295998239277,0.6573385548196836,2.7511337426965516,0.43761691495630706,0.06693364597864401
33.74433589419476,0.2957827386297726,103.50552882548622,0.0866758971046696,4.704547954102611,16.78215706012686,0.7720299037447611,58.19411877393648,24.030024312771985,5.1305529139132435,3.1753947148304986,2.863716307514612,0.607992265298732,3.153382135089604,0.4191615544390047,0.24220512667485627
32.93314441485282,3.052242057147691,139.0569354951125,0.17174747406686552,9.689481714926577,13.302172514644912,0.9492732760077318,46.48582748238189,47.86004997917816,6.469895561468265,4.430044767169453,2.0780133693646086,0.3243399481568626,3.4487440988774094,0.4326871701405531,0.19269275227848032
53.757562787706824,3.7023728576080432,77.33443136991627,0.0285132362718158,2.773517258341574,24.302684331797888,1.1343559911426961,75.11130499693546,56.98082579933078,5.646636960633436,3.9974928497281406,0.4241558222125079,0.23615560047760553,4.392284236994614,0.3039156229334833,0.3192722329269042
59.115600892768896,1.2932616930312262,648.5479894290526,0.24867953141959112,20.10313618300571,25.249471011133494,1.8691351143267765,82.60467705412124,39.15890434066614,6.994240528529884,3.1672555554555992,2.343591448528722,0.47885538298944763,3.3679617881572548,0.2829667413469472,0.13586799789222867
6.98707180662595,1.5023451220893675,159.32462593456586,0.059062931281492675,2.34026016798903,4.645642322833441,2.0431568295563296,19.614624186974254,32.25526323547876,4.429089943425478,3.3675328354378298,2.733885990520543,0.3914905755393755,3.469837414115917,0.16759014924583715,0.2708502449532585
71.15474057087425,3.3653773424853677,1365.1478583185667,0.15837590538775317,12.98180777527348,28.610558242542673,2.7419865126968146,98.755178262068,41.55988014766925,5.673090318152357,6.5352080547488764,6.876400932444361,1.0,1.7310765942317345,0.4069067435342252,0.13828693498781555
56.142330711667135,5.367938903369869,284.4493253108797,0.165348411759991,10.602845535272136,24.26281052957489,0.6760994795329024,82.18919896118794,55.629001158109354,7.2127017687846,5.372254723677506,4.032665377053427,0.7149699500421222,2.0002018546826434,0.5679291194327304,0.19346163557374255
62.202995089364116,4.095148250439092,415.1967635119208,0.20828077386753965,9.884633785682938,25.192329331060797,1.3604956509703725,97.65799813802649,57.32028700826281,7.4363871409660405,6.43947872000226,4.1734808991511265,0.7573865974363598,2.361474364058203,0.4229532870622593,0.08386799668234898
19.195677430240167,3.92384388294501,921.9021233617747,0.0700402166944746,10.33966251874081,10.352333662755548,2.903208927274514,35.36590910539561,53.72767565802817,3.4903731724895533,5.978862528061131,8.491962839975438,1.0,2.4067145820714173,0.33355307368397635,0.21445129135051796
8.294989120941462,0.26504416223042476,2108.9381052051044,0.17105167196508864,16.850832092943918,8.214663747448343,4.0,32.1356940111606,40.58870339366163,1.0850407197189,5.280552164071665,9.419430558478279,1.0,1.0,0.5274250310293601,0.07845795426066857
76.72466261716798,1.0820676977665373,395.4955914953744,0.26147037124576317,3.8546643683494426,33.1033726047683,1.597928749485457,100.0,27.584868017601192,6.594584088956741,2.7748192049871117,-0.2760677534865489,0.13192697753110633,4.816115797959445,0.13770500358718452,0.13453537773817015
38.83552579670659,2.724830711245089,783.2977774952029,0.0460444345074054,9.468858027830768,17.167890653397322,2.503581061361108,56.82774867369208,44.14023867764088,4.879657166206576,2.3460192484330245,1.3205112019868903,0.24124031116011352,3.7039552390178296,0.26090719403834894,0.19188784806049872
50.78445554010708,0.6245404478463435,316.486112602954,0.18844826676298246,7.262368518923556,23.27724772767206,1.4721820770860539,74.75729011254282,26.607070739939058,5.599142311167667,1.855107713633592,0.4553946430850078,0.24166807522305897,4.46265541178565,0.15918080133550203,0.019411091697575683
62.51894111732335,0.9067968247737814,922.4426907256359,0.03199389607523334,27.052540695701637,28.126734657650456,3.3052450064178576,95.42563235777557,18.249635842215817,5.8601641257709485,3.203849946583427,4.949799988709557,0.9445926838199405,2.6560442531901085,0.4297135800578684,0.2074142042632533
54.61608129005261,1.1877588780463464,664.4235026224101,0.21796936297377376,4.391418373515441,23.92423887866736,1.0555643550928075,92.92222173269244,37.06235382502967,8.056883891897739,2.3848566041009045,-2.0113583587078647,0.0,5.0,0.0877945912316114,0.0159652278716651
79.3859371313151,1.0404210274876018,1442.884001726799,0.09398859198367221,8.080033882877506,34.37330571401101,3.3984278537767714,100.0,30.915523350627,6.835747851909003,4.010275368467937,2.3160779491908854,0.44817714297326566,4.03922720449843,0.1915265743058748,0.19600530236576807
31.5656130351349,2.9114444953012804,1138.1576483850317,0.06774816662937441,19.240536880520757,15.869046192593887,2.4374678336506452,51.32828200218476,38.8087103923611,3.4573396150860694,4.884947864374624,7.1852785345252475,1.0,1.8640986760394826,0.5474520116877166,0.1573411190432836
24.37702201541558,1.170568497728211,666.1462707086073,0.04159487313720258,4.406947031037418,12.33866629515837,1.9866899722646612,50.47926985663729,31.337021185753706,3.8892958293585957,2.713198779010934,2.99131174060245,0.4552111433366587,3.175220379475502,0.35563946175414146,0.2845862462967945
40.62939198874784,6.571513103310636,2096.814602292504,0.09425586557494052,4.587273643910223,15.11070731243191,4.0,58.73898225482141,84.47331032951192,2.4626758373409254,7.378289979959548,7.213075095421418,1.0,1.73284942615907,0.5691861948757072,0.2502351197454703
33.38497099469211,0.27269724653642624,574.437063656739,0.20871416762157635,7.7473226837463,17.5167710532976,2.0383562344420505,50.277068200464974,31.856707794397053,4.619439419641435,2.6881311338482083,2.8710546839746995,0.5794938734766177,2.7774218617884587,0.3422839657654131,0.13578362295465604
61.056505131315895,3.0682903836029563,733.520797200707,0.10818698946620889,1.1191186351217324,26.072650465288227,2.059992365950991,75.20741569082082,51.51306641554798,5.475930323353403,5.761579010689912,0.3194684420344682,0.14049949765505396,3.6401196372873748,0.34049297139501805,0.20812009255798258
32.65730444410202,7.333786979925008,2313.223226017846,0.11383030983974521,12.826644424886531,14.970765379342174,4.0,44.84425631865618,89.09229831946764,3.183783825543518,7.845122946010999,11.090208069218416,1.0,1.0,0.5792007863235618,0.14476731040614949
79.0119479942469,5.43450512150289,249.1010484762261,0.038057598359085905,7.593450574375901,35.32105090021082,0.4300083270934284,100.0,62.096640895300524,6.789179286536079,5.501408894648755,2.470086064071493,0.47191245027204487,3.2682394416206817,0.4272101869515162,0.2554390542869547
75.56043914188787,1.1732480845301037,873.560411497232,0.26576407302944793,9.392280630375861,30.71340879233428,1.1726587471485168,100.0,36.26981258320138,9.359623726579143,6.286898232546619,0.33969066578211815,0.20249263004576668,3.5958024423607524,0.3404476794767668,0.0793486531451848
20.78929044758864,0.13361827752928424,435.71286147159174,0.03960334651071088,7.374986687743713,12.698471099713851,1.2122900307367994,43.56575615638308,21.90523383602571,5.424431329400423,3.1928883079812493,2.2784139717711325,0.48002093855312067,3.773575078165532,0.03672408852958364,0.23077606570416292
15.97471021130488,4.009262197435246,636.0335699601403,0.040061953854532206,7.789644828894167,5.300912868284341,1.1141645107144753,25.325996170456932,54.529621409673425,5.114944996730817,6.588891778371192,5.738582538883538,1.0,2.1939878908454786,0.3199693675720563,0.19107907556441722
64.88102843643857,1.3029285538193578,743.8670497948854,0.1556449632686161,2.703657627198947,29.911541247571332,2.7524252486682093,100.0,28.16592824594542,6.3868199174376326,1.9795362099038403,-2.201440651213622,0.0,4.981546250883674,0.15229740617880294,0.19846812199888106
41.91352642411954,1.2923492045146696,601.9818647176664,0.1434544153241102,5.402725168543822,18.982692120578594,2.277985916411192,64.85276081084265,42.73660308087353,4.870274243043404,2.0571643535703226,2.3558777848873538,0.4799882380486109,3.511642676841158,0.31278860995710167,0.21337470787285612
39.93507323279046,1.167506562430856,982.3884438043144,0.19392669464251713,8.21866120436953,17.669078762995554,1.4408451270180502,64.00559783326857,37.31408384233856,5.994233006200273,3.7562167532541872,2.0278957759375964,0.34851748256402,3.6957970850520034,0.3151604526771433,0.13166489036485962
41.22895216327886,5.317188926815477,763.6079113868321,0.19702088268514492,4.495026629721781,20.311260450704516,1.8525335766661455,74.09511757160294,56.16507760685024,6.574968969220745,5.054958733999685,1.4228922655398528,0.30645560862419674,3.8064790264952237,0.1249046133815887,0.07971594689329023
38.55571233555946,6.54850669891897,293.5728452103974,0.2657069533467232,4.898713183292057,18.291194839333457,1.3455353768681715,50.106004293650514,69.25701693305712,5.00139742838236,4.271951079379998,2.6898022506974546,0.4889031865234421,3.094924886148453,0.2599233445397617,0.036271241795103874
45.570358981448294,0.5937208426391065,750.342844061492,0.28334889322356654,8.712735161736482,20.680284480325216,3.138416042986679,65.81748684132246,22.01439193925382,3.998478324203493,0.7307143702004595,0.8120676842135075,0.18668298388066565,3.7681008917457444,0.23376171567127094,0.13348440963042119
75.76992609246194,1.1633469243678227,1084.8386346964114,0.24125068987981294,7.317388519711041,33.63413002988628,3.1305892348569735,100.0,24.92471794563479,6.5276193692328555,3.1419878650278728,0.3549991755377161,0.12168310943154106,3.992832135038483,0.14588445836085304,0.1344259588744565
29.143142425229897,4.280346241516484,464.96186854577877,0.2107699861447955,13.382411196280282,14.295160786235416,2.354558340335862,60.2107316211017,57.89798418035639,5.342211667025282,4.183338292356805,3.9775957502096824,0.7696377019604214,2.9812277321972442,0.259912520630744,0.1232051420365292
62.93577686102101,5.0110084926688865,1195.0938590545618,0.1097925882366235,8.432174050618388,26.77976915681342,3.222306221382393,89.88614878482274,63.156913476041574,5.586065784840673,4.67451132575027,3.408631810522912,0.5664156164288497,2.56138733039115,0.5436127360016566,0.21005159294409934
36.2471528311074,1.1803725065911035,420.0362249694193,0.2758757112491043,34.6473915530367,17.027324289730522,1.554634627779548,53.09267451872256,36.30673420295001,6.016278260715499,3.0089523782546395,4.646577475906216,0.8929435577031299,2.730311637710212,0.428708631375835,0.13832903131529353
37.03928777379523,1.371372998637383,1126.0865367513977,0.1088895121620061,12.963300736841706,16.322421799382997,2.3377899358599628,58.95096186758337,25.951360662087932,5.012198523224558,4.895086878784971,5.903830523745908,1.0,2.0949960539889796,0.6305527704757705,0.21835590895333024
28.64854228698508,3.7400544619904426,2153.3665409006417,0.08296596487646947,4.1495562741825776,14.532379351036194,4.0,47.512466506544065,48.193449976257995,2.34925144255047,3.892323257986225,3.347520576543939,0.6424407394167257,2.712854144404148,0.3774779016936231,0.23862124579824254
35.592626114070804,3.4382953828350784,309.5752787111466,0.1552749227442558,11.483212980585591,17.824622393595323,0.38028600138560065,54.31735217758884,46.45001182275389,7.08493260557739,4.8293223935695915,2.637806377037059,0.6575440921710142,3.4059201826573458,0.2522459844487654,0.12451458431496946
5.267738028807482,2.4686796708287524,336.8127609933711,0.04564387543054206,6.233277320916856,2.60857210000753,1.8576447071473243,13.447426456964003,32.29210442671253,4.2056342421053685,3.241808331877754,3.0774792986837927,0.6379774633603779,3.0505778114957884,0.4049365532355062,0.23842923539357214
38.39245830824936,0.9153000455990462,780.5287738399325,0.1621084129616819,4.201265111584868,20.44185321568481,2.361398592265936,64.70130690845575,37.81912222293649,5.761630537959398,2.9852994596199602,0.15429362258172696,0.0,4.291019158473861,0.29367325927304866,0.15416688831246173
69.20258347074785,1.7764452362156609,1403.6418878595664,0.2919390294768487,14.890336163290833,26.164138078866724,3.0880740956693673,93.5932247417569,34.360557108511955,4.5459824153610855,4.282510153451206,4.7856428221145695,0.9607658479752597,2.5660751074084907,0.37714014643169513,0.06768552123433712
12.572089344695211,2.1409848940709217,264.15460606623645,0.11898541353746736,7.3297491331129185,5.038281615054798,0.8218513604357524,21.36285874738314,38.01006752169802,4.565893781894958,3.3621715510987387,3.3349702864784283,0.6447600198643173,3.482476636800552,0.1794023219373634,0.1358782719074107
65.13300948852088,4.1199925560414,480.0397542784492,0.1577467886277291,0.30819844367771543,26.147270063260567,1.5979541698784963,92.48406449958073,58.3596785814301,6.773310901548369,4.7553047940387545,-1.421650067257624,0.0,4.826247761477772,0.06924159985578725,0.2743688949963011
75.27585047914819,0.3361940668039857,340.8460307571368,0.15127445692584687,14.594922597489138,30.927484421154126,1.0592497230764706,98.12199653168105,22.3476738620429,8.281970016501338,2.6609641187665978,-0.6251719457786074,0.0,4.170766164882843,0.1450574302980182,0.1103644508900546
22.89170058640556,0.7092006462394534,164.65944461482323,0.04941424825452583,3.8528125116963206,10.376005394621792,2.7686645150167015,29.24348865361409,16.636362482796628,3.6341238540835827,0.5,0.021998662995427718,0.0,4.207814854789511,0.16016703128570142,0.1752055227304704
38.92786281666848,1.8170606162217307,1710.4005230207108,0.15662587179073761,12.538110061291919,19.18215842544253,4.0,64.86765255412902,43.46963221757241,2.354430594674702,4.621939592444036,7.387476751351441,1.0,2.5528593296601296,0.3414597895152766,0.1418585312288983
42.89046633405241,0.9624422318822432,929.0041720408889,0.02057788068557796,6.279677188507707,18.781533112867884,3.305340400957481,52.844175006891746,36.77482507450234,5.305537039711629,1.962049779183272,0.454563999051124,0.09621647516775597,4.457849497279587,0.1362285666702508,0.38922230785183465
16.19810066261116,1.0615182276467927,127.33512036340377,0.24023020521713678,12.283207424251701,8.71551049363641,1.0078821887685725,21.2586524331946,25.246333679308428,4.464667113946664,2.500874334893719,3.0651208437549196,0.4669002359982348,2.6677490206795778,0.3764013154846138,0.14256525658427024
20.930394737383818,2.9624058439601995,730.4256720132219,0.14738360566264563,1.7673659786473321,10.262792429170831,1.5504562133503146,32.15556780230194,52.91135057568795,5.831104027592247,4.191923129400345,0.45587133318076234,0.1161600047127875,3.4302867093678096,0.22700896828031758,0.19896041946002205
63.89558055828282,10.47325251671323,1313.2909689323012,0.24531971259286475,8.975217130194595,28.73755310010584,3.3525311278860666,96.25873723655862,100.0,5.156958985539632,7.394665796718142,6.251188766730839,1.0,2.373238700767885,0.4006790420306768,0.15946314747479176
5.318364921997141,1.4581105884759553,876.1860590899257,0.1056866985757859,5.358471122427438,3.69976459116355,2.023848462775237,10.341895613735005,35.56450045977215,4.5582171576437425,3.7030784529897414,2.7876961231065978,0.3881867330591977,3.899112374769116,0.3435051864325336,0.17914506153907872
50.26133743575393,3.931045940067977,1013.442439667251,0.15437864140522034,1.3877574486489919,22.464685934327818,2.759713502512608,68.62722988555763,37.570909659534124,5.075783987285254,3.8010699004772963,0.9096225657515618,0.2150279500553404,3.953353882870987,0.3754034033954977,0.18737740677142856
84.49243045431967,2.233578087779542,257.6504631096901,0.13075952466783305,4.608167250859431,33.43070135506888,1.8419937407925246,100.0,40.52291991551002,6.042050518257682,1.915333808624788,-0.7277228154816587,0.021554604219192017,4.203984101125847,0.0489700001229048,0.12172124120475596
66.62378340602905,3.7358411940696463,764.4327970206054,0.20391310681038724,3.2477370716289564,28.287053187794797,3.0284928840846543,95.96278033516491,63.92643663275049,6.510258834481009,3.939504403226921,0.1518683932723589,0.0,4.231940267709605,0.10778894638934283,0.13999166618565603
23.919648105129184,0.8553960767481589,1312.6290429865717,0.13327056655504635,9.824494615386564,10.129322245093604,2.852667048131586,46.89859774637132,39.792962534875,4.488137083877053,5.20790840847143,5.231310744236078,0.9888064630601353,3.0193771187290483,0.26346386834352375,0.21423990149844913
44.640458273840515,0.3429374884031498,584.622029532575,0.05436609573799326,11.945358595817638,18.82261777798459,1.4965301556553716,69.35517750619756,17.257159632520462,6.100441581952726,2.287565109823697,2.7447361829393326,0.5956268940532103,2.7594861720767443,0.1456621494421841,0.2083037883358898
45.40934305730869,1.2016327891479417,595.0835257888438,0.022950641831014695,1.22310012231544,18.389006563641097,1.8803278185212637,66.25408666916391,21.360705996456282,6.376610964499079,3.020060573075532,-2.0801853626883626,0.0,4.821004812145165,0.12066342536741806,0.19890197922410174
31.863335065185552,2.751488824222938,430.68706215485236,0.032281823812958084,11.79831950860637,16.304792961264518,2.173944951449335,62.256925582200964,36.228217129390515,5.835286023823649,2.164911238571623,1.0165528357312728,0.2006627758194203,3.866502579321013,0.3600492961209534,0.2548937241642376
29.94498827366384,0.9895547809150627,759.2224205420996,0.293439604982244,4.020596412328977,13.107856973793151,2.211809402387581,50.49092307052364,28.671198400100486,4.647134364685414,3.2704764721860045,1.971466888991883,0.47923646035034595,4.089487052692669,0.0743948872993366,0.052154254822935016
26.502966407479747,1.05929298540845,3097.2615149589033,0.08307741470281242,2.968912766395166,11.834704615399673,4.0,38.652922603943885,26.98966001480001,1.0421376676909475,7.247712727328838,8.50625512887084,1.0,1.4451217264642164,0.6302401884818596,0.2150546667468663
59.5868461563564,1.331359941343318,443.48218630396605,0.0694498530624224,10.268232943394818,26.887675942327515,2.0589744297328303,81.35507605860533,29.129583680006945,5.96908100919134,1.0961546122120753,1.3120641757135452,0.34869996535187103,3.9501021506439704,0.18564528169729694,0.2905096876776985
35.56286037539416,0.401657784772117,1465.9682589247109,0.046060629842011896,8.31809717769172,14.792330950047946,4.0,50.23759094557487,9.47875049456765,2.6035422253481064,0.5,2.2960619502131783,0.4367150516930894,3.781745011675317,0.2800846807779236,0.23806458680932635
21.506019018366494,3.281113152819539,417.59996705495814,0.07104983728482323,12.707722286579854,9.034623014372265,1.6535869480299703,31.934456958515852,40.86317205672414,5.677219985248241,3.883690751204982,2.6224395327252177,0.6076595155806376,3.101436175449333,0.3036759269381709,0.14138092006990696
61.49009645153815,2.566995269533893,1523.0186326833812,0.0805171439550806,2.803369289265272,29.895870591301573,3.198510523149357,93.17253991303527,47.129749998967434,6.148167530183622,4.218870703802327,-0.22016467778839688,0.005576280150037385,4.307029329690522,0.0,0.19738331355970512
75.57509423682937,1.0967647396109503,279.8884814495945,0.08166042737180555,9.475520635242551,32.73641656722954,2.2532736151599546,100.0,21.727587071394964,5.827519598074966,2.8128016353991003,2.6567474932118067,0.5726638957829097,3.467624075111537,0.373261475789757,0.17130681215460764
7.549025351046065,2.6067641795734104,1391.9516332798842,0.07356744964509923,1.2568484371220132,7.6571679018293946,2.7328568923179195,23.903405443933345,44.063601350469284,3.6622429792925475,5.830524435223531,3.0316542346512065,0.5477854032376864,4.009997218206695,0.059274213183724805,0.27870051364116616
74.19147722783207,1.618244384156464,1453.999937057408,0.0706423843698716,12.455357374205718,34.1456040263363,2.4674061177344204,100.0,36.30498577464728,6.3084618155240895,6.471989274891426,4.490054180934532,0.8331752748153176,2.5984459159685933,0.4219627743793715,0.19578196016171698
90.7511872154217,0.09192215588619634,575.7441419170509,0.044829424970484616,0.12169955259756227,38.928030331454515,1.1397293173985568,100.0,31.168612074396464,7.784709570050818,3.9911123450112096,-2.5256239213356144,0.0,5.0,0.0,0.3165487418013409
55.98090816532127,1.4473482748950168,1275.9275489974254,0.1583263161263965,20.413918938623013,24.731704977206974,2.6458645068537123,84.8974306661908,35.704970878760115,6.638880553847754,3.689374306253897,3.8434754073078827,0.7118437227800156,1.9498698184528316,0.41097916917502336,0.12980390466951383
9.046221002924675,0.579194568680644,205.87478765527112,0.22369690812583762,9.121462356895263,5.836840223363749,2.072339475619334,20.649033478989146,26.30414461038803,3.929205438036792,1.3234320995365532,1.4867656706744223,0.28129376223451513,3.8440709079662665,0.21131188744366886,0.18925675269473285
82.5133709183563,3.6405221599643074,344.1195648227952,0.25973054901758585,12.949697501099752,33.92989536608134,1.569392638901448,100.0,48.27877922807248,9.008405837661016,3.417939501177619,-1.8384196500954095,0.0,4.793041337382721,0.04193979270646374,0.05768310586690515
86.31671788092456,2.1418774293090066,141.9652434808928,0.21189479221492208,5.673340725486869,34.753674121785174,1.1663595811511132,100.0,42.7817116897699,6.1299940503010495,3.4798816840335838,0.7408579153457933,0.21219526880827824,4.340996569062286,0.025588036605254216,0.12130726309204935
53.972914681567254,4.719341671353666,631.1347867388973,0.259156998886887,10.788457320755803,22.95820818643514,2.741291224703007,75.44844878564325,47.480572477261404,5.989284403220394,4.1554896174614955,4.055943650781136,0.6960706467175788,2.9292808881551,0.4062709369843497,0.0664145117132918
28.763439252799365,7.223607573859406,1123.170245638364,0.10544094529898257,10.692867304461279,14.21494072391951,3.020886678902502,51.52642182365211,70.78881642792825,4.530341615563067,6.574008264089858,6.0778697002491775,1.0,3.0026628602158487,0.25794624999119903,0.29095495664333487
48.76143235337163,1.3023232425406506,744.2413060773407,0.03164054649632493,4.2044803000463915,20.4779157955136,1.7248887409971183,71.43445732671054,29.39616945774905,7.078316456677689,3.4444293588638786,-0.5336536637822655,0.004612381998610457,4.267605404071849,0.22742166978955258,0.29505557843314345
32.934328178123536,0.2734982771322933,154.59878844855132,0.021470923784852533,3.528003593318087,16.750749373518794,0.9258955946377957,57.25307748101477,31.541307260573596,6.021699324316839,2.2736309167880266,-0.7675053301946556,0.0,3.748289201083528,0.2991742530965385,0.3102863812767607
88.41278182657666,2.3274305366479946,423.11251029751855,0.17423568553153157,1.7821799922806658,39.76326054379593,1.2419832767538994,100.0,41.26037245367689,7.399905961828354,4.75032481299243,-0.5014867957611767,0.0,5.0,0.07533423712619747,0.06627448136623033
73.93587734816903,0.9305476499366774,595.4802717990991,0.09145179126355969,0.33043211378383236,33.24133554424732,1.594091407917491,100.0,24.208076385758094,7.816772313305394,1.7778422058851386,-5.0,0.0,5.0,0.0,0.21661448902087382
53.23849264430752,1.743060137576934,639.2293747697064,0.17581794757579058,0.6234508151481559,24.532637733102796,2.2882721236750436,80.2454767819351,32.19437363661035,6.80139770728677,3.3307705174361386,-1.9714823065600646,0.0,5.0,0.11541348620295394,0.08527965837145045
11.766232331980515,0.7574166889227752,1133.3893487039466,0.26262494321399327,19.426166932733132,7.754673732257899,1.7751599086973155,25.93656254107137,25.262881399538156,4.2291306145910275,4.164504212414941,6.377955602784623,1.0,1.8776293073360155,0.5501514375164991,0.07751350043865803
53.77033118623649,0.7405839026958749,432.8828920734641,0.1365054377602774,14.436613816276145,25.004293825702227,1.6120769569000266,80.58390488826001,39.30144925744598,6.55839938677686,3.653680316187583,2.9755753414866426,0.737586145997773,3.4791203084893443,0.12621369630662937,0.19821989467750029
75.74849016652365,0.8227064328003891,1589.7045047548363,0.12582855108465096,6.972780198997842,31.797817466260987,3.2236808463530555,99.07165252740481,34.21172500841163,4.880153737554082,5.244011306021905,4.625214775760399,0.8448524920317941,3.1721329650151797,0.3171722114477501,0.10418298162721364
38.5306892813017,4.790318269282618,956.2657698460066,0.18183704366849576,13.896646853127884,18.17908359396629,2.823110967602913,53.14710091887775,55.81014023400404,3.2728274913001805,4.804051713077946,7.266916769912666,1.0,1.1469781027362074,0.6633742029377496,0.03797417458850083
30.486174115307527,0.2626270994964716,1034.1429634107244,0.09651510126802608,4.8605653181249595,15.255398960820484,2.20865695685504,49.008715221715796,13.569996842850232,4.366561953317219,3.8611522462162524,3.4459648050728218,0.658829589948916,3.3935092610229,0.37947990968069134,0.2160445151835419
33.56312815688939,1.936456955168117,206.0795682071694,0.0704557917891138,16.977806431314516,14.896290836412149,2.516186210126489,56.33680943456581,31.46882200974281,5.727132685520057,0.7531463350228835,-0.02983191133243035,0.12404468057861073,3.7773102058443175,0.20339784211805198,0.21491944194241325
85.00168742194892,0.17163025226006248,507.0166615025695,0.04495714984803253,3.6904896359348616,34.88320901307256,2.1148161747470953,100.0,13.898836694351424,7.30316023683332,3.471268653250112,-1.162864113114648,0.0,4.723133903732036,0.06597434273897677,0.37301720709050157
50.485508277794125,0.9183611116954179,250.67046671564256,0.1249209084939746,6.311384506762671,21.816133912009352,1.6645886928198304,72.2085225799019,33.52837591641246,4.975902304408667,3.6070753782095473,1.66954663904008,0.4916221522174166,4.00898637601979,0.05217729746570832,0.23443124719768693
26.306585379949833,0.8996859689393794,936.79027000244,0.044733811827683344,3.7527797984471385,14.716027809522338,2.6056587263558764,40.85959861966161,28.650612153917645,4.054728001695541,2.9018438226663,1.263103453191444,0.27858692317631895,3.49969783657614,0.16127054025471083,0.1886946670366137
38.70629456025753,4.054900967981816,139.2592132802902,0.0684912753622979,8.084112490878237,20.402061030710392,1.3067377107332028,52.18379523736505,56.42347568090199,5.012262532733072,5.802133083389577,4.65408262432947,1.0,2.131094495865879,0.34159697940560324,0.25510289528571667
26.375113501605654,0.08913416670161373,246.20287740061548,0.0860950286543487,10.591039941635355,13.09929221069721,2.5776094757503514,40.86625303272981,17.27810258206526,5.142862853663835,2.2856111188302917,3.2870407951974183,0.6144616558820952,3.2264012332110807,0.3970408699305071,0.23583576849242496
43.33875778537811,3.321261809761259,944.3839062767322,0.20493949877480444,13.621743020008912,17.851331018887404,1.859163947443276,68.49263987910386,49.7946101922598,4.299784526160252,4.544470475661813,5.091903385060055,1.0,2.461745449317534,0.37559813271373094,0.2001241664740417
43.254192748840275,0.6499094803972814,340.2845380725902,0.22453858350463943,9.969441049941619,19.819334177942846,1.6718696129020993,64.88845311191677,23.394055423260944,5.345328751003783,2.6674270678336565,2.5954277212696977,0.5909797502104803,3.2548873439411206,0.36216309417397236,0.03985513777260272
66.43082625693236,2.8748751216269355,269.7312695090063,0.2395972661375991,13.392472568672805,28.03515209599529,2.188926341256716,100.0,52.15547401238232,5.3637143945725585,3.8815851172830005,4.566414135035945,0.830072632074013,2.302846592648352,0.29734490141898345,0.07706791232335045
32.01045900792126,4.046257845386267,163.70100262908113,0.09589374206080843,4.981160900628687,13.911772541422813,1.546983910905235,46.10663786860141,47.70472523838331,5.564785886562911,2.622193655791741,1.8046118019335822,0.42476578599125536,3.7862285026444957,0.24386772009724408,0.260278922813113
43.859746330037076,0.8490795002950923,1918.1719199174431,0.18792310565391454,4.127022862524965,20.444710141391695,3.280261206576938,75.92726697727628,27.402306060267755,4.279203125613975,4.789434147685828,4.04574978043771,0.8700419197781283,2.7384728162093492,0.19605557133977608,0.1723800148362455
71.85015762719594,8.58266214281994,128.46392749719914,0.19636922889866384,8.84774160595887,31.299808055138442,1.4575106917182532,100.0,87.31573277846587,6.96840791384124,9.103661945976832,6.190457750682505,1.0,1.7787618745113685,0.4519491861454654,0.1588293288170618
68.70907635183121,0.6332704941166643,258.88274609540736,0.26042417647990534,1.805498182053009,30.748636651856916,2.158638223621704,100.0,23.709144173739297,5.586910352745662,2.187967299507294,-0.33120383110659346,0.1431532795109849,4.230323693079467,0.30734802494249025,0.03558452851978276
68.27875343024708,3.3981129283789606,145.48958548240304,0.1430733489605344,7.717835639573343,29.88059975436969,1.1519296283734086,96.5001396339703,43.0858088595393,7.482123623620815,2.7018678003177663,-0.9948466571741118,0.0,4.287525477494745,0.07116990021366777,0.12559940455263607
62.20354470230908,3.885728093660522,711.7762553999687,0.13497412154534616,8.778858206311734,27.306416212079338,1.3098795747829413,91.66473895114905,48.27654058158706,7.297587928570616,4.837530183705729,1.7743023935282145,0.37769928467515806,3.4285507040652714,0.3898739622805598,0.1333811377158627
30.01124025542121,1.1738201416990202,539.1771102160592,0.173154245027653,7.735874065056587,14.577996530354913,1.3427571662111422,49.86840153576899,22.246550467745493,6.644720771827064,2.789763558555009,0.2751246010702869,0.2466566600176212,4.7442875350561575,0.01943889285910301,0.10376943294686553
77.37752259028181,0.8766473108121923,535.6178309401103,0.03603551968436049,0.9190880967993603,34.183094415108044,1.7188668152582265,100.0,33.15086614787356,6.601517205037421,1.9821040010269602,-3.3678681482168655,0.0,5.0,0.23874796558847258,0.3116976715676631
58.59997739831373,5.648983700271715,638.6408357671102,0.09529018338822241,11.415460847620583,25.086569906301037,1.9614196904692351,85.87757364121408,57.81477094124831,6.6883726185810435,6.01059551066573,5.0545604664947525,0.8830962600521987,2.470535664810841,0.41294162573833565,0.1963043059881583
46.931725876519664,2.8353406400176944,67.3086416211216,0.14416633210623953,6.969602285497345,22.959370560903075,1.4324980182887006,71.47132908208356,43.762415421522896,7.394816639237572,4.816847112022366,1.3382355334211444,0.39177406472646464,3.921639242620889,0.20965668831181125,0.3036252884233425
92.69135206386343,0.3589801707720077,583.1979147008316,0.013664229191110086,4.765191025292632,38.30226697873707,1.5000213221453063,100.0,29.42963986610424,8.717063676870993,2.304047308498651,-2.9818031831437968,0.0,5.0,0.0784518286983107,0.37480036303612074
54.405170925761375,3.228261026608496,367.27811777052864,0.10390933468415084,5.866700246030662,26.086307967331166,1.571473163466939,82.46574701670932,39.852449322691314,5.980243646145184,4.142899986732759,2.5281288219974622,0.588620459848693,3.4320171442827694,0.25787385351950604,0.26548069535022506
17.521692488174807,4.3626243474663235,586.1751404220519,0.17683469101557817,3.5945167150968005,8.275765175617188,2.5527766060072534,22.90266268213737,32.11661556658542,3.55282307637086,3.9280343492738976,3.8067917132657554,0.6994790473645964,3.1970681029837564,0.16703289314079495,0.1481892678295721
58.19215557266717,6.252168992824328,369.333927769664,0.18751789496677468,5.276338542613853,27.65515329229515,1.0706972666475219,98.62057458733828,73.65109822432954,7.544774121946092,6.0845694346377845,1.9722973169137217,0.3483288328441164,3.8394893779731727,0.30840361374417147,0.17859258827321003
66.15133470307202,0.18737043247505752,676.9139063335666,0.08350171802032585,3.154302657942571,25.794588259467506,2.359980076671701,91.7305419549168,22.396160721188178,6.437115646576039,2.478666210262122,-0.3602443669800407,0.0,3.6246542303511964,0.0,0.28660251203492654
80.17705679667816,3.02182235158289,689.1214358351205,0.13471654960072982,4.5521152956811655,34.373144546169236,1.4408711481496463,100.0,57.45509539332734,8.01509163062763,3.7700992229350065,0.3079411231653606,0.2137521730359324,3.905507764406577,0.2602063449186131,0.18477845554158376
75.03320803674141,4.772609574132684,1096.924140459741,0.18023557081571506,2.2771767160762564,30.558863688331275,2.6023040676651585,100.0,51.891864299269315,5.584237474927894,4.0401042952696145,0.07732245899743118,0.11918605802502485,3.979694121539521,0.13334827538289634,0.16446296828412785
69.17825177631322,2.4249514832330936,1235.9508170439549,0.09656232248093266,7.232396677976915,28.29226897956422,3.0445985050212374,100.0,32.11329158161185,6.114220388614839,2.08138648856799,0.7092387000700795,0.015938820556058303,3.7284182530270646,0.28008139095026285,0.18711609546399638
11.380530135058713,1.9176111350949008,404.65742014788947,0.32450111334641923,2.495172331130879,5.367369781888933,1.4709000072438767,21.682134847482867,32.21310904886221,2.8008730417109167,5.231632318885699,5.037617127803934,0.9071400465724141,2.5164312028202844,0.36704759416467964,0.07224225957724179
72.42710619094713,0.49624029151878496,1375.3782601420435,0.09071198541340082,4.145469637527751,28.648658608229805,3.441781646238785,92.78201402066826,7.5496080056528,5.780341432094814,3.5510343456222646,2.061883450103654,0.5089921058642053,3.895989955878939,0.2412007620799823,0.2152195965513067
60.35393222314639,1.1526157646991861,698.9820794478118,0.07324196065371907,12.976625977209341,24.680775885429085,2.283986580981666,82.89603692286701,27.025849445934846,5.781359667491765,2.8771559646049876,3.358099405427647,0.5593773494430864,3.56563475149844,0.2745906004322769,0.21934887845722412
83.38626528645034,1.4985973608730125,1074.6289702152374,0.2333585597843549,11.302773824686678,36.86261501224088,1.8441289735525856,100.0,29.30687612238755,7.956671873483652,5.155756257337724,2.527944384351211,0.4193152751957973,3.3310998658583446,0.2029523191421035,0.12765256706136185
87.54705052607385,1.8995410791534093,707.1518579387293,0.11259034614963126,10.772147385638277,35.489089764855194,1.3198849274602749,100.0,36.125262626398126,7.081221042259509,5.558991229088144,3.0365431956736617,0.626447142813051,3.7557365891953274,0.16809570590377954,0.24366155687326024
33.711866957482655,4.069047707075189,235.1837472766218,0.21878512083550444,8.071346936705915,12.759067288482452,1.5961807957952523,42.55298760292263,45.12485044665128,6.065695223650625,5.467251558756667,4.59292983878117,0.8890744313000358,2.788268464303596,0.26327489930550935,0.037959835375976525
71.74289249244733,1.4006873103906208,326.9622923157995,0.16075835597956714,21.672527616731994,29.615566583397072,1.9392933372539165,94.69266348100338,27.41857919236907,7.731687701726484,1.8497896828523965,1.00458957002614,0.2205311702687932,3.793690929064257,0.29514294832575066,0.11502181169009518
25.495095955664148,4.160246888545925,226.33367085303928,0.027826544449656748,11.29513134713519,12.154403520311574,1.3623057061109394,39.313581073707454,55.34967114237401,4.795053022362723,4.286097049642597,3.8352984081894306,0.86446746372232,3.2710965065429027,0.390223524087462,0.24032974468839796
31.919753446606258,0.6762562306530261,299.13710912023816,0.14398278846598592,11.152611888707446,14.477019555753227,1.6318563648644604,34.41042874303608,30.50852210299675,5.535948635027165,2.702916498299354,1.773915457419032,0.3865675272303125,3.699316493196393,0.18353254947211464,0.17081040645772239
36.87765566787146,1.543680667245969,344.67569053144763,0.12096548645942164,4.391123830984787,15.562533028149414,2.277421960179354,51.34129131665239,19.21536047138553,5.1195442545283925,3.862557404352425,1.6738889053950392,0.38254775253068585,4.237763014205875,0.21121314096493315,0.25769435984743944
51.28248220300164,5.287086652284106,3889.601381348444,0.2472691782172729,5.471160188022439,21.580731536312566,4.0,73.465591464557,56.76794715953668,4.617846483215363,10.386238110435517,9.585693992425654,1.0,1.0,0.4289729441300839,0.11834854912639767
55.97420756684069,0.39717050047007046,441.2640786858683,0.15882672374978082,4.189583954832096,27.08480463938919,1.7203597608846146,92.35805670442106,36.16452596742403,6.869158539294513,0.8846153030016697,-2.7342881667721857,0.0,5.0,0.0,0.25568790018392945
80.3800861987499,2.8935837585585014,316.27509725439694,0.180543198580903,2.7649819790242907,36.228401049506914,1.6732643749926663,100.0,49.649555852357025,6.402470024179431,3.864677726698946,-0.12441596036422795,0.06859617911819199,4.140045606894478,0.12294267271284459,0.13826267605516818
21.220316583116308,1.0060754852782958,567.0190546281932,0.096003594433215,3.9853130743558474,8.512376606143114,1.6261233586823154,39.712919918486534,35.549600122182724,3.3035076466479865,4.831396558648248,5.921522756388635,1.0,1.979276799751613,0.5732839411807614,0.2113751425819736
77.94719120996756,2.724390480481272,206.6257189996907,0.1385281296970534,9.264679136611775,34.93920208803459,1.3368539295644009,100.0,34.30125486530533,7.652039095088476,4.912701871219003,2.364134345520896,0.42457763444924324,3.200115621114813,0.3023838755362214,0.22126030955054204
44.19358833748434,2.8803553524883503,422.2078689392717,0.05833349729585008,7.1144389300767354,20.64107197080362,1.959151272528484,72.10056100228354,60.757369900602384,5.518607640900333,4.078184202779895,2.2494268832476667,0.4721192218380859,3.786024468565348,0.035200237889947666,0.3040177189233171
62.74488176088751,2.738667219837484,767.6531255697677,0.11734994222005297,4.940392421173122,27.9164824063322,1.868341222579727,89.64817803345431,29.020811675823822,7.9299579827208095,4.191694681277623,-0.13046082770817904,0.028720494457839616,4.632422931312443,0.12930284912766637,0.33225489130860264
20.411594125129266,1.2463089510136351,290.244443442865,0.049820414517533926,3.0128361483044044,8.13958467311842,1.4144148886513708,26.832629527130393,33.875540389060745,3.1042798546996098,3.8777413022530616,4.148871544111477,0.961367023208252,3.012668182427211,0.43378557568062515,0.3647905723748387
2.426964972007653,5.723436333910408,1224.7723563834675,0.09056157283750219,7.447703761559108,2.796603024954326,2.52884542832059,10.971289067393478,73.32614418788808,2.2934102310104554,7.208528609953885,8.472075683711683,1.0,1.104898930129822,0.7043402921787265,0.15712201461061953
14.495993955985147,4.75100319429378,1531.6688149318657,0.2574458133736077,3.6537282345461204,6.33752425660657,4.0,28.47508210038401,50.583376435575005,2.4284555544775888,5.094712087155649,4.67576072603321,0.9427549609780308,2.8839070606123123,0.30995318386216486,0.1385150197034467
24.558026899216763,0.9627216958421111,934.0483535410218,0.20276354801968888,12.973731317815513,9.395746703293005,2.5210553864937846,32.64268235410042,24.246049827991374,3.679175145975786,2.0508330840735622,4.117583096205845,0.7652676025377776,2.80279808406333,0.38369474425463457,0.16089424466642938
61.732109112605286,1.455158254738224,53.85290040546781,0.10876376083803363,15.15380677107363,27.73083373900281,1.706242121360189,84.74814311634157,32.75962296186379,5.238062814805389,2.7376629418726837,3.2333197786884753,0.6619043788918996,3.418791536035948,0.2968467998925629,0.1751593685492235
74.11296107761687,1.995931368631601,183.61434311146775,0.08519003305312296,11.806915030374208,29.72835279966382,2.2051105880815345,100.0,41.96274840095493,7.52831110619146,1.610219204541374,-0.6658670671495115,0.0,4.7434615962745985,0.10441401580553207,0.19465410472058214
52.28254534722163,2.8745551250710175,953.6738112504707,0.10419719052855357,4.506088453496294,22.03144543789872,2.7011191406231756,74.03387555308035,44.010707231407274,4.271876466352742,3.26518919156916,2.5923180560822354,0.4426054036956998,2.9150331087189083,0.2763472033078358,0.25369898635147553
78.93256974885963,2.9850832944757144,1125.5625032367045,0.08367393629748701,4.126725761631075,33.43671724912785,2.8665429946664567,100.0,57.20342237030963,6.484620658616379,4.73610013525068,0.7164102715942189,0.21292607840106687,3.166518984663419,0.4678971359301103,0.3398417171288875
14.230547900240374,1.821469767810558,638.7127888978777,0.1033278223156481,10.384588181738089,8.854904470473205,0.7977505989116163,42.02421676975328,40.83574382005756,4.474050579660574,4.051370392948554,4.649594236054542,1.0,2.1913458832802286,0.44651054497944576,0.21328717418058316
27.901217481998483,0.5200412574221228,2001.5746299337288,0.21935595190984855,1.9042927395858853,12.980145527731286,4.0,45.89746812924972,39.05495327591868,2.805530966944358,5.076206367906665,4.145723205107752,0.8643960903541482,3.0988594174664628,0.0900930398563084,0.12702826762274103
51.59090525828961,1.798695918031563,282.2148645399605,0.21815095598473883,20.0131015743789,23.34285035941866,0.8432230698668407,78.77196828729612,43.05308401656644,6.508116101857482,3.444572415019464,1.488966594587512,0.11777151086643306,4.052133434103237,0.12098252905979963,0.11402494233413651
39.46027478428221,4.957794001000759,651.8671741816245,0.11900641193931026,1.425366279412966,15.809296636665323,2.071733929168439,56.39212411546248,70.70773394941655,5.787619237490786,7.695334559312365,3.0251270515367423,0.5343378315583853,3.217369585807193,0.3582710372744529,0.2219892684424552
69.11712207744556,1.4763635983910894,594.7740186473317,0.22936314937979238,5.846221008239987,28.563855897226258,1.8362790544728294,100.0,29.00508826944832,6.83779931855605,2.654575107404213,0.046915744809634674,0.05729961215985406,4.242264290429573,0.2571187682282186,0.17732964491645167
78.13730858699446,5.19085471329882,402.6046242224669,0.15179362897193155,10.533059530025735,34.55299417565403,1.9502267604250354,100.0,70.7357352048658,7.322870656711405,6.185623526178675,4.440168381753373,0.8200608118869008,2.7291887951265204,0.298801714240352,0.1941424933672998
30.51293357686224,1.694859754035666,747.961507135641,0.07049134264248015,5.082191428986853,14.365511460193272,2.485846038146856,46.142122709940146,29.58903511799347,4.003870741503795,3.2204018100307064,3.0588591204243065,0.52782055022266,2.919105845664193,0.39469629559592084,0.19190767601016406
80.0848375346317,0.3341230733345943,1147.6495760274577,0.12209801764807406,1.4893976695996007,32.593634534404515,2.7253202918752812,100.0,13.682709256846755,5.2787757215225835,0.5,-3.4111234960748567,0.0,5.0,0.2708454375030517,0.19396355320984052
22.045015762574632,2.7883233300787555,1900.2631562843983,0.20693014296211532,7.084524570083253,11.647572154490913,4.0,43.81940152501415,38.65056948460458,1.099353724598884,4.497381406002466,7.911862505626369,1.0,1.7084887436230867,0.3672568989413397,0.165497721986071
42.28725298805357,1.8036825062853816,229.69498969896023,0.17157461541734137,11.184621011903095,21.3765025952674,1.5806653459060906,61.22183129314547,34.03700392486981,6.558897410521367,3.7113736013929044,3.7143137731675706,0.7392159885360347,2.8835342721662385,0.2585249274550721,0.11008060369367191
58.048422182289414,0.3713740479699576,552.8205395955534,0.022582540252998818,1.9313811448283158,27.130792487921838,1.9392391253443797,86.1003137605246,38.06656288876929,5.406727176121358,4.788916974895658,1.4621256279149897,0.3081353433933314,3.9409040164255043,0.23271411495314587,0.36735310121572823
62.50450783033015,0.7880672640023445,1102.1619518925065,0.2517955915615269,11.33017097707524,26.7551772857939,3.179340550014573,93.72448121211755,20.563481845304903,5.929494103884261,2.6491570253142562,1.7405840494733615,0.4878127033491994,3.7050999385965477,0.2485172452932767,0.030761998376898747
50.61212298429153,0.6706812134319914,1726.8013006707922,0.14968702942601503,8.214776323620995,23.429714335187477,3.6077982443370193,74.50152595980346,27.702138886502617,4.2813339551465734,1.9387866119449628,1.918776734019198,0.393685967942818,3.6606163595954975,0.21295203202626822,0.14865822129822737
69.5992882800325,2.7832278390711807,243.1770109349449,0.2576896754055291,4.914690629144571,32.22000683546903,0.8140691064753602,100.0,35.601054437486944,8.432365719518323,3.4271412291144245,-0.728873916272645,0.0,4.55903338145537,0.2634081294841009,0.12643535628126096
55.950757951998334,3.4969045366111837,1179.7728080019092,0.11031252833469274,2.8983653106209646,23.475095770474205,2.4173212276778275,77.83679922436059,53.90352340924017,5.655198165766173,6.413135629746295,3.0547432194941195,0.5530113910614042,3.030742170283588,0.4174148790936514,0.1891681328116154
64.43122243684547,0.08193279009746278,736.7320501875622,0.06875585802154342,7.269021607117205,28.186480621223062,2.071025479298278,94.23883238723658,16.502503370062428,6.330993564758099,3.4225515618358804,0.3397550011913256,0.1554013861352132,4.324535206432253,0.10100929928113819,0.22984424889669633
20.5841835279629,5.742255128857859,1059.892428209145,0.09317871839326029,13.096754567679518,8.912004201678725,2.5177723957706952,35.42719870740458,60.58234266320977,3.1359913493527367,7.076037367978569,11.774877016133772,1.0,1.0,0.7410216369281843,0.12923510736753285
84.19935744155191,2.214543659217921,2323.349295719781,0.15128154835184626,6.941388110066266,35.40042508370723,4.0,100.0,41.55179036436097,4.37982649339377,4.738880673845379,5.083375747985773,0.9216122248431141,1.633037312939994,0.665308374641759,0.14731505695490388
12.487219896694787,7.153894052211717,307.5788395383332,0.18837070937303574,7.53034851398604,7.811210671929299,1.2259736040166558,25.30019469827112,77.67181783366478,3.8971213299610574,6.693140896072987,7.643713708869337,1.0,1.5230926785714982,0.5697627651080402,0.13405649667761554
78.14367281160912,1.478207613817393,385.70102662462034,0.052949725205028754,6.2477456361233425,31.996499553247624,0.9010010517174575,100.0,24.40022555522803,7.537860922172445,3.1457554538384715,-1.3230317471446993,0.0,4.637572014926025,0.0,0.37037478802090795
49.17572300913362,2.8615222352237333,562.37099427104,0.04386801024070985,2.9864866067615115,22.453011529751517,3.187842983973043,67.34780439322188,43.405707528200615,3.294174416866646,2.2815264325087936,1.0783062183952197,0.1369149535804616,3.7948106164099062,0.18137441781935348,0.3007273938554061
86.94315949128881,0.10567595249801169,403.4450034834268,0.04174861953024148,0.7777332247696136,35.576633090703794,2.16843398516608,100.0,35.22755588200748,6.972023799753464,1.1737247972468943,-4.6144162057488245,0.0,5.0,0.10288936220718937,0.28626510697382107
35.23945528277905,3.319268355509741,692.8031816299817,0.012013463632105523,29.543883399172884,15.112678469594998,2.1938497759354454,40.58683135884381,48.62066054806571,4.067663076902298,3.9975918396372263,6.590744723408995,1.0,2.118616685514648,0.5213977081892601,0.2976743627743565
39.131576836687174,1.3038448245257797,170.6135841371296,0.09555063462069807,15.98606459503053,18.029227923806506,1.315361824384562,64.70752545256309,20.394188471492782,5.893208514396068,2.062894703853301,1.9582585299331288,0.2530277328428341,3.670750911754925,0.12111977145871805,0.22553303738828878
76.22363950787191,3.3761314605427875,516.3968259158808,0.10415194336580438,2.1019693924939125,32.39285609159773,1.6266841930219047,100.0,31.297530011747845,8.617352360247873,3.3041923860063567,-3.183420669109863,0.0,5.0,7.766187674515534e-05,0.20812012243608924
71.57200242765066,1.9986354163114468,1228.5961281271616,0.12157263425298732,3.820582777423729,31.133248958634844,3.5136501984078183,100.0,25.532541784849716,4.701810899738165,2.2591871878494834,0.7174706139589767,0.20110095281876397,4.085278591048014,0.17615548341480652,0.23863090998715364
66.9418406379763,5.714510578449309,96.20422963701041,0.12074380125285873,3.0440794415665957,28.40829471768757,0.6960011504160362,94.45087958448804,48.04502806974662,9.111313763412705,4.95053896618844,-0.9494999609237539,0.0,3.9540068105784876,0.11911084322816125,0.27681441927639794
83.77625042887693,0.04530839698467352,236.51823320461446,0.08690069105453954,3.161922629433981,35.019446094845605,1.7596382559210804,100.0,32.778591093509405,6.373921799329787,2.502705535595025,-0.1838873114135423,0.028948569244866086,3.7615577493711503,0.2799191981971643,0.19939967138420772
53.730680526297164,3.0160661762978833,179.9876241797533,0.04923885520291834,13.118677858324714,25.389282617509025,1.324470974785322,94.63629312360356,33.6606741418463,8.045710310087452,2.237997325928191,-0.9534546260862108,0.0,4.268788855894411,0.21113515625009344,0.2652341834485386
18.52103445000322,0.07771363824356396,396.0228715017815,0.09052693700073376,25.89026951314895,12.148805886561664,2.0185243047823835,46.899519748041534,15.431600268542109,4.191798122506428,2.138596957113613,4.590155305701242,0.8668027643096543,2.902480160863531,0.14460603588125254,0.1716573531189838
66.77779975213065,2.110235472562693,755.326117307047,0.027012237606807776,3.787864085045611,30.747145936190897,2.649162408553657,98.14408510264644,31.474890899574472,4.93401424060645,3.959663633744475,3.1484137831793504,0.5124421200472558,3.247668415671582,0.3323854948731768,0.24791804370255788
63.51032772262346,4.241092757443662,454.2098313550662,0.07747403332844868,7.581528581361589,27.330726747306493,2.1114650921312594,90.08169417126767,55.27629830008962,6.826905941368852,4.609284843446983,1.820299510957292,0.3009626730333392,3.36117484416682,0.17868259162716893,0.23645953299580916
20.734414510951922,0.18395424083211676,340.3426769439659,0.3258691342711449,0.925849241957738,10.031337890956165,1.823463469771021,38.66565356634871,0.0,4.442722719459123,1.9177179718819102,0.45891190261251436,0.13270528393734868,4.638883771307628,0.06162655834444037,0.033904744800329
60.71409755647286,1.2478940047878901,558.6894637686484,0.06578516302285368,9.162947924653514,27.633093033835863,2.2035718557995096,93.05430513952389,17.300665700526807,6.640303274504965,2.6309977879442537,1.1510083961868132,0.24623120314064498,3.373159689016909,0.1972915132323315,0.2517672200755682
49.521040893563715,1.967365990565805,1025.700441676465,0.11463968809768901,6.735443408833357,20.263846704560834,2.446410127975191,66.22112048970688,30.140601940658552,5.917663058006532,5.374698274404738,3.14084537877355,0.6885243339444239,3.087348455274595,0.48856910583384616,0.22897527860202543
45.68427968323616,1.2234245763842533,412.55924419754405,0.06475696843336769,14.642219907240998,19.994909312940216,1.8020554428714808,59.48878902280321,36.60166499853968,6.5512906790876055,3.7865025898892517,2.7245231468260003,0.49499816337402675,3.230949980215118,0.40947933296623573,0.18679294177787803
92.29095135284794,5.661843416832683,727.9081748641396,0.09570383835292393,4.647974560240674,38.752798511503265,2.2985886919110596,100.0,57.3893607720638,6.606309845086883,6.382855317515859,3.6189555664923163,0.8037654328763144,2.5129803096342247,0.5539649872268926,0.20645367645360826
74.44679240292756,2.501707544580655,1989.7706873628415,0.2143214176893237,5.230950337434192,32.31715716592906,4.0,100.0,42.325586603745485,4.631831483752925,4.664081451068452,4.843054039021231,0.9413759002302646,2.277286841958289,0.6882040378784549,0.19052307210435046
38.30236567938165,8.086721021446632,764.9816916851886,0.09785670122159512,6.488393960406517,16.908707228447177,2.5956624522887433,52.332606144864215,85.84680299591221,5.209559039530047,4.8483699343547535,2.5107862955478897,0.5761613728480434,2.9513325421226857,0.24547610977954198,0.23116141890359984
69.60727752961333,8.897435188540342,802.2189714966338,0.21831004869096826,5.792360808074911,29.445982877968053,3.111205164890714,90.93371320835686,100.0,5.754358249758418,7.659486494564512,6.005898708725817,1.0,1.6862494945292612,0.49023387880767494,0.1470368674222503
76.11950148744856,0.9947953688218512,597.3852740677816,0.18600904405057372,1.664605365877232,31.838000750810554,1.978388207216297,100.0,12.408474314066254,5.903056704606084,2.2592271869097402,-0.7875190929409873,0.0,4.071751057269349,0.08603464361375152,0.11383546173137968
82.67292072509618,0.7917655241306869,136.25844713610743,0.10940734952714458,3.480723780346284,33.74311565643776,1.1354558604205658,100.0,17.38663254446627,7.878277310322494,2.296386155101859,-3.174994084534472,0.0,5.0,0.005551910863331476,0.18103967652293912
15.144948320886515,1.667753337261814,647.1987490175997,0.07390856090344296,13.662288133538922,10.467039810991992,1.9485931222212092,30.72386116732458,33.83622954395654,5.9710657634045115,2.7840486657058516,2.122490394777576,0.47831613112509824,3.3417234656734776,0.2783035105859745,0.2573437733018311
81.79573013813462,2.9409787934365426,645.8264052153994,0.07872392369389211,0.5720812782343242,34.99133804528124,1.1147028722729457,100.0,45.27843514545003,8.52975041129637,4.731962627428771,-2.529735630559813,0.0,5.0,0.18782705429591326,0.19722530454934406
9.821440030970821,3.5801844078887584,110.07458281105463,0.010686867186160177,11.69099875880177,8.022981859252873,1.61827686604692,22.476692159564113,37.70563589029718,1.7730269608305842,3.2515596740105477,4.993761013475175,0.8944959643410967,2.4526358696295634,0.6197451506326888,0.3268118828967492
72.57783935591978,3.744810482350673,610.0288854047938,0.18766597004449773,7.557507404994032,28.691860416768954,1.9538945345254533,96.31242120046845,43.507419052784364,7.529023531186697,4.117112594153553,1.4664420172926798,0.24218572388154572,3.4506649712566904,0.2725179605706277,0.13874412094904215
26.52171563402905,1.221590991532374,334.0827902942508,0.07359569140272725,8.608861119652403,12.748671270408709,0.7890053332544746,42.38593386537566,40.373745221208665,5.121252728808721,3.86386343120326,3.1220332499205385,0.6327798936814776,3.2060775555433842,0.31929233713873634,0.17798544534527005
36.52230263602284,2.6804874977164066,1033.9390034818734,0.13887231812775264,11.17135169075269,15.15764657274695,2.2360007221585927,53.93086696524234,22.614147975741393,4.652049231515481,2.825816641474364,3.837236224130379,0.582431541993419,3.3788257008725315,0.25027862614961915,0.17713428873535073
76.9067915620199,5.652601326947855,268.14981334432105,0.3907391797938194,16.159318212429323,33.06851816472399,2.007653317688063,100.0,72.41367544985735,7.321481088413601,5.349190084092944,3.692619413187548,0.9564139516468048,2.272448245472839,0.6853072461325219,0.040428759379790416
48.96433925067443,1.5078746577949542,297.49275997727887,0.20503852510291884,5.1320040027393095,22.689204305660613,1.2055344058031319,77.99173560242406,30.818065439278776,6.813537796042788,2.291246693468853,-0.8426563583384937,0.0,4.775440893328636,0.22225021350953825,0.1378650421236138
78.37979788369604,0.5020534999805619,367.12225081961543,0.12119513544105259,3.339314028658813,32.055726907482594,2.051377883862532,100.0,28.72528277766468,7.133927714270762,3.8994574833776365,-0.03559287552239748,0.014177002196418039,4.305131022920277,0.09897112188831533,0.14356922184024665
41.691784071469144,5.439309729685558,456.1801282131735,0.1468181023159669,2.963545535957301,18.395231422067166,1.8200271754985555,62.05168912862936,62.82002174385573,5.638814064803969,6.834590891567215,3.637512583280056,0.7187948226551641,2.928697156944912,0.3070028894224224,0.25105047487616344
69.70633904440122,1.0279018611025923,907.591793879455,0.29352906718681315,13.979559537050868,30.900418421600396,1.774689756649411,100.0,25.097674282581345,6.984251404953444,5.291703716886097,3.330195034480126,0.6215587085136085,3.670341705732408,0.28579673555861274,0.04294981724755226
82.61055356874178,1.3359287733182397,898.4562242477144,0.2068493674445763,1.2422980471998337,35.50271408684578,2.533686918225933,100.0,31.983539571337346,7.013973923158201,2.254512975570232,-3.013246039437466,0.0,5.0,0.12267934780634569,0.1301171886066584
60.651189120332646,1.2677403468586919,624.3823139541144,0.24586423932733006,10.938841756163471,28.048248802714806,1.7397766232360368,87.4891104820951,42.29068717876565,6.957598520305205,3.6043222752185966,1.3767254241530755,0.1717758280158953,3.9231267407515964,0.32245981381140987,0.02435679502334849
62.472510389292644,0.9589441426433056,454.6707810986618,0.09227390378324618,6.547921240900552,27.937278042099358,1.5575023215241435,88.24442649081318,27.556126194525316,7.960015829920139,2.9375280633531142,-1.11823202536835,0.0,4.580392441239767,0.31050663852042204,0.2524721499587264
26.601042666737023,1.7236884214039665,250.90547919090835,0.17944784642144004,5.944838097003759,10.87129795235164,1.6475294135402858,43.98353276643233,24.26520975975334,6.563157513665374,1.5642094801376791,-0.9735120648410939,0.0,4.520465774390427,0.11474246648935997,0.16022656567991278
21.996697396034833,2.757990273163743,1006.5540974049933,0.07815065077983631,5.663695254853277,8.7264956774045,2.5505260213510588,32.73627185044473,45.614689107744724,3.310609837246323,4.922924024482326,5.101432976865729,1.0,2.1559935070867464,0.5402614571059295,0.22267923874079806
69.55432124400517,1.3974794851747983,988.7221599444665,0.16209229280696785,6.137307390615938,31.858019733891112,3.135123719018901,99.21889065380414,38.69426601380671,5.340083453713928,2.650382972244479,1.6681673026583075,0.2568142269207287,3.5863075536266407,0.24625590959512078,0.1578712311955232
88.90206746653452,0.7288577319207935,618.7306975631649,0.11664953775709747,16.894923253254646,38.35097430054554,2.963841381839485,100.0,21.810668137976386,6.852787478090221,1.521274383164861,0.8499668387476829,0.24236125305273376,4.443379243627188,0.2083328137584689,0.20691533397441753
75.69148942672676,2.4951312798246787,446.49548140188307,0.05210512755460719,14.701247138180031,32.893244803156854,0.8929916915898344,100.0,49.778266373158004,7.133405089268554,4.80104504346622,3.5597376362051394,0.6971129581603955,3.115321134717196,0.4322937954479868,0.28723128265507825
42.3615916283937,0.5240837929563711,463.30863997337275,0.21030363429691962,11.837907983410965,18.94752917665864,2.4637285959732758,72.17221103738501,16.04611695784923,4.542374327948142,1.7282839804691603,2.8082132449132926,0.5722927472006564,3.2669502060025506,0.45649715141985947,0.07339180827020325
52.65303564005269,1.5294032763920438,1175.955627320577,0.2515565493243359,3.5302859300233935,21.090280135791176,2.530846263654298,64.49447723003325,40.76559109395723,3.859369788294056,4.224556973647989,3.50498882654391,0.8487002414323055,2.791830831550584,0.39098576398773593,0.0049258902936709925
54.69310888359244,2.8492718596789417,606.8612138318321,0.18583060219115802,14.873789259898306,25.175663581595074,1.9867705007804233,80.67533940114191,37.37050270246557,5.143931631879263,4.870251656713588,3.757431837920546,0.6787668934703158,1.8992566043780976,0.5889453024056872,0.060939918525782205
80.11371801236525,5.594543311561579,860.0781841518802,0.20106665689193676,12.493616267872698,32.865318502700894,1.8785220625731043,100.0,72.84176269974238,7.048951027276575,6.436301477925632,4.1915412081467025,0.797179332287612,2.7891939860057353,0.25192781769921857,0.07834983801483723
39.15415027782141,1.3932407488436902,472.1966817753808,0.04845671286883202,2.2411107788711373,18.824914309681382,1.7597959192033168,58.675323972248975,37.626208259895556,4.954642422375196,4.259784827758406,1.0339425978014107,0.13571161307607196,3.9952503681902147,0.32020932550289616,0.2906600372224996
66.09744021186981,2.154984362939253,299.7809892979424,0.034564241571073705,4.942045146726375,27.512433062083364,1.4664693538838314,95.5352645123067,55.74497428644082,8.777328385627348,2.424061577187084,-3.710283159514324,0.0,5.0,0.0,0.2122169981855387
33.464401357395836,5.028690843008311,518.2011955541636,0.11747768189464848,3.318493628339307,13.939034474743604,1.82327126965497,52.67585008563581,65.09971668299791,4.793557928885015,5.5772364235539875,3.659472764604885,0.6869451945082615,2.488876344883848,0.3814359076356114,0.25633611829137576
28.12120243434079,0.7212436212434283,626.613734348903,0.05347686714384902,10.360872126804523,14.976452091405966,2.0382409915222865,51.989550561250624,26.817846262186077,4.459337648097217,2.5393545375223296,3.561386635470178,0.8300821865710988,3.276917806212505,0.2232164766387284,0.24701829671579512
25.247766280496656,2.686937551887934,488.8055318511938,0.19840571111997948,15.062191498277757,11.580169963655091,1.7896148018687912,39.4732285075572,50.36923671450231,4.99019347167265,5.124631499673322,5.233632736459284,1.0,1.5638355696946444,0.4964263129056291,0.15845491713592819
20.329575060322583,5.146741304336949,383.1658510315502,0.10655123069283698,4.46188050573012,9.361905124784677,0.9312771819110773,34.434084850442176,63.82019978474553,7.001449577285454,5.551513355169078,1.1168641970150293,0.3159858108253957,3.35837425606602,0.287775938352515,0.1684635630293078
29.392219240334978,1.5755063433624776,662.1675383731085,0.20623474966164382,11.10900685043714,16.260020513370293,2.400538329854687,55.34774061001748,53.33767871092452,5.397422792736722,3.858512185510593,3.0439988055468,0.503005492849364,3.777336696597528,0.14274259533308883,0.061963389861246304
20.012041946980712,3.38488560129814,262.6584544120377,0.021766546551225143,5.100622934022932,9.55097319699821,1.9409729421094153,33.87760883362244,48.37027802968141,4.248188303835667,3.5423622343522587,2.7261329447015576,0.475248042620391,3.485680175092304,0.22764362030492874,0.28713508590282305
72.03401277370597,0.3857318144200385,309.19435194940843,0.13329329613675014,4.77227373247091,33.383456365590725,1.3493930952886184,100.0,26.495770460479616,7.716697932543076,1.1408820643704893,-2.304839451907001,0.0,5.0,0.0,0.18454025316897257
44.78277794769176,2.576181492186951,83.16662010903609,0.0932611493472058,2.172844333606147,19.69907337186303,1.5117453983585305,63.82964100035482,55.3874765043156,5.292536114162113,3.8224728228808695,0.9641251186747714,0.21283591505765118,3.651705353261951,0.20617483983716395,0.253839642533153
43.516801228194474,1.556106651476202,939.915733823409,0.0942801089783513,1.0398232797374871,17.73396128428359,2.138847925427388,62.02784163759076,31.066333665082922,6.158964074322196,3.533460295465069,-0.03977826220156189,0.0,4.020316533658473,0.0,0.22644959758262387
18.141098004408573,0.38370143169046356,817.751653847313,0.12153861046700627,3.7807662151869015,11.479103970649973,2.247578388283929,40.46544064867398,8.853345563884027,4.584978091209535,2.6153540229467227,1.4542994187405445,0.3317628564560407,2.9752887800904375,0.23889776720295242,0.18388221318271042
80.99164840972945,0.8430319951252233,574.0347116147017,0.22854862928641426,5.687217272388022,34.20399110063896,1.2596861916981839,100.0,28.31758472498373,7.972457789805139,3.598051201647869,-0.865656759798993,0.030358360489958172,5.0,0.08992258934953064,0.022100422633052313
41.34967138816915,1.7894717742772999,424.6314340214254,0.17513102589127533,13.826857048024149,16.960657254846904,2.456628936450278,56.92310907403975,36.82745008547121,5.161697323986268,1.802400614558207,2.0129200995119363,0.422710069709581,2.9466054574860694,0.4877343859537918,0.14748218591110857
30.508247959196808,2.1925256939655053,1257.0159357504529,0.08101039277891225,7.964120850454495,15.43491136819817,2.1658464468631675,54.84862938547399,46.48414206453806,5.156133713513841,7.0592238826168225,5.954140561482713,1.0,2.6515666211548488,0.2763037037914542,0.20147057926207507
67.00661234854518,1.5704987898307843,681.0259776670574,0.06665426082352033,3.436719505758384,28.214850090126795,1.286751093008414,93.50960707352004,38.13505249542633,7.805082916800676,4.040598187891093,-0.6133542472095878,0.0,4.0871437350294135,0.2246220377609315,0.1828652425201186
17.451853205109774,0.08881287624422078,1449.9227862677055,0.17281452848836415,2.1182776571990676,12.255277672940371,3.9859736615699233,52.92937886901956,6.518989686128439,3.272986724737045,2.0467644483808094,2.332298876307264,0.3963854525955836,3.2183819774187468,0.38866379124688455,0.21728386671641592
75.91116747654767,0.05927962681547688,3002.838165540204,0.07250810122524366,0.9708475081804817,32.12613660228314,4.0,100.0,25.31363326645348,4.325783323949202,5.311687822844749,2.8167880142442803,0.592387404624552,3.4021405038016095,0.4683950377154581,0.24856462392224657
83.86497124528486,1.1130886693572348,2470.262189580292,0.07948292212568439,6.237931413106456,34.063612645528195,3.3279573709438623,100.0,33.61131441593046,6.109408474459293,6.250181611718749,4.115381655676794,0.9228731776631454,2.632618931736355,0.4339263349981889,0.3338706650240211
58.19788177468952,1.351337415179302,152.8361168876013,0.17894881654206743,1.9262351609844597,24.74339646571221,0.45690381518521583,73.6883559485276,23.136112412108297,7.083429097474747,1.9888730626066358,-2.961950893239063,0.0,5.0,0.0,0.10947630489692467
52.162582956313706,0.9892366664365217,1394.074946064455,0.1014658906066876,8.126488572960852,22.294469459399544,2.028829558524665,84.3534021725959,18.450986784552118,7.298903904226941,2.353783421063304,0.42172283161143365,0.06036439316209563,3.9489521701694774,0.09775330700932755,0.186464434402127
63.45088055842159,4.530210246224762,1460.3612415600232,0.14869950477464294,8.42631012690204,26.343931974197133,3.1839965702199398,98.84471139090826,57.013854168866786,6.385212987330791,7.334549569015854,3.9813073843036255,0.7381890907073949,2.987972796435152,0.542105078109442,0.14280137134863824
20.571293577188804,3.931498528734218,775.7159737041861,0.010537463441426214,5.734498839616349,11.82843758354949,2.0031033666680353,30.955020822756502,49.83390460159246,4.533418778213887,4.650302866269198,3.5538308816092616,0.6811902514171458,3.0463656708585205,0.28534001372442364,0.29085226907766837
77.17866373167865,3.3639484317923607,679.6089394276754,0.015720693986984016,1.7198544266907538,30.322778109589173,1.666846669594465,100.0,30.854944823786216,8.114991293079074,2.752144591129131,-4.4694501626745256,0.0,5.0,0.04677306429013332,0.35645863017925455
46.399300117176836,7.813408749082601,1032.7186596486192,0.04804563927495436,5.588962214954293,19.20715958466666,2.1958709473245426,65.8920992652346,90.11364425686988,5.28402836063661,9.160861060895359,8.313266911870969,1.0,1.219914299242149,0.47515243764523185,0.20018344609657512
33.528074952876175,15.086830734140054,410.95941360082423,0.18670922471196394,4.520474987427514,14.53675906841907,2.4345040060470446,41.64125663873067,100.0,3.651926300494669,11.08342836642126,11.551719230824537,1.0,1.0,0.6704028185467331,0.19429355669846918
73.29617387797511,4.709224812225034,138.15157778792982,0.27609450839050304,1.587615438991075,29.78042808123543,1.3194789691681061,100.0,50.28217657304204,8.50093169821441,3.7965075095333125,-1.5226093443750348,0.0,4.450203846827154,0.010351894484021754,0.11747596382333525
58.59164593601267,0.3572053264551565,492.7761597438817,0.018142058818954983,3.7774994134620976,24.60091137481866,1.7742250685207384,83.62526562558439,6.104743045545501,5.609747210743102,4.586297121575542,3.1304964009023912,0.6823155741453806,3.7590042422466228,0.16641961997331128,0.29089541931991564
87.98212067689138,1.986470582746954,628.2145304367914,0.3394058830111804,6.48776131639439,38.926790778778575,1.7458316015297233,100.0,34.00318118036178,8.591518495395587,4.516757916369819,-0.39873279117258226,0.0,4.643962090858543,0.24671088900574298,0.07999299562093576
76.70021557287858,6.021767228898036,264.78485208782945,0.15814694995991152,2.8112935592637704,33.409288199179144,1.0866663099373501,96.68543259332984,66.55588922527198,8.032428033450563,6.213159655113682,0.6929535571694487,0.0742919627101966,3.9612165245021607,0.1648859750072818,0.21012590897686956
37.33136609484031,1.393418770231698,892.4424960639163,0.3268250895165007,14.737765106483746,20.29254459145256,1.7077046421224367,52.96336501179043,37.26350972377578,4.736773667275835,4.857512250414598,5.498408699226106,1.0,2.4565747164740057,0.4745186564793933,0.07860069800359126
75.5652544859587,2.7481710388372793,1390.125800400816,0.3806360947733003,21.812131087046232,31.657234737007673,3.192658771611011,100.0,33.743129280458966,6.157181544147243,3.9802418416318095,5.3882761404478385,1.0,2.584082438672831,0.38929970160669614,-0.07081285147951448
32.23008557579827,1.0700649469409158,147.28211723621766,0.08897457842781166,2.836092770651408,15.30750248411833,1.506408027183359,46.47498988819741,39.49731406908816,5.806674410803,1.8138599053855535,-2.8991448121293617,0.0,5.0,0.0,0.12687173260034623
76.18067678678484,6.29639906993799,1612.7435396761844,0.10236531535239453,5.297750422065292,35.19885924299558,3.6048474369280337,100.0,65.51391666115754,5.60800105577211,6.880520959464514,5.916983268821231,1.0,2.6397929745229334,0.3584966167656598,0.196304548181738
31.988572904629887,0.1772549393973195,292.36339321251376,0.02881413628391067,6.529587394992594,15.778057237977075,1.9220688691527539,52.67890776529885,19.024053095563843,6.562167335030625,1.5189925671412956,-1.6135284892813317,0.0,5.0,0.05355311266498939,0.2859922162433205
36.73100018921951,4.783305783173227,148.7156675686319,0.28035045141794074,14.488530554523939,18.395893558337693,0.789810573098118,64.92730270801,55.989321920068996,6.927619362008118,6.342900883097265,4.5445981550248735,0.9170139470080478,2.704130007201168,0.4256007526165598,0.0352633835538118
28.3860238403429,0.59643473462275,1596.883042068322,0.2780633566073531,1.2497318335433203,11.988138411341291,4.0,45.61220815258119,43.25927066990451,4.290723252536172,3.0706937896898574,0.525844194102046,0.16852713701095542,4.060311062698976,0.10054037250221115,0.1392603598140362
49.866878706777314,2.207318005304729,223.6128327803337,0.11463534354820219,1.768423205898649,22.67434244945117,1.3938921291327393,81.66794319338216,46.999417150517516,6.528851699809719,2.950250402480352,-1.2743661066910255,0.0,5.0,0.06167113080070169,0.17192282513409318
39.823941799495756,1.6605088293078345,758.3602405250463,0.13652334939207703,6.505054710432674,18.135252063005144,1.7828590169749081,66.2918106909141,32.89794939894307,5.754121655557517,2.023712209923019,-0.2860858266894414,0.035186390054668164,4.6334767682884745,0.22321483608676213,0.2263892400410235
47.019119686798355,0.5635094035250117,1038.9358843490934,0.2955397622089888,8.906863298937786,20.83462413000376,2.2851498222799314,69.49740544951212,34.59377063865693,5.547870596136074,4.309318124838443,3.713801069579834,0.7691457154888544,2.9787371935259594,0.22817645489922608,0.053553031742374024
80.59831304462193,3.1735803883271845,1652.3478028333316,0.11019528291539274,3.668636128056547,33.183558515836204,3.02194941692184,100.0,42.49277635679098,4.936016533609095,5.584163544655651,3.6715156516627228,0.6879945568989757,3.653700807441373,0.15613960706858382,0.17440182662205064
71.69351567404638,1.1134142796010207,414.8237997328283,0.15431219818277148,2.453352037360701,30.200506505218332,1.6594099155546083,97.16000045415325,47.168809741700215,8.004050183027134,3.5570404519479792,-0.9296405672809076,0.0,4.479742762353747,0.0028245920755522735,0.16942484536298114
54.88748666509417,1.4570814561837009,1461.8556027944312,0.34320167137465,6.384163830374793,23.183657373578882,3.083273014217639,78.13148924516052,32.87027181573767,5.560004706814204,1.954502256132428,0.13558748144352256,0.16233205718274785,3.620838404137031,0.3410018740647187,0.13013792837467855
80.06513497244802,0.5134159768834764,303.71604077438593,0.21549725896309785,0.9777027887242947,35.76612199816694,1.2967931918529791,100.0,31.94654650468999,7.748795545890468,2.9516283881508727,-2.8480693584771872,0.0,5.0,0.0,0.0887310317447494
60.313435073555866,0.6651811214484571,417.4642272416011,0.11133915073870389,4.118445877799531,24.045843247474316,2.0099269375022297,83.60635180411776,12.46100880679427,6.812928078822381,2.5391048842312567,-0.24485547020331566,0.0,4.484751189472077,0.11038384167243802,0.2239273516150182
23.10438791675655,3.1312474827900574,1047.3796916795432,0.20692484144250836,3.675231898776696,10.055085324723546,2.5576678881535693,39.70880991977394,41.1690362294797,5.085881979519465,5.210188632942636,2.701901050587193,0.5378492465142367,3.2020829007314915,0.24616899730893965,0.23181635581720939
69.74536667823729,3.4984280680502216,446.18220042695185,0.09982049485274996,11.837618137618197,31.931922124800696,1.102521836603382,100.0,58.04384263536708,7.319386126815238,4.894782025783181,3.4373207390284897,0.5585079894993809,3.244299222256703,0.41658689283958744,0.23114984692362203
68.32654638283991,5.509552853915642,451.37400673550036,0.21383694462975847,2.4348670199919145,31.31491521709334,1.8674806026668418,100.0,68.12885707692473,8.297609303707036,4.703793562590391,-0.9665480775729414,0.0,5.0,0.0,0.13967318031102632
15.846569826162128,6.199469406578331,91.72522897836305,0.14238264735332498,19.06891359888356,7.638736757771256,0.4630166414676524,26.757615049743745,66.3711686681579,5.555600297988606,7.1537659825996744,8.566056481117254,1.0,2.627313435338558,0.515389575407315,0.19031842994414078
19.637882239664354,0.9959532817339829,330.8716160311076,0.062195512345901274,2.1284277354228327,10.238732818770021,1.5445821442564127,38.63122826115304,26.821587939492083,5.8407071733750175,2.333117112865663,-0.7941915902947274,0.0,4.303916585181771,0.2807540010242081,0.23537606978865624
38.421270229535224,0.9976456595750482,394.50359594411543,0.1321025263857638,7.811484113407703,19.831641955912943,1.9166580061765357,68.20517745445659,20.768033146339047,5.257747999575551,2.2615802327677863,1.9712602847546865,0.4049627596593866,3.6761111436056964,0.30414424682149926,0.22598510504372957
36.64857747574061,2.4031179610411213,1441.3720317071643,0.08944761792899823,3.533671104912387,15.709503554227366,3.017831081567146,54.19600132396964,22.736917366337284,4.586773772121003,3.7530214316521966,1.3728763682837495,0.2319583590986974,4.015062030643941,0.231492464334084,0.3290756756773608
76.54176802158953,3.672840323955872,1109.7883439298091,0.155547788527489,11.072822618019776,31.140564826046013,3.108396380272916,100.0,45.223923496410514,5.510159947487476,3.0452716624738434,2.6587172592199955,0.5174311979346208,3.0038965594073495,0.29491398269475255,0.1900280058549089
42.60767408340077,0.35869196241156215,382.25644641347697,0.15923417019202193,11.48082335361168,19.896542575204027,1.375351353725057,64.65052184154783,10.003745318261661,6.156510025356474,2.99221347585936,1.2442064959824455,0.3509431878316457,4.534614679452111,0.033851622497581266,0.12416063574075485
21.563941978309447,1.142709567533082,688.9834406926254,0.29811434950151944,5.855821937500573,8.490166202697784,1.4010664925264527,21.110846726784672,31.08527740627041,4.096600351757523,5.061102150799658,4.176092425944823,0.9259526610136172,2.549515514179698,0.510785231399478,0.03389561240165037
28.77472774751461,0.6075137555534598,228.39521299399746,0.3670728886174949,6.741678013401472,15.280525059366374,0.8454183347708926,38.55570367594589,22.532471442095453,6.5965777448538,3.2714505603658326,1.1413720434603474,0.1683378432035186,3.914025572658744,0.16467226945434466,-0.03141545429735118
22.688598428231384,4.069383425161657,1657.061299040311,0.16304245943253695,12.591346652518961,10.438446717860966,2.981574835974228,37.47121337828621,52.77572237346881,3.5311333911776486,6.574901379998835,8.418616080554365,1.0,1.478846664340814,0.7689350202436751,0.16847901349825894
22.463457207556765,0.5481752491076591,887.3648038381798,0.07056194616171871,0.5993294277090699,11.55090756255266,1.8294738187748907,30.580486004011693,32.34605834672575,3.904531286488374,3.1828293576979236,-1.4870384119041884,0.0,4.096285207551529,0.2634111404176504,0.20219697894152014
33.225980653278626,0.53248324741717,1783.4736304305957,0.2825673903236729,1.6005080643488647,14.250822679416181,3.46816293386184,51.54681727442516,26.970555411593644,4.528868912895699,3.1121394693417384,0.5627919518499738,0.18993256540816883,3.753320913263039,0.2146031933799335,0.12518463071159755
48.94209800027797,6.056724811828405,372.3388515389241,0.05135960800442669,5.814761929481114,22.442651547371177,1.224035806248946,68.43126594993183,56.40093007877229,5.684529066259729,6.144626859724732,3.8951047852833343,0.6073608844910182,2.814352676377041,0.38182020397507643,0.23199430293451623
39.34866721243043,3.12500557873048,802.7670280899224,0.22838220557948094,1.831839913780633,16.213903367473574,2.6098910872595478,49.145492068185575,52.8340861827553,5.333127156640423,3.3232886187238835,-1.0591831517036043,0.0,5.0,0.06734962851242313,0.141487123916902
77.29790297759654,3.087780354350613,1828.525275652596,0.12570998220557159,6.23938784719979,32.471086161502065,4.0,100.0,31.999177273153627,4.904590896716091,4.430714250806405,3.8397205735969213,0.8239678022271129,3.5791132470583706,0.2738098309341316,0.24027470246005636
56.01225494648968,3.916270218120863,855.3292434508468,0.1700951651959965,11.27752976745393,23.208984143706182,2.462463561065701,71.93230779873684,52.30314001651208,5.552048207863231,5.284187711586837,5.978980853258654,1.0,1.8842110157662955,0.46527847803643085,0.1761820971363958
49.53963164482563,1.075442615375317,606.8892113627163,0.22384818091830044,5.669579031486543,21.064699355144676,2.9843195998803265,75.26456710960929,22.67835562519705,6.1060406326565735,3.411038353475041,-0.34472315993249536,0.007035052776358547,4.2096845602425,0.11389115025059185,0.18821168045118153
47.046032991770176,1.4702206085380192,194.6903788351364,0.050338222578016276,3.6974173059908284,22.534712570334243,1.1689520434592462,71.2547258948845,35.906851784517,6.989119403046462,3.8785079085949103,-0.2784741889291194,0.029211969964528565,4.024857199713264,0.2092732647497709,0.33410729940497513
14.258035417669515,2.4949363202767825,481.5769839361956,0.16160398716657634,13.111182781403217,9.704866893657558,0.9262841067779194,29.46057383692537,29.399924879810705,5.230974085854294,5.54938174011971,6.074867326394374,1.0,2.266522761149123,0.5059356394414926,0.1302624053381004
45.02191291209862,0.6440954420876581,1013.5084515785543,0.24186222704652113,2.5235871071028515,22.80052585307729,2.8626521796903956,76.50742446925197,33.428404498751526,5.7771549031634155,4.7174749283831865,0.8628303070227519,0.24689216226839958,4.102887012466907,0.1848447966607161,0.06735581037001215
64.30593893506864,0.8928164962718916,1265.255950138823,0.20560133365566316,10.565716077284414,27.86034646502939,2.2351077639256243,97.0069359638064,15.953648526585685,8.502244549160341,2.995025633468354,-0.12933967055861884,0.0,4.998597777831266,0.14871631429774096,0.1537302451641837
50.03489031589832,2.222116441546659,1162.0919709166533,0.28399153846308955,13.445536162578964,20.77491690401135,2.794301636248423,63.65863185486377,45.84219320349361,5.136988807046561,3.045407467440474,2.70956496358437,0.5511306533145942,4.117225529688467,0.19076073278722908,0.104142710608455
13.313221756212677,0.8276147286220775,677.4666174245993,0.25926666392007724,16.981477337268764,8.028630176347919,1.799519512485402,32.504980943084114,18.566821259167014,4.87583334416,3.3366167745773536,5.291553895082272,0.8068082226232267,2.857013102346275,0.5444161778081598,0.06465421272727118
72.67589276241931,4.038344666355404,416.9957420826692,0.18956165000253186,3.7727683917367023,28.679158039582624,1.6326900417713117,92.34760108769864,66.0990940394701,8.450359560758343,4.477566240770216,-0.892393533120014,0.0,4.672288775487143,0.0,0.2067378171000575
78.20863602445334,5.640065949089152,841.1939417731262,0.12545268948571503,14.235689230462743,31.820328297753804,2.3315438011863616,100.0,76.31131525398051,6.094204637431361,5.60662937915457,4.717864008406862,0.984735046343217,2.521076921633504,0.4742440488025087,0.09798370496113226
62.569531676679816,0.14780923152294012,549.6950230646654,0.07825426851106579,13.62542471160962,28.058952777139265,1.0660725067090442,88.38107410403681,14.51493902685359,6.256932484136605,2.5183420463882573,2.1333596298163786,0.46707473905037616,3.6522570942524135,0.3320269733976494,0.23824982550003607
44.90877957578334,4.582042977897098,553.4058252180802,0.3009906642736681,2.614128995100777,19.517854571348543,2.2256669182763105,75.10635966805384,65.44620146731242,5.713696085677867,4.17032108343871,1.3449926967849195,0.2748743745136849,4.109036727018087,0.20714360138530374,0.006486817358400787
38.51328498402008,0.9947475780513878,423.4966589106163,0.29724717860281064,2.0203400406225813,18.576521658606552,1.7491201068622904,64.58332666577475,40.85076083828031,5.0537738586513345,3.828660726308467,0.514021039387934,0.2507612466636757,4.361025929268717,0.13451700026971813,0.06386088357429283
44.177162828087475,0.37157554036877555,335.65660036422474,0.11823110671866834,5.575103613780687,20.287730761644113,1.307147477920856,74.54180896925746,18.276474248356067,6.7172724818043825,1.2826579001991658,-1.36164812761515,0.0,4.360968362441712,0.0,0.30351294947016083
41.43530792179845,11.616541143520031,1798.6758000564892,0.011672891081821176,2.2887739624242327,18.328948890455717,3.7602871604550683,66.38420807201864,100.0,2.943280358089969,10.715873570287139,10.782226774536422,1.0,1.0,0.5139238012991298,0.2598609355523299
8.218569977204826,1.7252218880736434,704.1256227613756,0.13663806356579175,5.2449264058335965,5.9341146829079685,1.8168771082801114,23.30401200975493,25.34612658272507,4.5183284858301285,2.9724060330770414,2.2909717758721886,0.3957001799303568,4.026112679397015,0.1569434486639392,0.12029314133150373
44.63107521223036,0.5877988291849141,1629.5412052158088,0.20210510731867737,18.336744721197032,19.84917002795326,4.0,72.80198061514918,7.618092984550202,5.313028507888214,3.6773189275142615,4.854353864013622,0.7724908517827579,2.542507105560726,0.409330533021407,0.15672121445789117
35.73875620265359,8.377015484561392,1053.658811452336,0.15441400502908584,7.585512641618094,14.898140683296088,2.0943207668828356,53.74064773715712,83.22168044293497,6.184085655944738,10.297834206635734,7.880941041207228,1.0,1.524603757030298,0.5951218981371252,0.13271488105232607
26.457595007901162,2.625871887061792,669.4792337056346,0.2783581536855897,5.169829212048554,15.424469037442254,1.7329286884494346,50.95774870918915,38.0426786549147,5.667019751310537,5.338970528558789,2.770816619960124,0.49416716203821637,3.6693588581576217,0.36755885364335406,0.11039493455514557
16.099136782561395,1.6186951686956734,644.909438362294,0.11931722467664727,13.418135949637467,10.300053792032173,1.0843500889701732,32.43883604360793,47.46703488279647,5.918930345830518,3.6524169642054205,3.5557316213111783,0.8084351257484989,3.129440526996757,0.2982981145332239,0.18735350598027314
100.52036589311948,2.8434166845262108,895.4564171082818,0.16769968725021378,3.135305585908568,43.216937995381066,2.8686394604330303,100.0,38.3711189667403,8.081436832075333,4.907075319761675,0.1388393227189081,0.09981060673662581,4.3933253408464905,0.0018831707554733956,0.14375747735910288
23.570236212563398,1.158205628254879,1137.8203341332871,0.09397732957610534,4.943469906299007,9.99761916042769,3.2462116480011316,37.52297086210181,39.68645249573474,2.9071716628221727,3.7562600360249183,5.2813029443960335,0.953409111652469,1.8138698359087493,0.4892275620013365,0.1933586267140297
44.308690628198704,6.059159801739513,924.1928111215129,0.17252717624400365,3.9356064009113876,20.419749408575953,2.3067665307904908,71.78377537970887,67.84424193829096,5.823643001712446,5.908784993125113,4.292415005918583,0.8067591801812997,2.908797477873164,0.2612336844817015,0.16377982255475468
82.32532244611056,3.6976947684038803,1777.5800357976432,0.07744580196819606,8.957850454370572,33.57923393979272,4.0,100.0,55.86223178547281,5.975454726986596,5.211784504422743,3.0125104715652045,0.44691080289036544,3.1656691877340344,0.3577666726895784,0.2975403025026958
22.90696011490268,0.9693958321663808,1955.303115569443,0.11350461795119142,8.69355640340771,11.445410503931042,3.7731713033836924,50.07979470500295,17.775117120419118,1.9645058171307743,3.395730726269625,5.314827950108661,0.9404878240724868,2.6555834787214905,0.41572026689129793,0.18237234722674717
39.286244016932706,2.7969114272681073,364.0308704528606,0.24331417483752316,1.627588848628236,19.468928872307124,0.8930640033533107,57.380252099587935,41.09951387911433,6.921071838908371,4.207544030749222,-1.5355542979558265,0.0,4.67148412003984,0.07970411605851686,0.10768939718490221
62.25720275351491,1.2244327747819839,316.39132667160965,0.04585479094756391,14.945857319657176,26.339438508071165,2.0346519728385926,93.51933040639953,32.58004829884521,6.766826748566462,3.1454816809028348,1.2574614640496053,0.3531226372678257,3.99924204600232,0.23397946653551044,0.29760786653606386
54.19010818165242,0.7585383376215005,322.03451763887216,0.19948981527855777,11.4083218474799,24.10934220424732,1.6637247087086777,84.3139030882422,26.658998107740494,6.5490969979643525,3.315763783187223,0.3171342527191603,0.22192983253430734,3.672355203169091,0.3939562503232045,0.1173492147536129
93.78825510551845,1.7615400054445967,1024.986111737262,0.17385302407915978,7.542355125569768,38.28404245866753,3.0037080021245934,100.0,36.40979029584456,5.096412275121448,4.247015400999515,3.059322506520969,0.528704430126277,3.244499536358459,0.27826802985962384,0.13292790129980056
52.477893357425614,1.7912574464776232,596.4605946524059,0.042446119400931924,2.5299084521183106,24.039901721421593,2.1973850592297475,84.82327856316917,39.41279079241632,5.958528477110684,5.797066710794235,1.7692480613076822,0.401615586351215,3.798986030282465,0.08274076852471521,0.2702703916116948
66.38359087142494,2.267778074333659,415.36000479229216,0.09205498580534996,2.7221607570185116,30.52173723420022,1.4901145872900583,95.60002810423424,38.38366350090742,8.201337641709648,2.3722785702169347,-1.9479082268176509,0.0,5.0,0.04861042071313938,0.26596152739047474
86.89177907528172,1.0454033248733723,606.3437827340687,0.011930811750616367,13.833337042540517,37.01105865620173,1.9804092075377795,100.0,40.812464215902565,7.071377962464989,3.9359662624100453,3.5105664991386076,0.5899250559020809,3.393247386651481,0.32461713681582394,0.21057601998046727
81.45569301157725,0.35981833736301744,1179.3619047206444,0.22031726373747795,6.383419058732411,37.35814096467121,2.3535680756963915,100.0,22.33214955366028,7.8316331191092265,3.5598514770528973,0.11893469157200115,0.04686835316861169,4.587578187526208,0.17066014065932328,0.08569041588193851
78.72755758513935,1.6385138233356908,813.8165576581505,0.1683089901328163,2.7636336887574937,33.71543772760356,3.4425275652972918,100.0,37.102654429862845,6.04303507382141,4.082586042476286,0.2916985476979767,0.10250435099851728,4.103147601173347,0.22866266599917054,0.1157817448723184
29.927064166621467,2.099245773771755,404.37017487062735,0.2265996646466155,12.616425696544082,11.201442325670383,1.8654465050913585,45.05403196376041,31.907386889300472,5.098044161819056,3.349544234059228,4.189384837102471,0.7250212931667629,2.2175135169028755,0.6195075934283549,0.023185186092213567
81.22278849618768,0.032866938123743104,161.5274982263912,0.16226273667965477,17.997367035151065,36.20361041688308,0.2233261708402987,100.0,17.59291383572858,10.429732773829455,3.554648014760449,0.050677402042619724,0.0865601991552407,4.19086106344154,0.16778916993818513,0.12981695593934517
81.63386394979044,3.049608323569452,246.9303844402433,0.17950215516193072,2.3059295335203456,35.24070381601751,1.0336192020677548,100.0,56.40261391910406,8.858497169399524,6.585155021254074,-0.8123376617207374,0.05260909458117942,4.328362236906174,0.14236302095716838,0.0872838797916434
29.676863078539046,0.49116382106345824,221.36354421440214,0.13642890812277308,9.187563945905282,12.580190122320333,0.9319499818111103,55.7769507325005,29.992440712340475,5.014441006028949,1.899558616638207,1.2523978713927697,0.17817125621504065,3.66169647367485,0.38134096546628826,0.1850576667132845
71.28695269514806,1.0950677945833511,1339.6976689149608,0.3237448746484439,6.54315606493244,30.150586443052305,3.691895459664781,99.52146139196438,30.269299859665544,4.652916680208826,4.331451707989338,4.041252954300717,0.7079002097127383,3.314107419092519,0.17124164138749146,0.04846769719054213
69.05718866464095,3.0658148332136577,634.7193345018287,0.09695628207416303,9.505050924171218,29.687254304767283,1.4159264996779712,100.0,54.387534754315446,9.487076617820458,5.527194087191789,0.4626264666083198,0.1920547669177533,3.9136576062385466,0.2413986119127598,0.2945399163514384
66.24614831638985,4.867257339131126,161.725026203421,0.06655065243858184,10.201512571244972,29.88373838404235,1.4688450774171562,98.18590642277591,66.01004828993388,8.805843828478038,5.180289664333699,0.30407066472358324,0.12092664447374485,3.343116524121972,0.16980930292593305,0.22982452315799126
29.76769105044103,0.2903872830637792,314.09514775227876,0.07006666183171731,11.350372984750619,14.867105425123084,1.9576416027155685,49.6706257364995,22.140438804819652,4.746585121832646,1.8915218608787299,2.28768915442403,0.42593065542514624,3.6796232578129713,0.2410443925549013,0.42089662082573676
17.969810066483003,0.12266308418177857,1213.6859843706616,0.167876008280036,6.511439472591018,6.744439904218508,2.5909865985415186,32.31494585512539,12.710869852619853,4.634488530550087,4.910538367395675,3.937805004290385,0.6742319262036262,3.362925367095009,0.4569938152702091,0.23204504011306132
32.06941381797681,1.7487391658559728,449.5432951556021,0.0380631806902099,9.362192321735751,15.938916597684475,1.6227679773012682,51.954296518278596,32.709763368104625,4.622138582559609,2.4008297120422983,2.2711019216535795,0.45919138578266594,3.122009469169684,0.2836148871998547,0.2652967548747179
36.975950363771446,1.7494940195182278,359.1305465229879,0.12328060439977759,10.202424156471839,18.335853029130156,1.7338476825901115,61.31250293280458,31.091814193808986,4.72673993761774,2.167925670996132,1.3052966602705611,0.3532918324328952,4.053237196180494,0.2732077164173455,0.20660852445097158
78.22428865196522,2.3584817308616493,385.9290822384406,0.06997245082142982,10.001999092443207,31.607422077229142,1.0249644708443326,100.0,37.7029236590973,8.352325778269845,5.490132293246786,1.4668495644742163,0.43372545829486997,3.127317597968788,0.4279917122862894,0.22891727767848322
36.36362918697529,5.538444653769606,356.7133904711861,0.08524713682586695,9.135952125325906,18.388848170404962,1.79655170612606,69.68633262067593,72.14565498536659,5.205235136884221,4.330275640200331,4.40757783785373,0.8492547615207733,2.9627805450604208,0.3588303909329665,0.1833560115155648
83.06595958262652,3.737682001988351,2196.2133811429994,0.0233022417132631,7.1480059026825815,34.86569266126448,4.0,100.0,52.99792019540998,4.958814061309029,7.672874071527051,4.727950152815267,0.8947328737820179,1.8970141200404402,0.4786316052177158,0.3024120492540795
19.976747469000053,6.986166325679962,105.6153360660457,0.1020493701784043,3.0923623134867473,5.559846853997138,1.1111461897524875,30.932842873136334,77.95561480933067,5.792529887734835,6.493609875894268,3.98187120757175,0.8478151495351971,2.2136720500887686,0.42354977043932296,0.19624267600236953
65.10391586282276,8.634484368655755,2096.0532907947995,0.038757457376787,14.316448430541069,29.360059363476278,3.051419521348236,94.8639334254411,97.3429548178002,5.3130076578649685,10.026201890951427,7.818317325192082,1.0,1.6642430756676585,0.5412709015613238,0.1691448162214531
67.8894448839135,1.3157198796161078,214.16120000006495,0.0844516797258052,13.866865503737781,29.147897125832838,1.304498760990848,97.91350305801208,31.2331480848746,7.1712167564989855,3.857240872495192,1.171341763730028,0.31011680320799073,3.518295369400262,0.1715844823425385,0.1783973269151778
74.47212823952475,0.26914573456577234,610.6615706645835,0.22901911360202074,22.40393451386066,33.20975675670971,1.5840427461201483,100.0,12.133911770930562,7.657728210846341,2.7290620085836217,1.4138833208398685,0.3847318792652455,4.214322159214655,0.17806931193968176,-0.004249875229237587
50.51446247333169,2.9488204434890526,498.50893300487104,0.20154298231945197,14.243816092519939,20.13545824145322,1.9583246331805162,77.18693640172474,48.803786302488675,6.09828763829176,3.9871468482624715,3.1242410863057555,0.5963831716237523,2.724892006817419,0.21429061714127698,0.09685579844081382
78.73053531334973,0.26521211545156587,554.530363837399,0.04983896923356209,2.69982271292617,32.83856519780834,1.631358186559108,100.0,24.301648511624226,7.277669465632259,2.983552175319844,-2.535886599608819,0.0,5.0,0.2835511276518836,0.276365670243784
39.325922180912414,0.8356761419042403,1754.3180766153516,0.33849683541861275,2.586299988701135,19.451949640803058,3.7529195361115435,64.26353992542676,29.009406194869467,3.5203613950422756,4.121694353582083,3.529121991630473,0.719812058960298,3.0309687109416164,0.26502412265256137,-0.00042169284230980306
68.92610753059634,0.6330636682205881,722.9900381031763,0.3489019579119538,1.3038353236327636,28.61934280327666,1.5870513759271523,100.0,12.434862823446194,5.991490414755627,2.185074511504693,-1.8966575954092173,0.0,5.0,0.0007968544468377123,-0.004892128479633658
17.551440554372505,4.118269707237015,1131.6295351896076,0.11753650060814638,16.512064472341805,7.553596258646732,2.906581941948221,35.096602187026065,63.38537139815203,2.5669986706753405,6.8403859732065255,9.222722827038098,1.0,1.4355079769689967,0.6208697857312786,0.22975456473362899
22.855848459733874,2.0122474573496114,384.8354029751868,0.13496628860155194,6.128934440557143,14.224597689073097,1.1770552292243628,50.572712136927876,38.934203428486306,7.179751741397068,3.995101379897657,-0.21494226548636397,0.10465257323756776,4.7092473859813095,0.03915275355072797,0.24407264651682692
16.440665900100726,2.0042820221986157,945.266251862696,0.10783918384229997,16.96781981857274,7.017158733088907,2.1848216265225937,29.055189069398658,28.731657129382167,4.211124101408369,4.981462839463314,6.670400412198169,1.0,2.514671720476273,0.49645813421233814,0.18397633513767836
46.36798016252723,1.4957040265376464,287.7366153286188,0.2343609977352068,7.196473705296291,18.57471401598903,1.279069439412974,69.90175468224089,39.44875959320474,7.236626776408479,3.088166231962533,-0.02481447195016423,1.4482669590677733e-05,4.847574292234752,0.09160699765799211,0.16435344146334013
44.40934919089009,4.476388823017039,213.60184509173234,0.035609697882368736,5.901483903697304,19.691684614362288,1.7355492697304535,68.06949761017506,53.49617067560259,5.911094573351778,3.588116131395855,2.510111104114651,0.397157539881762,3.540129362258661,0.18033085751295547,0.27529855849938967
66.00234068937954,1.8100282424881982,334.544540022061,0.10253322948075527,2.2358219217010102,27.89479583387514,1.600538741883344,96.37392879329548,25.228515463018063,5.942850366510534,1.813227229630117,-0.3541482547760353,0.0,4.9201261789883075,0.12354704489982121,0.23455203960841797
80.13934694485572,3.660393646034413,470.7292329788667,0.1315906517186182,6.949285177398765,32.79101430563153,2.11251592827839,100.0,52.004460346163384,7.955038130961643,5.121973190761944,2.160969794834921,0.5524080813568291,3.978553659748173,0.27540279549895813,0.25654450817497365
61.10202746754494,0.6243467334987608,345.08231015511024,0.13786640946745254,2.2530253135441924,25.181090425471346,2.8260609600870383,89.21568658076438,21.573651154311015,5.267075796186018,1.5826188861157626,-0.2972716446370045,0.0,3.937491354587575,0.19252074462021382,0.1752059032271647
18.274646457450253,1.2087288945206371,946.4626425618484,0.10815156290052166,15.974389096315614,11.114900969801088,1.9037910257106514,38.125000989220204,29.439294196501287,5.000806221226182,4.20730956009519,5.040747521836889,1.0,2.1023227708491263,0.6198597994974766,0.25442244272260167
56.03053752696473,0.7846611324683976,2218.973496866924,0.15631253049371002,13.876925928779576,23.836926176236915,4.0,74.66081221671747,29.738774310314252,3.937100657497498,4.439939529133797,5.90357127668714,1.0,2.4364395170553053,0.4667650240977117,0.16746379485896085
25.40218515238893,1.4629410172662594,337.37259253542516,0.3064395990862406,1.0645049141265333,11.437396236923064,1.1082310500624508,39.37404173905663,28.032772382620866,5.760816701590315,1.4297982242860285,-3.4966735362609698,0.0,5.0,0.1528534757161637,0.07101800907728512
33.99192514875743,3.4313933260587675,211.16097159865657,0.21672091521802245,6.13758437425197,14.028549257493706,1.0496318121667665,47.648794942401125,42.295564124649914,4.823545459647974,3.97611246039641,3.1025459103942974,0.6308802930419681,2.989251907909253,0.6137712883015501,0.18715450328334832
48.266020812368,3.748589399057295,73.68977398224882,0.16318237777660188,9.496668989659124,22.035175546217197,0.9075224062058003,74.96766926311918,66.19232158143915,7.406009657360586,4.889398324397564,2.254983378795036,0.4313239271839786,3.9679038300350298,0.13711250103904793,0.12178316605701772
38.4362891920299,3.1034249129836873,657.6915648200694,0.29548256171216786,10.619940551375038,17.535054951993317,1.3782546475607738,57.55719450823812,38.82861352999432,4.913157396328435,2.9132142134089074,3.1329085738214233,0.7504687493111706,3.594627743173248,0.1847589672161396,0.176748679546207
62.00136315967865,2.1922855414757803,510.1629132740161,0.0933387139897805,5.469709378822695,24.188385276432022,1.0232197594908503,81.16673545936665,46.7141142888854,8.218496566855627,3.132175700476471,-1.5860474651441423,0.0,5.0,0.20874682705701786,0.2404480046061171
14.433705499902945,0.6100653012842958,1766.5718052697628,0.15259568967260434,2.728524767699869,7.672034182679254,4.0,40.94547755709451,21.94379506681083,2.897597145869445,3.0232893020522464,2.7259862967974517,0.5599437625401422,3.789620154804829,0.4531138462807952,0.24834213864638272
38.85376891403048,1.1616759127987417,770.6455725203449,0.24907668473911157,5.927648850148579,16.98300358167081,2.603256386148514,66.26205700438977,25.58254862663773,6.587517438313746,2.4864316581112527,-0.5665841392677142,0.0,4.842074971317178,0.0,0.10565443639858532
68.25903126161884,1.446134794708874,331.80124837716806,0.20975504397808858,7.258608336943544,29.604437172133128,0.7260719802334229,89.71311072317758,28.169866126283885,7.2952147161695,1.2527637230070985,-1.8427416681581086,0.0,4.576507071904988,0.22721711095240693,0.1528234367103372
48.47850633461613,0.401131091241025,1076.4432810921262,0.19151621862777915,8.927247644031036,20.490080179839175,2.936528382469131,76.8585425888053,21.506488149507536,5.841388464279785,3.476634959842473,2.7208512217319845,0.5465003459442493,3.395552259469617,0.15835106975899912,0.11788070695529194
61.99535462663171,0.9312691112523844,899.9076709105756,0.10799785827124432,13.867157612415832,28.995195652756642,2.187243266172784,94.78948830237839,11.784994188317322,5.1607523277504015,2.3956203928924085,2.854767633498664,0.5972798219266735,3.154853155305686,0.23326717358911733,0.31376635118995133
35.24325274017206,0.6403343121117351,76.96522164942736,0.07771399146913585,6.79580268385842,16.99814892547223,1.2123181269245187,59.06637420212448,24.94383770203913,4.768192725833644,3.1572979737892894,3.3055036412459997,0.5563531648071776,2.7473260212038384,0.4637959765098709,0.32101109314760196
13.853377477515764,4.041888974258592,1353.7432174720013,0.16410524339530663,1.5517819058860414,8.219914217336951,3.2607473178958557,37.08770443375377,68.13938305323309,2.941116721864054,4.397451789708667,3.2550907432933007,0.6205233628771342,2.8516111002342996,0.40300078731712446,0.14567512521372017
40.41381816361006,0.9120381710325504,1601.4883997702957,0.2217977195443904,7.791330876109834,21.404180257899732,2.418155748387881,67.41500096677663,26.027085276012695,5.168956088183003,3.7999418036561434,2.846985152457793,0.613007612309203,3.3315079244020316,0.2507223937035964,0.06925758135915286
55.270378914653854,1.7654900858263025,363.6422430790679,0.05570739239611717,15.963683040904806,25.37341330307104,1.1163467465888872,80.89003544242566,33.9851746389442,6.606802341609518,4.809397972163178,3.9370391599609156,0.7492749461313999,3.940917336663193,0.22528432681515506,0.21770652521041226
30.659522082281846,0.8108668661024084,746.5751584687661,0.10127004024380837,5.839153572536494,13.897898964948613,1.8495244850204684,41.281376902343794,37.65362636388913,4.665597634030826,2.822781252239802,0.8005162353220745,0.13492446228724897,3.3717210212173487,0.23117913012377475,0.2648945988505458
54.4017033648422,3.382909444239487,55.65831981393823,0.18866104472062273,9.57438463885062,23.00579549925513,0.7153612155936189,73.85745279526975,54.33176803995685,6.819914087768085,3.0866058735934745,0.37886033878381564,0.0,3.6124157972184068,0.16945805615593398,0.1792150341876409
38.139575734703364,0.7784453121014105,643.0746091709613,0.05132883071469269,12.308433781643181,18.37199102128559,2.1069561741919274,64.2618278992599,18.178694062227848,6.413450299404634,1.9671453180625653,1.369480285799439,0.3659337853789051,4.117175127191635,0.2284264083862772,0.22590070907534415
50.31335186367202,0.9349663408705444,320.34808967557655,0.19302380240446473,4.71114819050686,23.961930118710004,0.11318900999207648,81.90071894009874,14.365789106825416,8.306300732009419,3.9216460107376454,-1.1594403285052857,0.0,4.868436924994313,0.06383311729347434,0.13132974003124523
54.49749524314585,3.7979991371084876,880.4474029164478,0.0946541880379254,8.865337629561983,22.829737377018596,1.8001311724702838,82.74507177814273,46.75237723154212,6.137231712219235,3.957569022191375,1.67544879567614,0.3548937464776001,3.8206403636627435,0.21652908715698307,0.214576494092871
51.566031738927435,1.111591175743474,244.24891753383795,0.2701762179915013,5.278699718636869,21.606666321870467,1.2321391654795317,82.89532129739965,29.22061168993187,6.9986130952702315,2.5947583898620312,-0.46587224707267266,0.0,3.087001630892058,0.3872712967087068,0.08575943680154295
63.78921109885201,3.4930020844134337,626.9910493708361,0.05900290559197703,10.593903034332186,29.625992201941525,1.5081848367235524,95.65000187961527,48.137827466282836,8.211976252467416,4.377652738366513,2.2312173839376,0.3983594322348707,3.1157342996849935,0.42447276406424606,0.22151869974617322
64.07879862726463,0.35185663225670755,1206.4231283851536,0.3056174459949728,10.210636331082034,27.233464615958834,1.9695818178630817,93.53755383099966,25.960982104322024,7.12831582385628,2.8673747403543572,-0.28548769740466184,0.09680427857688925,4.1224911608433885,0.060553082290657145,0.07620006700927795
37.7407155520849,0.7907345648743652,418.9100506751796,0.17771830078283765,2.9174424778963637,15.055967711622282,0.8874196650527316,51.56278613292556,21.924509869863464,6.081636435899931,3.3742661650156642,-0.6570062213404204,0.0,3.8844455483418225,0.2687369659928619,0.0626015754106808
51.78802201812048,3.204278527843064,767.5877884332356,0.15545220824651887,12.555347856404653,23.250459117855712,1.2742261781191353,84.4566104155279,46.00313708952547,7.0386310562211944,3.9584911359417347,2.8566066313935385,0.44390925450307,3.7099959031131235,0.25477386594176804,0.14948489490734002
25.046392157784975,9.387286374408578,146.9266380161684,0.3147876290313098,14.929923008542403,12.16301252410852,1.674534833007426,37.75816200710902,82.71844721825578,4.961526614517836,7.61364866419751,8.036411843862712,1.0,1.2649385192890827,0.6165459285595944,-0.04089353980123063
55.08962745535823,3.4617427823634683,1554.9428839312825,0.3596950272581997,2.274588083230161,24.962032255175746,3.5147514744182855,79.52504044169675,42.946918652196935,4.249404614671788,6.830894011145471,5.066474229286185,0.9870721370777815,2.2313635533029803,0.35559022000262297,0.07699694263898277
37.70950914089868,2.6212071532457886,1304.0509239117937,0.13738331086258387,5.028152089767425,16.46556791397468,3.058350973162956,58.31220137891096,36.740415757679436,4.8355750936106014,2.195177346247568,1.3412492552259865,0.28321818123219245,3.5966329116549325,0.23139097867507594,0.16744326476120902
91.69254858119643,2.5748688263675126,1475.132740854874,0.16383177323035328,5.69227157310776,37.91131707527371,2.5243137392700543,100.0,54.92689759854833,5.702025414552451,2.8457934068525272,0.17939103403239665,0.018670830774271258,4.063538253716458,0.0,0.1489890629841905
56.959307697151814,0.9608987568904005,529.8913152135864,0.27634978836483215,9.334647660965901,24.374358487027113,1.6212603402769914,85.72843809040803,33.437632668103234,5.766780932529551,4.523600066150507,3.0516976650104195,0.6521968005751009,2.5749901395679786,0.4487594985883064,0.10230048202829199
74.31473408658245,8.376190810667675,311.5506716532552,0.12263108685235892,4.497267261316498,31.06210054717052,1.3639404755488558,100.0,78.55877040144239,8.492915050012773,6.739768993273521,0.9068704206633433,0.24558038732123091,3.5529435964557923,0.3137331837328281,0.19213102033142415
65.29014363717957,0.7401295500646281,54.316920804015844,0.07472237103674982,4.4271661653284236,27.196968852625208,1.7461187449624518,88.01498678866905,17.456918351820192,6.075361955311223,0.5367597452677207,-2.101245180251269,0.0,5.0,0.05025988873923197,0.31502144899947915
24.72753245826599,2.3462795519225033,674.0699975547184,0.20009860901298634,26.693922904565877,11.860368606583652,1.6237287096943573,45.036564752248694,44.40280976075528,4.645378999583845,3.308482864011384,6.633841536490138,1.0,1.939105601565486,0.7388869328946982,0.12832083889335402
43.59196794461582,2.217415905751932,604.456921214412,0.197073035360741,9.556129982461044,18.28676393286016,1.5503835944566657,55.53251261079665,26.728015608243837,6.034091141061573,4.893060757674262,3.7061720635633715,0.5905188878606383,3.308756895269902,0.35176790550553877,0.26026241047815946
78.61938819731358,0.3570419686352152,749.8618615051427,0.17317939982872238,5.682628892700117,34.44414804230393,2.5962074187827766,100.0,33.33041164103305,6.676459645761204,4.41725390103051,2.0478482121519423,0.47741233538440153,3.644131987536597,0.2913738174328791,0.20445498052283792
34.82459328281035,4.0498798332477195,387.65968954968565,0.10762536963873441,8.095704686278543,16.52291254272094,1.5487187729894107,61.22393164681672,48.125778651099075,6.371930099652427,4.824882668599638,2.6206817916007115,0.5449736621814756,3.771727928697201,0.25054958978333935,0.24633802770484564
86.5413959649093,3.7877930553332004,922.5068446217227,0.08938953720506518,1.0550906766533366,36.31016306035631,2.465826775043477,100.0,53.625950860862595,5.698198280571236,3.016390116296826,-1.405003476204818,0.0,4.280918375304355,0.09504005135045526,0.220983717579276
51.47558553407117,0.902011269164499,1369.1709675513403,0.06518472304811936,2.394022941993928,25.289706064551634,2.6855901510070144,73.56332494579806,42.64567565939542,3.677682644021111,3.802470427880917,3.107880833427616,0.6678847729108732,3.0448592430396517,0.1377782129282989,0.21890096560021888
42.85742492088405,3.7493720149474936,1600.959890735599,0.0799230423486919,3.592979543531185,21.12195322723379,3.4446648585728337,63.80089985555492,53.14813637132402,3.193449082371154,4.88395058900009,4.955054886920209,1.0,3.2608880435965326,0.25482265956566436,0.20817726373893736
58.414797229595536,3.8256176094921805,1009.800103507963,0.12665597955939564,5.895202471079132,26.281991387849374,3.3000361840769408,83.60298819744222,52.70025686219924,3.911454204072943,4.533493672848629,3.9660048843541214,0.7910227332945876,2.4094544669493123,0.45991137054219416,0.1604229508901027
48.38076367468899,2.7639839204243213,337.2724080150644,0.20868525307052893,5.393815298153863,20.42154329623151,1.808181570877721,72.84860091529737,31.722709644475106,6.4500975158823906,4.828739554741619,1.0921147826294266,0.30433365501608184,3.535351730651096,0.1609444026788932,0.06456465715001909
56.6076641316897,0.9063169778605352,853.2522717861742,0.16687814998778783,3.3139976340935204,22.84781311773262,3.1352200900617744,79.85030472935559,33.920853971651624,5.000882906299478,3.054175338970799,1.4561670497781916,0.27313592952112453,3.2015370694399916,0.31114186224850365,0.05745790023361405
68.93369093139367,0.7648377672712765,462.12425117713394,0.07378671875426258,11.889539339205573,30.638879019558974,1.3291136658707035,99.0836899223661,23.231169928261025,8.252297366902134,2.0045933227844794,-0.3916374782510744,0.0,4.5802861994005095,0.08615922921685051,0.2638580363132305
56.15756920173495,1.4841977403971336,1317.070765130904,0.28317448306996157,8.544372577154004,25.46226222650566,2.7979456934596776,78.33647308127115,20.42293176222163,3.9515882634062054,3.6273254873230463,4.4124848922497275,0.826556502573738,3.122465675591629,0.4667346766624981,0.05209822857019194
27.219087947336902,1.1635053642012425,823.935331630877,0.05036130060306862,1.6539068899022469,11.720790872029047,2.075856821118898,31.28752414257427,34.64099748452822,2.5031180085299143,2.994239872743206,1.937068307805053,0.35988680679594437,3.628802727948737,0.16898876324623996,0.2143817932851227
25.859050298260613,1.1387663561714225,840.3313201194516,0.22159339601371283,4.595602472163227,13.821560760386507,2.3617748317375153,47.1573259344167,27.36093560060631,5.491038475695387,0.7265708215689872,-0.37052838934429355,0.0,4.0490120100997675,0.22056354238556114,0.09939868684706313
18.607290993552095,0.8465868866931038,1907.6047133956827,0.2581442140058842,1.822448615569595,8.047952282922903,4.0,24.305538557135655,36.46085781963447,1.5584728592187738,3.8956992430576274,4.8570834333593265,0.8213323273526949,2.9529478678454586,0.29386308963932367,0.1544711327733703
37.613182669771525,4.186594278276431,1040.3245987418225,0.15876680690356365,13.263497665219937,18.159112012270192,2.309930068251525,65.86097320671999,58.99285688907071,5.571136015326901,5.899118597349482,4.733936097151528,0.9322404816580461,2.0374387549108275,0.47131412274876844,0.2918531156803428
85.95404233394969,0.3081015590432288,502.68751128673347,0.2065537099130289,14.411049422790283,37.88090107525947,0.8828949046798985,100.0,21.90338592128349,8.693413480847836,2.0045399101523693,-1.188193694354045,0.0,4.533168738830353,0.09703441305029974,0.12703232471143608
38.27914889805289,0.4780989004405682,1218.8498575415456,0.14018651406623944,12.33308149495066,17.08533551093305,2.4999104797981375,64.23701126180056,21.66047281975578,7.211045806587688,4.203222172544627,2.4581477380087517,0.5431529680184504,3.0604909991397244,0.27465527846797627,0.19982814777017965
25.58238134428531,6.969405373399176,1078.0165719391766,0.13698079253831563,6.248670780960039,11.484501043779092,3.1224276412506655,36.52630375871385,72.82615730786485,3.28067957970676,4.652609522444156,5.8386736294675465,0.9909061014248141,2.9669730729059984,0.2811038969814945,0.23460099518114036
34.96862885764363,1.7312754298830262,221.7847092972983,0.07129984620778292,10.012449010079617,14.286905222298268,1.359376760250145,45.39311764670643,30.189262996712454,6.201757372858532,3.4616635975401224,2.1893373726021945,0.4016066926435852,3.3214009362971098,0.20848497469287158,0.2948440364468291
66.67489374494937,1.0398998147415497,678.0116638422892,0.06814818335163135,2.0955072039779057,30.779765707664644,2.512028253762461,100.0,32.57226380160781,6.968567115446812,3.9730522268529116,-0.1569883190825654,0.1625713403130798,4.08884923348461,0.20187615063401224,0.24195719989010575
91.47327079102286,0.7998028855898152,458.9400753720504,0.020841832068593115,25.489245964051662,39.351135366684986,1.2279530548622684,100.0,22.28808437295348,6.861694872817377,3.2521437034326945,1.5341638387532455,0.283855078955619,3.912408413333348,0.09608730937495481,0.25916975823130306
41.187992996969285,0.6411873227335212,55.394939765020226,0.1024107882392445,11.203256929438767,20.271455654147356,0.45473010094103894,64.99664553821651,34.71004072111552,6.912695812551747,3.253204104663967,1.370228347849957,0.10701770835239835,3.5641204379725258,0.28513790354087637,0.35953791748958464
32.77076033928039,0.13277571316159853,372.7890464398047,0.09148736300807436,13.755420980072198,17.367322883871168,1.488243613034208,53.03238050492788,10.089525189178412,5.140383755237497,1.0596442846092953,1.6921480211641047,0.2648385552453918,3.867280204189422,0.19182890753480564,0.20240487073706173
35.36693969147064,11.517583628001905,1700.0935326984902,0.06258665724464742,6.747426306170663,18.816445064644405,3.62035677899464,63.50425264415901,100.0,4.717394562963932,10.304331260091057,9.482432581261502,1.0,1.0611507451812874,0.5464366035621283,0.20205050902396426
24.79752334459666,5.047165547871732,935.0708805104103,0.12593533252966044,12.408389735469244,11.510928179007893,2.024803032822457,49.39858347313223,63.62058879937034,5.090618923309549,6.936091094703246,6.6851076428523255,1.0,1.7487269005966422,0.5502193835099187,0.23486375414422267
39.61026937528132,1.8730246087001816,761.7268343677038,0.06162255093523654,9.43364167807546,17.7284707430799,1.695976988022066,57.01681209168755,34.040542229409,3.5318731228883142,3.8162833208539535,5.572063864021574,1.0,2.09277916993457,0.4768819435701544,0.25082386231327325
56.53155684452334,2.078507657325145,520.4392567427388,0.10237421713043227,5.638939441726441,23.366437994416515,2.3597734668965344,74.2426720859525,31.646424429732463,5.538973860527993,2.255033217690673,-0.42923197499000565,0.0,5.0,0.09804657989244231,0.18182731114544623
62.38789936507221,1.6663089785033705,1648.5378318343724,0.04224941992767529,9.313213278144156,29.619549448464788,2.8921245839874556,88.85090535118474,30.68281025769089,5.76694119759029,6.535935003740931,5.797862019905188,1.0,1.8047106374246984,0.6280342275857974,0.24564826878022514
14.67400846302759,1.158956797216094,313.3156503007894,0.06512694141888083,11.698028316709534,7.085142907408109,2.3467978356097503,30.52204320607286,23.57344230764368,5.447913232224227,2.9139032746139115,2.958767077496664,0.5990490918550773,2.86869595576181,0.18355654937069343,0.28063316798980426
31.5338068360101,0.788799937036727,182.9767503424954,0.05725628440405071,7.197707204908485,13.88719270137558,1.23053158051059,50.04313531649613,12.141965975155582,6.141563153850186,2.2895874387282373,-0.059700528088901694,0.20545007530005935,4.191851261576876,0.15692175425145372,0.2619064350958131
23.656949651252873,5.685368802883605,1189.2726492869497,0.0656388724329192,8.15977920417194,10.427721956305817,2.1392208286804872,39.818743709821135,67.66827058954516,4.815573038225331,6.411401577382161,6.073397897528137,1.0,1.8000031516346924,0.5159646112218338,0.20868316206781826
14.340184655696,1.6059255253011502,2573.6208897808797,0.042946763311106126,10.324221958567263,8.256549688318259,4.0,28.234358533962766,21.842204458360328,2.8475753879223498,3.8037318153737942,6.452791437683548,1.0,2.150218997750839,0.5400963169657269,0.22614417934532924
21.308757769858772,0.8056268297488938,514.0079423999982,0.15900950347616907,15.480560616809388,10.712253119846224,2.195693469830955,32.51714837613238,13.731370593588652,4.328143851668608,1.1988646653930979,3.1303277271901004,0.7511999987195517,3.1721922999943173,0.4874956542653502,0.13590293033280643
46.0491949562565,0.9806105020702084,1023.8510518481945,0.06070916257827523,15.86754020436067,19.56176541517608,1.5565028627786246,78.84703480882303,32.372981133128874,7.462703650956209,4.643462588274461,2.0944952168463837,0.45789734503144464,3.7841244936326177,0.34071407747797666,0.21099268854557562
53.493268353546654,0.9289954223863104,1480.5987547813393,0.23800368535719682,9.767914911738051,22.367848430081843,2.3211714525666385,78.48161278033913,29.174404700405148,6.121485790265511,4.930333837308855,4.004608801818473,0.6467820996363833,3.300229549968676,0.20314055220629978,0.07223453085234471
26.89042298617969,1.7192221813585118,312.05723234704004,0.14479861426764715,12.066294285885986,11.034148181868145,1.6385714847904365,44.70984806298384,31.573307092192803,5.303350493797372,1.7886220557216868,1.0489873747572307,0.2987482150884165,3.5900268643268123,0.1882321128748117,0.2854117815401605
77.96096837449537,4.044651137647323,541.8278986149054,0.07797499477724264,6.529421738460396,32.60398782578388,1.4567527416989687,100.0,54.99256064434835,8.100223556996053,5.7890303825792255,1.807606675793041,0.37603377400490073,3.5542587725388457,0.3283001879406173,0.23494423404897302
23.79534664845315,0.7759782548969836,1720.6303505843441,0.13768006549424275,7.627451944999426,11.99687938696159,4.0,35.9493196626625,23.512246620010615,2.599418011110736,3.9365613770512375,6.698076839657924,1.0,2.219796519139327,0.4628370617912124,0.19561848888538327
34.94631821184996,2.913157751484199,553.3086346215144,0.18985880843615763,10.300288940357836,14.394404369888765,1.3275072835697528,57.068726645030495,42.66512896114985,3.769840843137181,4.277316878729165,5.17848498706275,0.9809731117522038,2.1715816664443643,0.5121599824946961,0.08354389428431862
32.2334083888826,1.8991185814175657,508.99350766744556,0.1505606196164578,9.218898071285398,14.51298173634338,2.08020129577356,46.02480223727694,36.411911596505604,4.902347294721423,3.029830609054262,3.2514830615818875,0.6033066716700428,2.669504224828143,0.4192851456517385,0.173274625075457
80.90166760181096,3.0326358301233234,1489.0591357455723,0.17347161904957997,4.651631751452036,32.291314356317,2.6835361459936973,100.0,50.714403521756886,4.843707347823614,7.600774749726368,6.450421586281723,1.0,2.5632223369770695,0.28482395591834286,0.08162256219451354
50.959525068154484,1.166684727450452,978.5362592192948,0.2735290907949384,33.55199216586608,19.83876688217676,2.5262504159521844,76.66896799493297,30.949558575311574,6.367805481745904,2.2170076445871034,3.531550781584757,0.5526957286036893,3.264226960527097,0.2846263354596603,0.12801608377419021
71.53835666228152,3.9247919278063725,1249.941782377752,0.037913596635437,4.125520655742663,28.341241483517354,3.3032206754753592,100.0,48.253026766192136,5.618066457284982,4.981521864016071,2.856079348168532,0.5364518830488895,2.230290999013059,0.4656718726784172,0.3656044020168112
71.6573233253171,2.3051511714230535,919.2378471929766,0.08681663266886046,2.8073911811442924,29.864556889841662,2.3731428600782447,100.0,48.388239016830056,8.427671789412305,5.357232129426161,-0.32123292906162365,0.0,4.374166358276108,0.10716931767714938,0.22740998751442149
85.74600575863373,1.1675318387320288,570.4144866528135,0.14219321065534174,7.2511096076520305,34.44559076383676,1.248506120810858,100.0,31.969993001698878,8.179737035964104,4.3162184283915614,-0.002728333539467609,0.059673453446060724,4.764210022423373,0.18552008930169409,0.1882964472670744
54.54364600338242,1.2698143858057438,505.81614309562354,0.1765910725234119,6.852398636596239,23.41912852977618,1.2944221643700682,83.08881643960315,31.280869265790745,8.634247782640466,4.131420982295542,-0.013106217924478636,0.014627582648100601,4.820045498821427,0.0,0.1512891943663035
43.91903055219552,1.8209875399700717,545.4627200267861,0.20894637609452973,1.5421372709690682,19.191922370117794,1.7021762707879444,67.34056320493032,43.80600750069609,7.3312151105867605,4.296872935175031,-2.3429451101618453,0.0,4.984925887248563,0.0,0.12742300716892288
20.21555584220842,3.7664143027083314,1849.5355206570462,0.05307587456665716,10.022109645875153,12.097066601439863,2.5327455057815804,40.67251683962926,55.484756596885155,3.2477474420551404,7.098229337097511,8.542428948990556,1.0,1.109374038470631,0.6074783286419946,0.2573513099275035
40.35144554330712,7.474806323529919,941.6502698965985,0.08564621416396064,2.853578055427713,19.117546662230012,2.969364720789139,68.39457641553521,74.67971754270602,5.547516082874443,6.882592653526833,3.6328173206418084,0.5171081583896396,3.4193142710028863,0.4067229030301428,0.2816506362153984
34.052082045880184,2.48148526809336,394.84090570582254,0.17172049988346064,18.772575053278565,15.162192307485522,1.1051460386158125,55.49768202460037,32.07734216645271,7.0244588545504,3.8822161951793768,4.3616406902331635,0.850044816673149,2.5161114507067848,0.3872982158968914,0.1068765962419638
28.02234061029263,0.40119830182449395,764.80440049003,0.26302662697965956,5.632657180478761,15.198229125153691,2.148553277541346,51.679277472753675,15.477871125783853,4.1157167996128425,2.837830300211055,2.2795667165512206,0.47346649873175867,3.598436206164525,0.17758315902410238,0.15469498092834055
57.88807263542451,4.722592348753986,414.53925607768537,0.13277134719189593,5.434169709484199,24.116281741490877,1.3722432747529063,81.99146446254737,54.08472188895663,7.204130996725213,3.9548746126298853,-0.6921294317132496,0.015888755732331672,4.555936012971766,0.0017485660176431023,0.13439037365135342
52.682577803783815,3.180877541354651,581.0558804272706,0.026794171917698895,7.456177100230665,23.68348403993365,2.16549193089855,77.3541531542326,40.83735685529457,5.042323749036035,2.3788596590121873,1.6748770639548256,0.29205594145649644,3.1172454281014734,0.3286377739634817,0.30894776281931435
83.86933092521424,2.798337339209686,1000.2302699433957,0.11814377035346996,16.094423394154393,35.7454835937756,2.5979494056264634,100.0,44.476172773716264,4.4490836647147844,3.640101300985121,4.505445031417482,0.9148816292141214,3.1648757468480726,0.1599686961744338,0.0891234809532575
44.95228223663492,2.4219366545996994,1074.4182570480953,0.04259222015943266,28.39317850784381,20.69638977523678,1.3437181742749023,73.48247745640933,39.985064297364126,7.685950761381876,5.497024873597003,4.391231426534105,0.8996504107011621,2.6876481466160436,0.43365457865442725,0.3579882841711265
72.8379660527628,8.823972735324418,524.4159700500066,0.0450073770602183,3.754964064916282,30.39594149277231,1.267954205727566,96.74349720740108,100.0,7.425423774730158,9.511904575536487,5.897212690364314,0.8621306056413204,2.169439235323521,0.19040748597522705,0.19189718463242536
33.18302246979978,0.13974603632466803,139.35913661613708,0.13540931913800272,6.027173397789471,13.528428739745808,1.000598571711248,65.92383886009442,15.701493216514411,5.736564705630094,0.5,-2.719318394753673,0.0,5.0,0.13504741865218894,0.25044106246394127
45.982552473504185,1.0044665526500782,366.53068723453094,0.21247784314076334,6.514819006925874,20.510616328691082,1.378641172187487,68.59051069033866,16.03190832555778,6.863261664966066,3.512039640699096,0.6981312004762372,0.018375618944297317,4.681255292093158,0.0,0.020565415262103703
23.510369493114226,2.1234053147121825,1811.7353215928138,0.08124674788250733,5.063413090723298,12.491889845844852,3.2960485077731256,37.83958205433914,20.87533184460901,2.123895210271556,5.611486778593983,7.198202324768301,1.0,1.892925776824601,0.5388624876648405,0.18671696989949232
34.66741345907877,0.6881117691668638,489.33112527356866,0.31400685275141016,13.638160636976416,15.30430273627584,1.4444175832070436,47.564586355811294,31.151605690128783,5.550464923780353,4.779494487608732,4.997137131049192,1.0,2.42538473923941,0.5825363388729768,-0.05390565657381767
59.61462296796651,1.2762811464383037,565.711891377255,0.06944726351900098,6.488755625064234,25.222832389368172,1.7014399915349687,84.29796156055424,48.692966739451336,5.775271556537212,4.432339768674689,1.6863778111067538,0.42911226650342815,3.3719194002655883,0.316057915445646,0.22592423528501143
94.26645657094595,0.24960474251764497,318.37791887199234,0.24596011317439498,10.091806429013012,35.89223366052238,1.1371667238874907,100.0,26.582509186062104,7.805003847200534,3.7593051187871636,-0.5464003362449303,0.0,4.465091748866566,0.0,0.06349561656932076
27.841765315255643,2.002767337662789,802.3504572326449,0.08394524240735736,6.502576776448387,11.965080574500977,2.365476639076706,40.206258543552984,28.49124956516995,4.400159795337528,2.6946710919208288,2.0826368282488192,0.5293638617772941,3.269697709282544,0.24583120798133407,0.19829726362722297
31.717759659439835,0.9999392819112478,893.3929532602931,0.23892220571067818,12.013838522833467,17.33994361380124,2.7864098682251925,52.23860735024511,26.173120432506316,4.880317630009492,2.7323896215033674,3.265328931163996,0.5372538419579925,3.4918814068903057,0.3102774231922624,0.1684600936965433
30.25118926779006,2.1983677809408046,1901.2308557524946,0.06974115619612606,9.616717796064162,14.380391576875603,3.561915618494089,53.80918549550101,35.577798494443904,3.5843087943733947,5.215823652247918,5.472020796102088,1.0,2.299648156519197,0.3437088755368547,0.2647905600165023
72.86468503683153,3.0337699459552794,2247.8382259841483,0.12885900326480373,12.398712212241026,33.42456349103139,3.775252685178592,100.0,24.10591077587095,4.677040634144424,3.723342944679361,3.006976703319416,0.5403675561359953,3.2254733962815343,0.39636064143885225,0.24110453395082293
23.17333277875126,0.8259134828669514,413.4784257079765,0.17081753190008112,4.989467824936339,14.16760398796507,2.0409022689528213,47.86643395686484,26.288027115449218,4.310468977246984,2.1924471421832603,1.4013869937906345,0.28646484383841075,4.092035085272766,0.08409848891575863,0.14690411209329388
34.17053292607273,12.564734968153548,1110.8127853310223,0.19557541594648392,8.018030498984475,12.992562004677268,2.421154416380183,49.81196421656214,100.0,5.5023881421012515,12.278091003210378,11.503601968301291,1.0,1.0,0.6715303961402469,0.1624968074320195
36.42894122876218,4.852398239948009,260.7129001925416,0.037066835236324855,6.6145912430654645,19.921255163410315,2.000899423638889,61.837112750739756,63.633787356960084,4.9961318764945055,4.659711956211311,4.052581303449313,0.8789820019045484,2.8831066360113256,0.2985733658313056,0.23137375648825065
49.945186788552206,4.032688137470735,856.1473806936524,0.2726678907704233,4.3941867901482965,24.573721976573495,2.611722483398873,69.97210633179635,53.44483761261579,5.406320401643287,4.557568257229618,1.551645064108008,0.418279057808634,3.624597821076141,0.1369632604861459,-0.06027312406206445
71.0807978398939,1.799823508989496,103.46119753246316,0.046893742560259036,11.415273394652267,30.230796673630962,1.8214696185876411,100.0,30.441795001446255,6.606593948391809,3.0048728969204577,2.0902466417813184,0.4567473180512922,3.6140136293392127,0.13178923940284984,0.3185571841102225
62.615240480259885,0.8606314035751913,816.4466026930238,0.07181459107534738,0.9887522740254212,26.794099324670874,2.771043966516646,90.13765631594065,29.71975677574522,5.702487530012526,0.7004662720014525,-2.348286630199723,0.0,4.648639099382048,0.0,0.2795832594062859
2.0234664380239344,2.780407323669744,173.96969686271257,0.17558061588337393,7.602887873336415,3.4526308454808383,1.5357728879162331,17.941517587031587,35.9788387107443,5.461667772677934,2.1065392299938717,0.6452273113744313,0.011344651160326902,4.426297229568758,0.0661280136499713,0.19123479018862943
15.156773479267397,2.280328743505783,469.47868356359555,0.12724126793391174,3.314738681208949,8.545176994115442,1.4482484502427002,26.512773734094836,50.83400924791586,5.301915398884756,2.8308428935305323,0.9419120944295183,0.25234780452485145,3.6935954804243383,0.3826223054663346,0.18538047400581584
72.63336596450642,0.3531145265268206,1619.75196584676,0.10135111890437164,0.8453774416477905,30.459550775835275,3.483890709875089,96.35162069894172,28.045245728638893,5.766094756159141,4.713742089325908,0.3983396741935233,0.20048653974174274,3.633859120302158,0.40025825725105024,0.2285204954672662
62.45230664281814,1.5390676576964446,364.37542827028733,0.17184173321984564,3.920363941126714,26.332738312686907,1.4103674911914101,86.48658900976372,42.74218381511703,6.283831662635179,2.6069374306774846,-1.0300827679882603,0.0,4.170497699448659,0.2442979835962556,0.21395639795347904
64.316458866822,4.561512089598547,1302.8824890724823,0.09708272809408999,9.254128787748781,29.72985570899956,3.5623847813178755,94.262867475169,61.69219921983396,4.402638161630629,7.643304859305045,8.593869234310363,1.0,2.0885947392891,0.5666448435192049,0.21335577431477193
55.85953116352975,1.1277763768458369,2114.566888004783,0.22621907959771592,5.104456390922464,23.544413298460107,3.965280590731475,96.750671695437,33.35567033377623,5.953840284410206,7.066041021583839,5.370882307525824,0.9831001289159998,2.3746108857494623,0.33670756730502543,0.09686105873874268
84.28256082764229,1.9391663550048956,161.95598183021025,0.14895982562073884,9.636880103246936,33.55566822943105,1.2998636763638847,100.0,33.85891022301175,7.613323339263935,2.8947760800939584,-0.08146004874676739,0.03821841164375037,3.762461299298377,0.20839996810672595,0.15284181707808867
27.54668546390617,8.136047517462366,919.326010948488,0.15339088353768782,2.218267831914644,11.387965512042376,1.6749994769274088,50.77189229986183,72.65667643818232,4.726217919990956,7.660775661188536,5.492918635016514,1.0,1.75266644838809,0.5545352613801444,0.21374724546247073
36.7271187307634,3.4288579156435937,2431.610764354006,0.12561277043873137,5.401241826906244,15.981137193107838,4.0,57.19426232551944,79.7903828105294,2.1602651357932157,7.756481595400381,8.656506988446285,1.0,1.0143700564024234,0.5945744912763387,0.23610557290132125
60.55801161068649,3.107197366478592,399.40393193146673,0.14705210741915983,11.08066333207702,26.09077402625547,1.2271566009586472,89.66236196336445,34.495403452864906,6.485023902050322,3.4458726785709684,1.8605697772090923,0.4832921846664804,4.055497955191474,0.23312913884199096,0.1749841025790659
71.72463986983767,3.0886762943601065,248.80606390216062,0.07409418243659002,13.899700252707968,31.509969979312825,1.584259299325217,100.0,43.96334460003165,7.17949774703325,4.812996033203991,3.552007847380928,0.8086994274732473,3.018488472123515,0.23911305781196313,0.20325849609473143
67.27827600798564,1.4644567916434568,297.2298659967845,0.2047751782356728,15.631527911764692,28.37119530370685,2.0399930964818167,99.58897377456965,26.459338586764176,6.593619807373027,1.4770037083356975,0.7125636824328492,0.27424235577821193,3.940028825549484,0.13420372664445007,0.20318903667692853
27.343425055777033,2.737895074583451,618.9439182941359,0.0470840799480969,8.635063401113221,12.966003919016481,2.604549144660997,42.90921089685435,37.31104053406255,4.124804622794425,3.7741171006145473,3.6130802750104585,0.6724275649767841,2.9262767322504843,0.39643618562181554,0.31626584812910946
56.44700547587595,1.6992792364479048,848.1025911344442,0.10025627879657584,4.262588048598913,25.975243391553427,1.7222720843816632,95.04666291972897,30.28539200494075,7.223790112673753,4.483851720381329,0.562296274553869,0.1850567590763664,4.605888070316008,0.10515625561939762,0.22619386961749244
73.92222002312694,0.5952918958393282,344.47315862306715,0.07366091859029911,4.305709557474409,34.36400439323261,1.4684244284068952,100.0,32.660285922962835,6.876857038040256,1.148484757174975,-3.2327709614408704,0.0,4.4058638547912805,0.07139462856751974,0.2020364024135448
16.497927052592573,1.8925553581684693,1787.786907276732,0.09959544486304334,4.212020108064716,10.668655361404081,2.4964001364144983,37.14941238085772,31.849517106914313,4.3596650221056885,4.6700574390473815,4.135840522065254,0.8705184637060642,2.9308851314930853,0.30172677029117145,0.13504717426875754
69.11009753595948,0.33127367746018344,755.929708329179,0.0994277414355776,1.590852057022769,28.637765201895498,1.9314890828879439,100.0,28.022016177715685,5.424694956106678,3.292094025068695,1.0866088100361948,0.22641506725220797,4.105677443872251,0.1055111443840173,0.28690564222744064
66.61408265806293,2.4847887742120434,1036.15864373888,0.2602467122751639,12.205997826779667,28.174643986461387,3.7822760156524944,81.7765737617187,47.22492563664233,3.8157055864676,4.373593906686184,5.638667135588876,1.0,2.903391916551998,0.19180952159051232,0.04665491125180941
50.75612237498115,0.9807554592667593,1462.2873664041908,0.06704298196952005,5.890762395677866,20.8901283420909,3.544636389814692,72.67795785406662,25.58807788613214,3.9145846899012655,3.4982070007795563,2.6163706745791946,0.3797583637910013,3.6795588886384536,0.20522068266496987,0.19741820996444603
27.312412093393895,1.7128046616288004,657.6105683948618,0.2002449967224499,7.412870819333852,12.334921161487538,1.882455512867918,31.409896080915882,32.94832387632792,4.864296270609773,4.134928665053529,3.3656455449435696,0.5447623234222057,2.9426053448135336,0.4011503557994516,0.12692070530428812
57.47883397592833,2.989236857305619,1176.3236006750979,0.14521831439983623,8.838995494721747,26.86580080974958,2.920794815941557,88.48564704476128,44.53181231568851,5.853955816668166,5.456120349322261,3.4349471497642017,0.6635296576490436,2.922947761707609,0.3553181499120636,0.2027965709666672
73.70875457064699,0.5342598913742101,821.9259838617205,0.24891495685036083,2.0494951722023815,32.49805737931894,2.5266196919250627,100.0,34.65633953454779,6.744591812414048,0.9052694995446409,-4.271716655676402,0.0,5.0,0.03893978155612416,0.12179961779446499
97.20399418884944,0.656141478335069,221.7199047173287,0.0978756597654833,3.296283706261194,42.85342607403715,1.6197630128169358,100.0,26.84656777424698,7.178713527510377,1.8203022096167616,-1.2908328180026611,0.0,4.874007394979724,0.0,0.20951456921365397
28.763966171813596,0.6477252996316343,1285.4053467143524,0.26991015967002846,10.87946374341765,14.068666368033456,2.1394181941672077,39.089235923183345,20.96106150530772,4.04431623923655,2.697470938339129,4.180550351588318,0.7771298052054116,2.9856963771276317,0.38482384759278004,0.16578101928890365
64.67703230396276,5.170982577849921,101.60175019366777,0.05333972981103091,13.995268741655662,27.771158515953292,0.5775639476065539,91.40159875531681,60.101595404898866,9.038526910779918,6.37597624059693,2.6046085038252835,0.42909261430667744,3.611294959516051,0.46013055286525695,0.27761441679944904
6.834172505819881,0.18509540836825475,568.3703429983499,0.27242772750948163,23.635130769226166,5.4571579456142265,2.0051868467892517,17.004728453731193,37.38365511534598,4.629634678307789,3.7969822942800944,5.3563299816686465,1.0,3.3910782239859185,0.40273024408858965,0.04181846879812956
56.404927377182844,3.404036479736728,182.61376140753248,0.11503135631206993,21.678585673580365,24.56488489921306,1.1153972507553134,75.94269479813866,42.83547215190158,5.929268595344561,5.126653461274023,4.99037008125402,0.9011741749981412,2.8234008459852626,0.3330329584700842,0.15821299570242453
78.72922053718513,2.3725207113854547,616.9763013270614,0.1764431950439119,2.110089007074982,37.40427993979954,2.089428236182293,100.0,27.523343906608442,8.16489764406082,3.7866129557746238,-2.004131903555978,0.0,4.78647591114359,0.17185182640162977,0.1786937948737256
25.114650182306928,3.458238046090844,1123.0632822780995,0.07987128174085094,5.085086226360125,10.93525832291067,2.145372028254282,49.88939652265094,47.74754587925112,5.518053334638049,5.652936172603806,3.035912201315474,0.5140128795604613,3.0228792694861326,0.2257941126226633,0.2588128313531148
64.0354079803205,3.6211495653076153,363.07344650426063,0.05029291697799259,14.186859034881003,26.007297075661935,1.817583718503176,96.68930461128136,53.41361569979485,6.971647622890607,3.8324279415618623,3.0003091212368105,0.4769892576678683,2.752116080970692,0.09405786440802466,0.24557603481201426
32.591833938816656,2.8567443493679923,1250.9585987945588,0.15187615859312328,4.905209490061217,15.518381607149623,2.608681016043027,51.30499042158344,42.36527068968136,4.532254734999862,7.3471560982981625,5.3321235790157,0.9472163353907708,1.925538084972909,0.4631972867599785,0.054090742968224095
72.12016846597791,5.177590914279403,729.3400928892883,0.26551235230999853,4.004750704342559,31.38012964068156,2.0009057971315696,100.0,62.77717756111531,8.461994621469062,4.9390579460445085,-0.8729493759317131,0.0,4.675676284676313,0.10044909751121868,0.0647129092591217
24.169420555338498,0.8986676151706271,63.62354131610528,0.0301712033696286,20.39868966483021,11.724988409112804,1.4343345301339994,47.747348331470256,35.13278998544166,4.578652212095987,0.8092603478178289,1.35510320498508,0.45392190675852867,3.314970344482472,0.29030660833401106,0.23405744024358538
53.13076043803907,0.7585618178473199,305.66389465553397,0.2748174300287584,11.924525103485355,26.27480637796753,0.9690133413828815,82.40191497846118,19.444206191268936,7.339515508535003,2.7910340776139466,1.6381809160589713,0.3553796254965046,3.6554876895344024,0.23032805907088227,0.06351130915220056
34.160437230277886,0.957150338804722,533.0509133500688,0.14037478401004874,14.83112244032873,14.035604277857873,1.60402866034107,47.10731725284262,25.7479472813153,5.05888472789214,5.7222905742303976,6.6525668087595085,1.0,1.8723014088262884,0.549303695890358,0.22070167988168257
30.186854796420082,4.388119520115521,568.4352603246391,0.10052354410297992,14.147442511076552,13.385326426239075,1.755292348339454,42.23830770660167,47.0501175180747,3.6502673992217343,4.1003756101488005,5.433788833942938,0.9096146928108628,2.431860920079028,0.48758441872575425,0.22350335989031592
70.69011813780197,4.86319762605562,628.6596914713351,0.12738036274782927,9.118969825350229,29.855470446906317,1.8448329389439135,100.0,46.56709765897587,8.685575054981875,3.184644732156732,-1.4856641884206696,0.0,4.2003739642920905,0.23624448883353333,0.19739505032189622
69.5101163222045,5.06440911304969,489.927622444561,0.26178890686990913,17.928491772505108,28.429555735218297,1.5594867217719193,100.0,68.43923930763198,6.178899672475079,5.466952388591135,4.337993274266925,0.8958214153732204,2.930334627482051,0.33722452493806065,0.08671765797549984
20.759982146905827,0.091808264225964,930.6039782628087,0.09430977499183098,15.513187614313635,6.501009822544,3.1582908999437556,20.750881278687306,37.66410419026265,1.1653375793471021,2.5079346930153603,6.586435195895882,1.0,2.18850539778181,0.5489875850290353,0.306483272841781
69.89071152010689,5.659616822595107,481.63514023635514,0.10420340608161849,5.711618204112558,33.81719079669639,2.0674505563047987,100.0,65.12378628326682,6.980499129110262,5.360832871104294,2.6112426877844728,0.5336524941410167,3.448879267681454,0.3265523314508816,0.15354724291039584
71.94091465731879,0.6780253347315838,2316.863681589753,0.1824934037490736,3.747468858061714,28.94891410136547,3.793907551842098,98.30204138773017,21.227840037790433,4.955581574357079,5.189626863167125,4.565734160958278,0.8355371573684757,2.123256345202924,0.5269864361604132,0.15786655254744592
27.903465277699752,1.1631905509238147,203.8501761601731,0.21178185274447245,4.205427149933407,13.625813772470863,0.8590989956673232,39.86080687120703,36.32386599146283,5.622565198145329,2.4102455356983574,0.056880748407781706,0.05748790976855776,4.192060956647197,0.23290825639700333,0.04285549659398996
65.97053743372429,1.7548616807168382,156.9266990367153,0.13158976496609082,9.250488269465885,27.800052994406286,0.8803215480099575,100.0,20.03177467865313,8.401446509158129,1.5187102944010902,-3.0296164591167374,0.0,4.702773087902075,0.1191060723063839,0.16055097415582936
49.17506241311995,4.313088694300011,236.74169475475048,0.054705153742039776,20.321084062125376,19.398289700598948,1.563865046847618,73.3403336916793,49.758336337676496,6.722021738912905,4.783397261676673,2.6698753167672957,0.5683709624824432,2.588443238212004,0.4304454999440792,0.21994133603724686
13.730753573338573,0.5025968452159875,326.8601985069584,0.19645793016646654,3.1239591287989605,9.28821236936756,1.0224678772530185,20.20702023305612,12.013777638826395,5.4336580063648094,3.000569719167631,-0.7853603338664115,0.0,4.684725621349616,0.22849724920028944,0.10196628449253521
61.51477812648357,1.5903277706965078,495.20276211065834,0.23021858393807704,3.5949699110541067,25.652521828714086,1.5950012619305767,86.20454628332051,31.31280073596574,7.695055601246394,6.214825226715014,2.238418598245133,0.5179253627425164,3.7434136161672082,0.29350550166494294,0.13058227622527524
23.074984075816698,1.3934583971342038,729.9283125049977,0.29757727655137306,18.49563163015726,9.232442376105428,2.466804356277272,38.04044561785023,25.378266509832574,3.4026692559911855,4.571805904596645,6.513225790072994,1.0,1.9930639747794674,0.4664269153430605,0.12638131602425504
16.046755025654203,2.869796803034441,614.0789407420067,0.07075852626926785,8.778967075858366,7.243527021632447,1.0969926975724613,32.070808442721436,27.44043618863791,3.397066171413793,5.1456940322512,7.0724951544049155,1.0,1.699842429884364,0.5716430413645694,0.283653949228086
82.89799972360595,0.3454129219981674,189.76415381226357,0.06890051929830793,5.289680212810794,36.81075542251254,1.1719826425980422,100.0,13.3793006618312,7.2457516804926065,0.5,-2.947940952071514,0.0,5.0,0.0880349714820349,0.22534836805411668
45.83628855593688,0.07742333083470909,970.755219379949,0.060873819167067786,9.557532169414854,17.815224392751297,2.5640183068984856,72.17722713206203,25.97339549037333,4.657274092152459,2.615807814311996,2.985988317150018,0.5038212678598034,3.4203798746529737,0.3475824021265488,0.35458372846232206
54.80113551298971,0.5365596418252327,1281.2328776218872,0.07740785186715962,3.2539996579698713,23.855523259886088,3.4732017582805694,87.49189784198052,25.740765761092405,4.931259166069839,4.188030747779052,0.9643659331650265,0.3189397111007112,4.389969237835646,0.0,0.266872476247669
12.836152750079977,3.4077091281857923,131.70048910219802,0.12204393485730491,21.510999399433235,5.349706988410322,1.0361392658633342,18.984331447582207,37.95527265495647,4.311856246950603,4.9684723701586435,5.644728990565945,1.0,2.4546519743884434,0.4062156183560995,0.20062451637712167
36.887247480458164,0.989520655342569,2528.937513309829,0.15446523032797185,5.776188480189995,14.372445956229384,4.0,55.68682204598655,30.951288912157274,4.339947824260199,5.7674694919136265,4.409740512415249,0.9516836506536188,2.930584063636563,0.3116235009833049,0.20321666923180584
10.340319173898674,0.26446917757074473,153.92938740900306,0.04473081323471859,0.6653786636135464,6.225895677929974,0.812833622543641,22.748293929060004,27.295591483193096,5.212142934248176,3.4529272457867197,-0.3291223385487475,0.09221141753191447,4.614614976949239,0.05415545984422587,0.2782840289969373
37.74696867221297,0.5833183031526736,405.88712298567475,0.17835610659018358,1.87441656291981,16.712923360345304,1.7973391755312957,54.1499572527024,26.78356812423881,5.316021650057025,2.8825209816829824,-0.8214386383454423,0.0,4.760923596578228,0.0,0.16086269450165366
33.38836114787358,1.8523526207160732,169.88539295646598,0.04284791916035225,7.334018591104667,16.070478776498593,0.9527090904541599,59.89086929814815,38.397827872170566,6.304287369619625,1.7103384762703533,-0.15663760014328024,0.0,3.8431869328826957,0.24535816832859764,0.30852197293114336
84.69164440215134,1.0621612443159603,261.66636857589174,0.1063041417632344,2.742681848358529,36.07991724810364,2.0977195172292036,100.0,31.717891667642384,6.702655215138143,1.1086488804690726,-3.8554622658596154,0.0,5.0,0.10215502053180373,0.21710711305847577
76.63590381931012,1.8321099580437696,278.1996109387785,0.15638357233382746,10.444629622690817,31.36161919661392,1.1723356596746846,100.0,48.17117058243866,8.215281308047286,4.106738643915239,1.3357622398773787,0.3313764822406312,4.173317565277342,0.06700685887501565,0.15393483863399615
56.96726747261914,0.35464751813819295,1510.9277963541206,0.14214566396496875,5.646151127740308,26.244086543044748,2.774130986657349,85.19699286274368,23.03178563625553,5.262655189698931,4.6006945379688124,1.8362612798068538,0.3242655727000155,3.134630383882265,0.2210570966653464,0.08137331639099638
65.07697603601747,1.8786496316142052,879.5107694537057,0.11631264571009983,8.972348399801538,28.188574249225116,2.8317816940794205,95.23127380395712,37.96000511411878,6.142055739867891,5.006763001202184,4.087211450565465,0.8067448348284746,2.8848741059022656,0.4299786713097663,0.312696495968973
54.507757454633946,0.5625897068478612,779.7815493878568,0.023235684025063586,13.003974381058647,24.451746483680804,2.3047647173440002,79.02884608505912,24.937943526919767,6.190005977898164,2.992811311637414,1.3942347740604888,0.3439171053834271,3.7344302820086743,0.20380882208461037,0.2780211454119127
69.7328082222493,2.3250972548461646,1221.9407766752506,0.19039441498473256,7.6763573847086075,29.67898580910377,3.100195389388431,97.60565213623515,34.23944288459759,7.01391078309541,4.295242903913311,2.252057440635048,0.3085211192614622,3.5336277073641953,0.33849023172732334,0.10570273468374439
87.77537008636632,0.9886895737526297,1652.220864863205,0.11403200950265856,10.515280018828713,37.832812830154,3.6754992539740297,100.0,18.969623524854995,4.727198278531615,2.6756734907049204,2.9292566773160513,0.533880929761252,3.212197356004248,0.36579594486974165,0.1426301918777156
75.67110747381227,3.175679963854436,923.8730315732539,0.21533136710360837,6.278463152093277,33.98280758603368,2.4108713846109615,100.0,56.77362941249346,6.333382869185103,5.133139228768095,2.010968548306275,0.4203172624466285,4.15514180800692,0.22623020385391607,0.09009380890792937
59.166586566660314,1.2908988543854008,978.1218441194331,0.10424537549323871,6.116201394183048,27.14319430969799,2.5732905219430267,74.61198261045611,26.015651777445676,4.843764997799401,3.9564806859324047,3.3775339071096795,0.6307074305035809,3.5522788122675375,0.35500473657177867,0.21928217134619357
25.512265930559686,1.861925297945546,231.07752570152925,0.06499204663038285,4.620010959250816,9.895124999507859,1.1574400524146182,43.45764813847968,24.459315067910993,6.303767176476849,2.9527930257339277,-0.4446075970429041,0.0,4.403213019328306,0.1378221582252236,0.19509429984230003
82.1937679995202,0.6994366171983205,423.06033581035535,0.063217689275571,11.342610771175584,36.39810018956636,1.4979177981871572,100.0,13.73482643255842,8.083132613482464,1.1158340609985404,-1.7716891052646897,0.0,5.0,0.060585261830929014,0.21742929173623265
68.80785271244416,2.6160643317696146,82.20898585336194,0.06230194234967621,3.984515691999479,29.33309937676119,2.0753681047545496,98.99410693235558,35.37146233387462,7.003899320041375,2.8861656995040366,-2.160741874713888,0.0,4.349777474598867,0.1024176780418525,0.21890411290241352
13.913399893204222,3.865713506681457,248.38628820474034,0.0914629225147947,12.376815594441124,6.105905975165865,1.4974622284992192,27.54366817402805,60.73073362479789,4.303100457581056,4.028913898749529,4.636860620350948,0.931910898357577,2.4341179646191513,0.5416533616591012,0.23161067109074215
43.49500413019146,3.0244633596512562,579.969669304354,0.16676275703569754,3.513826790778468,18.27332421488071,3.0590140148706357,66.59923054723313,43.3611871175563,5.164839311043161,2.6484985359976445,0.7567747521651511,0.16144447062024586,4.0807295600191935,0.24781447581382793,0.20734136032674821
54.23666005709981,0.925909147377721,526.0046588963908,0.14083102088350688,5.110376506762093,25.2918935474496,1.6881561715458318,85.59873851529866,21.22094214567338,7.144962646182154,1.5491117615171288,-2.109331556968331,0.0,5.0,0.1920745594033387,0.22424139384981157
21.583925600519194,0.6088246739123556,416.88429585276606,0.33447674492338564,9.025647768710066,10.881436622126866,0.9877764439953003,35.83591266703173,30.300897304393054,3.9565461993582476,2.940468604466635,4.219193103097585,0.7746523772044539,2.7771459562521192,0.40832295131031116,-0.00880485393496034
41.24560698395653,2.2855983192865157,464.479894283527,0.32445891429262663,2.320120154079421,17.86331923744936,0.6905470258614044,52.78288890553777,26.290958201242255,4.586680390806415,4.106868790159353,2.201757608583515,0.4163695725346432,3.350788317981766,0.34294197106156377,-0.04687575950781207
85.2237641101194,2.699690190709669,1845.738837620613,0.06441194622302164,5.854327693217463,36.29609746476897,3.69052813252979,100.0,47.86096681932251,6.433133425408339,3.8942586696421477,1.663286584114233,0.31573953080664374,3.861006600288782,0.2525087511892595,0.30701953297026985
73.50359022709335,0.3734560948650649,279.0830422642889,0.08226486794198395,4.8236237317912485,35.00851313952014,1.1261338952252034,100.0,25.296115347723983,7.761739699065792,3.9157723692051176,-0.0938811582576621,0.0001572067157405918,4.0267326096394145,0.21367392055408488,0.23280066457037804
75.45666736278737,3.123533249615528,159.83674459513722,0.04005506957849856,8.286347636750016,31.32124585194604,1.2522153505377365,100.0,48.2869604582722,6.931685915859804,3.6567871993565517,1.2485891048321212,0.24956858395365697,4.328584543564084,0.003009514850729561,0.30951845116202154
16.827453880531287,2.29264917425509,1974.4987693141845,0.1455057269404828,11.367426842928873,7.926972362812662,3.337497322032709,24.334329343457348,41.29775356984156,3.4068206484296484,4.877976658799204,6.174232519218759,1.0,2.3386587694929566,0.508046730104444,0.24291003653556553
61.77628129517145,0.8271085949635809,1322.5747639751999,0.034359277353106385,2.5302572750684855,26.021289617478136,2.438514357432071,79.42046322010941,45.02631219335079,6.05894859315518,4.99674082361731,1.6839878769634204,0.37102668187691473,3.746028394167355,0.1923140935148694,0.26816785731439974
40.945279576049955,0.5665949240455418,33.547427008091645,0.13788046166569426,2.544164909047427,21.92308127957663,1.279785505640787,68.6515853817933,13.406841131320162,5.830692796637384,2.1120891000694293,-1.6794741194754632,0.0,4.803629845093549,0.005563851060674335,0.11940245806631526
25.235856111406914,1.9259248316160584,579.3220883609082,0.10163902912781943,9.206359744482171,10.034315396086152,1.5478852064811333,40.228806968526925,37.251290831029344,4.721756043641517,3.5858241997574076,1.8792260335121567,0.4444712025820217,3.8555060620010635,0.2444344813545113,0.24149533746950144
17.80478506984078,0.5628607917444992,1197.5125555622533,0.2882623794208512,2.140364827189958,10.392611751182969,3.083206808442176,36.11538780010984,21.528739062020442,2.9390790846815573,3.611838978109024,2.4959407481265106,0.389360127079702,3.4194639855927482,0.3078700226784673,0.15384223703594643
19.835302110627115,2.563217388184793,773.8014439521055,0.28397116172723413,4.210580807146679,9.695054553522679,1.380559398242902,35.5955218587387,46.919705964928035,4.411053935346575,2.314061522462237,2.707134975428045,0.6489792789678854,3.292600406265763,0.40853534747261094,0.06601542414752427
25.72163634526193,4.1200661136113315,143.2725862300924,0.10112188161706849,6.902720115699962,13.416993685217834,1.0855665965299965,46.6328882843251,44.2226794481969,7.245520787387736,5.79740081359396,2.677251685797302,0.5437429132911624,2.804912506686831,0.26264478447451456,0.22590569131346855
33.421787107699295,0.8675737946486142,490.6137475414733,0.1713146472938948,4.0370443651987635,13.580428779574937,1.0184122337702306,58.21253844007055,30.471528417788196,6.583607562997123,2.868866371220145,-0.17009187848002905,0.1412692110793839,4.806989252596692,0.14108547531819352,0.11543346025539455
52.22755186512568,7.222556055456543,713.117019791022,0.2226359106804629,2.9190190305435797,21.780021039894148,1.7844636992743308,69.81421142397083,62.96091677052469,6.209994906766952,8.049801816779684,5.169530412875149,0.921902449077436,1.7345430622913476,0.5248511128209109,0.11314057454990094
64.28407809243012,1.7223518496975043,273.9265175167232,0.13730160775175435,17.87456055944181,28.15567660907053,1.346958698493259,90.8694166780395,35.50788113294412,9.30124531039717,2.7059801756059545,-3.107108241965574,0.0,5.0,0.001542824972596106,0.17067070947253288
16.55894181486528,4.672442914529924,596.918795335814,0.16717877222259722,5.135549140781012,7.546684602844041,1.622187366122141,25.590494773463433,53.001941409439965,5.305302700862081,5.6907431084701345,4.232938819078454,0.7828572324944868,3.32197431740097,0.22688009221128855,0.13461994954969658
24.48927522645221,5.919779744084272,109.35084747003701,0.04092825372707341,6.950804786070183,13.1822813862522,1.3801294211066257,46.231439499165496,63.19151429382084,6.585323269403083,6.150192876616745,4.645625391234812,0.9225654135779082,2.850085086261642,0.48754651267775573,0.3082764555690821
30.24766322606344,1.4437990989352463,1154.8222747426662,0.1826672293127621,1.0667262730090272,13.925375962769143,2.8847724225969715,55.91705580578291,33.764852888421224,5.250412731508896,3.6486076298853334,-0.7814313523012137,0.0,4.521165313231103,0.18745988510578881,0.12751735122425045
46.03987247162612,2.7921170555557753,1317.8092332894587,0.24106788704189888,6.7345481956870845,23.396580156402816,2.9394384517522734,67.6464663646745,29.657820218169455,3.4347252683999807,3.49317914852476,3.8917968338196984,0.6956253312699987,3.608872145757698,0.32197057765657106,0.07881286309047486
34.93293393468918,3.937194678290229,1394.0052041029912,0.19982418895307796,15.670351386472712,16.3846747266023,2.822190107700301,58.55891854135767,54.122012852901555,3.8058573819988606,6.13035063323437,8.00222286943045,1.0,1.3591400369405993,0.3016220412280245,0.07503735979120767
7.048166522111977,1.4331141250298793,1104.1096190090786,0.06208376876469421,11.806834995839935,3.2123430464400347,2.130290742053665,18.76266764870664,35.8437848831256,4.019627350146064,5.318864479267633,6.07713593289192,1.0,1.9821137995241933,0.44577821919878646,0.3319038957004887
82.24257513539804,0.5632338178110289,361.35641957454885,0.13140011893520523,3.8607890354320693,35.01464468406223,1.0583072625657708,100.0,39.58075890533408,8.570747343986639,4.724341402683457,-0.6496850684970396,0.0,4.267813372542271,0.14535191680041862,0.23174094144138424
20.63586246227643,1.335412001929126,990.1639784432298,0.14652298520656792,2.966838105091266,8.469458554609554,1.976776365685851,26.94545930691927,40.57969096312195,4.694632815775642,3.15391008616329,1.4841111708575563,0.31330473115471713,3.3767561499108876,0.3762352001147607,0.18802576679148314
51.33838150372371,2.83468228449718,1452.3686181081725,0.1778732820613918,2.9289699207075457,24.97901141707426,3.9876007846023755,85.92294173479777,49.60706033502734,4.123014230318182,3.7706108209633453,3.0596931289746907,0.6523612242334333,2.8776706418569673,0.355419017987657,0.2000340478075903
83.50353362201547,1.2003319652310078,946.8104462002935,0.07649608962169227,2.0393712669063864,34.52649791740841,2.3267419901042103,100.0,20.04389693903413,6.258631944064129,2.88139757661902,-1.1528119511939314,0.0,4.796745927354601,0.05224148827187582,0.21081198869246723
79.44577005366817,2.437442433128168,1070.911127736287,0.13259394043054848,3.7836829301726502,33.26035698798765,1.9445156500841172,100.0,31.003021029276404,8.355340977004012,5.390738507789368,0.4260431808314996,0.10895605617163953,3.961944623276807,0.19521664752131,0.21229052582276012
62.18129511717146,1.7569276764990955,1616.1078404611949,0.1560778738686573,1.6000032860785405,27.03240077588496,4.0,85.7031384621821,26.72652849116117,3.468527360564422,4.203913896684571,1.3656607870349162,0.40499293512296874,3.9671193245474248,0.05849436322408674,0.17230939881400478
16.395446797742743,3.8201786171860035,285.53450947003813,0.19710848737594083,4.7315118080393415,5.831013533419365,2.3040508239534936,30.61526115048838,46.68081085964396,2.705123331013951,4.051399636042955,4.18219827501251,0.8425239572748802,2.978335381602555,0.4547569351806917,0.15768368484021902
43.53074787593373,1.6810721956267236,266.1036655370458,0.1700168658499401,8.838073855275555,20.15268659597971,0.8458631278718243,70.68648629181155,22.815010563937552,6.518093505913993,5.126829466992879,4.2353482660400115,0.8847565507725046,2.174827863202597,0.6202757654169311,0.1593532997858596
31.497603968153726,4.480665477184129,724.527396123304,0.08480842341938437,11.933001348887293,14.657383542995875,1.66773221281811,40.14556333826386,53.201149248589864,4.074012644604057,5.238452866108138,7.017150598525952,1.0,1.4999942034108944,0.6910767418946964,0.19225639448791393
52.3158062198364,0.18274233272919704,1850.1560673749193,0.26947809342661616,3.800759782469942,23.74489645411301,3.91755624191491,67.42632289404749,29.04627135535475,4.156469983886298,2.0946185432619915,1.1432162877889456,0.3230010516264443,3.2896105456109024,0.35215597120416703,0.13310519710416585
73.40980612277076,8.151209314385916,1376.564688059573,0.16458088506014817,1.3026267539223686,32.58715231518279,2.2231018904112716,100.0,65.26417617355109,6.295225106590804,7.954773519107019,2.3978553571370544,0.48266765057383954,3.5420680644446523,0.2622249674732618,0.05942712660503201
20.510092921238144,0.3184408201774585,307.10954429652975,0.10180262576376423,2.681277582226538,10.987308328285646,1.136065721965734,43.33428509036956,22.747994763944913,3.743374965097423,3.367991748127636,2.6890410511954657,0.5701937120938995,3.412290352753284,0.3693587781782475,0.23126124443100743
77.77884592351604,4.2667826525626165,434.4344745694253,0.1595206752253604,8.388684710488345,36.11750601495319,1.1961566518178686,100.0,55.57747332745882,7.034148382925515,5.9937839280886,3.5882271969340076,0.6809517956580317,2.7933971585922666,0.5492085515751131,0.20481733162000765
70.88034311608654,0.9605060087614539,1013.699487738341,0.21045374892847313,12.947622279144158,29.379499694538993,3.134435324477658,94.04209759269463,39.42272202641457,7.120013843860454,3.0881761221621074,1.6122276167359517,0.28419769660145855,3.5603932946069055,0.11544436103483238,0.15506858192602513
28.485239721531173,1.8007223757331534,832.4927560820264,0.06695984881037315,18.657992559361112,13.435117631835338,2.229811252513961,50.24069914170566,34.62030902211476,5.553382108435826,2.7647678248622833,3.011553394148455,0.6683112581720524,3.3709993757026893,0.23662518030012822,0.2450481864227308
77.56182024463888,0.27234367458017766,267.8305969450022,0.1230917571741227,3.416337818179854,33.83324368405944,1.487421874626443,100.0,27.23110519392495,6.750986820752939,1.801671909730576,-1.7520618038595983,0.0,4.733895966442277,0.0641806131132551,0.18986112456916182
77.4904617627979,0.13948429769064297,270.44017039298535,0.03590894501397966,4.199474178211306,32.377845713968206,0.68417217502165,100.0,30.94282364066477,8.25561659513633,1.569190301890676,-4.109560377349402,0.0,4.963790118656851,0.0,0.31942722509371385
11.946187309753954,2.4223105853408042,1389.700677799626,0.3139476092354598,1.4593553435216933,6.427731442879811,3.3513214260345725,17.139450125804064,53.62594299227445,2.785618934036151,4.653206420936835,3.400510959383578,0.6250532891339283,2.8472105734154347,0.4745212462123572,0.07694056800636313
22.711321373868913,1.0808018400272277,660.7400817448789,0.03173502422258902,3.989507955526372,10.843576980283755,1.8734841954967845,36.06195932536766,33.37089176724456,4.392996802448897,2.336074126266275,0.9257509220465188,0.10362498478360399,3.52087424442367,0.2192218900389676,0.3537541155623383
84.85666931851003,2.2029338761456905,1250.4804972461925,0.2162441676226222,0.983457654480725,37.346052277943606,2.2918108402375976,100.0,32.48488616759296,6.708553925077238,3.007002101398399,-1.575039982551228,0.0,4.756758385108539,0.13217872365035935,0.12777309316877147
90.93377325159018,0.8257032172224343,444.87790363517047,0.08831200872510439,10.60927001274355,38.92707057367886,1.9288639724337144,100.0,23.59910906776606,7.183698953741386,1.34249484307838,-0.7635338276037241,0.0,4.315496066040882,0.14880178407423875,0.30540718124990374
44.845516488929384,1.7968085815548271,191.91389863778497,0.17229713846502587,3.513041528330116,21.891730223034397,1.8466259683346076,76.7859097805792,31.537727077221795,5.23739267374223,2.9398283941572396,-0.25659706350120703,0.06734011333771112,4.149036931543069,0.15760113437680795,0.16152240608221788
84.55477520358843,0.8271716584604187,741.5348232752742,0.07494593523258201,2.1273520897208167,34.753229977727464,2.2068021285156476,100.0,34.377397245308714,7.256302008438079,4.487915713953086,-0.48155057408360835,0.0006770204776102712,4.31380555638594,0.19777101602736266,0.2692941028035355
46.90290071030466,3.2889351341714166,305.92931953027073,0.08130831689506195,10.006398420836407,18.85202739606349,1.7472165031617541,57.36653060052849,51.898634486021024,6.680124956990474,3.8581327830316985,1.6476394869973965,0.1533670041724402,3.659570642265758,0.6203595083882696,0.19536017475472003
25.67733880043736,4.104004970522172,480.05005474778847,0.009395841367110375,11.170161200873835,9.4775868164177,1.3152317293772076,33.12969286250751,53.48670165704848,5.075608219477938,6.945773942371127,8.004481070709081,1.0,1.452484106031911,0.5256419085888828,0.27185257897545767
79.22761550350343,1.8596499179831207,211.33152645166996,0.16033422461365748,18.232845711095013,33.753000211217405,1.0304360509808828,100.0,28.178727387545464,7.224003345417891,2.772363907742844,1.7733340156694286,0.45040868304716997,3.848927427538479,0.30259517376150197,0.22231003380992787
18.476661216197964,2.071920459000387,164.07653815104646,0.04590906136664136,22.960040216031793,9.055738313678745,0.6622313943509518,31.035959757092385,38.31259299336629,4.084470208709691,3.9740625026371927,7.151521541927886,1.0,1.4302090022148564,0.47046222024650386,0.22558504405378377
33.33573430068802,3.893262917177928,2116.010731744373,0.3572619546888072,25.58501520161904,19.042862770421344,4.0,61.472145594222575,52.537209325941625,2.2810026685891,3.7255463970331397,7.796145309917388,1.0,1.0,0.637538948530036,0.02016333504010196
60.45733986611755,1.5810367203928757,817.3748846691818,0.14185731463963117,5.056941372682673,24.20724742547791,2.283925520817615,77.34037626401388,30.954360221094547,6.983376719414574,4.694206544633246,1.6206647755151433,0.24765221297112155,4.39303954228805,0.1020086407988954,0.19870135328282273
31.624931732693966,2.176041315188594,2693.531286381112,0.05994353240839037,22.079235720922327,15.83279794045693,4.0,57.60500498304237,32.56145835278137,3.810300844614472,6.767522760310929,9.928910756583898,1.0,1.0,0.6800109865867578,0.16658177490949122
21.277294072870458,3.5994805112015116,251.41422301770257,0.151811523882323,1.8732502834122176,10.52294536337876,0.5596263780317343,37.17515426189899,32.654266756457254,6.397500377332735,5.097395126382383,1.1506438743129719,0.468102800750434,4.168468476674255,0.007510805560099115,0.1703352576894858
62.906645322198415,3.886726809176864,866.6736014237285,0.1821355263285663,1.8003293534191567,24.450742523653982,2.1534245243910797,81.4444878583401,37.34986386933119,4.058910758752494,3.1790382944312094,1.4253542746713868,0.31369618357805756,4.13499361111924,0.03398920904102884,0.10600900238465569
32.7907483258109,1.927880789504586,2885.825425070432,0.04762600099182482,5.349117586409146,13.794213174089194,4.0,50.081067568285306,42.83011232812712,2.658418282426111,7.4420459109955335,7.214478872016935,1.0,2.205852293618684,0.49243737475842864,0.36843163317649563
30.101636775070002,4.588804332182207,31.198763622262177,0.08664914190344988,10.663347147842591,11.43276905158036,0.6047746704780399,36.60751204747431,55.37540642839325,5.654777268362292,5.6432285057709315,4.069294538213919,0.6926356378026728,3.3911303662664407,0.27605923205514177,0.20966620302113023
22.781890141390335,3.330031617052025,267.97100454034774,0.21599260283472263,4.935355952767995,11.252676376776892,1.5256134099949392,30.560922913692515,60.835871044662625,4.371313460328233,3.2966948304194346,1.7291539684112012,0.40243620253480417,4.625640837870649,0.1728344561733331,0.10065047248109914
42.792919337532375,7.9006182811599945,1455.599349319814,0.08034728504706673,4.652665300955427,21.83201444876904,2.8312948308950805,71.86126439072098,89.81101249899893,4.399272687111688,8.746531262800554,9.524862993673656,1.0,1.0,0.7065432986996921,0.29957131867593595
59.44138453280299,3.3966952155549053,828.1770396799757,0.24000263843040462,7.331003253393309,25.614778664281516,1.6938723327898897,82.99555124409235,32.84889210939393,5.501071399328383,5.199068091106811,4.777031993900257,0.9685847784509627,3.0176351774214063,0.41855941436241717,0.09911223375360514
39.928098498991424,1.9795408245111248,296.43166604065914,0.04174380443972368,3.949541093951355,20.54655047803964,1.2642030082997906,66.79269058687174,28.28553734152879,5.120758314727293,2.8186593908861006,1.0333207741490082,0.14596487394563956,4.150655038319064,0.04056927747626235,0.31807081114923036
43.940774765717634,0.7614850584953646,603.2756593495104,0.0278804159576652,1.6232386029481582,17.959301473703636,1.347935488008611,63.88006282654369,27.536662226023466,4.997226175622412,4.310584817853918,1.4278389308967374,0.3241499018101513,3.1203782153976483,0.30845320720547703,0.27566590259039664
24.705582941811993,2.597249884993695,366.4721452910354,0.15981931161840218,10.340447414365514,13.514514112688827,1.9614239639352904,51.4461059339162,34.542170053717705,5.057978010279014,5.484194090440106,4.103132186750194,0.7348367691389951,3.2926970039870564,0.1623438451601322,0.16763691947276566
27.355758193266816,1.7615673910596605,498.7253793892754,0.17405025303414212,2.4373512649540388,13.293932260057204,1.5153910845006995,51.082900972158335,32.79441653265362,5.672612934172964,2.7696520294544915,0.16704305499174255,0.16880552639519664,4.705498939164594,0.10172794587251373,0.13470919266961412
31.692870408800932,0.6992425794821153,461.17195075245485,0.07127437736721619,6.115545692205643,12.889558469627392,1.0602589103561857,43.03032287523604,26.607395538781294,5.51327568094678,3.066574813567076,1.7459396054053817,0.4744837252803797,3.372009508828052,0.3511270156534009,0.2668317894977634
51.45258608645819,4.668376697266352,438.1689123371144,0.1255797063973673,6.351941122852569,20.16559717307324,0.9325870808401607,79.60997889777046,58.87247311260026,8.37452911757589,6.874440724033381,1.4867017850711586,0.2196684850835195,5.0,0.1152947539300467,0.2747845380178671
48.14933797088076,3.3292047153650204,261.2269697665516,0.10862758217715343,1.4076103762353358,19.61717700726036,1.6135177334041155,74.10884467176149,51.45125262888517,6.40209270156281,3.9691279943825823,-0.5965781032168593,0.0,4.708046216311733,0.14647105878843203,0.28911013263866614
27.105126748452108,6.005511334244612,1211.743526554181,0.12177674308377716,9.916773693566222,10.873927478908083,2.335475555017293,40.17853631576554,66.20247162490432,3.1613137834317846,6.690587348742078,8.174337003610221,1.0,2.7334772259019875,0.5002623496629935,0.19887128221789743
24.61125419197412,1.8166632318875686,678.8747942901216,0.1122467516700322,2.1995872907441596,13.413236999037458,3.0901999145634527,45.094472896228154,31.2440683350899,3.5816006252866073,3.1783937554020945,2.0178148080838265,0.42952697671337187,2.777240189599644,0.2894387715500548,0.15134606402809708
60.76209821957887,3.530104993313981,196.10676162903815,0.09895943936972594,2.803216502547814,27.108711669949415,1.6874775985498782,90.81755600446385,37.08337065304174,6.844367996979406,3.3315074531321294,-1.4978136858638922,0.03263212109358238,4.808234353513177,0.00024653436888683045,0.15203015954521676
32.67019751245247,2.4544210976979803,684.8823767268436,0.12920349090154415,12.274653940875691,14.484451526052304,3.079805796873796,50.01394021267256,29.746675482403568,2.969085911320465,2.1686232982488636,4.496825861017744,0.7976575868276358,1.9467431015809835,0.3956011009234902,0.18299174605208796
19.424003961820176,0.9686640710826021,663.7489308241444,0.07593541971958338,0.703322055480942,8.089437683120902,1.8116199108710873,31.727962573542374,32.7638238136295,6.916770312649457,3.410403951135845,-1.3050286125931125,0.0,4.860095577241168,0.03368086407055681,0.28465692767375333
30.540931596086157,4.864375556159789,997.2341726274759,0.22744607264042657,6.3939006901184,11.468503155338956,2.4066062465370606,32.625412189000066,51.64547168227886,1.807886617326123,6.248020381950262,7.608021087803206,1.0,1.9127099171971045,0.4563694076872029,0.08648775557224135
35.72785595380438,0.0580022103145238,1119.4403904295448,0.17662923478552972,1.9116718458464952,16.373301699312332,2.469011937463291,49.35714138799573,18.90253031960464,4.760221612900266,4.488142945616597,1.6060601145408997,0.3408461313446087,3.9946143501350564,0.28759454078554675,0.19898073069081731
54.90855045740917,2.9802318110091197,194.7169187101587,0.11012156646694503,7.665306175666363,24.50182231856174,1.5194867770767966,80.54601172879089,27.176585064945392,7.875742405173856,3.4945702142271236,0.30651439264223007,0.10110246790647867,4.141919148718075,0.0,0.11915313075179063
55.08655458232783,2.332991519204785,1352.54197827929,0.18138269354147613,4.510741519044392,23.53470809638738,3.1440529643454487,79.24197950001106,39.05065202985336,4.540468417441291,4.452921785392728,2.807640174570322,0.5404127265292636,3.128024595740366,0.21191733780280209,0.21985947980154918
78.1922578673843,0.48531330274203555,191.65570686328036,0.1149707864486748,12.841517530375588,32.55469838219006,1.038584812460749,100.0,36.63835413613621,6.9115615567311846,2.432086998407806,0.47233141939209294,0.18724173611807055,4.4817986329280455,0.028123974862912904,0.1586607888793533
9.765220996322352,0.600429449343308,747.3696985598526,0.19772231258092016,4.8855718408727435,4.433609485498251,2.4596689449554434,13.425602346439597,18.615509559935926,2.67623339053166,4.620668401911381,5.427077252617845,1.0,2.366135034697667,0.47844277610556574,0.1203247782380395
37.68813430920928,4.542657143445037,883.7148725757036,0.046705424257033896,27.063976460532558,16.72982147397731,2.5194814212492815,50.93283844937195,57.76550765558294,6.252347226046095,2.9025473144798486,3.548425757470877,0.6429273468318056,3.4650448737934414,0.3337508859309291,0.19069237206831408
11.500557843904714,5.943990866085367,307.83275125061004,0.02048155861859461,2.490105165344917,7.937050966163184,1.0664077166605854,29.841043552298505,73.38356193676064,5.5246833670004385,5.8515157890106115,2.36846117454506,0.4821099775661646,3.0949919463914295,0.3923323171248049,0.2530574465739511
21.13667012775405,1.9858778430119857,443.18130989217224,0.12113222663792307,6.030986373541714,12.031048519156002,1.1840408171732708,39.17373081862502,41.553682962344865,5.248761467773425,6.02623204085991,5.149707128289835,1.0,3.4086559525629982,0.37807729639809007,0.12150880716378135
71.24171905809736,5.269859593473512,910.5487137002348,0.12228588389988,7.7931448889327415,30.732147345101176,1.7731345551868962,100.0,55.021404561314604,7.256736613774431,5.61015381115665,4.270814917640407,0.7664977256014203,2.8764991045398136,0.2759447248058605,0.1901507957620021
23.358131483534418,3.0236221495338107,1187.409447125882,0.0859525502800673,9.505133136747212,10.285383765486802,2.881869895844396,40.79833177957552,40.87608282944285,4.7298928986674325,3.285871893557222,3.6228205930660056,0.7639628977093755,2.865980870568341,0.4605989244377489,0.29554081511206454
35.100572450661474,0.9121239516629303,148.8113023807777,0.09286973135025081,17.50388194821176,14.690155168349436,0.6367764704079718,54.131783501164065,17.253902793072196,6.318399953023308,3.5160598439966577,3.396675503905645,0.49359623000692193,2.6861726826833543,0.3919005397654238,0.20363602567053135
83.38212383302401,0.7001075823872257,1088.1666710248692,0.19936001129254044,1.500179271098673,37.263696206131655,1.8465363114696403,100.0,23.152308930229893,6.816003105266828,4.240241127686521,-0.5341643290987861,0.0,4.037979171507047,0.1493532501815899,0.08333341177628244
34.65268135278148,0.8706835493753845,555.1174877159292,0.18249301262456122,5.1250998867582025,16.95851933973176,2.3455266889759434,67.4247875526389,29.99502201984535,5.608740740228609,2.560660860377986,0.9351110880141571,0.20543076861812384,4.222191103657083,0.0,0.11710540736060585
37.522115071673326,9.200985960368227,805.8084382270873,0.1314964124622994,6.962737814055604,17.775126610849988,2.647012469131501,59.903322904044295,97.5074949839676,3.2682312387063286,8.710523562516919,9.792278028544253,1.0,1.2516137574013122,0.5043570803948086,0.15411825873931112
69.08854967764891,3.1377243812192925,1089.5642473303326,0.1975852862996358,3.8038477559099735,27.780329500934336,1.3553317644526348,91.47482772628449,52.631688914618884,7.068629166922711,3.8164152117248578,1.1236846526294344,0.15946432778260372,4.28371019427823,0.0969910882021791,0.157045645586549
51.48818813948741,1.4315213961584803,405.4988836677601,0.1332867812698949,2.3718452771511562,23.63861845347096,0.8298113393281927,83.19309820606549,40.4790430396647,8.824742784635532,4.928845934793961,-1.3581779700772574,0.0,4.912736007707223,0.0,0.20713995405356658
24.249511867075793,3.520264670377992,620.6614751289379,0.06654293473430649,5.7297299948991745,11.029394914135674,1.6727128356901853,31.913993691744174,46.77626291515309,2.5061866472648346,3.1330915454276456,3.9360556961049693,0.7596942995750174,2.450630910611089,0.43968851745462817,0.2797561161412567
63.43221278369536,0.9150078808884561,1706.0755520221935,0.029542897958888918,14.241173093400006,30.842316783624916,2.801042602391456,94.22112587099016,33.6046256221383,6.499059066847412,5.038428840293129,4.491567544620031,0.8202585950969216,2.761034556720744,0.28378279095574,0.21430060638611162
42.03827410153502,7.1787075052230875,830.5101781415399,0.20182921554670596,13.361949444641992,17.153340707535705,2.3229137425622945,54.772796135810836,88.236040812163,6.250375952648168,6.4629465354613576,6.656552240957631,1.0,2.2954323565081562,0.346628908095646,0.2125064974598268
80.37790975214816,4.335840169333126,606.4320132893479,0.17244308040809117,4.231101639198018,35.91480291994751,1.5168004330462457,100.0,50.490291595854735,7.7415321769286205,4.746225701067424,1.9945015696505224,0.23093517914319162,4.076136002536035,0.0,0.08002466158701806
44.03528334801565,1.2086147532407767,289.6720693193676,0.18596281970455358,12.476545660815322,21.756193973162965,1.222396639304764,74.04994046509715,23.59007910912641,6.752796893077088,2.2564365115783307,0.027531737844282977,0.05682881669243202,3.844887808993917,0.06750421595770845,0.16393419500341408
16.92392951951958,1.3015682610150605,676.2503719492713,0.025489013097823324,8.062868063481426,7.730380621066063,1.4802412710998123,29.673916284906387,14.84339271319222,4.790817934141001,2.666582882345281,1.1302660712655528,0.08730541812621276,3.5987614332984084,0.30657896254042927,0.2624637569507704
20.838249343081227,0.03622730410865205,657.5875358771933,0.02682884930025197,23.97222262533909,8.74589572096328,2.0807157166100194,36.57589594255882,21.562403818070212,4.661180259353001,0.5,1.7122035045942177,0.2549236163954107,4.350177947569211,0.06506108643413772,0.24810403405582854
88.11890415427825,2.8648794252517074,924.246545529807,0.3434948510984241,10.71557032006531,37.099601778208786,1.8542383929585844,100.0,34.19670654501515,7.152257540706781,4.2096416328238515,2.283945906131786,0.49099492103003817,3.3390916722294994,0.2825320631727139,0.021837839401551533
26.748731377137666,1.2764075386704865,1118.7443029783794,0.13146035564513447,31.193587363614366,12.497902706992901,3.6395921691169404,35.29430542544229,29.05259900086704,2.7380120504746768,4.076710928030653,9.37476605309473,1.0,1.566885706801742,0.6018579762388702,0.24031749209998263
67.34413509584517,3.457963652142146,315.1373046861233,0.12119561579006997,13.776471885708819,30.61133816112825,0.9647020308632203,100.0,54.90009899443601,8.421852925231917,4.830281522010395,2.040971010040356,0.41580275085944624,3.8418528418514395,0.41101479489904613,0.24861528985473386
79.74574330945569,0.2534207775920774,805.979796884691,0.028707237856855434,3.4118561285070323,32.12334554907143,2.4681670011102783,100.0,25.242615406418945,5.5923305434683535,4.295871351062076,1.9039827741842663,0.46857969784800985,3.9431268748801562,0.3435424942253279,0.29948940308161126
74.6887654781054,2.9000149863700266,405.4757947585763,0.1304491736476102,4.25703580359127,34.016243264285905,1.3388838045876166,100.0,49.257862255066996,7.665213775653867,3.240045266357165,-2.869053480542954,0.0,5.0,0.03280812934708596,0.1934170434908863
68.99226132392322,1.5983329212328239,1464.3184088690748,0.22342292338138894,12.48811000318012,28.71092944715809,3.2663332078030467,93.49430891072303,25.378359317555024,4.67551442135084,5.211972286873101,5.5621259982982485,1.0,2.706418910402687,0.33876612457783495,0.09151442407654488
75.46581872848404,3.7342737280861376,1271.9380265536804,0.22150064644396233,9.749813651184153,33.28004579395705,4.0,100.0,60.76122040017698,4.7160947542174725,4.436964669079337,3.7935918907582593,0.6516969511933177,2.36281119194286,0.5428410436309956,0.17462265585104572
65.49320190612987,7.2788185004281445,367.13253988544903,0.0903884822154416,15.918329757816103,27.7689884053231,1.5597458466194782,100.0,75.02889561764168,6.45152056081403,7.561359684683308,6.033409917697006,1.0,2.251970921020426,0.49769454679966696,0.2228182407263102
23.896640778298053,1.8381334547539667,1519.6114241802488,0.08746860364684961,25.026504629981204,11.242461554564146,3.3942900986511413,39.7009372223764,42.49031098574265,4.649255156528641,3.2621595636485203,5.249064717511272,1.0,2.610521546331859,0.44612641475106063,0.2687964821547303
80.56050766344762,0.1991052798640684,475.0270244245453,0.041275617489716046,6.730377673640191,36.87107130693588,1.9821517709725756,100.0,30.35697136529869,6.829694061832647,0.5,-3.9199266273056015,0.0,5.0,0.05729896528648293,0.23749476897814042
79.43050572406439,0.6162815137291918,188.35629957438186,0.06172471893949182,5.127936879969936,31.899524531448346,1.392557792651773,100.0,40.346102295264814,8.109827125777201,1.2080322022900734,-2.363972539438036,0.0,5.0,0.07382361603649262,0.19637374318148967
57.20280022289407,4.107571689293911,481.2033801911475,0.07582880348749264,15.118076950940752,25.75352310151247,1.6032660497783169,85.0928476909469,47.09954302263444,7.805087883625001,2.820924977032687,1.8951312162774803,0.3918171881844436,3.4938087521474492,0.2858878408025978,0.26169544926548544
22.14369071226419,1.551283843948523,3507.8382672124903,0.37576638296291925,2.6584237243394977,11.216882014065957,4.0,34.43247176601813,43.300280124883756,1.8595592397977931,5.699389224907518,5.926966174589146,1.0,2.2132890947967043,0.5712183977314498,0.0793783917257682
64.4594528437301,3.4663861148503816,239.62583544473765,0.07971330241289713,9.52572742173565,27.050327376937172,1.4121753293700925,84.19657747450664,52.53325613775096,6.390070250054704,5.771110191186709,4.951074599977706,0.9757696419823964,2.8931063020984404,0.31558022229351723,0.2739646336938101
25.737502197249334,0.007336489656063311,398.5217762747366,0.06932110980012376,5.662084139743059,13.655498977811357,1.4115008215153781,47.44867595326427,24.789864472338195,5.843479856219351,3.7905166195587845,1.9512964227352945,0.3488172971831997,2.852039357770678,0.47793770212822506,0.23448204286540095
15.510401945434745,1.7765079397558063,825.0541651714666,0.17913223704971193,9.899288298211173,7.197013378252876,2.140440088640122,31.935296658312186,43.666606479386246,3.6613684347573803,4.602512379282448,7.019639627185476,1.0,2.1392451456713872,0.3844413533704277,0.10797070933788246
10.853831873446524,1.2957625505172077,691.7604034199616,0.0758269456061934,4.771827494318866,5.478134417051872,2.0875396128947,21.418893614667198,15.288409395046136,4.834588223186196,3.3788414863287666,3.0285612514225133,0.5403848861954633,3.6120887157842834,0.33723245732430873,0.25295551308753783
23.335832142675592,0.9327063342586731,361.1534746444699,0.06073558143883996,4.878654388941907,11.453088768910824,1.337268106517585,42.96459064146266,19.817982844132963,4.5889022556255545,1.9903306536964473,1.1657772918539582,0.2630736708971579,3.565114239267477,0.40838669232402125,0.31181727195954567
73.23813442467667,4.884173376800191,1454.628452364825,0.21685878642358705,11.74112744663695,33.14781792506939,3.047915528320661,100.0,49.55815270416785,5.6856725425625765,6.523975687998849,6.8748676471078,1.0,2.148063495509773,0.39624080647208904,0.19117055736900754
71.93006886001282,2.467354727408872,1412.92607839039,0.19455360175596578,2.954350223359438,30.87450671178498,2.2118147360558167,100.0,50.70744249011288,5.636467726599744,4.74084301301984,2.0060773964819036,0.2808140340578698,3.207967680188003,0.31212460450818397,0.11553477768983174
59.018239148934484,1.7280162529899026,474.5150273568692,0.09803434898395726,4.576242388696368,22.552727480295207,1.2759247408469314,80.00034791448317,29.0628010257042,7.54251966576161,4.094196864027364,0.5351570026686501,0.12455161418603249,4.026774209286775,0.18671952056264204,0.16489930761301477
62.338808416164774,2.246662577894889,822.5418313614954,0.30911650975541693,3.37993271505865,23.998589149444616,2.013940996567587,74.11449956296278,47.9065239761099,4.0336638721075975,2.749432052068065,1.2756203738324525,0.33947142497644395,3.7655737463476378,0.18973233157927144,0.02925960333042489
29.954725788144827,2.2308835654926105,562.5528342532946,0.08467557097120508,11.018323506643435,14.459920073677425,2.272237234794203,45.33886924510187,34.28127510128712,3.7303865943093557,4.030893988324672,5.817222506414671,1.0,2.5813667421104456,0.3894036131695145,0.23485691192987818
65.91138036413902,7.110395759990903,642.254025545594,0.11668341977991734,1.915748107599241,29.312614659995244,2.3673632025834417,96.5216360211764,80.91001275396366,5.565881860242948,6.600564070782343,3.4413821801998816,0.7485085713357416,2.9727560344324364,0.33932038964582484,0.20898504222394254
24.37630624359635,1.583097126996445,212.81000911636502,0.026551425994448874,8.527695336073903,9.78948118818348,1.4540180541461263,30.995131845024297,49.875678585485645,5.672641584177687,2.104099994094846,1.8172886358173992,0.18834549913669116,4.228637847372634,0.20901436703175819,0.2441812662541712
35.180885033393594,1.2325552716207229,190.82891258840473,0.1498134044603259,2.8109836905237255,17.216694351432622,1.0316657240066267,62.3652595304318,44.04042778154374,6.075278252806995,2.2559612398458238,-2.457973082278701,0.0,5.0,0.12318612390715152,0.12108895755371232
28.364412254778976,1.1587352194277336,967.6773400319208,0.013508224116497448,6.445329135058445,16.635033792481806,2.888126796940062,48.48976628835465,27.56695130418719,3.4854043054745176,3.2220253491263104,3.623161259272993,0.7111471697520383,2.8593182924344465,0.2251879621732139,0.28363740616393057
66.90548236190939,0.6238806640945103,2321.5621115683643,0.12131298265295652,1.3840760159840424,28.923693182834032,4.0,89.0349218865061,26.093777194389933,6.280778670619287,5.4638269384529385,1.9134631492092515,0.4277131509243159,3.7759877396882726,0.28880888578693376,0.2091770405438266
62.57335788532183,4.975742661190928,687.1691149079628,0.24916930354439892,3.360422079608547,25.75411186731888,1.9771001781970234,86.41643839450673,69.36506619116216,7.700109487125038,5.867023309019569,0.6597602049225035,0.1661802723225299,4.2479983104667305,0.1299275330934545,0.23304576389468068
48.82546430229592,1.2784219839619595,491.0105508992324,0.10132170962285252,3.0934381067003383,20.95181395074074,2.015141011114879,81.53401940679508,26.62235739968236,7.937073063015135,3.456346369978845,-1.1198716058399376,0.0,5.0,0.16652881019168814,0.1389633606893746
71.74010890086913,0.13742417984992633,474.3656633339495,0.1319502418420445,8.77607925335205,32.260140139488264,1.8706433407146645,100.0,30.48515225079211,7.277062959451966,2.9111455461946285,0.6974962377584425,0.29399676269119646,3.590977013145943,0.19377062129955314,0.19166958410078308
20.715896540850903,0.4421195832140042,638.1342138124099,0.07961304846010248,12.397018719921078,9.13683724067329,1.5527348283146152,34.741172505931935,14.65495118088824,4.1561492102524245,2.6257800021074162,2.9430363018657877,0.5869077345989571,3.868952285747663,0.1765830626891073,0.21850798553065115
34.80926885415977,3.550418145353814,336.34220055528283,0.07918001170300636,2.961235761745967,15.678138091674308,1.1193563775402888,55.50664572501676,47.354013591528904,7.0525103853667,6.9227283895748135,1.6504662510462218,0.2708327530869542,3.8118244135070114,0.2322608698516416,0.1827807436363325
72.23158840708605,7.575101022013885,1405.7021031117442,0.08712515698147737,3.9308994327332845,30.991689845084267,3.3406101395880636,97.1249407395314,89.7905555469631,4.252767136435003,5.657286159122508,3.2713570239713605,0.6377013038783469,3.4517213885982923,0.2716918501306431,0.2327850762453086
70.7531226946103,0.9401111938370387,734.1838271272368,0.15148067593443815,10.64308670396695,29.11898789636064,1.7291961388635686,95.95510582278308,28.657032261284144,7.678203684364265,3.713099253893237,0.3664168260451014,0.1342915738584371,4.854612391723145,0.1629762681762411,0.1380094827275557
10.815893329724675,0.6313413591353653,111.7559325037635,0.13837680041897102,7.889064066409785,7.62259517847104,0.3717300689894233,26.667433073908647,20.41056105276966,5.80337849425584,3.623433885837941,1.2544494645450797,0.4538557710487351,4.1473753639162645,0.25526366954578045,0.16684015049580636
36.018536239372565,2.3759535730233203,611.0195147642434,0.15740011323541922,0.8500484592422386,14.111561561823427,0.7418492430085095,52.90926399569805,29.907245348855994,5.881071190361514,3.7753052571904577,-0.8168982283404296,0.03611960241963279,4.141767648295356,0.047468926185149335,0.1931929344487136
34.4241860221522,1.9688446817252625,461.16157789321824,0.04091662410316555,6.534607172601069,12.370801750509344,1.8990838187580015,44.165325996128615,41.81048725430223,6.079119702398703,2.6674490255003023,2.198953094847305,0.44128820399584345,3.2732328837979483,0.27961448361716235,0.33838862555412647
25.602479372101143,6.168899679179768,470.3818400355922,0.039405543231033596,1.4676946562383764,6.779162915364227,1.6995933451752692,45.46452003876939,65.08524195305984,4.955986294597084,7.780908510978486,5.295311535994658,1.0,3.0059814392337754,0.3169390152459811,0.3253672568184438
42.083464363030174,2.7235335389570174,574.3199095315093,0.2262888086806418,4.108105606112173,22.244512923254874,2.3053598574006817,67.90083893111881,44.582331580158616,5.3306891427361665,3.7434481904886043,0.5581499498529185,0.20841404044181708,4.14842137635965,0.2902317733606936,0.062116750424500676
80.12836587001304,2.1654101631126443,908.9057112054826,0.16398246815454506,8.543025674836201,33.02417668536384,2.921421911051675,100.0,40.376995257258336,5.860623669839368,4.435756575467812,3.6596971979285153,0.6828925453505482,2.8959390008167945,0.3404375753893236,0.10159643109765261
36.23580170146739,1.9230120892712426,398.81169308266925,0.13405461611084052,0.9304907231612107,16.347574888493323,2.5407267805054214,56.974103961278594,23.223078919080617,4.5477392890212665,3.0558464932346716,0.47678523000245643,0.057973183491049754,4.570982738435578,0.18520464280077725,0.18113596645153685
70.85968739431128,2.698675660788591,524.6179919207719,0.0900586088741466,8.250754237718086,28.005858663829393,1.7681024497509392,100.0,38.109166346703766,7.491476195213627,4.507609841350709,0.8382221184907552,0.24490209825075557,3.9651372432825633,0.297090454836896,0.21772870978436087
77.26202028066957,1.7076416213468453,355.06556370556393,0.15237543284797597,10.336243242657286,32.78587006723745,1.838732784133235,100.0,36.09407185669029,8.587514354584426,2.199241279269999,-0.8145034490032121,0.0,5.0,0.0,0.18202918334749765
33.90356155891604,6.061349971470764,701.2573964818736,0.1668306668704444,2.5404044626817175,15.369017688219586,2.7753835154732442,56.02602058532371,73.52866113258075,5.215430296765108,4.958593741797462,1.8373710855108745,0.35446286552434847,4.1245265257171555,0.165089473770295,0.14344768935629645
50.908669561588404,5.4693791365727265,2558.6469258726534,0.2704895012209864,12.295416171969649,20.61597778088268,4.0,74.17949980192718,75.04610872117065,2.656405855539754,8.624635973139906,10.549206615987178,1.0,1.0,0.634647461793045,0.08401499630779363
82.87055722157427,0.7276400453037263,686.9732394679905,0.10688988105559376,3.3670596824737697,35.11379679559892,1.664947391919354,100.0,35.31378202581225,6.675432082090131,2.894033294010029,-0.6395776012484938,0.0,3.7603083547731306,0.282404651153304,0.19285803685084588
18.680119637034366,1.1727375282357957,2123.521340793524,0.09162128188884132,3.260670935866903,10.526949000232594,4.0,30.403862920906317,45.84561046891729,2.5874879185638,5.7800242989028074,5.577214414258524,1.0,1.1931527842320189,0.6529854422381667,0.17727788427533248
22.119964067994587,1.6234391447731384,1209.6402710433856,0.12682476079818514,13.65831105799398,11.464341001469819,1.9097186872801004,33.3281094007758,29.70134643004609,4.187198037940555,4.784197116091608,5.422505458782555,1.0,2.6186516969428175,0.5902366571734814,0.22782436881009793
21.92242957803968,1.336224319132934,1123.5118583328322,0.17743635221945467,1.591348102294566,10.778938177822706,2.9710673110379,41.549880876027956,42.129742255828965,3.205623573658136,3.6994456471400143,0.08914676984354042,0.02808555947535355,4.3028947976585386,0.25870266485073956,0.06678476800713094
63.681582145845006,3.9355984789259337,317.539096465437,0.051708536172417295,2.6763434365560457,28.52936905063597,0.8417201048930967,100.0,55.78470822885126,8.536237398296619,5.135868655620666,-1.0821608013078514,0.0514647596452498,4.242883101402463,0.22051867903397399,0.2046646897492594
