order_volume_peak_season,weather_severity,geographic_distance,order_discount_rate,order_processing_time,order_item_quantity,shipping_mode,fulfillment_center_congestion,traffic_congestion,scheduled_transit_time,actual_transit_time,delivery_delay,late_delivery_risk,customer_satisfaction,churn_repeat_purchase_risk,profit_ratio
11.692872381593627,4.576443556617595,429.8780859434353,0.14219342368837298,3.0234920747531864,5.193903235046617,1.652607015310788,27.237667813366734,49.316310056825486,5.178323995011006,6.172277464076818,4.128579337593827,0.8109853160760456,2.2746613250500327,0.4384596855610927,0.10376609836467203
91.9272324239033,1.0709991339705969,1168.5358691336924,0.09907253225798496,18.89715630800449,39.82020381276436,2.4280392770161687,100.0,22.212105249437954,6.015984285730172,3.274865116758133,3.6619417344528165,0.6938779045304239,3.1537936361041625,0.5144701837127861,0.15451078662177703
33.481038648392506,1.618158661713192,447.89365627761066,0.2933157634199732,12.914179421153323,15.01680313639812,1.0486130303652348,55.85610894089057,36.00688486531749,6.1775391858396995,2.478925731354257,0.9274456155138371,0.08365834847573542,4.127770605754664,0.0,0.0925422325043261
87.49696619042803,1.6460368172589355,492.04605908410997,0.07983084760018697,8.606201068747737,37.702306513153474,1.2577590135759917,100.0,39.94560982437862,9.531102197158873,4.475104835885226,-0.09529014636581845,0.029162563153599143,3.9660107122002417,0.20544542287230197,0.21196887617325447
68.18180611536445,0.4249283794285502,1100.8433295421937,0.20817977017589215,4.591966073398926,27.971804034797685,2.786675709792338,99.36137786442288,28.418330521200524,6.861392386839587,1.4823140872265035,-3.0570334564161463,0.0,5.0,0.04788181655208669,0.1567754011697483
62.97449548921235,0.6589368152489318,1982.9795015086897,0.08407879948195726,10.583765702562296,24.887713688824824,3.4014293637492194,77.21450560992629,27.375503520255958,5.6770585023523426,4.963280876196909,4.9784066212417475,0.9359480848138354,2.6376572651918546,0.6107805619397408,0.26369789675731614
57.20753659641153,1.3204092583851985,1038.3260557499698,0.321394972631463,0.5571159239249034,24.069781404057455,2.8307334759046565,77.54654588786444,25.33331636063098,4.930511078473851,3.1803325161495852,-1.6999513564699136,0.0,4.908363043427511,0.012071548406620787,0.01258090330387096
34.65117016056162,7.078843714731101,1588.3408790128074,0.050298165521347166,6.998984206743288,18.004838841614554,4.0,62.1432748859048,69.58286153627044,4.013163296260926,5.811769631028105,4.5497897003364285,1.0,2.4046483010058872,0.3611838461763561,0.2612614404056571
26.60331861266588,1.4994640338124121,258.5721518659763,0.11706692662694619,11.70637954927451,13.146719485278485,0.7319456294037591,42.75353965761866,29.225527077607317,5.298228275359967,4.661266629799741,3.5853920035325704,0.704993324168709,2.9473917719803184,0.3219423372943865,0.14202019028974888
43.082861871105415,0.34160726287956655,1410.7908064767746,0.22306894577198155,6.106291972976589,16.818106734317762,2.6219890858722943,52.62077081894427,13.232781820893061,3.845762234379024,3.771297338877792,4.191719313564156,0.7561544055391592,2.563064489953118,0.4115363317529178,0.12446739561750565
67.80184631188364,2.600316088859041,130.07366461371467,0.11589649584784921,14.008234658398582,31.465767753208098,0.19243738151722067,98.80926037869294,37.782031574368084,7.609007112083919,3.890390933158215,2.60637850563992,0.4167375825345789,3.1323932331397586,0.39345276089024245,0.22338374113280304
30.68543915885476,0.27460453594143786,430.38533147201895,0.13769480751978938,20.838720194256425,17.09333360321992,2.4396828679785516,50.23357743605424,23.085976926636803,5.19886934454433,0.5,2.221266487033465,0.38415988618627184,3.5256344364438643,0.31292685324175773,0.1931055614801878
67.37555063206021,4.452673888571008,546.0696629761396,0.18587972488896437,8.2558696046296,25.74581436760819,1.7859445677549994,92.41353005420113,43.21337361174703,6.0883667407266335,4.639831462193806,3.5027365692685763,0.6205081706143495,2.7224348421537803,0.48600455886885074,0.26120090174566146
53.43736446716823,0.27589381694597437,571.7547155591055,0.049972779020953484,2.949889359989613,22.031618953088735,1.6375289910591078,73.43327647842102,27.93760075134751,7.681722588028732,3.049547950730333,-1.0470923073121639,0.0,4.4698260052457846,0.09666752399170475,0.13730340315820977
7.757216976370341,4.084937694310385,1094.0785416377653,0.1039914824261901,3.9961367171311144,4.611149296748017,2.0353889939367447,18.618460278792757,52.86165338645652,5.001264580311829,6.171955475967322,4.331683881044214,0.7954917436132346,2.4085698596107767,0.4135567665164581,0.23301431366512979
68.77355577655644,1.4256334346491848,1284.1806061150176,0.20344760713550758,19.7879212891339,29.964367073414856,1.8545973902561188,97.15734257153947,42.26765330492644,6.969884683660039,4.993354582016485,5.296822979107651,0.8585366015219664,2.836793797735144,0.42858303275709114,0.20137155612252117
37.06162342099553,0.9248294369701512,3797.6390069014565,0.25429236931107463,11.556884732434371,16.88289356042166,4.0,56.875760190992274,37.55824206351038,3.1428238707169873,9.877825872015926,9.544021586344156,1.0,1.0,0.6019484569615671,0.12404516713389915
34.28440327331458,5.530728501186927,1780.5953458930142,0.04435355662169592,6.570667233926621,14.944122248237429,4.0,52.923747823992336,70.2264126557435,3.18171268187547,7.7460294914754435,8.984641289938434,1.0,2.008545115932253,0.40475383934812104,0.33847453140034245
55.642524221702,5.304983566245245,417.24966358805534,0.1580169435958743,4.763877261189248,25.402193954946533,1.1144310470056626,82.88980537259897,55.511732219728486,6.290964466058765,3.7910217089553835,1.194587932926764,0.3643182795431592,4.6451431415246445,0.21009126316845483,0.16495532869887142
69.68748007949101,1.1788947411847814,2546.8334917594584,0.06773003750974738,4.111031273832407,28.915413342166328,4.0,99.71044689317293,36.41531062677152,4.432711774292066,6.124173167871832,5.878490726838744,1.0,2.3871898227704857,0.3421729634678065,0.25242783914403205
83.90119675234185,1.6177988661561504,406.42216483098076,0.08095963274074901,16.613298162028972,32.89175827270245,1.5914591990139915,100.0,26.663237090588062,8.911109421612867,4.035288310708282,1.4933928170826594,0.30939045847955216,3.5179013280926386,0.1658747158322594,0.25173992112639015
71.351865510449,5.641648790191957,1217.5139657588702,0.10167365820690213,12.90799284441546,29.988223325871637,2.457258241331824,100.0,55.789933036457825,6.106407234911745,6.60178722514639,6.957086406844848,1.0,1.214814458249227,0.7209279618088884,0.22544352469740406
41.467145876605244,4.746579817720997,1510.8687487355237,0.2023760540548636,2.875938100172686,16.274427743122793,4.0,62.29705108145815,58.823727377351695,4.3269692591951765,5.393619653413215,3.853181535148131,0.7443381839486497,3.3085042184180047,0.20434358416016896,0.03371197927748962
52.89198014998895,1.530279153233631,1685.5632756424257,0.3068408673154997,0.6966880903649049,23.532837471430444,3.740441159414819,81.81009554092223,26.19937389759814,4.643649907806692,3.5241390661960903,0.8749710409628175,0.14312690907370856,3.3435997218332703,0.38188191369012847,-0.0376703660856543
31.560926515695815,12.752222726060742,1245.8346773282192,0.2248088065596876,7.457914322797096,16.227930499766405,3.4563407338902694,45.82772737782641,100.0,1.8240084380458161,9.582479380947667,12.65482389739878,1.0,1.0,0.874178623404488,0.09211499264367934
24.300756792578394,2.247607134404437,801.2728511618895,0.14653228290656573,13.604629652283199,12.582259853204047,1.834449302040326,45.43546656562146,29.247885039336772,5.516513354201508,4.5707494177933645,4.892124884406519,0.9169212881886357,2.46828780170822,0.121656796009316,0.2244661419565494
69.02811126079042,3.1599650690113408,628.1585469685194,0.16540610534771333,10.860457604099588,30.22620898278734,2.664537834664725,100.0,47.67609384452699,6.291274249514432,3.0401145225686115,1.768251655738413,0.4232223140760253,2.8936950614129997,0.4112172367663056,0.2970810946484196
87.56234082768249,0.5272931921063796,1484.6408293167713,0.23357355343246428,1.5648091937260662,38.44526395221381,3.4126267610410346,100.0,29.878128308418212,5.871958151428453,0.908345696613369,-3.1131845913296092,0.0,5.0,0.06639857050293496,0.13937354513245176
66.90400436429226,0.6418008932436231,609.119831495969,0.16652424357351397,5.831788846984338,31.29738544159172,2.8141319546510832,100.0,21.95016138476657,5.920543831414858,2.339372683655717,0.8037442380295454,0.12763235414646718,3.5991155797528105,0.1287399856189238,0.1475440209064777
25.40650986420178,1.5850571195960095,1235.8560098628272,0.15247002020043923,12.139105646392261,13.13761943803307,3.173482613868753,45.521049326054076,31.74194028043457,4.156308885888639,4.6907804288558195,6.153455113473511,1.0,1.8236059246040461,0.49550133045033695,0.20915366847334843
77.5727855009685,4.385610409020064,259.97146338561566,0.016670948952030525,9.317264899005002,33.15462337176797,0.7562916957121136,100.0,52.20421797442695,9.177126203157904,5.721390358823242,1.237983237414865,0.24765619581969406,4.0047458531911255,0.17215559431659166,0.33760205691022094
49.219914610533216,1.935461611703482,733.4868684310063,0.14197779686508394,7.43549919943683,23.7916767607027,1.7965423429020984,73.70804253240608,30.893734979835237,5.843139114672915,5.874527901886719,4.65964503303951,0.8675429126807933,2.8653941423517515,0.2581963576932931,0.24483793095282502
36.657465389816984,0.6210318898182451,1621.434643209834,0.09101988625365885,10.280671297532605,17.165526371710797,3.2700209421768993,58.061494350005106,36.43154674058201,4.058684452700875,4.788773077357776,4.290072929867953,0.7485378488599742,3.5712696521543403,0.1795281491018959,0.19839011227264702
72.8368129318151,1.360492299949125,1280.741673617923,0.23056192327045988,22.375811073632963,30.6569795806347,2.99175481442926,99.37167890761124,26.670882924489412,6.391355625535835,4.019256045043277,4.43534672181911,0.8058506246718861,2.630270379619115,0.3030647281685852,0.18549028207792823
21.240884194374473,0.5083170360561857,261.0017832842421,0.0829036646408758,5.864274598591796,8.923055384974408,1.4852195745871586,42.20518277419147,15.092957823131936,4.949179648096105,2.7717331278345485,0.9822407493697539,0.1057134201769837,3.386096810129254,0.19782559588223736,0.1866284423391528
24.665402699856955,7.454151829238325,511.43555604271694,0.15290055154296908,12.903848790538854,8.212430033914412,1.1815523338998903,42.453560205599146,63.44072010895023,4.372501964030091,8.327293421364136,9.60859132285804,1.0,1.1771023054465612,0.5028482132665371,0.30405166689632357
56.66831961567273,2.712474425005953,78.68018797300864,0.13463660985748102,5.39092923558945,24.098322699176126,1.0473754113627352,77.36137656783374,46.889952915038336,7.445862583918801,6.18179441561812,2.769324670614185,0.6717392818009275,3.9768629552486923,0.2224108224685076,0.158888841689991
78.77372093825193,0.29801180266394145,2965.3632326437655,0.07898166220123896,15.393661064054077,32.670417640351,4.0,100.0,30.03213327251799,3.716179118725494,6.2902268479655055,9.266579168894276,1.0,1.0,0.6258408633799198,0.3067185159054035
39.92840290100696,5.330699083845758,1777.2018850218326,0.18611985876806006,2.3328605249440053,17.976209772236764,3.3772180547115545,58.85486196506093,68.30832684614421,4.488637138209403,6.512994693201185,3.8214810934002594,0.685883721270281,2.6709956826608434,0.36582688746753733,0.22333401503978056
60.18185507829617,2.2033619392473764,1225.3606730470133,0.21918779973956243,9.016972404957045,26.320787722708847,2.197743154156267,86.18545057199198,43.13075187558097,5.848159379524159,3.168288038891446,2.1365111805854307,0.4476983724068173,3.8076958368374476,0.23478474086033846,0.15982786298818288
27.90573680587348,0.1391912174829366,2278.414455505635,0.06680398430352547,8.155389844990804,15.696066336421337,4.0,44.25783233081802,14.527183273341269,2.0062225176872612,2.4468767951280372,4.991862107375402,0.9744237056129993,2.794192420245676,0.34920624963053337,0.25393989220702623
45.65544379484692,3.051437394765685,1967.1697893159192,0.03497890965453948,4.4419166869699565,18.004784083577697,4.0,62.09386445738065,45.84605008375357,3.0548779425568537,4.702615008979131,4.399238656096829,0.8300217477741954,2.7690584055209992,0.3754559401805169,0.2151295727280121
72.30447759877973,9.633198874791935,833.689261192216,0.11782397305612176,1.9617752314428716,30.110975591765094,2.241529912743518,100.0,100.0,6.321539060429946,7.677251614228366,3.1235511816444657,0.5731538912059225,3.8068845618379847,0.1729179351559858,0.29237365084181033
30.96604128151447,0.21108139204766413,33.921704698144126,0.16192356626402218,14.784344302953023,14.952595113216276,1.104796663393403,44.34056023091537,6.880201814905211,4.995243197686553,2.8128210811040746,2.4253761812737564,0.41963145417381503,3.0314167241847816,0.371698474213656,0.21214017058666473
48.2613557569588,2.3949637131798904,718.1636931917159,0.24670437670995962,3.675750480773855,19.94967436346467,1.8073393879656876,69.99748406230668,37.48767991239317,5.737976221733736,3.2196420437312696,0.6127625851182806,0.10615223770761428,3.9975362791973437,0.009864314513723715,0.1711407740184246
88.79994084091607,2.181063816984299,468.5947929756256,0.04388107453298286,11.133475396104066,37.094436323761535,1.16195945225114,100.0,37.71817296623137,9.42565645588752,4.8103537818921,1.7956271218176103,0.31685039328826087,4.118998678555523,0.40659231939805945,0.2846178264996191
71.00794661757246,3.374707945887305,1011.6402109222254,0.13209948674179808,4.279079942120677,31.69531451627406,3.190550938729057,100.0,41.52255417440319,5.454806186016218,5.308832561388158,2.433206444673268,0.42776796246158905,2.8550682358039863,0.2901405399950105,0.2141050348591614
83.76788013579359,1.004976345448125,2162.0445175498603,0.08684893589964875,4.43786809756358,36.43714340582149,4.0,100.0,37.307204915562,5.820326465054803,4.8878570270462856,2.7195346040453545,0.5167208428837609,3.40979574817587,0.3764824858882085,0.23124217892001658
24.295564143012594,11.199156954681627,389.0371721544393,0.09660141000655036,3.697451805186623,10.483118283424062,1.3259785945780838,51.8943891487267,100.0,6.098171567378024,9.741019675179118,6.900484935866954,1.0,2.0201251762008194,0.6960518743096815,0.2171669225128393
42.374722714188174,0.8339260029368388,565.2986010296935,0.04967181082818202,10.09871430834594,16.281795403867477,1.5321115936263274,54.13161075902529,36.08185433632948,7.628085924418432,3.2620147124876633,0.9710497179633978,0.2374525651264316,4.094250135304844,0.07288705856673194,0.17845464796379462
26.79977468547541,0.47875090139676213,138.67832800505715,0.07885487400849611,9.753052844497503,14.26173752683648,1.4028711637546936,49.893337833592824,25.12808473897268,6.201513383248708,2.7847254807138175,0.9939720991918992,0.3223551882175024,3.9130525884775054,0.1542890716985982,0.21257332829892944
62.78166054302378,0.49209578925111574,794.6313059739036,0.06775871121560707,8.915453802841885,29.010263918983885,1.7314256584819838,89.02856682242808,33.45357685653042,5.658359592655918,3.729766062457915,1.649856081808489,0.3023270067864684,3.7314799423922778,0.2945842334147109,0.1811509707071113
28.064208881095347,4.252751159434446,2569.642635381968,0.10670733620209084,6.066490218558243,15.97946173206333,4.0,52.229309822316516,44.53433226635703,2.709786808195345,7.908270757628699,9.8733263980983,1.0,1.0,0.5805889199285057,0.15655236642985726
67.78673882133624,1.2152370953999247,811.6673308876143,0.18633788221860537,5.157974239630836,28.73910964173881,1.8600568190011766,94.97770041352538,13.638701446186456,6.808758148353276,1.7017393144120543,-0.7150643581963415,0.0,4.48495642531782,0.14834551761908407,0.19957894637574147
31.85173795584396,2.1942711776911916,749.6451712551706,0.1337209259508269,18.898726799675917,13.61830541645794,2.6181456943954853,47.55395909272833,41.86924702313495,3.637872666794632,3.1737205018531225,6.859729272836584,1.0,1.5990614745527185,0.4966803042514834,0.22052498609378407
43.50075889012285,1.483509210871772,693.505916819374,0.2490750790958616,1.4818291510677257,19.293847904122416,1.6294869834405379,74.19246760917972,30.407383986497482,6.615461726248532,3.2682177196042907,-1.351219710965604,0.0,4.450499775152308,0.22918425828687938,0.08103780904713954
60.73679724013235,3.4935343022744205,795.4746757396194,0.20447941742303624,3.5044429278262768,26.266591156892968,2.3238818203218106,90.52362955615419,48.715791774482746,6.461680209431508,4.710860800433791,1.0185829446696155,0.29321502596542415,3.8064698287140026,0.0,0.09280439591933434
71.45889737622741,1.260933225500271,194.18414411215443,0.158880153386948,15.88334753742332,33.53960028969463,1.401188780166366,100.0,33.35782904245874,8.363637328540264,2.11156981731933,-0.3281792353970822,0.0,3.6954868885577628,0.339422931441969,0.21894804191964987
72.5197334872458,2.47985633652821,1207.6237345448144,0.27722994288033176,10.368943165652308,29.5581868664631,3.084912184486135,100.0,41.1169842291634,5.968273376283787,4.913147933910757,4.3372541583898485,0.8574608338240314,2.302810782589743,0.5646440959123865,0.1172322207954393
79.86927830910714,11.131407762563853,1425.912613779669,0.19778203764753935,5.278170514715715,34.92079839955028,2.4138848725744464,100.0,100.0,7.616941703556775,10.362638279121537,7.22062335452468,1.0,1.5675587110563347,0.5655210545049321,0.08330471745790571
37.57199172715072,1.0051014547566233,315.2404227078546,0.11583290069524578,5.6778374879384454,16.968225448511376,1.7266455996463181,58.264849940139264,31.52762533020261,5.577765349767968,3.2750946968540617,2.0662522614283394,0.44287012785220103,3.2707999197322666,0.3877961067600401,0.20463391619576846
73.56220330388018,4.657672546832559,684.5054568312862,0.06224274847443224,4.114065167931071,31.59156608566594,1.8129375541059987,94.85525630806019,72.07223826674861,7.060074875876658,5.84020379571526,1.848304082791032,0.4686823095412124,3.5318542018377124,0.4145051331827906,0.24725569655447485
74.97525341436096,1.7473514905260736,835.447561831686,0.10767492679069585,6.49566439218474,30.8578181361355,2.5467360538877464,100.0,34.111995939194934,5.634144527454879,2.542612027624047,1.6586494681642998,0.37046363104706426,4.115061632175855,0.21045679074065315,0.24144296189932243
18.889922711661313,1.5294920330395263,470.16234454078995,0.007768147680123425,2.7561069374408205,11.099758643181808,0.9590756404854308,33.93644205205335,43.22325947141901,4.656327490599685,6.063792877769101,3.812977939567164,0.7393999519028757,2.820770294787939,0.24497346340937018,0.3278593071393585
27.007353975919244,1.9733379783622382,1715.2700687114582,0.08855699749734616,3.4130612981057724,14.279406926756884,4.0,50.47631972934743,30.80847717429752,3.1788868543917665,2.894307578938826,2.932877537193198,0.5930021761233726,3.7666478005895785,0.19503712030517895,0.33695571277306896
68.86035990656582,4.8121499886436725,1415.300052123353,0.08506753080757344,14.827475032823306,27.705860930638632,2.9249439140906808,85.7990706812463,58.20569705802637,5.531370424918055,5.3404532131912745,6.720164404522332,1.0,1.592862098676354,0.5815424115166267,0.24181488100179674
9.850074735882188,2.825955790948431,779.3740747592137,0.177607186991027,9.281752400243148,4.911557898486265,2.428684504646809,12.812181532011067,36.379656103711646,3.3355614698368914,4.109323735461095,4.288024985232397,0.7431632898191394,3.240412710586626,0.36963343861198295,0.20804227135657563
28.792521987969163,1.773684638155213,517.775497761142,0.1398587428883214,8.134984654819796,12.160042900828964,1.959590403605122,43.36654981015871,38.56583574573057,5.480592083812866,3.1448380709220825,1.8794503689076363,0.46804609348332804,3.3703314402256623,0.13446289489559482,0.18344991761270593
72.31249955554897,1.5965329155406771,2238.353382925809,0.03691200554851325,18.126021440585554,30.288497135132815,4.0,100.0,29.87859655444792,6.649578768020177,3.8384314074231516,3.328076096574505,0.5693704569499247,3.1760029561945995,0.32000392901823665,0.2906548762959489
65.46113661321726,0.9119530223401647,451.90264180775347,0.1771138464101374,4.08729114259558,28.71728044912295,1.614630729698159,100.0,34.29192740320854,8.416024187492706,4.063855249340792,-0.5507798171163953,0.0,3.9468540846857803,0.3475001631095871,0.14484040840031706
61.7694103928039,0.12000272233947917,1214.1206174405265,0.1606942763697083,5.60543680681252,23.311445149673226,2.854951552113504,73.46323576459393,14.776753516826048,4.35083716639457,2.8399230868606042,2.5623532366114614,0.541401236955734,2.7110146954955083,0.40915965657597664,0.20824474598697312
20.104372903291296,2.5087652331176344,492.16029449154234,0.21794282688903,9.729487071548954,7.792257329550765,1.8297784578250142,24.331038153350136,41.84447837722456,3.1172649123805414,5.2621030882891855,6.719897892242602,1.0,2.1131275740013757,0.43683096038867725,0.09702561187799334
27.13825526810725,1.7849007789220979,240.83050677609506,0.138795146651524,12.627424278745309,14.458153268953861,0.3108530078087899,53.128928358996355,19.906713459913888,5.821337134375717,1.7908905212896162,1.7056324394870837,0.23835509083936074,3.953309997282603,0.3560321096658176,0.24729529066996908
22.885790608862216,1.8001002969734619,564.4023558520138,0.12996434665919712,0.786255527758279,14.048922062249455,1.127114308744544,40.50240318703257,46.118796474489365,5.475980960367785,5.344492618385048,2.4756671364591663,0.47744103726021014,2.9235913615879476,0.3498672016881146,0.22601615099813124
23.559407831660998,0.08596601343904292,1477.9619730232384,0.12607949946062577,5.125434407629834,10.819996544714003,3.4008858999123275,32.65028607325041,21.27452179055719,2.7814266793044204,3.1923196588764973,4.630611350035149,0.9467977953169873,2.9198472278286305,0.4178348611778048,0.25943150668967213
12.96304720006243,5.145692884746671,371.76942986124203,0.1367201222143613,3.984464591901715,7.448855321222396,2.0000604476416375,17.05083998639302,67.26949552716401,3.4927217374799615,6.058551168384475,6.208998407868862,1.0,1.5734205454254366,0.6020547840360305,0.24007568415365638
71.9628069121353,3.315324341364661,973.9130609221825,0.159689423912412,6.948914285726182,33.88016947177992,2.49873494154654,100.0,54.218310333119824,6.833663315934686,4.103847425744649,0.7941022615676658,0.3280180528261699,4.436425132872988,0.23770409274454313,0.1480208121742373
57.497209055244326,0.10968317988467056,162.13271276731646,0.15119611245711906,3.0141896541160818,24.741770582791833,1.2461345605642407,90.79961811178201,33.67568573709338,7.746152491308611,3.979216804084729,-1.167342849117492,0.0,4.8032405897774995,0.0760295888527374,0.2202320029811024
59.997040683958055,3.9301850527798803,2537.6157304563867,0.042889556209013045,7.547822101210852,23.28086751120927,4.0,87.23310880182196,45.12846424419199,3.840560297719092,5.985317080542162,6.783339952122158,1.0,1.9009634859706073,0.6298625795719881,0.19760906504106945
50.084961599919275,0.4254145247636331,231.95414198583347,0.2505260447872646,4.862585065498549,22.832710721808905,0.6818165515352393,71.40906287694975,29.332454479720937,6.771584464093344,3.2942345430371525,-0.5162772143491907,0.0,4.4604370986652,0.02745172420684322,0.17963696266011148
89.05304056898825,1.5822480232634462,1750.8294444863054,0.014225915809085499,9.39167665038331,38.632572996229065,4.0,100.0,38.21151932839033,5.270519003615319,2.1345118880950142,2.6130391610805543,0.40774542001626624,3.195879205062525,0.2700914189648394,0.19953680338455754
62.31554601394873,2.8505797282100094,276.38753069848474,0.20411856074322957,3.535564964599157,28.511771931646354,1.093289278312556,88.65081934374942,51.17098322625087,7.966268029688797,5.143599923518308,0.49193123385305126,0.09380846629071982,3.6440483592451343,0.23155772296396823,0.15431045827878442
42.16104389989896,4.706675352643366,342.759167688691,0.18283495503046285,9.014734529647715,17.73131313503183,0.8352265371888337,56.25664130915894,61.90825701079887,5.314746483778165,5.143125141222319,3.2517924002546073,0.6599927065293979,3.689122786258909,0.16479102585032326,0.1729672381555445
42.94600969061276,0.33247383644597434,1314.2531057066797,0.12860134700362072,2.5220494849217774,21.739837280362906,2.1853665639808337,71.35241844758197,20.933648463023125,5.914176252167808,3.6737631307337284,0.7823129980622757,0.12097198246834519,3.625065570683841,0.15924029939927162,0.23413832385406555
36.66528073554758,0.3178648534820532,661.2315367057844,0.06079203547105145,6.5904208118115575,15.080683010840383,2.1644266003275203,54.80184010248334,26.108247786234205,3.9151923881326502,2.779499057758831,3.096422722675415,0.5332935632583854,3.0072975540659517,0.39082426023642525,0.30959044968280647
77.21472140658089,3.2207306554510966,780.7390092999333,0.14971536022605836,3.21127005991606,32.786021053712524,1.7346927348395682,100.0,47.20659628275776,7.45550003210137,6.728171409042225,2.4141561547111445,0.5844668789554287,3.0992542323984553,0.4268197819875849,0.22027910714390425
86.63142626946053,0.5627225382981188,708.4579741298,0.26288610256570333,4.286714026750083,40.09341157332261,1.3535399817182046,100.0,32.32569871428342,6.348221937097846,4.391770762544219,2.5871761666880513,0.4678682676328989,4.276933469516366,0.0015646663743753564,0.1206633065845804
24.61493268873143,3.4452762381630224,290.85821748559044,0.13452875145528237,4.653167481832231,10.817456731962565,0.8807494794782795,44.217508780788876,37.76915695688411,6.2198482614288215,4.413092107145403,1.015291681180015,0.18127608368790188,4.4226283323321205,0.10534258550438622,0.1673000355190575
50.510877044720075,2.8069198153352817,1720.6705533929842,0.24432146970527302,0.8557369029871219,21.587233830201043,3.620026997689985,68.4753057343942,29.462505311291352,4.38071459668163,3.930182007043824,0.9937041534873532,0.29427092525553983,3.7488750798430326,0.198962761443772,0.10128573442852849
87.373168075533,3.5152789594218152,1049.788442036571,0.10434798190975733,4.16424881208489,38.11050164976817,2.854399841348214,100.0,54.52860607882546,5.911131632442308,6.4657039307095365,4.541197965575717,0.8944489347339454,2.7954128986061777,0.20616533668315246,0.20524155002144662
30.182920335488472,7.445272408046384,1013.9114392627268,0.14022198135820363,2.079578501484044,17.472271141477965,3.0378513774158757,58.2262152918029,77.77265881487868,5.005474591371935,6.282054818178861,3.911778899979514,0.6678909189880996,2.368245951548557,0.38270998495598085,0.18536228610773658
61.44205072523171,3.706514885790472,2035.85581921091,0.03773080657052011,3.846570784679365,28.176381397332012,3.7366864847853423,87.92961552161832,45.78586368902701,3.288204371557396,5.463545695968433,5.7210118199079165,0.9364519260495305,2.5232290547130027,0.4081748411290604,0.3221442892343118
19.466696718026757,2.8342853278862576,2228.5343295986527,0.24551707992252264,6.400720812045727,9.115930220597031,3.8409676692632813,32.13247175685702,44.1161385481916,3.2087900188705323,7.815187232199636,9.559107496833082,1.0,1.0,0.7247283391276553,0.11949967999534998
35.452456547467264,2.7615580548053753,127.9983922785443,0.05341905969484412,7.080507328271053,15.787335624884587,1.6062410696794396,46.76693842954902,35.693864904909915,6.2653759151425845,2.968815073866027,1.4154101662926397,0.2943265974614926,4.067133116749434,0.08636307113554977,0.27719106410474487
29.97107394426288,2.479339649432808,275.55492869227953,0.1159031017221388,7.807187903228239,13.442804450079947,0.694772636525029,38.144516902400035,35.04849285219469,6.687322947478499,3.363003087621765,0.8203936137098343,0.23078486547763502,4.942327006741118,0.06793550837915405,0.24619433089978715
78.07750416824233,0.6125422424089217,1258.1307125947071,0.05222473817181123,11.211309885932183,35.32960396998089,3.7318736247351176,100.0,24.96530934255156,6.263149658378051,0.5,-1.9703791140986617,0.0,4.299848003310621,0.05277116758403966,0.31618284923234663
25.02192364203497,1.9234774261597274,217.25852185293957,0.03170249225624662,17.137203917814897,12.007742953973844,1.338093979979818,36.764319092426135,47.45848598040999,4.336650341438002,3.38664930983099,5.201543988062975,0.945545878204418,2.3608112979978433,0.29484243152480466,0.2878995765600858
32.0658328256238,7.9306230837944724,160.0192968059038,0.3234768110557743,9.912373470637332,15.154943253964996,0.9619898398357283,52.63215340956292,95.94809573680472,6.231570532150343,7.155652195440606,5.750016561669648,1.0,2.4800123372061256,0.40519509852726404,0.028503539448490472
59.347134001907136,0.03888634309345578,910.174503161479,0.17589859231509783,14.085265999566248,28.949962693679957,2.4911927035309684,93.45779829231816,19.14974476728178,6.402675148103421,2.3190725228003966,0.8509690098639258,0.34888049792196413,3.920274267509237,0.2102781513279246,0.197208770062796
51.04352319379314,0.41506465210643434,1248.1589061220102,0.05482446151497609,6.998878803887232,22.696651684356546,2.85286070693417,75.74650288842044,16.31254014438057,3.609814162156084,1.9470358420862977,3.744191706918188,0.8555209597441431,3.033218835685822,0.2550675175660438,0.2195005115418459
30.74827501410234,7.527462884409708,305.014224855331,0.03099490239924739,23.23679091208704,14.732933704352375,1.9721282309029973,56.7532112220352,80.0586683052005,4.410349164236774,8.67989377715994,11.422419607373037,1.0,1.0,0.7029185856873417,0.37350615170024637
75.63078334478698,3.979520038125853,744.7904807138285,0.07788537715245755,1.8257420472165742,35.30803356373613,2.370531391115145,100.0,67.85951419592918,7.028906442319343,5.983678279913367,1.3505178900704349,0.402521795551559,4.88886852412077,0.14091871338033496,0.23749137483926913
11.877674733353725,1.335838453461254,1586.0252661349605,0.05764612263940723,10.898322849716793,2.1186413158050312,3.5186243829800365,18.36330157912819,31.314028254281915,1.312006100936462,3.4872241926683345,7.220126866272527,1.0,1.499401501790284,0.6485081673210791,0.1885915962800091
59.918848773551304,0.6169145237703332,643.3867551421204,0.2378006975836163,13.722301950835787,25.92492236797844,1.7382919171259816,87.96003731089027,33.349614555521946,6.068597776500267,4.562603150927459,5.564730475125347,0.9786223877093133,2.263677442588046,0.55603465784433,0.06866905547945115
41.7987161916757,1.8109506623324743,836.6212168094452,0.2659622617168481,4.771163292208057,16.704961050106515,1.6820192296721164,54.99898156995593,38.940478304371986,7.0604197969539015,3.329375606874631,0.8137600730590893,0.20410199118632574,4.169040966487526,0.3168308389664246,0.07395378881219497
38.726860496280246,5.379865384200369,2240.8833905279494,0.050735127220675615,3.100660719911889,16.186193786637336,4.0,58.4148855560871,65.73771509112731,2.8061188045839964,8.230360678441903,9.898079244489171,1.0,1.0,0.6387783568404987,0.1688269792028087
32.269638253623356,8.013217040880734,1180.1554380460557,0.204098874572082,5.958736464253417,14.28850467375858,3.274132852993608,57.46129056805452,69.2484161863758,3.3699909449920398,5.207241733810432,4.515510960574633,0.8025681378013422,2.5735621491512415,0.3927568949099992,0.13692634444908777
77.15890488350185,1.991872192511592,606.0417597313923,0.3272159557842451,17.466130034009016,33.04580232963912,2.36958164928805,100.0,33.2146907593018,6.665358624161497,3.0629881546420212,2.520222048572444,0.61000174651771,4.050938597289307,0.12613657869882183,0.02240176892237982
86.38020263275284,1.4623357742870153,1360.924208242022,0.01779274013932067,7.791599349575391,38.26174851376699,2.2975297789201257,100.0,39.562035978065204,6.730073137763796,4.0469669255914935,2.0246373825026796,0.6183097187007429,3.9124548676399096,0.22299013274481277,0.32110422306039
19.15802356518079,3.1417462914112795,600.8920550968647,0.06230148681297532,0.7974860676098765,8.389434896966618,1.8316953632608295,28.46568878906775,55.70640958057575,5.448357702881469,5.506794969653633,1.9153592334638854,0.2772496351036747,3.783425677172215,0.3092499043831397,0.28338295127703406
16.43187958188441,1.2441812819826445,637.5247610438774,0.33327731391545434,14.494531127993973,9.518575981081112,2.199144851633429,30.58284699991119,22.63771620806474,3.9383110166900135,1.6992436662744863,2.0762131006955773,0.5455880387506802,3.4765819418641097,0.07234216512093891,0.07186498158458192
82.95987530124704,0.22355249398569954,885.4986944868547,0.12310932498638742,13.328830769886773,36.96377618226175,2.3301152503002314,100.0,35.085185572951374,6.187548217352073,1.0600811800580288,-0.13874264900063749,0.19986616893768583,4.948752493975494,0.0685589969618402,0.2642880312200928
14.704014492995494,2.2425722277172118,634.7511945175927,0.1763139854486503,0.7910344095582691,7.81032524310568,0.8265115361980848,29.99899332620916,40.72139091392608,6.468689168345331,5.082747115005278,-0.06483664169404388,0.0633309437119007,4.351205335637352,0.04907891541041087,0.10527651741592799
53.63203266264097,1.472582185009323,1189.8190973895526,0.3210585866155478,3.6306158285740495,23.7417877521384,2.708752318622145,73.1339339849663,29.88569098031326,4.382444231816994,4.290589072896514,3.2562500714922207,0.6199408977136006,2.4747315678937865,0.4447784199774256,-0.011199746797388027
54.57137901320239,0.056821780879241716,3007.790751456539,0.1151950999818942,2.3445308237177156,22.475243042354265,4.0,77.26208954626968,16.408360258199878,2.9169637644984068,4.093010584319953,2.8597252951434977,0.6050592123040796,3.321110172611161,0.3147040541213626,0.1528289460474952
47.227214403889214,3.8727412297661923,265.710027801994,0.011508116159088607,3.1950973497517183,21.703460086802206,1.4021422920601272,70.6421450627406,37.31603805641394,5.689930382340851,5.742086234108663,3.87594774739852,0.8541841440332996,2.8041639760620702,0.2428408914389097,0.27728021132848674
76.7504456083452,0.07703605794205015,1167.6580567886801,0.12943607212227365,2.3879455326296846,29.42543041709848,2.50317475657085,89.51414450087947,32.190764207170155,6.483005349842989,2.9297506116519143,-0.7700546339972201,0.0,4.967114520889168,0.07906272517120881,0.15667633837773243
61.33475951915463,4.313838715889181,610.6013790630518,0.1096450254806825,3.878979744885571,27.937520277752228,2.5031613221859774,97.79121338257858,40.793496207022635,6.666090867211118,4.1889592319627065,0.44547087668921775,0.1490157896383012,3.9583298743018327,0.2648535642266906,0.2569805493846067
83.554335019122,0.5060426923471939,1104.5014468317224,0.06440891434870798,13.923336457744595,35.914726880510486,2.246007567349741,100.0,24.15100028326505,7.627967076174731,0.6031204463311184,-0.629678850541117,0.0,3.9167535327762875,0.3368291340824777,0.3393107460981272
88.52785090961703,5.052728164902637,284.71970770348867,0.11638376661481961,7.3364150256319185,39.02466619625423,1.4588893043738693,100.0,49.64546283462886,7.724600039240199,4.398661735703942,0.5048179189876016,0.20492982863977102,4.0410139137598895,0.11829163382529707,0.21272828671403637
24.960330427428527,0.44260854510107045,2483.0304594006107,0.1702695204168643,15.89732946737511,11.456270827107916,4.0,38.39978234560466,17.27969318033376,2.508143292306716,5.5180672676510065,8.731192100746892,1.0,1.1539115751163367,0.6822664536093801,0.1703529842265887
71.73689997062209,0.08735944796717453,1017.8054404771224,0.19668521542710882,7.730277861465093,27.989656073671803,1.6068195978047135,100.0,17.147654154838328,7.587087640151622,2.8703029606756485,0.59742182658599,0.1635255504566686,4.165450448202441,0.21480851536487244,0.034709082507003775
25.813375560562495,2.6230769690018327,1102.4629082198237,0.03337705151352552,7.120960665488155,10.830433351584759,2.517321933607474,41.99533274628919,45.73729030416415,3.583457948636743,5.271934434382636,5.9506997746176555,1.0,2.7859650146681982,0.2884185381734264,0.33634541810518215
35.354848999824505,2.6179140866407695,155.198681003991,0.18998616681046948,17.28193767661327,14.864228186299988,0.7291217416443784,52.66802780949142,43.54423358920679,7.221598908239442,5.1370025813509645,3.7106438028596456,0.7764632992221872,3.073664049627761,0.4074739500243545,0.07120906284774833
33.24443157968492,1.7133364469029548,955.8171009361145,0.06866733989617022,6.093584701345353,12.558661124265923,1.5347918353696723,58.46742337904498,39.80537943359583,6.089547045562132,6.574522679983543,3.2851458013957204,0.5623215860380859,3.6471286658643303,0.1545063031179642,0.2660026239201851
79.46173345039932,2.4734084527670093,413.50483207433524,0.09503216195277103,8.727431675471518,34.453937421513224,1.5859705538568822,100.0,21.979172539703985,8.048372451459658,3.5894588935179352,0.653006841338969,0.1987468531493739,3.5915045436475275,0.12802114998847616,0.24110165625531485
77.70288293885072,0.14295316725911006,1843.0831781227967,0.2910559625208442,4.02982643024172,33.95386584519155,3.40703188154992,100.0,32.158915211643574,5.3739856585635595,2.657895983411901,0.877541157390663,0.30036071939259334,3.7586785684036004,0.2314972467452587,0.06923694843008157
46.83703917678628,6.1937250631092455,819.4059681555066,0.12989990968114692,9.12504499492088,22.64910385568129,2.860267393999248,74.04968217374167,84.27404339951893,4.405364026285271,5.254570777489484,5.570959270359787,1.0,2.992412359547451,0.26161350509991965,0.10641623088343913
69.68353894428839,3.053877197165747,849.9215938030065,0.19546294823046995,20.212862618705525,27.42011767673249,2.2493257963514455,100.0,50.04038706894433,6.501634073194503,4.819425789877531,5.754920773366599,0.8725598682635733,1.9848122121731193,0.4521297639455646,0.004270288950526752
43.97010612702644,4.19108025807046,681.2774767213408,0.07080717357995957,10.039034548142634,19.642086082897855,1.3790292163245077,68.24382087746203,46.23635308510305,6.038917835352588,3.985763850124369,1.347145742830577,0.28349174022983353,3.8691050774578097,0.24504436620919712,0.3842937814341537
58.483893636839625,0.5073621833861366,167.0673312969365,0.2244842913791172,5.805136136052138,25.569705498320648,2.193455007268261,86.14264009887091,10.47581993408291,5.6878539222349005,2.510012308754732,2.391655253659369,0.4543149600765976,3.7431340501779036,0.311484936010683,0.10871266153398684
62.44646803674869,3.6424253837336433,935.506959975663,0.35869783784701853,15.347343846150146,27.176338020283186,2.3708416671643477,95.78707882464454,48.504593139914,6.274753707489868,6.05500910749593,5.223270874450586,0.8925398202009562,2.618039723968181,0.43041483198481784,0.1029665427453202
57.703935062744016,4.3903322548094215,284.79165714712354,0.03562057275143483,3.419461601439759,26.881420829015696,1.2122099473694263,82.57127987724853,55.59775884138395,6.211922959674094,6.881133471220841,2.1304265149289017,0.2666053742557729,3.7896228279038957,0.23836974797510913,0.24220085583241024
33.75660210533483,3.8945541300575104,628.5827434744695,0.07480427168219944,3.943303984724746,18.116745511592494,2.416159175799356,60.75562026991906,41.678532891366274,5.900640916295845,6.597685441902501,3.811569609044837,0.812486402455481,2.5100345740362395,0.31154891895832126,0.1953715221635419
50.57475014495519,2.3702866421068336,1300.2519285423623,0.2642642354934602,1.065858532786261,20.643641689644966,2.30533785430593,67.19980543792067,41.90013943945935,5.835257445259811,6.227913277900665,1.3888689215394487,0.32043483507007386,3.4733645452357487,0.22673797811403054,0.03986275756421517
42.53580407329953,4.396858293420468,398.52784063966703,0.10822525813026004,6.900245864664107,16.074855367689203,1.2848160770617743,64.80649223763771,42.99381596290472,7.661180573743944,5.113857076989577,0.8725943924903707,0.21888379521248824,3.661145878115663,0.15877145722640812,0.3321532378998871
23.224044145177437,0.997260638616033,991.7671274910829,0.08961366250891772,2.367936338734679,12.860600861613117,3.138247711297627,40.1929500683955,27.549584349776115,3.99994273236856,1.1329223258493089,0.7643438763556327,0.02409271733381768,4.023936271372775,0.1415188926010552,0.1912230163404028
43.156611666813696,0.8975496557113039,563.6105483934714,0.07764195243140502,13.959984082162594,18.929081023769434,1.8546895087327684,64.69661368291993,24.15077000043501,5.977091952358401,3.5040755924754032,2.1930959556183565,0.5591712618079278,3.3084886310997805,0.24299631072427047,0.24648179922405894
41.39675114761,6.460148694579504,869.0998602931636,0.09613097244226042,19.10584826922799,16.583473701789934,2.537389246160936,60.695954848752436,59.02315965163456,5.3680472793070395,6.558850901095533,5.089664787341114,0.9352903511509546,2.7197945588575783,0.23951001902849747,0.22149085606609412
45.649115116745456,0.44266641194224793,645.2719518357989,0.1260873292841,3.7756270432946857,19.94854521532501,2.639872423185522,76.81679693591335,27.786823482407502,4.304387888661833,1.302433340734154,0.02677167715251004,0.12497363170108,4.064390691859742,0.06530010981486925,0.1674677449390347
42.817083345635986,0.9422995646529607,1204.4965289314491,0.06243445679658228,7.7267595161047105,18.56921569506963,2.2889993057674207,60.93348617556305,32.86017861204786,5.159693634218993,4.647607654767935,2.6557650233330423,0.43250178668645384,3.0146004136610784,0.3406362342322783,0.27147314491019603
47.90249647958886,0.6550808302040725,1110.278183756886,0.15658673657409297,5.343874416988151,22.8831858502453,1.5975100141440228,73.52419225738089,43.11622572296293,7.189482998800104,2.275194823453789,-0.8175346987274708,0.0,5.0,0.35416339287298526,0.15472668872767203
18.265094482066814,0.028342903159812333,655.9514185200218,0.1404093617443831,3.209539786585402,7.744973413985898,2.0329151049752876,34.40951539691091,11.861100411384422,5.940547061961664,2.0547168945597325,-1.2095534880341958,0.0,4.139242213943382,0.045793633780719434,0.0910029862095605
51.76013591729675,2.0476935106636245,298.8671631216504,0.044669655545073454,9.689281053985251,26.33920180495271,2.032312126239181,77.08579835051451,54.30221315245821,7.521014915811418,2.312607192001499,0.15012093938706705,0.11289061682283283,4.148401009617281,0.11821541583413911,0.21089842673382575
14.275375943008378,2.7307309674674642,342.5528179553617,0.2741374934165776,9.448544827636098,8.536810923233341,2.261816014804614,29.17469233945562,45.42843548748264,4.539529294191301,4.041257600193795,4.123831418757764,0.9260820820634303,2.851987349220061,0.2852207571115237,0.07132743512580145
86.07671083426256,0.523637868280597,1011.1617864575979,0.02779402036023538,9.479292507307367,35.55134558993496,3.494721471207803,100.0,1.3756026768684073,5.141897456734728,1.4347792046684207,0.3843789342336311,0.2381198328425467,4.54082152285056,0.16351266788643065,0.22431832180597872
6.119675201541865,0.8773741541574841,301.92964698021734,0.04128748112132601,5.802027126536222,3.2116709535251085,1.4903203122132103,10.655370568423594,26.15983204498146,3.465104031511764,1.5053880701232605,1.572364752146398,0.30950498462985065,4.48859240404488,0.19627694042459598,0.279923487224197
76.88538084729237,0.6589158959650114,209.78835746253947,0.20373654660644067,6.136556462296595,31.8666434960929,0.7574878857041816,100.0,9.782184961318778,8.048181727295939,1.9537641963706298,-2.3522898660047344,0.0,5.0,0.22900941506611228,0.060912235423154076
37.58852906330731,0.2910062190413868,1367.773530656529,0.08038483771970775,6.253290654543412,17.177686039060735,2.8622503305536275,50.222820266,11.80646901329062,5.550862740068676,4.265301570162075,2.215652052809653,0.47304972660706096,3.69057534033498,0.22578956021695418,0.19714054869178266
62.62501015397229,2.3354622719707803,232.63095898562653,0.19632421523124644,4.3882827465981915,27.069098644512934,0.9732993767171154,92.86597611115047,43.97350711396017,8.335171360590328,4.736478042163986,-0.8019511294887647,0.0,3.803494590659608,0.23020795200303673,0.10235750159747123
76.12143757930255,2.9861061207621997,1371.4770951738074,0.2286209357185399,3.822832745710882,31.845468911570702,2.670702072410277,100.0,41.201973283687636,7.278524766590832,4.551737083790366,0.7881858822974523,0.21245385021012855,4.217347127071983,0.24707586117790928,0.1633521376894867
70.59051637418852,2.2370719962295924,395.5970176629688,0.19984176600198936,6.743120329679628,29.76121755265653,2.1564105062406296,100.0,37.194001996369,5.574417674485134,3.994726261464034,2.370637112428737,0.4967204099560541,3.1985763833563934,0.14327034874031758,0.15420873860380555
60.53990863601253,0.5859578666746202,158.5450438318466,0.05379711260242731,9.74607183544877,26.155051835997828,1.8927279412403335,86.15997478569273,36.38276532489818,7.516213086174092,0.9823837619375388,-2.042543110486539,0.0,4.781759595831571,0.06122036944690955,0.24360788443822073
15.050470773854046,0.7120501958958243,419.3211238840612,0.08909096182548669,4.608577708595101,8.803717375039742,1.7542571831215026,39.18513824489038,25.88526610714137,4.773211195869893,2.580239553073758,0.8317844285088456,0.2509547302483529,3.7007545167247935,0.0,0.24962973522624868
21.75575132605426,0.46195675683656645,525.9826367197372,0.15679083760754567,6.866893380084431,12.353361902412859,1.2508805594591696,34.874689610048904,24.687304378952007,4.3704175829582885,3.323261826745834,1.881053700250302,0.3733707702939081,3.3693980146009643,0.33006848968133967,0.14237011424387075
29.065341196688777,3.6204439105381274,1002.9343457516322,0.22172557204491541,14.761820054315846,11.889040104024382,2.6742385473650323,35.39976576174865,46.54601965948592,3.487128968108178,5.698600686424221,7.752229529798262,1.0,1.6379212908003546,0.5532693412387607,0.1696581058824572
67.81861966901961,1.9360681709021181,383.45329423644614,0.08610023769821035,4.63675578030754,27.74119452663568,1.1106241090599898,93.34363645856595,28.66406009562769,8.384569895016575,3.1366730670346703,-3.090212360923255,0.0,5.0,0.0,0.2372731276436502
37.415007487645425,0.8695954345963273,782.6269602140609,0.21685651499022437,15.141082196664746,15.902628719668817,2.6254226486642582,52.769330640633115,28.672070085182707,3.8442873887688305,2.6966915104047944,3.75868213729656,0.6179475500200637,2.844517410383053,0.36676969871782866,0.1589698340719111
83.75286374961836,1.2227427883708402,253.6704245827762,0.02027186591372247,2.392316082073129,35.96999514936209,0.7942597243457779,100.0,34.15499504778103,9.05264314891393,1.9039953657379622,-3.653672114735051,0.0,5.0,0.022522073988876956,0.2819440400735438
50.0662242678803,3.564418556591857,347.24245886055525,0.15581181338539676,13.112646379634416,23.509035693688226,1.7276092549157622,75.14100261913745,44.83116825866014,6.350781868316066,3.87955124051009,2.445382275716663,0.43963575730484644,3.234730435445571,0.36910591058002556,0.11081317760937871
43.32047112940562,1.269948147340228,2001.2571213822462,0.2515411250882225,10.827122019258766,19.886552543991794,3.8745934427120545,62.67624536090173,34.76269763037833,3.446734049542983,4.614174296947127,5.582480694051075,1.0,3.1111392296481952,0.47340251243359244,0.07725401942706762
28.838021135172305,0.517097913878455,1439.6120165350676,0.12851795169235505,12.212617120675828,12.361567054172898,2.827524596052469,38.58763971766318,28.96607571559122,4.1311807106334575,2.8913992238710593,3.2005545879517214,0.7416692999784563,3.3228776790874806,0.27935162210210424,0.1980251840445203
48.08460156701311,3.938169968141953,518.9399661321401,0.2491392256331442,3.9638318000882573,22.19913041274501,1.9144774381155578,78.33447841320529,60.928790593401814,6.333124214003982,5.105233944927288,1.591125667436493,0.29186547097678806,4.390693148558323,0.20357727439082518,0.08781723964904967
44.11006519241164,0.4552455300258282,1028.6268318861337,0.06976571811216879,11.025479572049981,20.79226930660153,2.292863252755556,61.004161821174065,31.815070475163882,5.147558136138686,2.2013674896836757,1.0122917413439867,0.23411477650064583,3.978630201187416,0.044520858292347754,0.2745320986287702
67.59636470974206,1.7963539107469706,141.61407712085037,0.3069386186307998,17.643924247357138,28.735080048872852,1.6415518788780168,100.0,22.562687901523233,7.5956804231427615,1.2440594192999497,-0.7285155848627497,0.0,4.173974938069747,0.32750172637707003,0.11941314931061543
59.05511655786664,0.5090632095404225,2671.611736922514,0.04871241309352001,2.423316243351333,26.500199881788696,4.0,93.60160061388913,14.699973032047554,3.7134473327282835,4.938894365891125,4.231932004931263,0.7175080843306202,2.9124244163239066,0.20531786022233545,0.25716387509766836
24.405404952280414,1.679938615146444,304.98380651112166,0.13857876252285592,7.417524533241168,14.05354797136424,1.9366175562109464,41.35751956433599,30.79651207882808,5.033306198388298,0.9591536800998661,-0.3488643145386079,0.0,4.4990510207985075,0.22630118450579678,0.1853919409006458
19.091381844729682,0.3439362547483409,762.7895291237214,0.14047567750978818,23.446498069279077,7.20266545490344,2.431795571098063,38.13910478268509,6.063259787516756,4.428997993077195,2.7575153790623066,4.454367234448848,0.8339081168451355,3.05138075473067,0.39265623826274687,0.19830962375296782
23.942644174156694,3.100639364010689,1215.3888857380014,0.04767479451025461,7.162191257709562,12.293820575618467,2.9938819756691,49.32904875424244,45.33300335312181,3.912578346660349,5.116983049451327,5.305262545295854,1.0,2.3703762578490086,0.5337362071185396,0.22837663714660614
30.80438641590922,3.069626924128358,1315.6222948584382,0.11695334313689423,24.328580611960536,11.33850605429313,3.4367568040014356,36.460192407578035,45.64628926411976,3.148467545945972,2.672296995308977,4.385473195963177,0.8731175858127063,3.599515606757803,0.3942213879403829,0.29483851504096337
33.18643031517654,0.9169490405629435,116.33314422323697,0.24921136744003508,16.38992343939854,14.305879921182163,0.5368552709429154,52.65392628798387,21.126550054687087,6.623829155581604,0.6670096133947601,0.14325365268476392,0.07386664611761383,3.313952546985602,0.3232467404621648,0.060345117469021846
37.237103471284705,3.7264553287670514,1377.5270013783804,0.1881365895077499,6.491122771030725,17.81769191574676,3.1679051969141043,48.85438876302587,47.84108077201059,2.9528253352763736,5.911952553654218,6.942642055589919,1.0,1.9109879456294037,0.41223200726901216,0.14448661297947457
36.11634739090711,0.5432593155213505,1126.6081350274496,0.09771192104958261,7.256684607523946,13.914228962616269,2.5550611494470217,49.19125866195547,21.077102814433143,3.8345569851693604,1.4271555537672127,1.4939760875556745,0.31556387381657725,3.3373828208841987,0.37142953314344856,0.21430890060720306
85.371675374613,0.4568523102881446,1180.9874817650257,0.21973822617819735,14.809104567904354,37.65402600799214,2.538417463818178,100.0,30.74043000905911,7.969615605271522,5.605946335897086,3.299444406308212,0.5416465789410876,2.811051566088614,0.3660044689605409,0.15657006128019893
77.07735862620682,2.340788930957566,1248.692836610192,0.27482580878095314,8.489067917818252,34.82029019338367,3.181712751106837,100.0,46.09397644571967,4.65929509369095,3.8580905374366274,3.5763158508667643,0.7956938543787155,2.8277522311941086,0.36804245748624437,0.1535017073815038
67.80401365930071,1.1489742107344503,890.3561443533608,0.34436559009149914,10.81301613716532,27.043777233913435,3.4959864075126346,91.63312887243444,23.301912093608593,4.6803318569719785,0.8672139135203212,0.8531688315193829,0.2506803068491608,4.570103245417599,0.05976970035439344,0.030180836219910898
81.15002981765,1.9521648476330147,799.8537286636749,0.06962455930911095,7.226173699783666,32.72256866157236,2.3798753130644776,100.0,51.431060971266255,6.480926854621566,4.474516115533317,3.057638399178039,0.49805417096342447,3.2955105020930278,0.2552748403211328,0.2942384028209669
66.49488122509607,0.12354758240025678,603.2795143640777,0.22100240610154795,15.515327082173544,27.894573561434093,2.289627442727042,100.0,28.142962792460224,5.704049528704724,2.126376725260519,1.1334359811138568,0.1738421203414659,3.840725790123342,0.17999415857177078,0.15458118908422883
52.74033242478071,1.3584596137658886,103.25946367707574,0.20372865185460548,5.648902406594075,25.540093365864827,1.1004641571282556,81.62149115632516,27.910802088626486,7.574012721991099,4.015912125132884,0.5820410686936756,0.06427251971525737,3.3982103934121834,0.3251121176588575,0.14830113998846634
22.00610845095614,2.5271433393259897,388.4004647619034,0.057846962633425994,8.43651943786324,8.114887053961667,0.8157167016327802,37.69459563531935,30.916536422876923,5.306136820526009,4.236812625995074,3.2416393289979193,0.4713000256276617,3.203931095837116,0.38546794843874327,0.21838573315179494
11.131607395331894,0.4194554712993286,578.0435844255034,0.07235353404129374,1.0353687533498386,6.072776998586902,1.9117417023047683,14.9042088657868,23.08440394637473,2.9207788056028234,1.0223286061338865,-0.569483948296823,0.0,4.466268821611771,0.12231474156022323,0.224319018017149
88.04009213158874,0.4012171362464352,57.631704160145006,0.13950419640924316,16.88588044147074,38.38335308018642,1.5413968211901024,100.0,25.538653394693494,7.613612192152458,3.214043317054077,1.8778785815326393,0.3955481843497804,3.992865244778399,0.28161673353905053,0.17349198722504902
82.02459212217136,0.2970088532671672,720.1915484854146,0.27999449341965993,7.523070945110135,34.739338579725214,2.220475822237463,100.0,28.883080455587383,7.168185489003639,2.5942154353213422,-1.5561519605281113,0.0,4.9410920543896095,0.16712068755172538,0.07292018850046159
20.986385008751288,9.593531798764648,318.14364996689915,0.1121962745307837,20.245977901427864,9.93170653795911,1.9278127146539434,32.45301852533945,99.82545939504692,3.597707257387455,5.4295797376672805,7.6890369434017325,1.0,2.1002288962126268,0.6146715445486336,0.18073921580105137
26.331968106361792,2.040225420919041,251.14605400196953,0.132738323007948,9.120874073698973,14.063028591310466,1.3918440167651418,44.870685756716284,42.427587727172195,4.687236885227593,2.9545451533253497,2.468133552447831,0.47592923316713703,2.9658916395944277,0.39061661588407726,0.1497863226514309
52.75860350173483,1.6512664532506027,840.157578895134,0.10286221043926605,4.50593292849399,22.306581116733444,2.94261928761796,73.17306004513556,37.26521091082226,4.195902847885793,2.983497483278342,1.7139135682676312,0.3535184524611517,3.8249599855441283,0.09911362863082543,0.2762220838766464
74.60965878396973,0.1632554202765649,1123.6318620127804,0.14327750962387084,2.482870013817534,31.296296721129615,2.7990251989420716,100.0,28.59233462542794,5.443100232649352,4.05092240519105,0.8295921515081193,0.09980835774245521,4.414121243639817,0.12403546929872908,0.1891731440060808
52.74996816896832,1.4018376571432112,884.6037726994007,0.01713452255203529,1.873527973650701,23.531326449387006,3.681129193393307,84.76876261478321,26.62595407480497,5.072022020836906,2.2702221994172267,-0.42598661089517276,0.0,4.371473025270888,0.21651840108097858,0.25698400863592974
41.55760272962433,8.282099606226243,1473.551912629611,0.22856855370736376,3.934519060977934,20.358997708622944,2.7428682489012304,70.68573164346566,87.66832790730113,4.624765493960111,10.05998246712095,8.185773729911027,1.0,1.5754107144481313,0.499940085770085,0.14198150887575375
20.95127546096828,2.0809697543046264,663.6575240440487,0.232665409104169,10.681087885616238,10.665892862101202,1.5579965868119976,40.82740825747882,28.065000602686183,4.821247243002979,2.448373169531221,2.6528908033452137,0.45561923408412364,3.3183205855341265,0.4334696725890387,0.1266474102432589
10.06708751072978,2.644625483202445,746.2944199300882,0.13112290931593756,10.846321912618027,4.598858644033858,2.056224754467737,18.684875894684204,47.03602252521444,3.144566013675151,3.9397222215219556,5.586931728668814,1.0,2.1573179623121392,0.3196924393429016,0.22367833676003193
65.0251808242154,1.352649408111004,633.6146488002764,0.36364323925224695,16.6353902227916,29.830189761318533,0.6145520543649405,100.0,43.30414711555682,9.442519553303582,5.488653328036341,0.08908572736743392,0.0,4.589101741544504,0.16757861218540632,-0.03979165852722444
30.31466115749164,0.26944913475033777,488.1153969798779,0.11768425773653099,3.7776060469638737,13.13653305097824,1.2593382220787257,42.62788027306687,0.0,5.850281798538226,3.2840624168093746,0.17253203928881344,0.08323776389415131,4.98773960566592,0.0847474176138987,0.09921467904852242
61.18489899904206,1.1768653344283337,829.0576547782305,0.048682172881273834,5.478629476858432,26.342783171652496,2.054263136160202,99.04355271656325,16.641884532634215,6.801537941034347,2.9928435808056513,-1.1314871640017758,0.0,5.0,0.10372193164216023,0.2987838153531382
84.33056010281855,0.9854358404390874,1044.6764081652225,0.06670697856731214,7.536001468762205,37.167640928903346,2.8498501626982864,100.0,37.84860168806905,6.143653948974399,4.462283087704321,2.692800695200555,0.5793336119892496,3.4494607697824047,0.2346798872401315,0.2726419808477313
78.93890786927774,1.6124507678563973,421.0033164675398,0.12142787639426138,7.82492029917875,36.935732221806106,2.5465660568415194,100.0,47.83697283598471,6.2537349283605,3.4599232864357354,2.438363464162129,0.5012235739013055,3.3092779303955506,0.2666124491468571,0.1915121123965857
65.5348639575222,0.4699397705010274,656.981846953677,0.09782219300308206,5.770928253651689,25.591348068176714,2.8483411125829083,83.88527553768375,23.440720985599864,4.43820340855212,2.344777459178193,1.5323618098903724,0.36618156940402513,3.5115593544245196,0.20389138406827,0.16193364853111394
51.49975749188074,6.8029121097927225,805.5061964277302,0.10378908126985056,6.195226245349787,21.76899256304542,2.378658387009015,63.65650677619212,70.38109167685579,5.068665171325946,6.46782905395112,3.9651441912550514,0.804863956933745,2.1765725417880724,0.5396150141045791,0.24660935748730195
60.43203668001485,1.1767831529257866,582.8096393365774,0.17437920509772012,10.556241531714928,25.110620055417602,1.0094101738121635,86.68090536118378,24.471230250954616,7.998598359114183,3.5865011549752746,0.009912103587577159,0.05353160065571815,4.63658579846769,0.0,0.135612568211138
23.1862550582985,5.861511692093919,429.2488538554777,0.0939457894025168,4.740069893131141,9.121683823358364,2.268883529603081,30.368127768225186,65.32203434205252,2.578257737565882,6.461038489248372,6.504824217048057,1.0,2.0546102773923147,0.6413827603116679,0.27905848307271014
30.774746230822497,1.8814462969181482,1452.3397086234133,0.27362531530891854,6.35940553550361,15.128633414518191,2.492834881820622,43.483948911409215,23.385081757374458,3.7656399282591955,6.419593093131484,6.597534987534637,1.0,1.7513291436426834,0.470837593099048,0.07900708236272759
20.689068350263284,2.9619588334148115,463.0237149921306,0.03164766181654681,6.52073256455541,9.891029932901972,1.6926772454314012,34.574394732006375,36.74848751786999,4.414098869063681,2.4193142501234575,1.5658352809476515,0.21713972168105294,3.9117499578040698,0.17907135896934723,0.2854628592677148
69.54947573901414,0.7205967463204648,989.0015483009179,0.09641547545293228,4.991321340693296,31.078954717466655,1.7161449013730032,100.0,25.2283356120312,7.2696313466532425,2.7758135165779656,-0.25177842239118453,0.06578100454257746,4.557671957423107,0.038333983642796735,0.24175772868279757
80.4655160860758,0.10441025570522512,345.4096755524829,0.14866789076096243,6.708504663347534,35.4112464697571,1.2022641508318372,100.0,25.168717605958868,7.485634315962917,2.0455873051686755,-0.5461315874237443,0.0,4.812574733164397,0.19251710213768936,0.15321272634711958
23.53770549453412,0.24893107656528027,970.6049146830483,0.06975592591425882,1.8549395414754903,10.842992643348706,2.2190401686599137,31.930775775950433,17.89484307250472,3.9258090178966913,3.280716725294538,1.459767929242308,0.3468661441774764,4.196203724149595,0.12817279191465744,0.19965677015733047
39.17343542171896,3.190053140848137,518.5296835023698,0.20587210473394776,10.96784961122996,16.204448962054823,1.6843749387977585,65.48034356594931,42.37717492348423,5.41038057826716,7.084719240564835,6.818397609851468,1.0,1.5067828804895391,0.5258339063551205,0.14952557263155075
48.94844536237967,2.127676302859366,1374.6419856368932,0.348498133804443,13.25467693800131,22.795553542432426,2.6632085448632137,81.6053986540662,34.43896356909455,4.853054336311244,4.320234250815751,3.332366189059952,0.6063170123360825,3.7734952560194968,0.2229008317882367,0.0303646430805172
50.546916643595054,2.947338292538042,652.369896588625,0.12740972592272065,15.029256119998136,22.67974463896976,2.0184094833013835,82.40110060183855,49.56402537834369,5.31605085243816,2.7668322988345024,2.987134556411415,0.5018005731396211,2.992087623908692,0.3258724313987338,0.14910494278145456
33.784767452499885,1.041199197452523,1789.0246088654205,0.11830033515608274,5.223479572517561,15.667829721275393,3.8366672449988384,51.878994375068174,29.831270811055713,2.883124356667703,3.522516710791218,4.990496630046774,0.933650013897919,2.2602615943160442,0.6405215696884166,0.2861333941012876
74.62607983680967,1.9225676584881315,1236.6292905263354,0.19909338824455652,7.751508616177269,32.576363671831864,2.893600501568804,100.0,42.278354254233236,6.75704866504121,3.7094017162633808,2.224093929538437,0.2706965533634757,3.53299585193048,0.3537623522999559,0.14589120455101473
26.333210746249332,3.513338018237414,318.28515514026014,0.1324520221750969,5.072284747306617,9.766307877976072,2.0637126920920372,52.24175712371978,49.204036653097766,3.602824540142948,5.1534053385616385,4.683443991658226,0.8238641744654169,2.6353053260437354,0.4204295162117387,0.2164497720608188
53.0822765988405,0.7028159407656163,568.9187712355528,0.16336706660076444,3.1422747338968984,25.855959305232115,2.0989705798218266,81.31729399035535,24.342737062120268,7.135791382930822,3.8425548640493323,-0.3545394996185389,0.0,4.756936860855829,0.0,0.13903311601823512
24.597233821276447,0.5956855542898932,616.5519501150471,0.15337701908730983,3.728356718018175,15.063710604304276,1.9498580919895814,43.13295254734962,21.601505566409667,4.800713229887614,1.73789175833192,0.716540761688323,0.058178432404590016,3.36930121258669,0.2867952598596298,0.22274438778877936
34.009094912391646,0.45156559274909763,310.77412816897015,0.09414130238884434,4.062158228752621,16.243125936716456,1.2538702697213626,47.19060354546493,31.907448280915837,5.6392224173801715,2.438983004667864,0.40723987532303363,0.07380298298644028,4.161998659742252,0.05734872894268339,0.24727411716784686
75.69298934234149,3.2147867776801133,446.02338194476283,0.08820360185575242,5.882670817659078,32.539359701451026,1.6297205412362736,100.0,48.7847338139293,8.248618205832745,4.957549943545169,-0.3466091190513465,0.05815589422148112,4.478673918296735,0.10371074385391718,0.2078807349052513
70.73050242396882,1.5162357685863166,524.9874747134892,0.09267829821162744,7.349217223043784,30.550433324213813,1.2422833434840825,100.0,28.449636715982237,8.120375237199474,3.4416535271763524,-0.8128326259976275,0.0,4.7641850444729865,0.0900918015693925,0.199924687963464
78.53068090272559,1.6709209489784687,1639.836891310003,0.07581830238839214,19.044386657945534,31.684759096560214,4.0,100.0,36.77126845724749,4.386357483801717,2.8708167347322213,4.962630749080632,0.9586921923248739,2.626269021177728,0.3525042139626069,0.2578405213690053
16.203400553374212,0.8968693440742072,667.0403597184534,0.1381406526493699,2.9980568267640115,11.414814920900682,2.1062365028540238,36.964321841261324,11.795550771046134,3.9112177055802313,3.322226493836373,2.937469439514548,0.5605081727109682,3.5633069369149593,0.23625353057432502,0.12581338312042015
84.21404011820545,1.5086355069428163,673.8266162382035,0.17549613556121266,12.08014272641422,35.45703031859988,2.6386788912238894,100.0,24.864133889527164,5.974537442933062,1.7894840586314347,1.4577019452077022,0.3085514710831659,3.8778417887240177,0.1326253058318479,0.17244311288476918
70.48654735025431,0.8353064787394041,681.4292589236002,0.23801592044765646,2.067718229161997,31.73271854857326,2.140720553750866,100.0,45.63645990844199,5.927826283568658,4.867381538378392,2.417374721809321,0.45401303408843097,3.632624593908473,0.1298314939123088,0.1607820600196109
40.082677159027725,4.068669416655425,282.8742420682058,0.04885500178695507,11.424574927938295,19.445839898537912,0.6112297164103522,61.51757646201058,41.599319099079764,7.269348868761753,6.377863850764234,3.7595477048990618,0.8837237718318691,3.0914832086539965,0.27652845081046756,0.2397177136428086
58.72568565478792,1.6805083528124054,1183.0411709633076,0.1706036255152972,7.290325302365219,23.585599187553125,3.033362709435499,74.87023784741005,27.234314679707733,5.326533797262085,3.2666923702937782,1.1771883998432522,0.09438774246320655,4.424222018141564,0.08670112915401759,0.08467108540743895
80.16006660314235,0.04499666201917306,1576.37745897777,0.04511917751463517,1.9184198985857004,33.15641168215423,3.1038319431594283,100.0,22.54355931711514,5.840353890294219,4.394448287236223,0.034033543981118575,0.036358166956195904,4.78912451389866,0.03374832587177337,0.29089089595594897
89.21119366068329,0.5055572651208764,1044.202226175765,0.19266967964468082,0.8921698446940998,36.30915458384314,2.8828645041978227,100.0,40.69261798607428,6.05407621103599,2.6779939899088108,-3.7885722249977807,0.0,5.0,0.1846636423413313,0.10618930913137714
75.21122494261803,2.5647972578026423,1034.3601789705142,0.02313503316034976,23.03461882470614,30.388502033048805,2.682604377366719,100.0,33.13149012232935,6.084557132858329,1.8220313102282994,1.7739227726987385,0.3295236642137166,3.75409293033953,0.12882613091358214,0.25254413944070164
72.15435020371069,1.928829093814335,876.5624179714031,0.02065235662854438,14.299527117070692,30.82445164857986,2.8204788856514504,100.0,37.960807218731944,6.450073212626966,2.56295342007351,0.3942627504351637,0.10734874368450625,4.061516301419196,0.06503311756949051,0.21758077062879266
68.99351321950338,1.333433684401082,310.259158753788,0.1496886514515484,9.262903206953014,30.72280841442329,2.015750691482364,100.0,26.36516994192811,7.594774460219771,0.5,-2.9964035402640947,0.0,5.0,0.039359607610159206,0.13956167838202455
52.1823722546029,3.596755024769273,423.54735177179566,0.10587923784644256,5.676432579429655,24.390973993172558,1.4861740823647436,85.21331725225251,38.13370277295591,6.515483512193597,4.530602124374907,2.491471864137176,0.3979540658539603,3.5759943893090274,0.15068388103086836,0.1632445157113129
79.06456300704522,8.35532462082761,358.80013142372644,0.05135415021092997,2.4621863197046947,33.62929220890571,1.9612019632320394,100.0,87.74988108317854,7.302765345843768,7.747798855522591,2.297149417354822,0.3401360308625523,3.861478032280227,0.2993421859673574,0.2296558349011277
87.81187083441978,1.8775276745277165,1525.2771014095013,0.13334537978893488,18.33617798236435,37.37244813063242,2.9725716707650425,100.0,41.30464628516914,5.254842429496227,5.174224290180417,6.308117265761347,1.0,1.9708104380360554,0.5604952507947093,0.26893584149230726
18.514284521422518,0.3025812970563864,1345.4490986174212,0.07273695986433289,9.490801717239796,11.00763149540996,2.8233694860671705,31.826410024827574,33.430802646547136,3.331335766251556,4.175016640543747,6.0791808150672,1.0,1.7350590083245374,0.6105952898925032,0.25248450480226464
14.83195355548299,2.170254129883747,771.4487298023615,0.2305813313099199,8.336852261894776,6.1714028387489375,1.7798836910995592,16.139296018187174,15.12504526815654,2.564134252466073,5.413756949306367,7.590377331124832,1.0,2.1891309832895054,0.5021745659873325,0.1468157028484352
67.13904320172871,0.5370476541030995,923.0967662209587,0.1100034435078549,10.275033137148636,28.46921656106724,3.136374109855482,100.0,7.685184673735726,6.335030910502085,2.40747980664485,1.9653205007328083,0.4574029493868697,3.1469251411312245,0.3278063817203061,0.2326603163993583
75.9747010755569,1.1409887030780508,506.3289012224243,0.07995261004115423,9.622734000189103,31.416837510344145,2.2085383442683364,100.0,18.56751230936333,7.895021815252353,1.5071679381442862,-2.4343084798261305,0.0,5.0,0.0,0.2788532949171898
44.56081139303717,0.786585143130473,687.1748112864252,0.1623141005454521,7.190480309407422,17.000655889783427,2.547730067888698,64.98425457838307,23.50344427845764,6.966629057144754,2.063151624192999,-1.1913904494403031,0.0,4.211977540599048,0.021245208949460054,0.2357177468106944
38.384453692226195,0.10013306631583913,530.6417270563206,0.022486182650865164,1.4524338059627413,13.576571345329768,1.377660719478619,52.11297386999942,30.37227937570752,4.535500542994959,4.827979519170942,3.0265784680845087,0.6213176727617988,3.5527678808440903,0.3576820286665829,0.3040030692845251
50.344710266094744,0.07413089864571773,1306.310301029283,0.26599153356460814,5.393941859353901,22.432007660757325,2.6451809849748456,69.5109473077435,18.296138074189926,5.617479161764399,3.4190801687561287,1.9786694861120313,0.33358953075702114,3.8194805117839037,0.257564612931959,0.03453062291541647
69.91832691448901,5.894200066324464,687.6056438791378,0.15086286008193805,4.956114912313804,29.55054260897747,2.170226221640881,94.64568994989281,60.35894295503593,5.84668498327713,6.062563112385675,4.169804995212414,0.7401373738365374,2.7410591738429186,0.37532249332740564,0.2741867849913303
76.52939277784377,4.269140019423052,189.4399174232486,0.03876171009317839,6.186803673752135,34.48532928475007,1.0501826031421302,100.0,46.723564783425495,7.6642857172399905,4.14135550033995,-0.20376238213506281,0.0,4.288741342272172,0.0,0.3378784198641698
54.743329683445126,2.536498155947245,779.8295353676909,0.0702733315723692,1.2694513252243456,21.057025277714626,3.3906648027004342,73.16528530072104,42.16860738925267,4.355122151715432,0.5,-1.6480036614679585,0.0,4.010313420051705,0.27943514409673276,0.22050349316858492
76.73822180560795,0.4976842164156204,1025.1778368146631,0.11071734565484778,10.756118979926356,32.93823632232615,2.2106786422315405,100.0,20.843685204798668,6.433983349707649,4.1836194366371515,3.077720435992644,0.8197669025355198,3.2713205676371997,0.29649628149310203,0.2657957715724881
68.88721292145281,2.5424528884879316,1447.005894227071,0.15819588485296399,8.986528766566488,30.246469656685957,3.3472126038812253,99.5974234453962,38.39624400568493,6.692563006510163,5.504831240678946,3.0215655716367067,0.5770856683397385,2.7669051241194254,0.4294197508186577,0.1699666369437365
79.33879324038362,6.145490150247545,1818.82543223195,0.13496965449619694,9.453354602225197,35.463888050826895,4.0,100.0,61.90130015968694,6.176609200664551,6.053799713723922,4.694400417622301,0.8554428901010304,2.8569086971404296,0.3227483656316868,0.19143673294849642
83.89163102087058,1.64963762749336,592.0791928742501,0.12455150193246137,8.460382753298962,34.07180821198659,2.3772994872584188,100.0,43.98453298692744,6.969436608205242,1.8814222480245006,-1.5058793483488353,0.0,4.842440481625248,0.0,0.10814467476464139
55.64387173118228,1.320723892203211,1684.6980102070283,0.08432951652532135,20.436588162324423,24.021691350228842,3.6683569457072625,72.77367465376831,25.44029703155478,2.8787074136299147,4.008011814775647,6.5846952800878515,1.0,1.426971182856592,0.5544702624775912,0.23997153654505138
27.65058138734075,1.7604188301544599,681.2914944225885,0.19085929229435403,1.7433813734732906,12.952138153346374,2.4966273026033265,49.69626751433671,38.62650119610691,4.382149800910703,3.224659403276409,0.18417852724313388,0.004310689618508862,4.57636292701089,0.0856618718461634,0.21009765574286027
32.5570299310623,1.667444967348187,722.8700196896947,0.23427953438214064,14.936718487106821,14.343051316693845,1.364924610501585,54.50000356187846,20.75011014726092,7.8376776418225855,3.8838868869518204,2.846081205071023,0.5699221049427681,3.387045534513239,0.21180079726996137,0.1311359629650785
67.90442034258521,2.751307960146547,984.8825394786612,0.16589640031685032,15.996490091196204,30.330628017715817,2.177588004128901,100.0,34.97917745729049,7.4292136412025265,4.258838904187431,3.2253334990700977,0.4477524667477456,3.3859025445786792,0.36924349511469734,0.1961513092267781
44.57838654118924,1.5046613061632306,565.575765128154,0.0455935725787715,8.663628918524969,16.756938209620238,2.319901219684,56.52506778745207,39.06405505816977,5.267560484681422,2.436695388421903,1.6358360484550296,0.36257648603018666,3.6768524153963087,0.379690033734811,0.2465406453951141
46.75687228863809,1.5696292557056089,373.96660271186045,0.24258595391699925,23.92436536975599,21.908551510355192,1.1901342946358713,66.3339321777575,30.857979169968374,4.28416413327383,2.9436225425062954,5.186813591303867,0.9547936523789059,2.065425832437005,0.2890732910962907,0.1566130901038831
25.69719833046001,0.8552391402086085,983.9822356378263,0.14870679919401536,5.673074948548875,9.804250437932334,2.141222572428563,33.51919608688043,31.725762894573368,3.1744291673955773,3.6525978759909674,4.476132816534045,0.8139189914777303,2.68436477556725,0.40549462730469266,0.12681127469051823
69.57783144591717,3.4578023027779747,488.0515484430865,0.12347265438431036,9.73749364679155,29.61847314873871,1.7226654740048544,95.6544294294219,51.87044379900537,7.619829971325434,4.919136071074139,0.8003984563608015,0.165558448000045,3.8056361195649613,0.4099943576547824,0.18548638673747667
56.25859725730801,3.804780550212166,374.50801545356535,0.1109631883649237,10.087800928269726,22.724095143780268,2.256858878678764,72.64871694024647,42.65383128128951,6.364070951012569,2.019778908627524,0.19144792058486582,0.04022348673201141,3.606721799511966,0.2650559868045094,0.1273931994574524
26.688149168771258,3.1737314753629273,118.32877103258326,0.13477023149140063,10.231626767589193,12.248236289084542,0.4236838806735739,42.64828764094443,35.7556613292944,4.597736459349316,3.151981781729421,2.1880215640426064,0.4494857212094127,4.33934121318064,0.20890203454169184,0.17586800891119717
64.4028406635173,4.712482169893916,1272.0409901381224,0.16475372381025738,5.903800521498357,28.52871057469813,2.79156591868147,94.90483849879045,71.03220270006027,5.616034082968464,5.642797433983904,4.489252376601618,0.9025946660730539,2.9415439792139226,0.2590584483714927,0.19902946878985064
34.911032770755945,4.518302304768195,821.2365433434595,0.33360466266810457,9.943696454602009,15.310333287075391,2.2575388611416636,57.11494927238548,55.005407166846105,6.638107228521906,7.363504360132503,5.590568780663307,0.912715705970504,2.3526700607350373,0.4011530257695869,0.04586173364279465
92.09392726969142,7.497437216349296,281.3002717243288,0.1196759113879951,1.4445525174439175,38.90565568897755,1.2497263814093775,100.0,65.31301493609547,8.264181189887355,5.5681584441606855,-1.754129915307122,0.0,4.6950307107026665,0.10447529164976338,0.16802828200454742
28.321635856125297,0.6884487932329072,425.0547625691964,0.050462116880694324,6.965564491516049,13.01036693420072,2.787586732000454,38.433542349717015,17.74691350366999,3.3695737444498928,2.1438038456385105,1.830762058883845,0.3632693343518883,3.6788788268752053,0.20107485875428097,0.25532363071948566
35.380366845121515,1.788834050982912,873.6904615359645,0.11441474269280721,0.5886634185051108,14.187430401788914,2.2207880713013446,49.98744478227408,22.623234436957368,4.922310846239061,3.0058764288409696,-1.395216545693494,0.0,4.875066627362557,0.02092465066787355,0.26887222938103705
36.85955501997915,1.3909892511808475,631.2609931087909,0.10849199188455949,3.5512974808828996,17.4191879663782,2.9372372442591534,63.13717752715925,34.46428738868124,4.331464542016723,0.5,-0.6030588859629522,0.017817109424197078,4.991605318012992,0.0,0.24235981842745377
59.03077847473453,3.029220580152807,306.4620643966744,0.08632337891171261,5.332929542009996,26.262440562566834,1.6289353791441836,88.4533516285814,45.25631459073756,7.127006688009535,1.670801265427642,-1.151468639640005,0.0,4.0206414572544364,0.15110497031204984,0.25796575985714876
85.8593855268839,2.5423746644965073,363.34514262773973,0.12130308618016483,3.2247598962524395,32.67839225136285,1.7396223685445085,100.0,33.66776877306643,7.1938712775600555,1.5673271233379176,-3.5446438848192696,0.0,5.0,0.0,0.16505992884412374
55.14201178473881,0.9618909513843885,1284.6334497033722,0.14116545735740077,3.6169839169413174,23.287156504426164,3.3043512826590513,77.83184809467733,29.669673314625157,3.785776884903257,3.417493816149047,3.9391475203191266,0.810473179832485,2.902846480042136,0.46163032349031347,0.17899417680413235
29.951502821504913,2.8817453678607277,320.27392116995645,0.07193435549038803,6.673314309508299,14.638726338924693,1.1881769198304382,54.309158884244574,52.060532426780085,8.079514834774422,4.981470814981753,0.9724437378013776,0.08781862583885847,4.087874053187976,0.1269174997548951,0.29411395287097764
92.53543896136762,0.8778057719226925,1402.129612176801,0.11723239505926943,1.094481491047205,39.29291982259883,3.1975300997729823,100.0,30.110157577848096,6.391303544167668,4.488861198966832,-0.7571178231451859,0.0518733253949535,3.9618210911760805,0.052526334930761476,0.22152477252513955
42.57851788564385,1.9356927345906039,1236.435614890996,0.06378442440067739,7.7378368373710344,20.039887060518485,2.3376775760856114,64.01052710600204,34.940207384629296,5.626417496192807,5.375311534104025,4.658468772613112,1.0,2.807741489684661,0.39087469043639844,0.20921713759779464
17.85489669063393,0.5658639501921692,298.58130253916755,0.11506036978326858,8.35597595857556,6.469352055887963,1.2346171673073931,31.729496274196794,20.289008598711767,5.393974640623385,3.042352811856105,3.1776525064967904,0.6278404318852303,3.2903570017209836,0.33332612289914976,0.1900214242782349
64.86613305074154,4.265610749317042,420.20234671201655,0.2989077988595677,28.70767362372514,27.4702757474958,2.1163896188565436,100.0,48.74888803806698,5.036288841840952,2.642264430701699,4.2423595086235,0.7661420129586456,3.417958769048088,0.16737734316116323,0.026073911933066275
27.8291135644189,2.2542330775937582,1980.5588506084684,0.06905963924974026,7.912856104481698,12.263676679226808,4.0,49.36880800376313,40.270967585616326,5.069531516118756,4.087461370321468,3.644047033777775,0.6701923870410671,2.217854801653256,0.3955449722819032,0.26003166883104484
85.0289351661244,3.044231764257948,321.4201708906644,0.16298626382886355,9.587320637305906,35.206116014574704,2.191175982494495,100.0,33.99143581837125,7.073995219288593,2.853020929610553,1.9325965720328393,0.41492047801654647,3.0547678034415817,0.281542977946153,0.21518884536928676
39.93890283320319,4.883310089286869,754.0501172849147,0.15572463127820155,7.825579712495098,21.06533388256811,1.8451337601143525,71.90419883235785,58.02044951562824,5.121836975174901,4.9424610089406045,3.852720903396867,0.703067419277876,3.121717788665424,0.2896499944098271,0.16483860841814452
74.10715745299173,5.313132235763121,574.9994854152999,0.11176271863543495,2.6990813809144223,31.930319380273204,1.63981089293057,100.0,65.38194982649516,6.65131127710854,6.810098756890562,4.51001280734362,0.7691995452350843,2.833314060709824,0.30184480743348785,0.14865216820904423
13.418120617162485,1.2741986742122737,928.9324749921997,0.14198823339917627,9.336406688081876,6.543714662779919,2.9265197005162262,26.986845594555106,39.36598260253548,3.880763524704446,3.724664604480666,4.816263468557544,1.0,2.592974669603956,0.5404211400011957,0.25281988808729045
52.049312213161976,2.7356857681340343,753.0864125099778,0.01647397787572695,17.657163635435907,23.63985403672103,1.3589814835463527,77.16395361416807,51.27302683236401,7.968538921890505,4.178145179559449,1.721466195163028,0.3103532933410977,3.6568768432364784,0.12196982688410846,0.3226916742449013
12.763667376719152,0.9614873345943259,1255.6092803570582,0.38286737488710215,8.347653540732,7.510843172572402,3.42622348703763,24.107716202997555,25.906371651165475,2.152839695864214,2.773829586024694,4.857653678685781,0.8515650057265607,2.4426398385203827,0.5160776491365655,0.0686958470252796
8.751023865839507,2.0646931594833173,536.2018668657755,0.16726531803627903,5.764269964919358,7.986390676539301,1.6630195723279522,30.672148658813974,35.73382687096454,3.656785202446801,2.1615931205363865,2.525315494421642,0.5178013914564806,3.1173567552076946,0.21449566039654389,0.15674206076118533
75.16859076504785,3.2001234271446806,229.34700011439045,0.15899767699611084,1.551092892822932,34.22127655916035,1.3788329275180373,100.0,43.935474718493,7.871372643885477,3.881598515692914,-2.1417013700884575,0.0,4.81716747721511,0.1794312878155886,0.11542463503046849
74.09611074291894,5.6855106126066355,761.2625192110582,0.13353482139383108,11.893881672896816,31.9179859380025,2.988899454004933,100.0,71.46969984489238,4.570738922535968,6.672137346211995,6.94056121122505,1.0,2.396200830280798,0.2591586426258268,0.23904810269340498
11.267836778753098,8.38682175932874,1301.0643957272061,0.030236025533527923,1.898075736799082,6.325213449702988,3.4242125469557534,35.00730322568552,85.26821759757586,2.855803364567818,7.939675214944998,7.022654995362281,1.0,2.362441904048598,0.39453220302478065,0.32064151519306133
77.82909359349945,1.2052478089987138,681.9767019667092,0.07551119203517831,0.8730050187678322,34.306056361159825,1.6609706365224601,100.0,39.57801091550602,7.971867887730973,4.266031072151085,-2.531521280873916,0.0,5.0,0.0,0.14227660243016338
73.33275706170139,5.7609551919883994,78.50382885560751,0.13082327241096067,9.567903408922708,31.129055613139148,1.2262640864597916,99.46795894944981,65.96460579304389,7.405309428634616,5.653455956799796,2.8969707017643165,0.6247770289690385,2.9158142152439512,0.4480931348382155,0.11037647556981715
62.01259719033932,1.3772915103293768,815.5528904072238,0.13432221978674969,2.1784202559202397,25.939586043304633,1.3869421276755176,92.26362107760035,40.18432799640895,7.14491526471633,2.9241608543327464,-2.712589648209745,0.0,5.0,0.0,0.2384095882926538
81.22040208960442,19.729459036940742,1315.1607967736322,0.019270027683278203,1.7743622596369573,32.672256615016344,2.9410487544622588,100.0,100.0,5.138758410214788,12.336102577235547,9.296081265066764,1.0,1.4353870113504401,0.43529918217629093,0.3389155322114043
42.77269691957092,6.100485237331369,1165.4460953292387,0.1478105804275211,2.985318749901957,19.47257791153099,2.1385917113342283,73.53688320693576,60.129572262474284,5.792662403292134,6.838720556197833,3.9773874361034314,0.8318954760988839,3.412252334979798,0.26664383153967325,0.22708368700032483
76.30981036965709,0.8607339395242743,1488.2676741851133,0.18024634189731897,4.045224725852279,31.68602863050788,3.208834286634775,100.0,31.59294273196299,6.067409773494395,4.18121939579191,1.635746449048052,0.2959590322926351,3.5473717052590237,0.34100333966583485,0.1815737109567813
59.57821508346048,2.3897987220843455,675.4232099147157,0.10171210862224395,2.895535223965484,25.966494855439677,1.9398368616751405,85.33043948951574,46.9452890726037,7.266975499663323,4.988845091658961,0.3123417466991548,0.060223293034172336,3.5440865860084982,0.21716270683515473,0.2316929474452516
69.53676858971806,0.3193899010376685,422.29667056480855,0.10479262169626587,2.2549111471489853,28.45794806363399,1.892443981817513,100.0,31.083025284149045,7.119165884350443,2.765337416685858,-1.9208329373502218,0.0,4.517386953270545,0.07251219732170723,0.19462203511982945
15.48123899259587,1.4650651296374833,1039.2883305758562,0.06843680594869785,10.056903123928222,8.329437621513256,2.7724339014879376,32.74192287175888,32.859032901224914,2.1178244743042454,1.5345073748161913,4.1609706199613425,0.8453917663388876,3.0436476326492197,0.2900969310854429,0.15691101322857692
24.282361959575844,4.909410982803311,1414.7428793151712,0.27128140999394107,3.982522051519007,14.242996965696877,2.8709221531821543,51.60173083935178,63.69663529465036,3.9117879005131853,4.9991085068375885,2.9276297905502897,0.6854935633825507,3.82671130665466,0.427280023460745,0.10498177595865381
27.243791861951077,4.050256775880496,283.99231221812056,0.2644064923350224,3.1950021071765424,11.017348073874698,1.5991444178758631,50.67787912796071,63.315529702309746,4.3035439250572995,3.081400021014379,1.2355575222420945,0.22397922801785272,4.154291233697768,0.3088938229948913,0.07673863215608116
83.80868138085529,1.457775334862189,1396.716386330313,0.23735371690855533,12.16164306389117,35.226176576192486,2.8014288190592307,100.0,33.763931546365846,6.513220051280932,4.103403616996233,2.4960530754762402,0.5769646912830894,3.3624931024620186,0.13175477603533725,0.10454330939337146
20.018836191459407,0.19327808654322184,976.4683639287834,0.2828189900604554,9.790719857037786,10.063419290717855,1.5686064006849905,35.54868979366147,14.215217952367158,4.547423902200932,3.0128571658380436,3.165508931923438,0.5480336537362018,3.2079960477200054,0.1284751593219839,-0.0050860103769782145
43.09227239671404,5.2612674395409424,1161.128461206494,0.12581721965595377,3.027847226378168,19.49907244851276,2.2780067807660713,65.63986466795798,68.71375315795444,5.856340808401911,6.6586945166400255,3.437026768578442,0.596564235049385,3.2141306077826624,0.2381652360757344,0.1907586816548403
93.03359208325381,2.1712695049999655,845.524796659323,0.16318231264559296,5.779088697328913,39.43089244884249,2.008024446904925,100.0,31.13782907963434,5.57280574452761,3.148567449813763,1.4351359708218547,0.32947396868553613,3.756199031525289,0.27152109807239105,0.1609608956048752
45.95311469877836,0.4490762008474734,377.39623391046433,0.10775005684008844,2.8516412830182754,19.013917008705008,1.4776163421204067,65.03222294747458,29.99561209068721,5.822067813443549,2.4169900637994015,-2.541581599026543,0.0,5.0,0.05804928061854254,0.1425127922402344
81.14829547917688,1.2271746816280265,780.073172728902,0.10954044703614624,8.265463805365705,35.283699465555706,2.662605100096476,100.0,36.38344934131259,5.546793568509196,0.8169776097190535,-0.31754325859782545,0.03930257296897518,4.424654215171666,0.0,0.2298847410805338
42.951671634108635,0.8156240091265955,497.41336201705843,0.1737979477349372,4.284808943238144,17.170596682294637,1.1480870187576842,66.64208923536482,20.02720980494621,6.310409626824784,3.541094231570951,-0.046644888607846435,0.03339932407387157,4.269245604125169,0.02909247460233702,0.14437289213425858
25.597893995325112,0.03611129556235157,517.2630137376144,0.0213211660981401,1.0835921766872596,10.673652584044746,1.9867167957288432,47.853008771029984,20.86075886723724,5.813183182914174,2.8126764052559494,-1.8183678573231474,0.0,5.0,0.01798618814264622,0.1611606261838492
36.33737188593138,6.263201878201853,745.5098903778953,0.2328307221329769,16.607378173948074,16.465456395576123,2.0957652650319023,61.00027382139176,70.28286845376158,5.416059713442578,6.7516985816086015,8.90393263386853,1.0,1.2243551601074616,0.7663309054168485,0.05776167111380281
72.67885014309205,4.472392534395092,968.1927199651957,0.06878539110316438,3.443298812184897,32.885809824951146,2.2995454509404425,100.0,64.47301113939395,6.641921348256492,4.581154930541462,0.38974892740685063,0.0,3.5401282850670786,0.022776923603048393,0.2749718737583322
32.90732310223866,1.948481084815332,611.6929395993036,0.19553447005311841,1.4442652374602647,14.637478396701953,1.4806503626054555,52.42312704299128,38.75531635947119,4.637241588567604,4.316131672957715,0.5652118388355287,0.17584181323209633,3.96320787923252,0.18371800109423242,0.1652120086294792
81.12989745152638,1.1359321958706479,1229.7298599617043,0.1808432403810108,5.271767925118843,37.41126147048331,2.912471232352559,100.0,33.292562824327085,5.848556067166497,4.208718591932207,1.8437012016423344,0.5511937141381141,3.6588870949031422,0.1826698264874122,0.19922480429826242
26.458149385194595,1.0713669396775367,88.66657680885689,0.13478325386417467,7.439864299695066,12.46098500890605,1.6226368607217283,52.25734795674075,29.667629211878733,5.712756535988829,1.6875313662140037,-0.2591236312289067,0.0,4.063587202165278,0.25606657165128266,0.13223829098386758
29.039339751888832,0.48400519279448206,1154.4113879142965,0.04373078532724313,6.015597674411057,15.842246559586515,2.780998627416699,51.23221769306556,20.150654420978718,4.518306563338078,1.1681767236649423,1.331145392601225,0.13396213067411986,4.216493981840823,0.20296811535850492,0.34346195887417574
26.879645433433545,0.9118869053348415,260.9136418689036,0.09688786532781148,4.603182362569339,10.822384978345916,0.0,34.14834519276142,26.439657654167167,8.574064169394047,2.222688712848431,-2.925984785359315,0.0,4.481004426042624,0.24475997405956434,0.2594060852809803
78.76243412751599,4.167550699470364,335.9297245553062,0.21091390067686,0.5229681003264013,33.0509157601484,2.0896177159566474,100.0,69.00989381201099,8.008061897397422,3.4927459851888973,-5.0,0.0,5.0,0.0,0.19175992750624646
30.263361571951123,0.9862167375021486,257.6255850447916,0.09891447399145899,7.783391039497527,13.312278651663247,0.7084521431444712,49.19851074911801,34.37090784062435,6.372663267867704,4.079607715364715,3.029965348295856,0.6866573987039546,2.9843685131554816,0.2611161470664457,0.1667367275598994
62.54617140096577,0.2367336445148052,1323.0081412204836,0.1884603412101606,10.116809110078407,27.643148149164073,2.766371873444235,96.97409902504846,25.550209044962845,6.1944224111381105,4.047997340397784,3.10520174535122,0.4746628728652603,3.0301066078439836,0.3539471724664295,0.16924834015208068
37.05999713081384,2.2946720947986416,548.5619355121586,0.2623540703412879,3.3274287589828293,20.067267564782135,1.9075109414527736,58.431077004347124,46.815801053351535,5.262915017462796,6.2613725783072205,4.017989795946791,0.7162223980251557,2.8769856707689487,0.4336314894559277,0.11207873704380372
40.03441125437296,1.1468979473387784,2426.487141418249,0.15086620102549053,26.441331337353216,18.416648828148332,4.0,61.36799241204357,24.13151820644692,2.7751756624553656,3.9555981090194297,7.773829656963392,1.0,1.5263512056415625,0.5460599451664157,0.20643382236432328
31.94205751416383,1.2842543239382986,1391.4431989510563,0.35205970889661925,13.078985335084685,15.3779585271843,3.036374139480763,48.23989998541213,25.8203977366114,5.206166739447308,1.1092189435458026,0.4329939612639898,0.21599798942279608,3.540734091376054,0.4366266394912355,-0.003621062680370074
67.9459077595443,5.385217685991261,1018.6991577055285,0.1410053067335708,3.914604430031576,29.651549618282647,2.6030502756475293,100.0,64.38195795249624,6.502875578807302,4.321038457282885,1.259654158774945,0.4112593093875637,4.195402157503607,0.23386250000524017,0.14393401842009734
11.356436938603279,2.265958687012854,574.9241081657766,0.18247660765460907,11.068587014746788,8.377079307789279,2.471248015628527,18.402878859366577,46.362794444525555,3.275936859777108,4.037820567613448,5.800470866520232,1.0,2.3178388218452364,0.3219291453502444,0.13115284573042982
82.95812911648169,8.957124016506176,761.4123993636222,0.013922795562265286,2.4622409992333596,34.7200958162575,2.546225179303649,100.0,91.93103962891297,6.05703058505214,7.180142023927912,2.8315207137340126,0.45916975724632403,3.3737691893830566,0.2496545378387455,0.2629617869935068
63.05830566538472,3.363957062756956,1020.0594122981622,0.06951786149900671,10.470611046980526,27.210691529741066,2.444901525150552,81.91871810248219,55.884680774119516,6.0735602498206225,4.98296096464271,2.552438266917484,0.5177275576642484,2.795603090860661,0.45866803792258054,0.22821328728345883
72.41358191561133,0.47730437461533476,1776.8048927080706,0.20688287872581307,8.577770236772793,30.780089606633812,4.0,100.0,22.87209609418105,5.941121540147433,1.2842450272132817,-0.5151468752715616,0.18061755887516595,4.1260032495458425,0.02213853375638386,0.1313082050775813
70.95202711286115,1.0817176016096712,1984.715075577524,0.13421101029814775,12.307253727671506,31.50452917399895,3.5685863177975796,100.0,28.807323876026942,5.602815828214377,3.992975369972165,4.496083980339419,0.7793360038024413,2.438004757654049,0.49183849224066944,0.141531857431592
18.43780088218797,3.2803910199946515,1285.3291588828586,0.13509329790803185,7.125808706581428,6.674790410794508,2.2579099318082854,34.87479392976514,54.713166323706396,3.4454438074907476,6.095129461600446,6.965240006227304,1.0,2.001289382543422,0.4054500108899437,0.19615767476446969
36.19479001852075,0.7510438783973442,1273.8250846134752,0.01730823603913774,5.48644248085738,15.325809041025945,3.7063091635200727,40.57906774651301,10.98689933938963,4.122267144973505,2.864229431128715,2.136512465256707,0.4064561670692081,3.6345764805090517,0.4146629906732567,0.2486760012147181
78.69592731894576,0.5799990253963065,739.1911694332035,0.07774481415134575,6.875410515398194,32.62107229291776,1.398214326650654,100.0,33.36651241724903,7.6008646517436995,2.9349049893963497,-1.0124804816963562,0.0,4.379122802060417,0.10917442499833041,0.3012929755929501
89.22631691203415,2.1867221418911416,217.07036081638483,0.10939763751635588,2.9155342562674442,36.93733233576815,1.3939287004793097,100.0,37.289785023059245,6.649622515162299,3.169296647310504,-1.031433393521476,0.0,4.591586221120186,0.0,0.2673433551514665
24.557742241320724,0.5759532775282912,916.3166068051519,0.13668462910549764,4.232901269316121,12.469448501973828,2.6641100873206103,45.16748365903928,27.45374337003947,3.640021267630148,1.5040169759589146,1.260329810413621,0.30106418501378895,4.28219238365815,0.15757426777592967,0.13942058335693613
52.48414602294843,0.8672123548108539,675.823854108944,0.15124616363295806,11.424182611651286,22.49457632021131,1.8252438080673368,76.83260433891175,42.47040546207102,7.607756938946835,4.173976450028795,2.0944721208134904,0.33925423420238165,4.166623918634104,0.04199005604517039,0.18427344472473786
64.44720728490792,0.7939788100029678,553.6267193600595,0.08784740250842674,4.211837325853832,29.334624662913317,1.4687232573845486,96.42359946790589,26.732390320400217,6.556044623584751,2.272498142506098,-0.46682170764172726,0.0,4.58240701995501,0.09542367954874773,0.23987420974074933
30.930310717777694,1.6052127332157018,1640.320093062654,0.08534256577289265,4.235815695491109,14.541044291832764,2.7333139856950153,52.31560688768437,20.129326359284832,4.729562978394056,4.287943721923504,3.9529642145176,0.7111599121679072,3.265657894235111,0.4617192780510848,0.10680910777462545
28.740950555767288,3.8989411713878703,594.3788752183278,0.1249323282868474,0.9386526660584821,15.804500719565034,1.884912612656876,48.97603455491679,45.967388430597275,4.897272978755466,5.426604546097629,1.7071807682159668,0.44503427176722204,3.437836407055097,0.14461760782530955,0.2395768740546711
28.749861924952093,3.7665868295928693,335.4411539359284,0.17050469871660254,8.259611592234943,12.543351001277017,1.5198939191048586,42.610065173180345,34.02039530222002,5.501967329465967,5.69609623056451,4.834904261938027,0.8145484362248732,2.431618151698025,0.43596971298761533,0.07338576030740215
52.269705134046816,1.74910397779352,1185.30264934381,0.03726074694751502,0.6912831991877082,23.30698358506463,3.2804385886834346,70.7738374504571,42.29860904186977,6.248191749278472,2.4053514952343384,-3.2672118045675997,0.0,4.682845312001453,0.0,0.2445725986057912
76.02878228141898,1.1367022886549658,928.505612147619,0.010456634996679502,19.541331883077746,34.194159558614054,2.6434446840325685,100.0,18.28085011132,7.216611671365884,2.6718002961237137,0.9167060260040567,0.09782811023775831,4.288778290795948,0.06491930193247535,0.30970305861315034
61.88470672591659,0.6872866448541136,1259.4887646244565,0.18048070090256954,3.9695204503285306,26.29540888084974,3.2551952637080026,99.09234198259405,8.54527743989717,5.900400353844203,2.686276724586548,-0.7321986735319265,0.0,5.0,0.17480246437494312,0.17717110918602125
74.03786159193807,0.13712101336287155,750.5498719309683,0.11651373534057449,6.458811887203274,30.209585872071152,1.9297914329945152,100.0,27.828331247689174,6.868769253749417,1.8126945608380278,-1.0545025077114814,0.0,4.374066041785166,0.25785334878373195,0.2844089592327257
71.89728903024339,2.9992115575754417,660.8503716021263,0.12229154637852069,0.8747402035380671,29.801425044117117,2.2479986604138578,100.0,34.46490077841768,6.131833165696792,4.004617467381796,-0.07452327884113408,0.09615125514182216,4.653950681926985,0.06548812180344178,0.17641582665764305
71.89735335410377,4.737397097652492,973.9170281639316,0.11814091544755068,6.866444417375853,29.629848082727932,2.494827839749836,98.77577112087937,62.39765855152881,5.450768215849547,6.828722759952809,5.04995570348972,0.9567168173118044,3.444555521540923,0.3475443459845864,0.1904571229517428
18.67962364069588,0.6700544943734561,1381.9302974212533,0.06704618711707383,7.195456687744961,9.909842113424876,3.5814972247666517,31.171985053505963,21.319382898123457,2.70613138155778,2.3706922355586455,3.952771810165031,0.7012827386901753,3.266927782344646,0.28864522266724424,0.22300764015507196
37.3498882035469,1.7313762110738689,980.279837568847,0.1264479262067368,19.548412036557327,14.405806959755136,2.7468188175849053,49.49274204529927,29.78059118553319,4.8479295371530124,2.0696236465329614,3.4984254975537246,0.6588457006843796,3.0173267907510453,0.29423193846212686,0.25405047701058014
29.706715468166813,2.584281131034469,706.8726285704396,0.27398208905156973,8.756454997405049,11.981749745684867,1.838688278895349,40.54157844732651,48.15574786886504,4.91959691700842,5.007152739145949,4.439745839267818,0.9052785520882927,2.566644079474922,0.4302636628852454,0.052201464820972
12.713656521705472,3.7203106199148843,828.7170925507073,0.23390683555575428,7.99142544904978,7.094962833691886,1.6803865349905072,29.419817451772143,72.00494650548458,4.678059659339883,5.801422277219988,4.91324138920937,1.0,2.7833709119510073,0.4460522583104439,0.0867922884126224
21.56992810733981,7.625281557387443,438.4248309165507,0.009371504222149137,1.1150941989952732,10.58876979125443,1.5153422283655111,30.766594526135997,73.97681922024769,3.4508320132712296,8.175372305538156,5.445029315461142,1.0,2.1987593105761865,0.46396050851927856,0.32621106956540985
70.87382464659643,0.8903480452559254,1551.5699997286297,0.2184246866999176,14.489926011785593,29.740412958634405,3.4687680590909644,95.35393063376137,28.77917970278528,5.905346151963171,3.706036304243671,3.3516679396899365,0.7171918576589835,2.7258052718246932,0.5610384350776023,0.10857702058915347
81.14475367818652,4.537973875256012,504.4032368841517,0.09947334838711057,2.6695902410126293,33.241844410295045,1.4049923979051822,100.0,54.6396736348074,7.977825863870198,5.701356553059976,-0.8478664179573436,0.0,5.0,0.0,0.25202881413368794
72.77832447029884,2.4203503675261637,566.1881225926181,0.1029133204373617,8.126744238987625,33.32418174041527,1.493684119368205,100.0,41.639149684135845,6.864422151700069,3.947607651988581,1.4475870726863604,0.2276492865971384,3.684050489393483,0.20615680693766691,0.18749774142636128
75.94971517242523,4.923707317221654,1353.7229741712194,0.08406382249846507,6.481960889364871,31.532362056085983,3.3386939378547034,100.0,61.84467366200122,5.7768308929234475,5.218213322656194,4.440790936495629,0.9564796562737733,2.462189681901996,0.44140250172849477,0.2153850304237926
83.60215996701255,3.800695764835804,467.5392074489432,0.13627935398239208,8.451198285842413,35.842716363339655,1.7718798062503647,100.0,62.173362297999766,6.835386844898117,4.585056096613077,2.523836730519357,0.6620509474871956,3.3570068683619687,0.4452594886125991,0.22933879576902616
75.17097596637325,7.049735708507637,1798.6897532802925,0.1774934433718544,11.885789466792788,30.471600485217124,3.3985407727066286,100.0,88.35507894625904,5.6129867349496205,8.087185518712598,8.530921002271844,1.0,1.7868917871170524,0.41143609046651575,0.14694483732545732
85.67386760522186,2.92355652375688,817.6856385925573,0.09977120470164333,4.761992505271289,35.48188242065788,3.7322310139353574,100.0,47.9131327736567,4.761264069841776,4.449610422179686,3.5540556714167484,0.604380653714289,3.449789659090916,0.27391071218475405,0.13657441635660333
95.31476360697455,0.7451821727665587,1057.6101086553476,0.0424949229513537,5.967047019523899,38.5434909918173,2.5895746635938766,100.0,34.365788184724124,7.502781570175352,5.159896208397244,2.7613063757152565,0.5320858546622877,3.0678998035772462,0.3277957306772915,0.36044939595203385
27.11145837047596,0.7741812749276009,713.4769806244541,0.21098746862555764,7.057189359997029,13.950983424462144,1.7944223404978201,47.31012275613128,38.175167100583344,5.236108938008474,3.5160308244445413,2.5554603377360348,0.3701909642585842,3.4612333791601455,0.28017467928767953,0.09087333850325854
85.2129937383161,0.055173810803564795,672.3692635408885,0.051587115326001125,5.257029104897495,36.25256858316031,2.5845152224569397,100.0,23.7681369742817,7.971424960227701,1.3448485381114925,-1.921769817725542,0.0,5.0,0.16185977768126225,0.2691627360668921
76.46238983116076,6.573592523612793,135.4634825406182,0.07193253355700766,5.673530714122833,31.743602882590775,1.9140434206714372,100.0,73.60401175612171,6.561770401756851,6.5993977222449605,4.038815764379169,0.8121968929856035,2.6676275323042993,0.43157590347697494,0.24387522341741907
79.85756020661833,0.7706977353180703,825.8700494257074,0.05693803901455557,5.837808028768719,33.169702698815314,2.206782861424891,100.0,22.02580786476897,7.0776507639895225,2.085347453034159,-1.1139696048137588,0.0,4.60046573760158,0.03917314088528742,0.23863799004609942
30.539070370763184,2.9531284523833636,496.3139475918038,0.1043981949210483,2.0338770280466423,15.080247311260962,2.2714952848723167,41.485147265764866,49.26777123787586,4.703987016734378,2.5370380612364754,0.4769985018924853,0.28492435283437734,3.217379296481866,0.255133103842911,0.24027279097438303
67.11708806780544,1.0613556766926135,283.34731067807513,0.03421266199569006,5.501341995308111,29.339328349238876,0.8907645107092044,98.11592569902825,35.36389386402188,8.308827878572584,4.0750036080378615,-0.8154338432400658,0.0,5.0,0.0,0.34055331971408764
27.32848685934661,0.2647502317144421,278.9835861366643,0.11692939309447223,9.650515469099837,13.763698752027071,0.7094465560757636,39.14989109140304,8.72063447672078,5.6312511089696455,3.4650660320767264,2.8207985927707138,0.6398965894758419,2.5936343724422435,0.39253428142813573,0.24002889492106974
30.680025563394075,4.97034425802703,55.62049947047514,0.15181959851537796,9.573259032458324,13.76950634529964,1.7024988521876332,58.75315965641455,55.67280656380624,6.189259220716127,3.49279763072992,1.3540302386476504,0.28577530191193007,4.482054474806543,0.12030461858927674,0.08985181719565337
70.8834059505544,6.184635329217749,1186.6762849605384,0.22498507664102402,5.958371612809822,30.1988222411456,1.4249855139897227,100.0,67.94009837682016,8.936273747138111,7.723525431917428,1.681851650298725,0.4028306930591732,3.526405903285671,0.25426129091105265,0.16561430701385305
36.68185274895565,3.908334413283265,294.62883686163923,0.056217646149398164,3.0440098076579143,14.371375034171262,1.7998949952809224,59.79805063402154,48.96984813476545,6.569203073644202,1.164628758851178,-1.9948327947680102,0.0,4.458671182413919,0.1476457156348501,0.27743118598066113
29.11409078294058,2.780101719588127,855.305475790117,0.26110796318932844,4.513586981228637,13.586042804157056,1.9561199003011855,41.49500803595297,55.915094014411906,4.904739362091289,4.207063199954441,1.6833709370464198,0.3373564160215635,3.852034062715219,0.18377222623923212,0.17451480469406208
62.70934119562778,4.232982344046555,387.4354020184968,0.06030557335643104,11.294296843097529,25.377728343943215,1.8232071658221132,89.10417800386412,47.435088492035305,6.661918224090566,4.979444218001027,2.672493769448956,0.5586995460744961,3.4208368907338382,0.23284596715947267,0.355042970023549
68.9926847041602,4.372207114025228,864.3336931345035,0.18571576978267934,5.793626931472169,29.592277862505348,2.8006359664990788,100.0,45.4819269037002,4.84405825254506,5.220000826902253,4.892128287082738,0.9737693545633644,3.061109324075251,0.4243582855267686,0.1499098933905501
54.21518967843453,1.770169005606628,235.40763912505392,0.19824581721752985,3.033519516560149,23.997726029530508,2.6159877020642357,73.23819485892065,35.41998599600322,4.616805489345846,3.294255607553759,1.623502697615785,0.3917043210987544,3.339001351005633,0.2419060975338723,0.10550313216107013
68.09218880046093,0.2706861355067753,1198.7806562408841,0.31212079648061863,2.4856662032538286,28.808363441548707,2.0361670515098886,96.02961050988779,16.175612640851973,8.440036911766947,1.84876577602604,-3.867685656213717,0.0,5.0,0.0,0.0459019543464799
40.282967088081065,3.671338284780431,668.1732329700293,0.21148626054104896,10.238980045945242,18.858096384065046,1.7652397649547176,66.76562658470017,40.93806334721555,5.6496393315291655,3.2918598780564094,3.0359287253172993,0.6024332026421407,3.1993074919647433,0.389302441394934,0.09724107438246962
26.122422632912144,1.6360534135138627,364.1768753476111,0.06497583149276145,4.694883807344782,13.298615726235292,2.554874537586588,46.0830306958453,35.63848711008312,4.112590367600835,1.8104374378792836,1.3085606752499273,0.24782998101586437,3.0125932841023317,0.30090597465512176,0.27346545314928505
28.663230521824808,3.5718695569578096,289.67018690433093,0.09578160571737115,27.12938220673594,11.541442194845196,1.227364784764431,35.417118017532275,48.10676106601295,4.959332147823858,3.7273506974433386,5.115664143902023,0.9502566313424551,2.828792769380133,0.5320525466687933,0.24754099874740082
78.86862415123568,1.8064457556217044,2030.889058981521,0.170735334030748,3.1420528811118396,33.10706138309677,4.0,100.0,29.661538963423258,5.093788338687841,5.304300214389055,3.0657894338337486,0.5532185249487943,2.7734452697032186,0.41290074712310254,0.10240039047109192
32.96109223997887,5.545200444224861,736.2740084863419,0.16725570590224412,0.6832236571955123,14.888251600235348,2.274849820564762,50.4153475928526,54.5792045354403,6.1945645033217955,4.591103698460037,-0.4944701564106618,0.0503378928553031,4.343109490554326,0.10268744908486634,0.11653404450074367
38.33959705361472,1.683447483525922,2475.9867278605197,0.039583986919731015,5.5232194762473705,15.062834642356538,4.0,58.08476855936301,41.22740529046324,3.6893468968414704,4.6510361404501435,4.584621793035884,0.7484923959157542,3.0837529616425132,0.4013371723654573,0.2865406900815497
55.55139902645461,0.1990916266280234,386.2017948777535,0.19915689113259857,3.7420008978449393,22.831998315804626,1.617249687202459,79.31320602398118,27.21256951432344,6.486182505937358,2.634758358502603,-0.1434342029654856,0.06389864962210388,4.725637652148057,0.0,0.18802742623007135
64.49292440549232,2.692436032930677,873.5498667633584,0.17426113256238077,7.452160287377287,30.356023505042284,2.2162284302192496,97.18335290558684,43.836730514434784,6.916113057319416,5.217051458355604,2.4619061164969516,0.41374645145509453,3.650576653394953,0.33148218853020706,0.19626687647742166
12.824274724318169,0.3666916890034861,261.911429285534,0.16644483927843617,14.10008669880116,7.668180307376984,0.8303792067580894,34.1602966613262,18.551253634378384,5.421504847392117,1.5654878780480344,-0.09187089422372408,0.04908233820820899,4.173673101499914,0.2234064159521893,0.12220373560754527
74.18284662903984,1.5972833214431055,551.2753074252925,0.03275545339293096,8.347445911830388,32.24905070820936,1.3007165137306531,100.0,26.626616841965213,7.146542163450155,3.9563422442139133,0.5013290830559916,0.2507393614006431,4.385489207812891,0.36484891260432684,0.2194095187881185
20.537008208589008,3.5099372880316255,359.73213938038253,0.023787681609954335,4.800869374926473,9.54168058519831,0.8951279375334926,30.788390142079248,59.649454941696256,5.198610576371908,4.914035943572081,2.5835049729159736,0.5141619519953543,3.0107148758938536,0.14781752819235294,0.312337890166249
38.60320392478685,3.177204634452309,678.2364174666507,0.22073846102816497,1.8589251572867826,15.633764598331503,2.6070590883355558,64.3729706997105,31.424014232002378,4.029572031470545,3.2118107883282008,0.8788935979829017,0.28791125610589635,3.846799395449233,0.0441696605965205,0.11232763330255824
24.133807834722166,0.8426824431319256,479.35217505782015,0.10424015467112228,1.0995004279618512,11.65200873578615,0.6633881987760628,36.027431989717854,29.018137009255437,5.2152516950876535,3.7121686226176043,0.1888648617659412,0.16602321155613436,3.931944088411556,0.30347391554386455,0.24394806483199916
63.200387594842184,9.288179812677377,901.0425522620451,0.15407134463832642,3.503068865724451,24.89019171128722,1.944727624014291,87.56240850463271,98.83058635083538,6.645119755866655,7.749635216689791,2.6631698018588885,0.693351053617743,3.7395847132762934,0.3097591129881114,0.2825662479170305
25.575903531848425,0.2663459410859051,165.70948094849567,0.1920585542988058,1.4020550423331521,11.952996283747058,2.2864820352247923,44.46981112815873,28.970765819337764,3.842353118559842,1.9852220587802258,0.21189322219812012,0.08419575535824059,3.8760197739235043,0.15154420059322604,0.1958139093400515
41.11085928815503,0.8458399305207618,86.956884954627,0.18000341264359737,5.025824343239893,18.509624658938844,1.5211969440103266,66.6034495665829,36.61191612318169,5.095045670690849,2.7966645942489956,1.540157684182269,0.3751508407746109,4.261003520935027,0.2654978166543755,0.1833617323792607
73.62122560423761,1.076702789946119,1469.194850565631,0.034156468557880765,10.418187961368897,31.645027785821014,3.9528135138713147,96.69984835980381,28.480828271961066,5.372276760076016,3.917548594259781,2.6219101459942973,0.4567824608321923,3.4520528018607584,0.3037676241335086,0.34078539843583805
42.24258595784057,2.772838590024738,1220.9734007914371,0.23192017550731106,7.3923707292365215,18.091723215380842,2.6567253183315525,58.11602532221108,29.31744827261315,5.3345059877584085,3.548415227365334,3.37958022399348,0.6782375701208958,2.660100383154899,0.33615749406920037,0.12437091013372867
77.43414451498131,0.2890082077093693,702.1735259856565,0.20111343843021204,27.75642381860205,32.078906558056644,1.5108746841731393,100.0,21.532415582763257,7.452209806511994,3.391576053932475,2.224987742312423,0.2347239893123301,3.4339195253461696,0.4273432313204086,0.10254503619849205
32.8956025262562,1.877430481045152,188.02546256053662,0.06195760616132252,7.596094602868728,15.225032495313423,1.3784843174478505,51.473283803328066,45.16136635867743,7.791388703799456,3.107733489460358,-0.7612872298436606,0.0,4.963039398909098,0.0068875024194615594,0.370709275205458
42.12783318380741,1.767669509531164,1325.3385528094186,0.13925364445654348,23.099654920418114,18.548078043764214,2.6996361927213757,62.882067686529574,36.56405878411689,3.379888150500334,5.425276549080084,9.437077755776437,1.0,1.3801147183196087,0.5153445931786196,0.10116001318819827
91.1531769004145,2.902693947842029,437.04504512744035,0.14624441075634298,5.7661836585698225,40.19575243697152,1.3533738277652843,100.0,41.44929793261826,7.561523860966993,4.681481970907893,1.1022443290269641,0.28932245263518613,3.5481163649467597,0.24876556951136003,0.19451818019750886
34.84027873180322,3.177906330663384,324.9680042437259,0.05860552507224674,5.349824646181726,16.963600405765106,0.94467213435541,66.0085915661958,49.33367692176668,6.005937366353642,4.167409513314939,0.8893481982733858,0.2963807247630993,4.0226244654976515,0.20126511281762974,0.3659783130421869
29.594154458062363,6.768577396777887,746.1678235971514,0.11884233217133588,12.502450727869393,12.804767363192697,2.6846781173952916,41.10711708246334,78.49232548972365,3.85215734291544,5.214947586554651,6.910299287810704,1.0,1.3010645773146639,0.48146699398082643,0.15894971270430522
32.05054444148329,2.085992646787284,1648.443110011924,0.2386397878526456,1.3224656064880265,13.649414636535408,4.0,36.849832611293785,40.70392450075873,2.941268834553748,3.049741320074067,2.050046275249488,0.48390141792990427,3.8624358812864896,0.2646786814098907,0.1257716146746769
65.46442560334226,0.1589866637389947,1016.24466749197,0.12056101520718611,6.728625545058151,28.683233976062542,2.9080458792290855,99.9592870444334,17.647680580076276,6.647909683276891,2.122477624250987,-0.357993379113024,0.02264318242842555,4.374487529651772,0.2188691555281062,0.2451712261300013
71.8697659339375,4.7780155968902305,503.00717289306834,0.09762690626639983,1.5250893829698944,28.75712852355633,2.296199208314395,99.92738484513441,42.91501833213788,6.118162218275108,6.17242175570091,1.7181061237059099,0.3626092590150026,3.6137061116110982,0.3142215912606918,0.22894923847817167
22.61646809833489,0.13781143101427984,1457.9951994716225,0.1262463383859176,2.5924757483321916,11.37751648208029,4.0,41.244948517427105,23.217756365786077,2.1876412553751425,3.9142925887090794,2.3035581131031186,0.494735498136405,2.862816698882915,0.3857794186409891,0.19958014962890763
37.02500262595762,4.082146669436971,1281.8165994848061,0.04618847512659495,4.137894051162317,15.249079966479103,2.3448358538095726,49.662469598785876,65.04638687822222,2.6754230829535377,6.201687706130717,7.910209192867339,1.0,1.549721797450291,0.559849251452958,0.34803000968524134
43.014687102141046,0.37518609150619275,1616.273527452115,0.031575830620226356,0.04427254608340265,16.995069632453866,3.2920298565618236,68.96964275816146,33.34915145424398,5.520458287063794,5.2734796390924314,-0.5625677580802124,0.0,5.0,0.11145930970223206,0.26953908783497593
72.91043718460003,0.895029339736968,148.77496790152253,0.18667274015812452,2.503127008276233,29.9512824323174,1.194156014350975,99.83701373275079,36.305068302070254,7.791489076953815,2.9362740390875604,-1.7262975101137052,0.0,5.0,0.17510695959378894,0.15026773066501403
76.16432677072041,0.034902142768737154,774.0356703314951,0.24261713673152774,2.974820571349213,35.680611204862885,1.9740192353016448,100.0,19.105923407071806,6.274532108987895,2.1522246493496455,-1.6555601458603677,0.0,4.620374661964037,0.13899064623917046,0.18427835943794216
51.56906393294114,3.3126226689196825,424.28729443311096,0.07907269441905093,8.07269180493445,23.054085212897554,1.6676762223117776,77.11602409214916,41.32722724994087,6.705917781722217,6.266427201014249,4.877174433172888,0.9212274555662064,2.366004098427765,0.44178288642720853,0.17409149196496648
37.09593324270394,2.5930056181676346,1132.9240949359737,0.23824225167599097,5.232093508496761,16.249110242047028,2.8429706186380383,66.00291042189825,45.01547659320656,5.4378743477531675,4.2663358517953185,2.6593518841110577,0.5030944868492605,3.7641674381332026,0.15546505784276526,0.07883135488528561
32.938581741631914,6.7197202971741845,651.3052699173597,0.07646359830091357,6.260775661160269,14.585806629265168,1.6623808395587962,49.63046833901886,76.97463387512784,5.866348788500107,7.844019803993134,5.066959926117894,0.997532498550522,2.9413345591643263,0.36498120571880405,0.25230880934482003
47.91647672909121,0.4892467458064584,572.5942457373114,0.1519838781212753,12.00270230212946,22.704272224674003,2.18110007863151,71.32274716471198,25.499677536196167,7.443434729715642,2.415033954486102,0.23589148197104412,0.13123178026598564,4.233507884775866,0.0,0.11238181365856736
68.72315050226561,1.983462788282416,1066.3073296806444,0.05563860947887818,13.284107176508426,29.316538940399077,2.5492321921634176,92.56317210277929,29.01107838273279,5.5639896889492455,2.6870322267511293,1.800853086661196,0.3958102019801209,2.9311782961625674,0.4598070765327109,0.21377136067959712
83.04821800719644,1.641093900981185,1684.8507489255933,0.15843783007972945,6.575894034761629,36.29013897395183,2.561133266282164,100.0,34.421029985822116,7.11556019811492,2.719132030479871,-0.39142085804712656,0.060140884544852835,4.765241420679561,0.017955862224384056,0.1651069937053273
76.44532737688301,1.1262440169793628,1759.8892894471057,0.15867037033893383,10.24527481929252,32.13904952079647,3.772190139476714,100.0,27.2504600136523,4.861278865913087,4.449131410151994,4.436971588778085,0.6905117528741583,2.333403008437637,0.44572394885407257,0.1964730914646126
56.80949398813918,0.08910470859795683,1912.644387332922,0.05684348657562309,12.40777371419716,25.760798652470793,4.0,84.39855529162566,17.39208269765351,4.903726019929195,4.39847762180422,5.114509504640614,0.7718119221016938,2.657959665372536,0.41727977677866407,0.1291073763166596
46.18724559370854,5.7177783539188525,611.2809106434595,0.0761817406430092,12.726166540638834,19.138751482064126,1.6769010309946042,71.82666693363757,71.22012540936544,7.7120194592748605,5.179911339050131,1.2366479154966845,0.38417203990308363,4.24115473892725,0.11758448610521535,0.20945730564082096
93.41284058863644,4.027040954783781,400.9121361432179,0.04824820918840599,10.383426013406508,40.08164263059641,1.2694986067761773,100.0,63.52845896918895,7.509503881548624,7.0727702853914325,4.386579759698298,0.833783544050901,3.4245290664782857,0.3420515491053737,0.271953237917423
39.6775291660547,0.9497218421788176,417.9648531695329,0.2121702401814346,1.584663193304039,18.408083475888542,0.936386900175989,58.46553993251641,21.053261846265737,7.085938087169801,4.263040508496132,-0.5832643643844795,0.0,4.382341947964434,0.061744823047611835,0.11763015989853187
31.19649207497525,0.5810420417882152,693.9059802948098,0.11155037344051667,1.7212855080327705,16.242452054381957,2.180814049351831,49.66543775416224,37.33697887742007,4.94808375772285,3.6717558368748504,0.8942000777799752,0.2478456157900112,3.465545482684369,0.35431982119576566,0.16281667276155667
74.32016731020367,0.8279058208002904,2183.6586508791015,0.23431653606918662,7.1589189857451965,30.60823068712515,3.9051279848012195,97.21906104361165,23.52003261452328,4.792704705288293,4.046166132035221,3.511518862203378,0.6298581422896432,3.053821796572137,0.31756661478788034,0.138719358873664
25.19327547781138,1.5244809190244106,1888.8578156564658,0.09067047602253715,16.195820915985607,12.908465111942714,3.9226802649889647,52.809584138116975,27.58292914331075,2.830830847923119,5.396668415600754,7.914806189443171,1.0,1.6651686273759507,0.5037268854924773,0.2680590411497212
73.60541604036572,1.0597823078667648,1579.6768741870198,0.2770953301726516,17.747235357566947,32.37779582564967,3.240113532201533,100.0,17.71750999668098,5.911860348757542,1.6542019706564668,2.213649604156665,0.4757916543304141,3.5637241134036888,0.21909806393123477,0.07454351610100253
71.27039729177385,1.4587263768712946,130.46352443393616,0.15107212798741768,15.871704774092454,31.58846033309711,0.7690779332108293,100.0,37.487154646162516,8.747469557200175,3.349481641525201,1.0821138286241494,0.1451063574742248,4.6547741157384666,0.1269740632731101,0.20950635496087383
72.98674217677099,3.7175146437283413,950.8777516878395,0.35972982911748236,5.603388800073615,32.55009676793866,2.5645346094107637,100.0,40.42108215046558,5.356761686342954,5.569577099292216,3.4784516601547217,0.5142585532320866,2.92694853138261,0.4041411885543543,0.0763192785801226
18.114270261410788,0.47390594897873883,1296.7887834700086,0.2703745105762748,12.625337715012332,8.394783631922536,4.0,34.59542330231433,22.698889759353925,1.9983869945242911,2.8260150197869267,5.941398926467874,1.0,2.9194663225087156,0.09438014366994912,0.1476563803643496
55.639881263552915,2.4057089726233043,557.3206145873539,0.2165687190176102,11.00355241262306,20.95658592824178,1.7985096768695388,68.72517059901251,33.57110872758479,5.666995117210556,4.191425677971838,3.4466609384650266,0.6320513993612228,2.506199786609231,0.4930514767709472,0.09612423656097778
63.730101166645916,1.3387299322491664,1049.056511318726,0.09740135086618955,3.397603827537483,27.871150304614737,2.4223484611322266,93.53195197134333,36.86101954591422,5.837033291977374,4.069019728500643,0.4066466130956694,0.12286095971943212,4.164414722369985,0.16620601603819118,0.19906441935123775
28.366578464729912,2.049369834473407,1765.90578216603,0.07067149955180232,7.54304347257999,13.676434106814826,3.506128489120306,37.83279449362528,29.32137450404718,2.035098667300544,3.2117759423861703,5.411897627194824,0.9959016296127013,2.3422053678862893,0.3275237746959586,0.23682702883946546
61.19831627102958,4.030052804128206,954.0272500884217,0.14433354302387186,4.630700958967926,27.82503825049291,2.7683848588546778,90.80101488048032,59.27988662364003,5.484480050147168,4.279550223682066,2.193562984774779,0.49453887835654586,3.478827374481653,0.28686685384442595,0.10960373338516584
69.16859104448025,1.292699674831588,1131.4405127899415,0.2166691745408876,3.822291059882183,30.122764901311292,3.0517418415784374,99.8942928380715,39.74214371043466,5.269325358172441,4.023457390895418,0.7955983175953776,0.19598571307561574,3.893584339115088,0.3031590020298577,0.11201480959688848
29.855681658668388,4.332249713127927,1951.1211893243242,0.12494005882003828,17.480479644275842,13.522964819724246,2.70137134849878,43.209533125532076,58.02548625873016,4.068419612505265,5.047215774663027,6.862381408398346,1.0,1.6733910168894357,0.5190392015670033,0.1335199534312314
32.830992626434536,2.9368531080997013,1170.7556659878437,0.06068798749246884,17.641864983600623,13.650475254936035,2.0997734304875086,43.867512363601676,39.69608605085334,5.4053122118099886,5.88911142595909,5.872297407895605,1.0,2.84314799458121,0.37101043716705595,0.27073613067266994
25.513945374939276,4.073987076218285,434.1261348024083,0.17838581064112524,11.258980312936258,13.251841213447456,1.8041115716640272,38.56617646947174,61.23207741887718,4.4735727046761875,4.922603125361235,5.639998453454895,1.0,2.0061726020329855,0.42944810406942857,0.19022706524150493
59.81462418895372,11.001576112492968,482.8558525042887,0.31205833323622006,1.2991043116886154,25.341424359376642,1.9673361340728626,85.49093266724712,99.7222329396118,6.577444568068025,8.219372427639076,4.116017571786608,0.8672992245031317,3.1842496553262043,0.36431120085750046,0.010433167527779307
84.14717608044326,1.4037507661385744,801.7301002616362,0.2501400900503,24.38266731559578,35.03684204590529,2.414985169476459,100.0,36.93708263258844,6.102262540133176,0.7320487061097989,2.0616538107347884,0.4308342723352115,3.659895660446382,0.26394307123155614,0.1260383778090616
42.501788929644505,3.0690220131423884,2005.7691910159606,0.18213103389913238,3.708952228279933,21.156481469580317,3.735424632459215,73.97169376021793,55.80120671607717,4.770265880465533,5.216188159958013,3.297189394306135,0.7310880287453245,3.1526652797599732,0.37305696573319846,0.13924902729269098
51.07812135056747,4.087874573919699,902.0989778762221,0.03279685563158957,2.9427366323487334,20.197349817039747,2.43694563283505,69.40836443009212,50.9015118663546,4.8759959930632535,5.560578387513016,3.2504786446772287,0.5144316645400524,3.0407524954745653,0.34234428948847795,0.29664155430608996
51.51667250961025,1.7779391938712423,673.4060166392871,0.09960774978278074,3.9360094680480557,21.3608548397213,1.27875580936366,79.4978091005559,31.55790961017749,7.645356964251826,3.79776460759871,-0.7379143320674428,0.0,5.0,0.17805972332426365,0.2260755780461678
28.045983910546646,1.1584446446542884,995.9131905944192,0.15445920683223865,10.25451717343428,11.568838140752156,2.8498176824205705,50.41896420407194,39.19369885046078,3.775424535478283,4.07149992706999,5.283778597309284,0.9137819482757863,2.8424282807554113,0.4379241185798287,0.1662115382138166
29.160702396833994,2.1890108759602107,1424.4635756275845,0.21435314404868827,2.838867749969906,14.696642907732713,3.186257557049827,40.39541656012002,42.59276394962371,3.0850825454000956,5.461061736466151,4.5950579658432575,0.8987831335700602,2.937978217634507,0.2916941704239524,0.10987472804355641
43.172415957698824,3.7318240747835003,458.15933853940976,0.0678547910204138,2.3673459189082857,18.410177207295554,1.926344653381944,64.84777806279209,52.88006168094214,6.1609103471069515,5.682829144568298,1.6594428735008928,0.2819221673986315,3.2097494928773465,0.23252323737830938,0.20780368224767773
45.45430970036146,2.8399425462752514,2211.7082526651466,0.08081867412031968,2.1584315439540283,18.671304140420208,4.0,63.48234699666127,47.385675271975686,3.9770946045735163,7.460277386565242,6.260841595562561,1.0,1.1198876102042976,0.728224890842228,0.1717773870452771
25.248229527717676,1.8909602931481906,391.81784350442723,0.13498892967297987,4.818429712181454,13.761154132467032,1.3773227310355,53.18832311821485,44.273813927844145,5.932187976048074,2.3074951551199394,0.5191616901839045,0.15386974773660983,4.6847107536738335,0.06214252123754793,0.17861916379417148
47.304803382055425,0.5229239550997212,367.9677210754629,0.12756847187405446,10.01130613482151,20.22815216935299,1.8033552909759778,70.81100781936684,20.578429575365195,7.409908997008371,1.8924006276548815,-0.5807150725210444,0.0,4.833539752178716,0.11596556164324354,0.19543962748882002
80.78543612631674,4.10321227578673,1682.037087188877,0.11317083069919975,0.08774989236440063,33.088617865884316,2.787959194644187,100.0,47.61543001358582,5.39521980203841,6.490223101688491,1.4252882193813365,0.3369859891763951,3.9088757611333267,0.3189575820111585,0.2140662463484123
22.84758280567997,2.0086505760767057,870.4081964281872,0.18903197397371152,6.827456016086361,11.851548230835077,2.239603628139757,42.14199465815951,34.443888266520716,2.5348221166544898,6.056768977302353,7.922468862513391,1.0,1.4887648088144305,0.44194388592719147,0.22396559648828795
54.34063526714927,3.820576755758127,275.41934768746887,0.066161171273894,6.125836429568719,24.3965946515797,1.3536319466618838,86.61518506421325,52.571558260620016,5.3514502002808,4.899499043971792,3.867809072259228,0.8661820496076458,2.572577413494672,0.42705925699150243,0.27209054646220826
62.024264956139305,2.59706289308737,1053.731359304131,0.06410681293826749,4.346198005040153,26.03274462666238,2.7619633300309925,89.47482333956839,38.19885845429595,5.773782096761919,4.518570087816999,1.6300934423237003,0.3551657555971161,3.4255822122333193,0.3488559949385912,0.29336489649593644
71.32720633848103,1.0116457217163402,582.5044417422442,0.18841514948216534,10.497027420573176,28.95343850467713,2.1727541427232446,96.1141215090045,38.71758765412534,7.120437454673813,1.9558487102609967,0.04353963289202106,0.10054364095957458,4.316654676293463,0.12317047580622222,0.06582149425744863
38.477753226307144,1.8769499079203378,1198.6453492041862,0.15077107451150537,8.287872029926111,19.110722821001506,2.6894781998863664,61.26832670297763,33.986511432498034,4.044928686990969,4.302661674762875,5.043323539313046,0.94777324723345,2.7723675033833657,0.3325855915514501,0.15001591567649558
21.999074559908653,2.949162885466906,188.4616840108231,0.16349104953270563,4.209756949544237,10.039808965911623,2.0918885582236864,31.5436546603084,23.749276513412322,5.354227414748646,2.842162891665626,0.4700412799219985,0.033319790761373494,4.416697434596724,0.22695152311076122,0.1022529902483768
53.92604447286739,3.9100927217485433,83.33957585667872,0.08580961665936962,13.851671665189732,23.890869932891157,1.0137854781780373,78.62635012622869,50.084704480751554,6.510316248091248,4.773881190627959,3.0130717252241452,0.6041412065359492,2.2781921898525104,0.5926901990099324,0.3420099064444148
58.5043629649998,0.14391839903002412,317.6853076999479,0.2916414283305492,10.274951953595247,27.18798051186035,0.6560907142994011,86.37645970962616,25.34219778775002,7.466990009115268,1.7220204592414043,-0.7487008446758353,0.0,4.1533369800076345,0.22596463989607207,0.08174509655452308
28.211978099123254,5.186442387738296,251.84552271772537,0.10942622719183459,1.1610249085791404,12.657942685983802,1.6293830746015314,48.148239817270294,53.70442732156357,5.517574313509529,4.564764306767402,-0.32831305500385144,0.0,4.944282881880088,0.0,0.18203921468304415
32.273987565666225,1.2973313127212065,111.69824694184058,0.05694434083756455,7.118852080808921,15.243666318058093,1.1984600091754791,49.225408243962235,50.62950501964146,5.402954970282458,3.8653300867089557,3.6704018173533313,0.7376085378349956,3.2541459417606076,0.09228916267134732,0.20481928022948015
44.384429523122805,3.5278371235146615,1304.7049731819197,0.1460634526732173,3.4369648625678226,18.22198993749588,2.8981861140305654,57.07069407100187,49.50311387707798,5.072899483237375,4.991738898355255,1.7090862943712088,0.35121405145423473,3.8739737304064303,0.055744028574942345,0.17022828101961976
57.98062330047579,2.7312145301049484,1151.4537794068526,0.17732429994494767,7.063813875202665,24.757949750352903,2.9534920514081846,80.23897289720898,39.998308221856036,3.7125640146659222,2.6115093092504984,3.836082308579082,0.8120018390598023,2.5464248745135314,0.3195309957144548,0.22115761188562555
59.83080873782562,2.59406978382311,302.5661580270304,0.13734900289380353,8.48629841580416,24.260110898506696,1.1483246901901925,77.84500726419313,58.081443745518186,5.8403673370503295,4.341538771658787,1.848477825017499,0.5040830078463886,3.610958641897238,0.20454519391914025,0.21391326923122045
69.17281030384191,1.209555929144729,387.52256571554994,0.07281584754770319,2.6407465040191123,30.309698031570697,0.5870197384478749,98.20737133102777,22.405178082355093,8.36542570813426,3.4998590599321044,-2.4200050732239005,0.0,4.817735717705747,0.174103077876867,0.20319711632732618
35.99090487741455,2.9000259273656,2716.3442120281384,0.07636080936636559,8.938144803760897,19.03600124282307,4.0,59.76216752311337,26.1970531762232,2.8411728102665914,5.944791586852157,8.333970906832159,1.0,1.0,0.7655578041939735,0.14399430048160627
88.7057994845603,0.2758410777868314,717.2936531806475,0.1410413235146558,16.091876534023477,38.90239325373336,2.2250187243991926,100.0,23.77470436400955,6.341374920015325,3.2851525160363093,3.36486111775927,0.5901709389997137,2.7671701542086797,0.3676607562161708,0.19336717560693287
15.483070780317437,1.7178308555764787,1482.9553873115406,0.2765921576674087,9.223008250838502,7.882987149931626,3.4596760601209904,32.936444161465374,35.247567287664175,1.7465022679683242,2.334010520537097,5.984867783467321,1.0,2.2400796307043107,0.6593735044946359,0.1016602639155791
51.37724178686183,0.7315641185234959,295.56761524669037,0.2548154851422709,4.443008754078013,21.91274667556098,1.74138667940659,73.98407847009047,33.014899326602105,6.434291524246117,3.7412553680384626,0.3833672878325354,0.25331910591741214,4.245453364627561,0.0329487757644267,0.08873781817424359
35.521292042757935,9.442523564714069,1513.478652832934,0.19431866873172976,10.160547235745206,17.578373098545846,3.025310486748461,54.8096351552258,83.50245749172949,4.2661195359638855,8.986687134217508,10.146017171256446,1.0,1.1996270506681035,0.4786711049041393,0.19132562854725854
43.0187771529087,2.067188420621647,685.7939337537052,0.08798849831111526,3.6648319001016283,20.316765299631307,2.364196233084543,65.49159024592153,47.927676586388266,7.075336779245582,3.40787279361708,-1.8655416699450922,0.0,4.661068087546611,0.0,0.26788775448914004
43.9545431939795,0.20832548040692062,1446.0407219844647,0.2855533820832998,3.2011669496761312,20.796341236998572,3.036379928347408,67.12745391662592,14.069044824367564,4.590255170885835,3.7769142345925,2.593758357906159,0.5650619408519625,4.569134842850008,0.17851648918451707,0.06624602502251388
70.5756997314963,1.9439338098420558,117.45228220272443,0.040804808154730386,1.020343360757688,28.73143551075687,1.9219355234920088,100.0,28.494143775176717,6.6947957961744855,1.8637977719777659,-3.2150073351744513,0.0,5.0,0.0,0.3084739695478868
51.3443290731456,0.16453062146007325,1756.4181634403947,0.04185045884883628,6.93720034667661,22.63217039301013,3.2444252329777705,74.56683556491434,19.23372900666267,5.765708010502777,2.8760566205933396,2.205964415230913,0.486775338995259,3.466222148212975,0.25626289497563615,0.26651485934065255
74.95868573774271,1.5219277990821454,931.6393413132643,0.04710108094786481,7.779446173368386,33.26538437699281,2.142660189347498,100.0,33.972434879774376,8.620089207666187,2.673313208371581,-1.9784466274235395,0.0,4.348071516385549,0.154751849718378,0.29097217747996207
64.52429505217893,4.124002647766113,103.22402406689366,0.10692159237545897,8.757839629189455,30.171179169380423,0.5048174205414764,89.11168286810138,34.74043342311204,6.980445809057437,3.0976715196825055,-0.5552782808783399,0.014584610979986812,4.362928368912836,0.0,0.25162189842434646
77.09306214258868,2.2339900259227923,483.9293026596339,0.2118186449908927,12.638888568578663,33.62131577864131,2.3461998720633472,100.0,23.627874668009426,6.5822730999370025,2.53533590296712,0.3115373802991279,0.1348515054696643,4.4914813332084975,0.16948321791080637,0.20773207531532878
64.4961544761355,3.0813758197936236,402.30674645221495,0.22187216108790536,12.647247319490038,26.561103625048634,1.7974765511202035,86.09376462723579,32.92180039740396,4.970201623542643,2.3349968773542145,2.143485342098702,0.34084792761252586,3.9402445953702445,0.20293899802570628,0.0571716001276332
26.985357903818354,0.8951287204709426,501.5641265476101,0.09479357470308987,8.349358734957077,13.40067573938712,2.5999922449453616,50.495046474116386,23.290693137429294,4.145892483835193,3.571409902111278,4.356988766297762,0.8740373354112786,3.233184677507305,0.24420433793222768,0.28454486514604493
57.84751205373723,0.9775439741502322,664.5455815842208,0.07111716598596302,2.63046510006354,21.267407809586263,1.9550143896763694,83.60540568082098,23.263611124705438,5.418646480107478,4.068933519891559,1.3348289311695345,0.3866364685103485,3.558151277768013,0.19633516816508,0.2443500606579238
9.002965760471952,1.841398553485256,906.5732486509985,0.1557322964062851,7.028281872217099,6.368381114830075,2.4359578798050783,24.775921879739688,43.29677282711483,3.933444385972071,3.6550777692061276,5.109127550332262,0.9791836073370055,3.177055662406539,0.3003469130951781,0.15318933672518706
56.885596330422615,1.2982198655541406,288.45271078404375,0.08972340235444605,7.0726864794679125,24.79240774488761,0.8673161213876781,88.94215320450158,30.68261813745592,8.050015493027168,2.5409274392942613,-0.9476121105353914,0.039092489670207106,4.5035418262158,0.11017530616956166,0.24648308746181197
21.716522008275597,4.096867859080334,837.7784770353148,0.21794056311921578,13.149067866969842,12.36438024880103,2.119483166511395,39.61705882473024,36.314826989146155,4.627775413927193,4.657116629081263,5.480868950697762,0.8716592069637077,2.011059435539102,0.3515910611232891,0.047031340690767115
41.09964096483683,4.084621767587411,744.674427626622,0.16460921925763097,11.024954351176053,18.596106698364125,2.5635021883658076,62.967280045486,39.969948008865686,5.131612084405451,3.334289565046914,3.1188614692453402,0.6751752695591822,3.090658089936048,0.12789724640496453,0.2633615513726034
58.48073682367223,2.4573399027735143,1030.433777192618,0.011153867394754442,2.96785112702738,27.632271598130302,3.070314096871187,88.42775204664729,44.22563172139185,4.9191771825808,2.763322122783797,2.324904256557886,0.43128151621699157,3.6918818805776965,0.19294959440006948,0.3511955389346404
21.22264481948582,9.254558267557316,415.7989669574527,0.08714790515369049,4.627641972345897,13.01296872619716,1.187850020826812,51.32526137617487,90.92344585235799,6.118866415716061,8.071076480020544,5.845862427925135,1.0,1.767131231453266,0.6772240832152385,0.2375243583337024
18.51543676087558,1.8433412478156004,890.1786969694807,0.06863896516413422,7.867500100186335,8.940470566579634,2.35550807711049,28.748781735286975,31.884635910447123,3.796837039206002,1.1656330589346582,1.5458332387542546,0.2731985074815937,3.7113375461158133,0.1202081983530901,0.21414975281729282
64.93515759853629,0.3558500316824657,74.5923511177547,0.15868565803871995,5.6740292862828525,27.884691061039224,1.2007483182647511,100.0,33.06697035837664,7.356890470044104,2.4193943792755013,-0.10093842083180915,0.013392195068055786,4.54577465965329,0.03702379811842671,0.1859063641061439
46.07506878389099,0.5763421799342785,545.4544432494512,0.21767512389235533,3.6956320941360365,19.98601403247371,2.0262842049986283,64.60502440790081,36.074845856050985,5.07562119730367,2.5472097929220228,0.5324533215956427,0.22352868465391057,4.18152958776201,0.15429453176370514,0.05690253766726351
72.8682893322346,5.608614975064188,1072.4097519530817,0.08716125230174618,7.543161612395772,29.94435758541914,3.945998764574875,100.0,65.07108035277248,4.328825766965288,7.108558499458674,6.28045107434425,1.0,2.204382736524021,0.5071811764511414,0.1787245704545114
56.85847778508991,0.3531011585062314,1339.3870146603656,0.21375836048459976,5.4357023027535245,25.430227556949113,3.006172039315791,76.71258861253247,17.213897941553846,5.217538191504822,3.6493195038985746,2.294814145914624,0.4432642564807381,3.5128504181131275,0.38774218385087744,0.2141776622524947
80.24527841420664,0.29665284589654983,536.9229171813956,0.2892203940826629,12.078099156150953,30.88640882549161,2.057999780582875,100.0,22.83973314447109,6.861546039485148,3.8714453144836396,1.4376437704430844,0.339875613113576,3.504268662774068,0.4167766360844994,0.12493954318109313
54.55835561834464,0.6891476142434786,367.7276600100653,0.1651340311906995,10.804543455987996,23.61888019143899,2.0688000064571717,85.10906814276157,16.386801635209846,6.739057276564051,4.052506040646958,1.5094818401425145,0.12996213512534974,3.725708622863222,0.162239258729595,0.1824693100915881
46.312058605722896,0.4954013077297697,897.0137294353078,0.21089146946762155,5.939383607849307,22.505945744292745,2.3298356904612567,71.26502120029605,38.51995118787442,6.382204411155369,3.124470849120385,0.6998264688268597,0.12768857963628794,3.73425185631943,0.33998748452157207,0.19588121987549334
5.96993662984552,2.07943269939334,886.3346179400077,0.24167482272169583,4.829116919727033,4.705233226124705,2.517975916023346,24.48208948332126,26.841490730518245,3.4423172387169516,3.1831809150288737,5.011994458991306,0.9697804283066745,2.4106237854059165,0.4410206666520736,0.11822127600015565
43.03074899520246,1.0198364784205356,219.78695066990946,0.11529329093927951,1.870756218655599,20.244935055175652,1.5813122320872446,63.22922241667308,34.1884209986801,5.372110173449047,2.92344830216837,1.1359746639883201,0.3765762300851825,3.0987067544725235,0.3919530231911706,0.2715608034410031
74.24294094003572,6.358904228507001,1174.5910581347543,0.03226837500931591,2.857871598032692,29.654828685584015,3.934912106865534,97.89423323290183,68.48309595492721,4.088859400456606,6.022091807697886,4.888932270521329,0.9691563194799776,2.5480535884225386,0.4129979111527107,0.29493083746272464
23.01890867784409,0.48775224587823285,1540.0200844140866,0.10615901388043088,8.418110444220698,8.630305087944372,3.721618959486996,28.991326166657043,12.644907955332709,2.0397590209839045,4.46007162499513,6.381896105913272,1.0,1.8532411278285283,0.6130543746217777,0.2514702903981764
70.0722153191109,7.339851301018226,324.5848717628425,0.13251047119969003,10.635642965221702,30.1451865185378,0.9802138601127587,91.60270719195407,79.06950207205482,7.737880637885646,6.029459412084506,3.848507107221039,0.6443133708687169,3.1328840452645745,0.44269650693282997,0.19258251976897003
74.8559032657027,1.0065364608818341,725.3879729962187,0.18919466060625265,8.46753421983948,31.989203488891224,1.762554801459721,100.0,25.235431925640963,7.593912107882817,4.488355378825954,2.587060207023141,0.47363108119321784,3.9446584060902774,0.09087852030791278,0.24894646209766866
51.181656362393426,4.897342910294937,450.4875292549455,0.1302660602593248,8.121215598058704,22.399504371455055,1.5957709898708077,76.83534469973398,62.37501106184704,5.844371294727491,4.931536670873679,3.3593304109031066,0.7439016322193165,2.251957829669706,0.45614486125737885,0.1550841965949058
46.620104078383996,3.3982172530704386,917.7126367330286,0.11526071074248383,8.40041881687844,20.504550621831765,2.6079743428538773,71.42059567682995,52.127528220989404,4.9518935917436435,5.670037855561985,4.956412127731984,0.9351213790759195,2.2209074524425296,0.4625753512106905,0.1635560277004404
53.321968733214725,4.305218032785726,534.9315836595893,0.09394542366233094,6.915736699096699,26.191015357724943,1.7171204407404894,82.78864686054929,46.636810422695845,7.142563032552081,4.515439044956417,1.5440227659043009,0.36431695851932266,4.118941686838462,0.1552895024886464,0.26256725733602015
28.680972984475595,5.245942106487445,469.72471500855863,0.03368138048952315,6.012222978731877,13.303990875071758,1.8700985590938328,50.89308955475959,57.03159407272787,5.75337273749909,5.420222949204398,4.090195057902258,0.7653962469119611,2.768566429620824,0.4583131325585931,0.34698815733192123
48.94645522496973,0.25881519403917186,482.4689991927275,0.2328231178139903,12.836387016974017,21.91533694370386,1.9689926467534817,76.43707195139017,17.05189960935071,5.833848528447257,2.964527605772383,1.830790110256479,0.29863872592866925,3.3238237851274275,0.0918457187759166,0.1452411028963567
74.1726647196394,4.436388435731692,1455.9277361050301,0.264024977927947,1.447287032683835,31.71145392380579,3.2540316909258067,100.0,74.45199414895217,5.737292610018144,7.252328650991469,3.0715026517970507,0.6488730801577645,3.503315485235194,0.29038877739552826,0.08146402435155171
35.4530685588225,1.329417258620639,52.694084987443226,0.024787782967406566,8.0915353717624,14.576564715711905,0.6625125501594673,46.72086009922267,19.229753998560746,6.8959351658717765,1.5337317267985826,0.4447514211671142,0.22218173230266852,4.505549485875131,0.016986532191798104,0.25076053215232685
80.37597750543478,4.08679709701916,647.404814407619,0.16662476525058004,15.096625205071515,33.65676287100366,1.599452186144738,100.0,50.32912227856552,6.803318902137296,3.7724825805915496,2.10914872142221,0.48207695940285505,4.08284648316661,0.23466501690808872,0.12201178745296103
74.1435326229542,0.5449617668421322,1696.485334068266,0.22006448771445028,13.655972113746227,32.27951870799606,3.157130182759305,100.0,14.648546774194857,6.922135555796099,2.942486948543436,0.6611204053478801,0.18092304133889475,4.378243708220948,0.13138773516668223,0.14592895024306296
56.37206026157897,1.6588515390130247,131.06103118753805,0.03827806839468439,8.000330167674354,27.71568422835546,1.264386526280093,83.47623293716853,46.232611860698164,6.332028657214253,3.1321659298867983,1.088655324764647,0.21188073986790912,3.449451940555199,0.4148542110895652,0.2556560464608152
67.14460858214962,0.6620417614046399,1373.070941077047,0.09129550520115318,3.9664682085858116,28.090399907999043,3.331565231095879,98.26152856289454,29.270082211387955,5.471274844835553,4.334578022884283,2.576667951651223,0.5674766424190587,3.7781394330689833,0.2824036575402483,0.3036198180762423
37.70767215709189,0.340387357616268,563.7959692337238,0.0699557900506685,0.4920104867862894,17.101352400147462,1.8201227034731304,51.75092656293443,9.402720932763325,5.027703821624042,2.036918272035826,-1.386563013335681,0.0,4.895418259891721,0.13903839694956696,0.2181532451056271
61.11527448505793,2.2424477169283703,1438.5621132074969,0.3314586463075507,4.547821767514964,26.811096078708253,2.880186374652832,88.96760355286928,35.619253174611366,4.787980248717411,5.422856785779337,5.499999108324669,1.0,2.7622107288311026,0.4604034833937403,0.02473907444725546
81.23336282606827,5.2978907334549845,565.7991552956036,0.2060652773256077,23.072279929838256,34.57183151877647,1.4519014906908683,100.0,68.38270369925246,7.809203291227233,6.327507135363652,6.1208786018839545,1.0,1.5315978974549103,0.5240001196517934,0.08775079760269583
52.33929285294863,0.4156291144868896,1375.759502560952,0.19192623681528703,18.282984462889015,23.939828999803503,3.7786986469336004,73.54877578911113,24.206449727068822,3.968646926094011,1.2735826220550455,2.2609511909929596,0.35955268022032333,3.37434130656251,0.24592083246824684,0.292289934031317
43.64052358613151,4.590037209484095,684.8564470631703,0.06599875579497944,6.410896189644709,22.219898737903115,1.9217321042412225,67.60148111439673,59.875185181605175,7.949781225386287,5.848248788956932,2.2951064763691877,0.4385959074790546,3.324243955452827,0.3642087419982014,0.2011251879516624
39.46563963328734,1.0001790785464002,631.9541877984673,0.07305376087459303,3.252886705979648,18.48244999890093,1.3353690817865433,60.694620090275464,31.16322554503328,5.264298395493246,4.588431585457975,3.127175715855101,0.5289738890377204,3.0643228670606373,0.26683476115614463,0.2583822181112515
34.127070758621684,2.144975150105467,284.95274487645946,0.19196155741593252,10.782843801373144,19.042259699503752,1.8204074250656763,64.14127893785673,36.490439757731984,4.657182280815941,3.3031452893100406,3.0554420029521845,0.5972503070760055,3.1941839403042147,0.21488457468776953,0.16959428299897011
34.83936899094735,2.84697740987878,472.2317793304338,0.10920511341706664,6.645504841844123,17.266395064660475,1.512779135433318,47.96135915029343,41.244695056966215,5.279576870161515,3.310738245415647,4.387309901847547,0.8253578891423763,2.5162276681943494,0.4743283718575868,0.2789794326038789
45.69788244721474,0.02278969331200529,963.5177748314716,0.02892848855600508,0.9001421807373615,19.19665303237895,3.406006402467555,61.87025530111605,15.03516897915338,2.825863235636837,0.5,-2.0008000745854018,0.0,4.443992009386777,0.17403866523522032,0.29871684353981687
76.6153427502076,0.04637722128355589,1088.1848505849687,0.055085208134570254,12.20042329276614,31.688566604585127,2.7478233201091964,100.0,26.861303117526422,7.393427467140965,3.7747577821293903,1.4349249063640652,0.2819148448068313,3.5570858612871366,0.3038583551677761,0.3085530819595375
48.586394363911445,1.9709649541425458,520.9312447067277,0.05777420102654839,7.4715466878365495,21.519531363400365,2.9327980561917375,75.78315184713693,35.04533346760601,3.699496607015541,4.1763261237124,5.383947979587129,1.0,2.7820353802446487,0.474844958626305,0.19590379635795624
79.68927702895279,1.4135340143650208,918.4532008367535,0.22872393930983767,0.9077788186307123,35.45295204836975,2.5894814990082606,100.0,37.396991878152,6.593236452021816,3.6094087346482864,-0.37941728880466985,0.0,4.399983587487726,0.19872107854340035,0.13480377686184328
64.64363219274841,2.558444814949185,106.73280561518999,0.33747706563864316,8.825687806220204,25.89702369618977,0.7884179053130049,80.59327353831458,51.05185291314163,9.032716156454587,3.529727975116307,-0.11584035006924953,0.10946275179253372,4.52392744377169,0.1190304509920021,0.0014834632175382695
31.88586456147468,3.7779323684300925,503.56837283463153,0.027956155436615508,1.8483091135582812,15.849839484851763,1.7556627549211243,49.75999317098181,52.33300723452403,5.625048627084691,4.752659395589403,2.271424632220419,0.4228772080219715,3.8919509353817694,0.2137536762836987,0.3086505512750376
1.9731084221676163,4.42554739764108,474.51095114478824,0.1213578644735151,7.613422543409318,3.9194888033981363,1.2887282658109733,14.671918501073094,61.8178986518551,4.508947509916254,5.286222794692488,4.4654918401219605,0.8365580091571428,2.7333125080890546,0.16715223078173608,0.22780820431934554
29.349172439284523,2.9776510779400702,299.1095946654953,0.27082735221836546,15.14235819491088,13.876423118649194,1.4378116869308037,43.18455171709938,50.95309561503357,4.131120557227455,4.3924738688267935,5.462590294925725,1.0,2.3270950870933436,0.38854420197729034,0.11546608519005949
34.587258093397246,0.2546247826054766,229.5597552510306,0.2443645575903297,13.581899954881614,16.37557752358113,0.567681434383546,55.580608838809376,21.109855897235917,6.046126338343971,2.8332573998733994,1.7766917322499434,0.4086082361386849,2.789266601331869,0.2254141486333981,0.07789640090365998
74.31086883014719,2.3180523356455964,1543.4600691992982,0.18193123391881028,2.253448101804794,32.84993302628092,1.883677680654987,100.0,36.177813115490956,8.213745125623044,5.942666459624714,-0.5107850673267507,0.02101853964622563,4.5390107277750635,0.08297830657618085,0.1971877378085113
32.67470831267826,0.9998364161950567,1191.900753033643,0.12906886278488108,0.8906689274003242,13.125324651597513,2.37125543809345,41.15720045679617,22.78193250210945,4.3014878166488835,4.678176025656632,1.6127656707506657,0.2432644847554133,3.8318814073913123,0.02769236073711842,0.179034906185079
25.799397054658073,7.6079841079205215,488.36389253343253,0.19752833198414313,7.190065075668792,13.62817201222552,1.2403957993163104,41.14386960837129,76.07914164781636,6.208309398551094,5.628576341656137,4.0098011943884275,0.8366029925389717,3.0943734737495996,0.2867128970716638,0.17436658866095286
27.650871607693233,5.081695267909872,168.4157938968022,0.10853481798321164,5.5860726425730425,14.135510314901397,0.9307378787835807,46.147915089124204,57.0928393630473,5.635771035587375,5.48071482502217,3.9068424142653537,0.703646333826987,3.1719678066877597,0.3863605400179529,0.2209066469868772
24.027239938890176,2.461440529562987,206.18559498017052,0.17194246617113,10.27334625859348,10.99488312468402,2.0061730410894265,37.12996636988183,51.915105867273844,4.981606680200632,3.766944661357133,4.392955193491158,0.7965837105774556,2.2589375094215582,0.38650873912881384,0.18593939458906178
25.46334749985427,6.827409036259693,967.9181243493146,0.14135178450026892,9.997186363803896,12.175062919411356,1.9505096569320135,43.04839670519887,80.70256402155138,4.6451945129373495,8.89818661591228,8.460560026922593,1.0,1.746970503827778,0.6103393542785842,0.23991297920644805
7.590415092093279,1.319341822021271,321.82367353571976,0.1173954781473053,3.2405505841940236,3.267073741487009,1.9169626608182178,17.689181539979465,23.89547804908336,4.403516472790482,1.8597821674990067,0.04293204187875438,0.18054279621293914,4.6591813115019916,0.20249950855121573,0.21087061120850323
16.873981726392334,1.5645640017725115,738.3054808074543,0.10866042686140352,3.0898764264681993,7.671492972588173,2.2161788796382154,30.823165433165357,43.822064992140966,5.259521723374383,2.866289065067275,0.046725512483595855,0.26166101550285065,3.968265721157672,0.343050762895691,0.26254534164473
14.748255764995154,2.1526360057531577,733.1243316566816,0.18644874485135593,7.486052548075509,9.621892453695484,2.411757038634697,30.73621302068323,49.24497620476758,3.902843968909937,4.117702573769124,5.331507403457051,1.0,2.091647608140946,0.385357642368393,0.1669579706599257
36.08623559969026,5.012127252607982,627.5308798550296,0.11355267171354935,9.009109662184352,17.674331223492807,1.9623373729142932,54.40348630206161,71.25183466485566,5.8870142197451685,6.342758581756219,4.634392969836122,0.9235237641345024,2.6508422055494703,0.5507703357926657,0.1258863340594815
81.64232198364459,0.554445550537693,138.7132407441489,0.22208737578988133,11.343702414140036,34.90674992719399,1.5498220438450419,100.0,29.244461388662963,7.097678236522059,0.6271009088550348,-1.3672991127545167,0.0,4.7946219523110285,0.05671290827242893,0.13726194647789294
32.210211900654194,1.1346899831040906,443.5658130640691,0.127479397501061,10.656416456643834,14.472903813670356,0.995446614700339,43.12962293095517,26.700104675221905,5.793948070528468,4.546265958288506,3.308530337922514,0.6113929562498744,3.0426652817842186,0.4921511861472776,0.2433420638487876
75.6574544317541,1.7276237788697761,681.168918151216,0.07450253592202148,6.797262158512094,32.012357399110535,1.7941269060160048,95.67518115520717,22.85708066578321,5.936102186193214,2.5549576721711182,0.0198418787574407,0.0,4.543455069543848,0.1166923015712772,0.17411935620155977
17.975287700496423,1.0914132309575293,2699.4319074516907,0.1465356751860509,13.558690755059501,7.615555962664159,4.0,25.46793768080887,28.591160914314347,1.14583179764239,6.1789276533971496,10.7283003584892,1.0,1.0,0.6876685108796196,0.1434959565627649
79.1353540294513,0.5284326924282846,1271.9121341767784,0.29173449564440207,3.8618631369431853,31.379532030905466,2.430383948060568,100.0,13.650542685109738,6.367392851824181,2.9260149766947796,-0.11887369944382029,0.012900493728459524,5.0,0.04909720517439919,0.0882471749449545
16.424701276773682,9.017359742010347,2996.1671835490006,0.08952525992460353,5.5560653290179625,6.687615022074921,4.0,30.202601662449805,79.7231705404181,2.7750145565054676,9.1747421342259,8.563360244495568,1.0,1.6312536479892565,0.5687820538551114,0.10115960296653287
56.41140306144369,1.1816518640075981,520.9103811824639,0.17398744214881143,10.993858652115767,23.484989676682286,2.1120002996114127,77.74665679262783,26.76450210309637,5.319019608685446,1.582293760537571,1.8511139812330433,0.31001776347543536,3.0190292051438226,0.22143625810648496,0.0813697129811482
46.37144902483378,6.81343604127999,1016.842982517998,0.18680843219578355,8.10751657140962,20.54253237971506,2.685447780358221,72.0348096896669,75.8623601819667,3.990729488762004,7.707074887889967,8.249954612357074,1.0,1.0,0.5980030675676704,0.16990395961424146
78.96139629449816,4.404129212293623,982.5018342207276,0.019837602503939254,4.872299460461392,34.469303825236324,2.2121192615046765,100.0,62.40785540636685,6.673646859534704,5.596285336488881,2.3412279342190496,0.4621064276010485,3.84690472134617,0.20554000063296596,0.28044423552015185
20.22381462515889,0.975354235806674,748.5755865623834,0.2693504773208635,10.277251237016435,10.570799785534996,1.880430414504842,40.37935582702499,24.082177793933266,5.676422795491705,1.738673336770188,1.2752931472707678,0.1257623865334469,3.779930968518508,0.3419447850316438,0.07478860037304368
72.12359405089781,3.5783806472426574,791.6701231821112,0.3261364762468124,14.442350850881875,33.655789045997004,2.705973545780221,100.0,52.57605715980733,7.475301411867223,4.209091989593279,1.1174955426404674,0.15668710751234372,3.893921463510209,0.12571316954489575,0.08973777905294074
35.0592998096889,6.065828719845161,1416.9898676986559,0.11263163496976657,7.931586582698373,14.240574530750152,2.7430864377534814,51.0062087956288,55.75229356261641,3.0055744136321536,8.131447555720008,9.622771262924113,1.0,1.0,0.6299852105770545,0.20212096730737206
49.815302734077534,6.155188557717505,1167.6464826262734,0.1638019967037041,7.107633030017901,21.017326050862774,3.5047642084489716,69.62707445658812,68.82705647451908,4.518400168260598,6.469559969781813,7.002811779352667,1.0,1.6573637656208113,0.5737950147066416,0.2938231747032118
67.4062439366419,3.437198306728108,1806.4288057577735,0.14897317379830158,12.347183687946638,28.659693197449066,4.0,96.94103098753276,53.25698194391163,5.177376833190364,6.252496849260551,7.518018975510198,1.0,1.5696657951097999,0.7140401118981492,0.15564720858994102
21.344110118937007,2.8998048268308803,611.3715982640587,0.08948298710212631,3.8869123002207946,11.179572834712397,2.522994972233975,48.36547457666147,39.40805667753167,3.2692550470441852,3.6084379722792277,2.6776186435296303,0.4782376438735531,3.020539353858132,0.30590795369660084,0.24284834577242642
46.32076542054483,3.58636938100389,467.5629775495791,0.09743409533012093,2.6206270882742655,17.95703632084113,1.7282020761052672,63.720584205015776,53.118004249272204,5.170621252837053,5.093144316803689,3.8540318895968344,0.6121689398619943,3.4285487093735454,0.41265013358231567,0.2675342315486177
77.93108152784426,4.114991889958738,287.9516464184254,0.13967708532053758,3.3360064887094416,34.233243184145635,0.4880192552490349,100.0,67.79479540352382,8.747799827722423,6.735129318386156,1.6730897645509282,0.38167774058288845,3.783577707991628,0.24019183243661416,0.15038314125780017
64.63768240163746,5.38024837183584,627.0250211367119,0.05802960798539823,14.11051917151051,27.250301286630293,1.3889981265992404,100.0,58.18623163469914,7.182692376126151,5.487693826562547,4.180322347386631,0.7297515872459601,2.672697043768937,0.5380471080660075,0.3048046765342141
74.51994198870014,7.697478170649891,526.9819422169329,0.1710711427952189,3.1549689808725674,31.31013645834628,1.5382928093317663,100.0,91.82997387173076,7.989039999734435,10.591423040142857,4.681569973061111,1.0,2.895118122182213,0.3662555103648966,0.10610631308291085
17.252399630610586,0.8502480359262603,246.83809409689115,0.08563912032949443,0.11274646788778929,10.092725296606277,1.2890403990152564,36.78808066767122,31.492636018434375,4.134911891609091,3.2182380765878467,-0.21474607142528113,0.0,4.0477525057935475,0.16514234756339255,0.2274974985049264
31.664201954157306,1.8655897117791045,1049.33103155035,0.052366499295460306,14.021772435995663,12.763344176557062,2.8193187422182104,40.266169824859375,25.890924565662615,4.327904571381575,3.1384030296946466,3.019596585510122,0.5524251367182237,3.0675175314099703,0.3078894718812265,0.27479155011133266
82.95193549103453,0.9923261398812152,1231.0984652897332,0.16883284267192353,3.165334774724432,34.975281449201674,3.441869966900965,100.0,34.72374973933893,5.345930012365265,3.246321521592919,0.9796748191080309,0.28281222985424803,4.397541176505071,0.1718060167412997,0.12084349543035242
73.54688253021722,0.09791250749202282,1373.6522798557442,0.12414200414394294,1.40562432125223,31.617303435772286,2.8825488045800096,97.52588969229092,19.665426002486974,5.681489909605826,2.7711155200897766,-1.0012118936145724,0.0,5.0,0.0,0.19820508078936053
20.495023335417265,1.9098166451715954,1058.0583260982423,0.35022698960821297,18.746857961832017,10.294248583750202,2.754981040737107,40.145189499380585,40.03834291672885,4.814153860021151,5.346000721056365,6.686626793963124,1.0,2.2817138983097824,0.3369661046118607,0.08523716528106691
66.95257459097576,1.4220195382139456,975.1064836950942,0.03176334779738028,1.4995716189786865,27.24572674958796,2.437094290644374,95.30212990602057,32.226561737160694,6.403446060022865,4.567236628644881,0.11172185728859264,0.17609536347769464,4.718461524446083,0.05411518186174683,0.2460780888455378
32.92458053443859,3.6773604157855555,488.89474894634145,0.13059384558238474,6.356229207452976,12.651244682521433,1.7802488972181387,36.94823581769107,33.548699834656475,4.351825502165836,3.602167010329179,3.9415292086508398,0.7881654143792903,3.122496776363223,0.4014445179114163,0.21231229952822325
19.023469126334216,0.6304682086359491,1204.135102596643,0.28029256262761215,2.840248560266902,8.617637770788502,2.9468955930199816,22.849823359222363,20.19491219913692,1.3018289625805788,3.305096964257435,4.273218194129325,0.8408362495422774,2.570490336370363,0.5630158440062257,0.10580852655113716
6.147962205407662,7.690209080362293,565.1348490268203,0.17995285360912874,3.710199024587234,4.040843029069951,1.3424646397321371,7.887857477138381,71.18735042937074,4.22224286372058,7.666165412176049,6.273915293827304,1.0,2.5095017854640354,0.47387977921483426,0.07881370504479013
39.94712623116483,13.062954669489931,519.945878333548,0.29491478557595513,4.678127542753739,20.3326401571809,0.8034626365868734,58.25772957418429,100.0,5.654446695533431,11.710226483485473,9.751863082824393,1.0,1.1273445419802568,0.5571583313698911,0.0573074711964033
85.14621834108539,0.0620300186088281,680.4022058783396,0.2221317492397677,14.963629756867059,35.31906066382891,2.30664589474792,100.0,21.843774842900874,5.525525813290251,1.0247877986648801,1.7469204295943097,0.3553633358439677,4.074033226650677,0.19056680071744084,0.1108141761335327
75.93036899066935,15.073298640668988,1075.979074419308,0.13839433315403712,6.350087885221848,31.125008946682108,2.618908727833207,100.0,100.0,6.097350866772731,10.37895185689292,8.958288637929863,1.0,1.0,0.5885326289661107,0.23792705033070272
76.23724875339275,3.0826728968389614,256.9425866387312,0.2424690911423699,11.573498707091812,32.68130964995099,1.569859715446958,100.0,37.78571463265555,8.537767517336535,5.309416293465327,1.198929244469538,0.2838692700170957,3.514405609457822,0.24743381149156402,0.16644276747602152
33.262896952625645,4.480138239219126,690.3035386638243,0.03000947471819847,5.572400071147327,15.221090661156598,2.2476376126801005,51.40501276431081,48.7087877610722,4.634998120856607,3.747687337245902,2.5944327505747267,0.6503065101588322,3.3151370942504825,0.23967071930145606,0.16976440923418343
34.46598236556508,0.49811096304818314,1959.8446838436587,0.09178955147690447,9.694060221635626,16.220709219591356,4.0,58.85706492024224,24.390459880038126,3.2592079723486647,3.1374279843940056,4.943298230406706,0.9062768585099853,2.618498197057242,0.46291170734564996,0.14898023954952294
72.2668722095304,1.0183502006993216e-05,1124.5226208433332,0.18057780470753698,0.5535217807392644,32.750728055201,2.918796114625009,98.31096089053825,16.957439912563736,5.8460010899817325,1.9323934028593135,-4.000811378840578,0.0,5.0,0.0,0.10149446682908705
42.23365042447496,2.2150622676068665,1362.419714822814,0.24712730812846898,5.850747040875876,18.983231101495498,3.071761688378044,51.87409657124135,35.08745218963343,3.916162672404877,5.530497955109707,5.245807628094287,0.9704970444564529,2.4266194230252864,0.33658371496895495,0.0705525043142719
65.3952414323445,1.2098400254993185,883.2404256869486,0.28238766807553556,1.9980763697256332,28.84956731000544,2.744331517489271,98.6423693682742,19.61477329418794,5.3502075920144865,3.3386154476501133,-1.0334841035901687,0.0,4.502545947455548,0.12972604700943793,0.15742682706756483
80.60629057391662,1.3591334697728081,443.09827171214334,0.10848448365598962,3.0637795890234605,32.968274050901435,1.4610132100012967,100.0,46.54085641784477,7.427809930798943,5.790141748626084,0.260744168551,0.10925898042162098,4.3287732259463,0.2355477346540435,0.22985224351952604
77.34264921882085,1.078613412005799,875.3023308234169,0.11059288287034125,10.073304400672258,33.977177970454434,1.8133038469997678,100.0,35.13630917693575,7.922072553636204,3.9842264810863233,1.630596796130772,0.39434784444459686,3.7624515571829353,0.19565740390251202,0.1269297409962042
52.22615753628094,0.2784170850661763,1417.620835959953,0.1898736289027491,9.38992416181486,24.097755939639427,3.4797955194527708,75.99386379082034,22.754244501782885,3.9798447731242375,2.72911255622567,2.3193244220161016,0.3699012862955549,3.531219406615103,0.27062498981420774,0.10172614380093142
61.96016200119142,1.1590697855136263,302.3055383724135,0.048078613996503095,6.551672116453142,26.359569731011938,1.730434816258925,84.80920852842381,28.155883524141924,5.214781719973803,1.5706752856784,0.4662647777286057,0.007814169492139367,3.950304268566659,0.16236623144463191,0.22140730494708413
86.36586547147283,2.729566361227215,322.9515677735579,0.13957114195740236,1.6962812834762484,35.651927062571694,1.2525537981432826,100.0,34.49497155159873,5.995482019422519,4.7101485259966855,1.6841684627565663,0.2511305367613591,3.013957948542541,0.2316868187115168,0.19830618142500459
30.374245213967857,3.6355134196519807,1623.7550483519462,0.2959484609644285,7.807586012063063,14.483834840732204,3.018178127411277,43.63483721492274,60.648099025386834,4.338504891777354,5.04769735394302,5.358972907991377,1.0,2.721208090448997,0.2261854258549748,0.0650450880387131
85.63754676070084,9.11027168864935,353.888417315454,0.15171977407737322,0.8396080624611456,35.88747386478203,1.4275127920178665,100.0,94.40586382167442,7.98886698676384,7.755381915987666,1.7264702386876016,0.3016320912224495,4.076591695556867,0.23476582395282342,0.1546698752182255
69.61315221719124,1.3732231294174337,730.0260602833082,0.23695638687353038,18.47797004989189,28.902270474935772,1.7518367299234867,96.81286413831269,16.605538952862894,7.4796143596596725,3.659109974676211,3.285884370039966,0.6293197545673951,2.9082185645188874,0.4377953281876803,0.10790024348822556
17.94888539116871,0.548215968417717,1990.212700536422,0.2155961595133028,4.837186687599912,6.01120757944627,4.0,26.349933354365547,50.472777712471526,3.0365393213367797,4.195532883713838,5.489416162157504,0.9577738121244986,2.3458517717697185,0.29444926411753314,0.10896139476093854
71.56678224490597,10.564701656617434,910.1412271692479,0.2520637793889427,5.140653406605933,32.456504314539565,2.6647111882381145,98.68901264784401,100.0,6.405441255212951,10.066203730204768,8.343903870251966,1.0,1.7838366998780593,0.5245197312173687,0.024363288292234317
25.954034721398294,0.03351643633361069,349.27223784047266,0.15184497148326107,16.016965541364012,14.08166182548745,0.521173062575504,47.536559780175466,26.7066004977255,6.5096515499280345,4.384717347323408,3.468408960932804,0.8561491243798175,2.9560847756845527,0.39766177867946134,0.2635702602573116
73.8346329079254,0.15166253955755923,729.5859529785837,0.0709487098257325,17.674315544139017,34.625163878143816,2.9423169598823673,100.0,15.914054598728574,4.997177058386774,1.9207939120107709,2.8390333788776694,0.6404116565637015,3.937497842771161,0.35473903713459143,0.270139732548748
49.64853660995331,0.6632683777254357,969.5960811205174,0.22443764927796717,17.150829742111625,22.360510932029594,3.3867839510899223,76.04219823444899,34.80885291295934,4.744419038123558,1.5696320782183908,2.612676001689962,0.5039523391808551,3.177899189531286,0.44863263010109433,0.08136006451227526
41.45503527422187,3.9375385841285913,886.5466330657986,0.10311168105224565,5.745157248536601,18.321698366080046,3.106668942355295,57.43424871565992,58.3004691262602,3.3776673368932735,4.94762888393522,4.92809688653781,0.8906568547793301,2.748061127302394,0.2169010955631307,0.3302818697348223
87.06624423928152,4.28204083205405,1189.1077872424553,0.28026912656258646,11.346903222563009,34.10870445607321,3.73469742780313,100.0,55.753118540583046,6.01137295286993,8.092500649296191,7.499488770156144,1.0,1.3095258235653708,0.6919959514447747,0.06531675405021282
53.21230187646434,2.036555876780651,252.21605066854065,0.23715566760541576,6.616174411561448,21.52226681306599,1.441599365736269,76.63623194315701,37.34899953019928,8.10874505877236,5.086920728313093,1.4638886914354945,0.24420493512683508,4.122646103012986,0.3272240292815632,0.08960532246348137
67.60087761093969,0.9871022057026423,600.0723559192106,0.06767053630480807,3.071655664543269,29.708914072784356,1.3842369313933052,97.4178516857444,24.080393822047707,9.688355095381649,2.91377578916172,-5.0,0.0,5.0,0.020186746640002654,0.21297202718542083
19.465343596447145,1.85309992586574,509.97812141119584,0.026766506972363182,5.40901305695526,10.240271088501798,1.927590432519089,36.81518054026476,33.17352793929234,5.05278518035162,2.33590155440225,1.4097164095010282,0.3497578338001753,4.293715792718149,0.22342388865052543,0.17400180634745388
69.99485350158118,0.3258942507581062,1570.5728069479642,0.19631803871996986,9.419602741805567,32.026390740223235,4.0,100.0,22.934105637282517,6.256088221877748,1.5730111824142154,-0.531690141137719,0.0,4.469386577592526,0.09786088916445249,0.14691388367339353
57.1896989017003,0.7190280230467233,384.3102123519407,0.17705535921410692,4.468401072662933,26.80816776580928,1.0401610820760405,92.2732083260113,39.60495222251081,8.727148243379897,3.2957190489531953,-1.8423505837671883,0.0,5.0,0.03385163360595014,0.215054425195391
77.72963616187671,0.2777409013032567,1079.5069710747437,0.15961799541330537,8.635664753851687,33.56673795426499,3.1525647227576603,100.0,12.544459827688689,6.810159343669473,1.0430954858473758,-2.717953817879106,0.0,5.0,0.060133025596442624,0.26382010297255065
69.15481759788865,1.024799304880335,897.2289126767178,0.10443304105121083,0.6841604310675301,32.01981465677247,2.7600084623327144,100.0,43.24649298074611,7.288792158883037,2.7621688724956206,-4.690760571836467,0.0,5.0,0.14379834178272283,0.328070907611999
70.33601053100227,0.9699826261390972,1045.9854903720873,0.1677585316583315,6.81463253270619,30.610000400979736,3.2313774698521813,87.56184252333983,31.512910503095842,4.423744995828453,0.9135821023633452,0.2656630897773355,0.0,4.446946553383388,0.1690744744998336,0.17089968718318632
69.62042229943486,3.727924452304736,266.4525442072065,0.047503959503906824,4.40034868978249,30.82431959409381,1.4135297356140926,100.0,54.73965759484,7.287685384874841,5.768651161341526,2.2531646765503988,0.1903669702215175,3.2647738857298383,0.3211935224599398,0.30243972244642886
74.31633864870332,1.163115493812955,1216.556871059506,0.13605797274245807,20.848129937565357,30.55144352225671,2.441944058059786,100.0,39.44141635655264,7.7057171772816595,3.200910680035737,1.809581809076501,0.28913264468316274,3.3311455230777165,0.24708493800658796,0.24830675536971536
17.29480332644339,5.004943834133993,1602.6457682656958,0.11511770715816487,0.928842366851107,9.843315715092272,3.763868324806432,31.350362917641906,65.77118863984504,1.1052081884187184,6.502263226021653,6.599181536694684,1.0,2.4016470234873033,0.40486183679154264,0.21276332144735635
17.092585535439532,3.335486811975306,726.8162202209626,0.2624584235125638,4.279641632113176,9.926337127139577,2.485243840183229,28.771658790899565,58.799574545060494,3.1748939120236366,3.399911616802375,4.42225787003813,0.7692814328808842,3.2915094013078843,0.36573224108785996,0.03017521677590907
66.83399910763308,2.0290143613084544,728.3938013214649,0.11826792363232141,7.443337330210655,26.886034226767887,3.284807390976788,93.43199093339733,28.204732261073644,5.5167222870788315,2.762380338418705,2.7142684452371153,0.6422464864506802,3.414456168220619,0.4402471420331869,0.17567375092507082
82.08059259522048,1.1120501016870206,1247.932997045936,0.3451882374964534,4.39116856405441,35.59016703937202,3.5076023675561383,100.0,23.789664103823682,4.475565509154885,2.2842919784509865,2.375227004046317,0.6198683883780098,3.736066842446167,0.07949774503844792,0.07640852746594007
40.76538551738972,1.493309937402317,482.71455232822433,0.10627628323881189,39.40851496492295,18.86108518115788,1.2113650485898564,59.3411693523114,27.61344380435213,6.742718839588954,2.142457270191212,2.6916684640962063,0.2809847453814308,3.0528065558055473,0.21249905476727562,0.15131086952830092
73.28713177520545,1.2505829009712643,351.8767866481609,0.07484497135321418,4.131826430143004,32.32226788335161,2.2273997284417337,100.0,29.870227767019962,6.730869360218384,0.9746880802140421,-1.6531171993850182,0.0,4.512595485840449,0.09562559813558015,0.1982684443010978
44.82340319179936,5.881786849893876,1401.7544512438747,0.29947932533370814,1.5664905071414412,18.563768489281635,3.0017446409803386,67.52594747454276,70.27812746891632,4.915552512123299,7.089954259177498,5.173609136013737,1.0,2.715057506884513,0.38576084805426686,0.03970680158151128
48.87078497013536,3.90064759548034,2102.36364491954,0.08409563153337728,8.633890764510753,22.228797072273338,3.895361205194949,79.53735375811833,55.49216792419332,5.621044804115484,6.035502256053288,4.221514684379991,0.799783699623048,3.8280458530292165,0.05685089110717634,0.24952448613298717
43.30362089579184,1.0328714342430545,738.474453341058,0.11894253832035359,5.729033037595351,19.828623182739967,2.3506636675244543,66.52716140245408,32.59837219357447,5.216872528108521,2.0241419112716588,-1.2326023539724873,0.0,5.0,0.0930549013638705,0.2192041817368387
76.5331150457606,3.086120424304599,635.8426099104161,0.2462946471784791,1.608763837436886,30.52205286342652,1.0591389922093208,100.0,59.23762167727704,9.0927892838404,2.7646890268950277,-4.505960436030737,0.0,5.0,0.0,0.06773121971974844
21.02994867594893,0.7768417710694164,298.915845507674,0.0467988297247547,12.793214151949718,11.138576686008916,2.2488565892968326,32.82470734170199,34.749832536482984,3.9185626491009553,1.3551388474466688,1.8151624275410045,0.31136962356139886,3.5489331679996186,0.4144116754718982,0.2532629839464213
22.616401276887437,1.5290944074100137,648.6051149696445,0.010340895701307286,1.190790818691125,10.227439359392793,1.3672707244451916,41.013466259273876,35.252103242086214,5.083685709203688,4.148650923093805,1.5451686251652617,0.3049981318030299,4.212505797768535,0.32405354243208145,0.27669165000003537
33.242404411579976,0.5874849816598863,634.27350362161,0.08521082754685239,8.351112691643785,14.466487423618167,2.285812924699517,50.89780158051789,29.115121151872415,5.419229194058113,3.213413733402781,1.4349901736563901,0.26707124650463687,4.0271177426767615,0.289031379216716,0.21819909561099748
66.32150159784425,5.685931643734258,332.43087201506955,0.14658742246551099,5.9436428490094775,27.140847841831025,1.8288078627114566,89.94822116602089,48.078781853627945,6.371821601698356,5.961581509045442,4.267591733041364,0.7901024087401268,2.9504093660530226,0.3219431066177023,0.2255939654759034
37.97082058299675,0.7003708698477757,266.21412312005475,0.16104343982103622,10.325206759238828,16.659750158329697,0.7578255610099865,55.36408309083087,25.195464924923154,7.065041449857274,3.50859203960383,1.4152963680443624,0.30264524426063005,3.8782362707974194,0.2694654062647015,0.16184292944405906
76.52039036374708,0.3048253445649283,407.3219859899066,0.09635307955560458,4.351720616988738,33.72789383844718,1.429008598593136,100.0,2.7716414879297844,6.358132673866086,3.8503610877804717,1.3506795692027858,0.25666097454494996,3.983969425545232,0.01632713839975594,0.25990106304950106
35.366758784202865,0.9912392551884865,1034.578346946277,0.2569924972309663,9.41102619831912,17.493312136851518,1.8272220900588052,51.333762411196744,14.231969939684834,5.2938539147331,3.5781628462402506,2.7616799748294225,0.6581767292550009,3.2100791162958076,0.2899282191110813,0.1762201162170255
91.66142709825269,1.2680701565588548,1504.8118368198122,0.19236743047086233,15.194100265174777,37.32970158071648,3.1776200594811415,100.0,38.138446939355056,6.717955416138255,5.16225386467415,4.930483746587647,0.9155772141607263,3.3105561519074107,0.48344248766400233,0.19872168722481856
81.43350640928057,0.3204170035136246,1542.6630204761896,0.17519824430095174,5.621077487492586,34.957687037679655,3.125829891705991,100.0,21.34165321305577,6.8639208710965,3.615058086202243,-0.15841014470003256,0.07316743232396702,3.7186144924820423,0.2575180994453855,0.20127798196092525
27.139773480964624,1.5955216722208716,364.70744714788935,0.04616810181252844,9.078912141439186,13.924205346640713,1.1142685021919863,50.650742690287096,30.143212914652466,5.735708363208158,3.327118663897643,1.7892644757997325,0.3298291588809539,3.4399524301925326,0.258441165077898,0.2035754607721835
45.87680455846558,2.1841685878034105,557.3512479632063,0.045616230253940494,1.600752940221496,21.069281265583452,2.2788957449403116,71.37893170398021,32.74182468535212,4.233490208085275,2.485874352802542,0.4867990679684904,0.25369138634622973,3.8348127121057596,0.38316039449460026,0.23509119226890712
92.99980351747,2.278401870750815,918.2166296076167,0.2850757884803333,2.8173724962982694,39.48127957826414,3.3241312246918855,100.0,44.48606470844083,5.974896050969745,5.112154819143651,1.8918348978443944,0.4453396419639789,3.8004078855905807,0.33336343419615644,0.0391807324708923
37.12571606440097,5.2957995066444115,570.4152373389381,0.10316820899902436,13.134264887852101,17.39900135095076,2.2246698953842436,59.11558766830812,60.16543966197492,6.436442892123013,4.477771241720546,3.9621539300975934,0.7770092999703619,2.5245844843806213,0.2837727914070586,0.2890461521942751
39.03543900023358,1.9209462714085013,836.0976597531672,0.18907601749642525,2.5831591108518226,17.475273434066487,1.9196949098799223,53.80808372434646,32.349530589147875,6.017436946337094,5.277559796582634,1.782064196540059,0.44506636166149177,3.761311163904721,0.09758933772073017,0.129674995730227
83.13688408540219,2.803098706121631,816.143648184523,0.08095995360616914,3.6132097238236613,35.88885649107739,3.113109018790933,100.0,38.040801664892804,6.005124251424118,3.878691893733361,-0.2984509370197219,0.0,4.777700777568739,0.07400713742649274,0.16249377279725813
33.68262541494154,1.3091402466790494,912.626848226901,0.1477924705981264,9.616459800527462,14.815493884947362,1.6178214398169555,52.45121763000999,19.951316218185333,6.209726016370948,3.081541057696054,2.1371996035454206,0.29637280293896406,3.34505294013539,0.049687428136296063,0.1625819884739867
28.73507887335557,4.174497510354226,1539.9625342771362,0.0689487591739466,6.57346446402423,11.218465873760202,2.5347155351794823,36.88602751731101,42.09999209987991,3.1350629555405147,5.111861865514437,5.470025395904431,0.9932597404173006,2.544452042882159,0.3112737727092771,0.2663641163198804
28.92080390922403,2.4458931672179567,1121.8157225910766,0.22373817131840126,3.831869536023492,11.465672884854639,2.9096397162580083,42.080952373947646,29.985393023218887,2.191681799534021,4.217773204324205,4.795891249801674,0.8986267336273019,2.7192509407869214,0.2518174847983836,0.07448515203749867
68.85336139731781,1.2088710678829464,304.63080509158317,0.07610924713245175,6.759818358615094,28.11551730895508,2.078895735688464,91.63965819491409,28.707330511098487,7.654059210124566,2.9964679469786715,-0.056951051819340126,0.0,4.749753501192665,0.058150183028841035,0.3228092326789595
92.78989216849456,0.6301728256367007,268.57566516784425,0.12806876079827667,15.681368207730099,38.36984635938937,1.689742222882937,100.0,28.285772613259898,7.358968850414764,0.5,-1.1311680969480027,0.0,4.734164978872105,0.10998416100392992,0.2262281002319373
35.49384615758836,0.00046308862545059096,821.5523619357908,0.2299451913333872,5.471778905283066,15.006211428544844,2.8094781696239948,43.996956615217826,7.813927268737492,4.405803869821856,3.7226001738982393,3.008792202074064,0.8129444232312177,2.8705704445696947,0.2530694839626676,0.17187116574360164
18.97388656083483,2.4382774640176783,746.0767960080933,0.1207560740249369,4.8040079797861726,12.876648932335682,2.3688471734338243,44.189116144352376,41.54360605807051,3.6830660632859074,2.080055395875893,1.9608051910979074,0.3846192367561786,3.988175770571948,0.24942831490046594,0.21254602773790218
16.946933624373475,1.02069691926274,1670.1221349020116,0.11945712263349403,2.1557595024458003,9.114106643453665,3.023320045765722,36.187230445844364,30.783100522878733,3.7524601971303233,5.31320228778598,4.051643256609237,0.8136098473989672,3.1832938476986286,0.20437992076944106,0.12309588638295514
38.18036282238259,4.716968092054413,1074.3132503995926,0.013354315405989423,2.6995995154874732,17.047926810893305,3.4047500240052173,58.883161335922416,49.38176962694615,4.071126391177716,3.4850784056049067,2.298526832579981,0.4829533992746467,3.8469737647094275,0.06524104055643776,0.28052114325511346
82.77880272278915,1.7633856788457054,2442.650874944282,0.17610343482083846,0.8064595215075153,35.54052829869889,4.0,100.0,48.20761598506961,5.683091217645743,7.575699256655695,3.3333676683197013,0.6692363687597223,2.91488259371224,0.22810198332315118,0.1896040351607673
26.264925253991926,1.5212016466240534,1064.2106961181294,0.06798338066618378,2.658739563702099,10.984627693778016,3.222449231974133,47.187883276082474,34.09083465858448,3.6457714341066803,3.981899647986488,2.859219928427717,0.6935084215935591,2.9799157732537154,0.4380966834982436,0.21621514264432676
67.85394506360359,3.866980038480204,761.2741733658158,0.06787578653633947,10.252741946546536,29.271227713228935,1.9663484923799945,88.80550525027424,62.44535391019854,6.770109008953402,5.350657241001617,3.351754748161563,0.7918129491164346,2.911538131957353,0.3135329876416187,0.21949763293761912
75.28295588980981,6.196823643285289,288.7579665160105,0.1385663269893994,13.99720906388201,32.26715010980322,1.224181008659781,100.0,52.932450050678376,8.788514434815745,7.415601978706248,2.780446490840917,0.6823076065645463,3.8046464114556775,0.23548037288941714,0.17477978785279577
47.353899071977835,0.6296548797054888,375.3314757539211,0.11376102989148121,3.5052260340111547,21.796555006523235,0.8565070018225531,73.40690724951189,19.81225210973021,7.695424296593261,3.866626468087415,-1.1396991677894799,0.0,4.998081876552272,0.13082158341283484,0.20587054627074675
50.19665040625667,7.685134444096812,2353.0302039284225,0.08747301625890086,8.340158934590043,20.464525994182996,4.0,76.00440414339548,80.92372121539562,3.1230843398520642,9.068108383418439,10.829275942715483,1.0,1.1808150412439373,0.6229322374727745,0.2925836265472982
86.70220578040797,2.179134017663013,12.78632957485798,0.22723396645917376,0.6473691796470729,38.969250608576644,1.0422309112074735,100.0,41.746776884550435,8.945245469562584,3.95961705842375,-3.5984095700534353,0.0,5.0,0.0,0.13292381433639167
9.47555377771247,1.2740620432060918,1079.4735599228607,0.21268595946672167,22.199684009173314,5.895615284320144,2.620798418722893,24.68203136188209,40.74377916566113,2.3026162616869583,2.7693727260230743,7.886845283557218,1.0,1.0,0.5734037510333516,0.15129726373296476
68.27729995778549,3.7650772099975085,324.29784293233246,0.04698623634269077,13.327633715700786,28.006992155228097,1.6886400424536028,88.26545445093846,53.99311478122693,7.068340905840737,4.336558773598988,3.517211490522894,0.61375452353942,3.2325354022576063,0.3545269873102555,0.25773242907775407
58.49669533596697,1.8676125127013694,2761.125364594363,0.07185338479017155,14.56549415439872,25.66207668947488,4.0,85.45064113704568,33.718132888179035,3.0979284533093328,5.7647940217417855,7.953129172054402,1.0,1.7730353690034721,0.7318601885468793,0.2922525675695563
32.94898533634138,0.24646991393224815,309.8402712354972,0.1756948789018323,0.2663781843869307,16.293843362740063,1.2538144157913726,52.708084051196245,24.85280203167876,5.765379393346864,3.6113727760726997,-0.9908796566410557,0.0,4.3120098271652445,0.09172255358098455,0.137938473148987
77.8753008758036,3.3279750648403725,749.9125345699706,0.03865832346180333,2.921458495244775,30.98092517725246,1.4307029321938192,100.0,52.327533915390916,7.471844117861618,5.999995684713327,1.7909369905999064,0.3686766031116317,4.246716958462509,0.0,0.22871202826400006
53.806297885547494,4.926951482254221,616.3662562119317,0.15153439622550846,15.331821667289093,23.803453936899746,2.2085390233672135,81.90882951256499,68.60693049775804,6.385170207480599,4.839253816569496,3.9493371674516045,0.6565055726689947,2.80760871995387,0.32273141974338565,0.1576826854215488
26.04778732018326,5.216226823116517,2010.6648651344326,0.17913606919033379,8.392952550570417,12.577778227734976,3.4300604443024096,40.30220224583861,69.97803854274247,3.1568084218084156,8.020908491634582,9.269216514037847,1.0,1.0,0.6878443243460338,0.18352462840837067
51.11447164770458,6.590422787125744,345.1866073745938,0.15414344445166928,8.362810358743625,22.607116742878404,1.300563790457488,76.2981305042781,78.42796166224291,8.996885824139673,5.409948646223939,1.0541685505648188,0.20198938356817023,4.211101990237243,0.23537044402018742,0.19429480055455398
11.61214769990672,1.5629827428339202,1028.2979833744782,0.19553154779404672,10.289591382419495,8.991978893237235,2.1192901460483067,21.54781201947441,41.92912667940935,2.9961270573758885,2.706441049886611,3.2229666392986083,0.7196154613494603,3.7017675423706082,0.33541633479721644,0.08461133549937574
33.91269384342837,1.1014742109453528,278.1192429850023,0.320790734847922,3.411992425324004,17.2385188397219,1.6884085812337177,58.61215949886551,26.347471283937672,5.321378258143697,2.132056374749909,0.2400149066217379,0.14406474585945855,3.7830025861555208,0.0996260867014295,0.06040107288061408
38.50637383467517,2.0041864027823384,1456.5368854868507,0.15704653131410243,2.4018704878329817,18.705881858264398,3.203718218661887,60.46785144823181,38.656001055959955,4.64029459750415,3.963415919862456,1.717110500387598,0.5487306611478044,4.153250639694693,0.26521618326115115,0.18568873678919962
19.723107576682914,0.08997321410997396,208.58354232595073,0.14572800556962612,5.712563275080453,8.968341270571806,0.5668153726518069,31.563873009225063,5.522350598675255,5.122825464519418,3.2939494440929624,2.344779032248512,0.34959388387689566,3.6576061179125685,0.3318284029568199,0.24661739690847123
52.669117948199855,3.3899838507979934,325.2630200366869,0.14087550171284718,2.6333558286439733,22.26175838198395,1.3003279941119787,67.66784080346169,49.9078751662584,7.63875289480165,4.72386317654258,0.13246371782106642,0.18556248747002746,4.553101875204158,0.0,0.17746881548667012
79.28671760791006,0.7866567980951135,194.54634313278646,0.32407115012967397,21.046079966443443,31.687907218915488,1.2160156123111459,100.0,28.154368844587896,7.732377481175448,2.0239537619603665,0.7752369569838427,0.18256572666775653,3.4314366932264653,0.393820640734603,-0.03375409751388128
64.96883994428194,3.256078160324691,862.0674047166783,0.022401627487941077,9.572855157479013,26.900918998847033,2.3673894241975444,93.55540112979017,52.59578530581912,5.645571113158539,3.9044019990695116,2.7540188657567057,0.5937272097916371,3.143564006568225,0.4750836487347927,0.3329561866763261
71.15693245842353,3.1631256536729757,1426.437878419083,0.14251003407799592,4.026516324210671,30.278859510061785,3.4138467530585066,100.0,44.27112887654208,5.103321647364387,5.2205498307146865,3.8148123562727045,0.7224343052285147,3.645239316533311,0.3650168831079778,0.11326489306426285
24.010820305984254,3.232511386011924,1013.4786767138216,0.0772007405252162,8.083156067078841,10.234284308306625,2.621367314694499,30.21554922371593,40.77673883416546,1.3719016604575636,3.6380422692582024,5.954005397950768,1.0,2.390678520131544,0.45337766494081844,0.18305615391464275
77.53262704590331,0.9809168331656551,536.3793247493769,0.06951116181387408,5.760583567223491,34.777410965345055,2.410468458084652,100.0,20.52942558532657,5.431709684058746,1.558836919283216,0.768374004581286,0.21597659764674215,4.29597998685468,0.1642988670857507,0.2459303012349067
16.042674991017073,1.443550819991304,422.93491961413673,0.13704057422675492,2.442126470755312,9.178393865556965,1.271417269529474,26.47434354489135,16.944003793579874,5.2256727051699405,2.5070439419959465,-1.3709731700994017,0.0,5.0,0.0013968576889977075,0.20153544721490674
52.618177160827074,0.3565000580890144,351.49624827303546,0.2476300364632673,6.637356623857014,24.83274043657333,0.7894867295831515,85.90190567978918,21.814059669460168,8.409660897904011,2.4702575243251266,-0.9043212305028219,0.0,4.598446839031282,0.026090030895151675,0.14234617576112396
77.22144234180044,1.9048569302275773,347.4268037963286,0.0437300589603621,20.812778759763635,33.72623322425695,0.7086863821787106,100.0,30.712874855555057,8.424389603246485,2.499842120730629,0.48237513974150936,0.06876461309505462,4.026407059189168,0.24984107512560338,0.26795090501549995
84.75607799410867,1.29178131034262,1778.2052075820054,0.06226032408217992,7.9859950583758295,34.0776286774511,3.468713626865448,100.0,32.36591701348781,4.507033403927234,5.470732365599674,5.454548533310198,1.0,1.8949595191405786,0.43200483294902814,0.12995104519425438
61.05123110054098,1.922062132019869,227.08542474203858,0.13788441291336218,4.76513617965853,28.765860825878033,1.4209625144137787,91.06033153860307,37.83777268042804,6.446170247280417,2.4821309256584394,0.0831370715369193,0.05230490385204096,4.371227571216864,0.07611133808808664,0.18768278750212714
35.24058200921302,3.890516151001967,301.0235834733878,0.06840339484713048,6.577440514759364,14.90236164478236,0.9223744669245072,52.00134879873183,54.27363312107071,6.051176520547159,3.6173710201327296,1.8537137169158775,0.21538028481337393,2.8030269474648035,0.34208754559860344,0.26979308077541436
47.04948338945313,0.5500686832020097,1264.170972912415,0.2775100052000089,6.324455823157475,21.589184253975166,3.2524073970270755,69.2859221470393,26.809288438026677,3.3976459644034653,2.9671844536977563,2.882054157166719,0.5864181489926457,3.026559719431049,0.40044074908692306,0.007133958918090336
38.835760332327425,4.8815369316183626,901.6076834983661,0.20488212255567229,1.0851232844929077,15.187519104844137,3.063103251332141,55.05150364699361,49.7660968910499,2.128750054440409,6.795500284594276,8.284156811065825,1.0,1.0,0.661456311010124,0.08501539552725457
85.55096282501556,2.7415018518017775,929.7921122344375,0.019724036458383654,8.018170994756721,36.2577182201461,1.8676057691126737,100.0,46.4410201884774,6.579992655795779,4.740477954125135,2.1663439615411897,0.4741496380646806,2.8693148214796356,0.40239390972729633,0.29500167098829394
84.36539857066141,2.572138852334886,648.3130382755035,0.01889496116514005,0.19687621765776775,34.1691290990043,1.041317263648899,100.0,26.385372056210727,9.309210559989975,3.5967210638417924,-5.0,0.0,5.0,0.0,0.15760109185129362
19.152503834280978,6.621529832807224,372.0551391954575,0.08541207041505078,11.331961514953635,9.85659714390618,2.3277459284121984,28.463911627969424,77.68189107167674,2.985409594713718,6.510493851960252,7.85076949395996,1.0,1.8821484090593814,0.5895451367439903,0.2738321468308756
67.0729876903733,4.744216175334368,554.152592934193,0.3321703873310294,2.6227245154018477,26.762401173489543,1.457355583497978,91.13910017088779,59.14297000211631,6.562980051299453,6.593014785205049,1.8219453298444686,0.3549202404238049,4.061222210437627,0.2430285700326498,0.00353206250515474
25.650384201957337,2.998903755020435,758.4805849879665,0.083393925105335,3.126881198032258,11.582069123683471,2.380704788736757,42.504388667913375,50.4007410561887,3.662263188363924,4.351335180978845,3.0050034556010154,0.5922406366766205,3.0141392082087397,0.28514704360906146,0.2480128165699988
88.63722072712655,2.2951033309003632,185.61446849626014,0.13942452214118486,4.516460312097298,39.52833120751836,0.971447317228155,100.0,39.314799501361435,7.6472167157883915,3.7888650521001845,0.10238809602146126,0.10086699113275782,4.665130546159296,0.0,0.2454313801689729
62.9303926742217,2.6962067766307953,597.7428026243606,0.04754092970463046,3.7946080231961283,28.225811739695057,0.7487134085453024,93.11870704030015,28.731734702684825,7.260618274709097,5.029793348944605,0.2634415458345061,0.08187702645726372,4.406583599045373,0.12996335970203657,0.26907134691649753
78.60103577627972,5.481972399489456,233.48392852750783,0.1877891042577185,2.0647953628283617,33.978999070683415,1.4693283505375545,100.0,53.93713199922288,6.762232222201077,3.6241589114494253,0.2616502962173144,0.056563824596576724,4.355564844101433,0.0039748635271725785,0.0015933653970292838
62.83794152005189,9.499323540561697,429.41004779452754,0.2967484316398556,28.266340192618298,26.65004390792597,1.0747048910740062,100.0,100.0,8.77927180862293,7.790453611912589,7.284574952305105,1.0,1.3656916240150545,0.6584802229191229,0.021767740426743266
36.456057008290124,1.5918429171946058,1265.4651542826139,0.048812086234871474,25.252333785694084,20.212766968499466,2.3682743640693666,69.56205313230595,27.638114297970635,6.53283844138072,5.756204282904076,5.649861542807409,1.0,2.6030440058990383,0.5194641951242123,0.15782034666102063
42.94766551708129,1.8507969230477166,1183.5527473821912,0.14694280339496604,7.177805654866358,17.776573805813964,3.631009922134827,55.084519081949374,34.91419445600438,4.419317207264465,3.7055574357916816,3.1211568879833207,0.7660147417495576,3.709308914613716,0.19528922365961504,0.13318766190817702
11.752027558797119,0.6562300278721649,399.3322484842333,0.17259814113310468,6.773941009780479,5.77932201620248,1.2592439025170157,23.964680920967027,31.86858146275564,5.205608437064764,4.6757980371872145,3.805928237823999,0.8512980478330778,2.334950431563967,0.3641378384812186,0.10914348815807431
81.81011532217293,0.9973222171967243,1040.8143330172493,0.09620892172732828,10.889642261651284,33.70994342416569,2.4231998209431462,100.0,27.549704395848003,5.150940312721234,3.5745263154591984,4.406568070350449,0.9349136043720639,3.0314352022745843,0.3939928802789966,0.23526030774949708
84.02410907519491,1.764352606488591,873.7959328184711,0.04641846667936251,2.9531134059053437,35.47188250196588,2.75933550340981,100.0,33.567498177742124,7.67108789517915,4.0954606817614865,-1.7105240263633226,0.0,5.0,0.219357250706248,0.2234653396920852
44.6487390757732,5.302225320782491,875.0983020977509,0.0989673582552481,15.324423891364395,19.926914478181345,1.6004331863900676,62.26815190234405,53.54248008757849,5.751803913399359,5.191464829256651,5.24181424107523,1.0,2.5803381496128717,0.48724510042297065,0.18801381628550928
26.30690028150467,0.7658257782599216,360.0258131064272,0.10528944414711222,26.964667356540023,12.48818790395795,1.7879172354710138,42.96529893931703,24.724016310247077,4.894729157407844,2.638855355272578,3.739667573421042,0.7591529657833185,2.6405883841821565,0.4358548768715827,0.22491736698402234
50.30926344266419,2.5599992596334635,540.7169116091194,0.08591822005534104,3.214283715555113,23.61491408151326,2.561098126209005,81.82625741315005,47.127158186132924,5.667418081450699,2.6848224910169463,0.22744789667891024,0.0003491989657037481,4.153660669787948,0.17199636818025063,0.23945430115151117
36.552324333238914,4.229724907168169,2222.9300980573876,0.1456647371549984,7.497351130887505,15.626180649198329,4.0,56.981752021335254,48.74635970582524,4.0200396834220395,5.1021664007934735,4.056547944830543,0.9048697588479282,3.5977836560343963,0.3179553817540354,0.19243265441479376
16.917653971441403,6.062855827581612,1150.273473262809,0.1568547585107848,6.445734399312377,9.01148892949631,3.0440194613335234,28.392853645036368,79.81571338815556,1.2811409830029616,6.61910032806119,10.17811503802071,1.0,1.199948432350773,0.5193327667569144,0.1973938179713321
70.57175691298352,0.7139133911737402,748.2521492164742,0.2295101712703366,10.792442609133143,29.774739442043494,2.69613300317952,100.0,30.85106960176902,6.704068933553144,2.0111523340691897,-1.2377951596145416,0.0,4.866353408405747,0.1468604788215606,0.11756940264819529
14.95982985697124,3.5013762394054933,247.084109033137,0.15713647044327353,2.5596532258784506,9.647406888289742,0.24475167105099427,38.95989744158542,47.45280617073215,5.386935449866524,4.0424671304698485,-0.3485997958697875,0.0,4.2722704281653705,0.12127809867641584,0.19611108901168994
34.100587072327656,1.3496029242774035,1017.8995377352219,0.06748074513094181,7.672355911887854,16.81807407769719,1.509330128377942,54.99858929845368,45.525974693765654,5.389887331739753,4.034265317357409,3.7950191254375483,0.7549580380235492,2.8875181460046924,0.3398803595018636,0.2678496611356371
58.07224686476102,1.229761983651858,352.36948187558966,0.20244484014108596,10.21438849330571,25.982749526109792,1.744567439746952,83.8266148897958,24.017035158617254,6.653903682488929,1.7954828992903176,-0.2241177607670143,0.12647377166040863,4.540751521936263,0.28244154519641196,0.24406659881203285
69.66383808638824,3.560704369922814,533.8073247059748,0.10714059799642155,1.726557256505996,33.25175623870853,1.4153902626220667,100.0,33.89450911513372,8.537788406920232,5.16727853755446,-1.3694228571443567,0.0,4.637800548053133,0.16080257078915283,0.3291183680095523
14.037568528168975,1.806972915814732,1341.0964677378192,0.3146062060212852,0.9806166732860219,6.811791094136474,3.0473495257794676,27.555103678098476,37.91694070922973,3.8143314297797564,3.5931008685109,0.42802071453222057,0.02344896869216631,4.398633930925357,0.0254961841976679,-0.009896985936102921
29.302243868661083,3.922202894587253,1547.7160526085427,0.03581102149549133,12.502267924016587,13.941326130999649,4.0,35.13883516677077,53.752611905116346,2.3877849341607336,5.739513748998721,8.508438042301162,1.0,1.0,0.5176723879781733,0.33589108999768036
59.21200517912325,0.5573157940813602,2292.270912058576,0.1801992242136516,3.825837717414984,26.767083825477016,4.0,87.37686265317652,12.790532272298854,3.787187872066014,2.2854965299338454,1.431952617411256,0.2349786630177266,3.9771966259877174,0.23288115425155456,0.1046934958422791
76.7301805359267,0.8844224153497976,72.89342947587144,0.11060563908049563,19.230615292669537,33.65995231303246,1.6547483390954598,100.0,24.359484192739835,8.521219768262405,1.788791887150252,-1.1511483054651672,0.0,4.258423083794683,0.26526440546030383,0.15039295685101106
71.22368826460735,0.9437715930739681,1652.8694810022287,0.15690062377774128,2.044171165700584,27.424130496521187,3.2099722820757126,88.45874184475605,44.22110104448306,4.803109724516954,5.581603426764918,2.821875008434769,0.5524986355925174,3.890086738316082,0.2832541919799685,0.20533659404691978
15.684437036982043,4.566638782937841,278.1529099827445,0.08029650448307425,7.814976961635948,7.581454759515914,0.652750403192927,26.00347478169563,60.59193705555223,5.319528142107857,5.360051313418082,3.119475318661493,0.5324761496423545,3.563212361816564,0.2024630132077945,0.25575883877564487
68.42154712177793,0.2885963047903049,488.35454347321087,0.1067318746828972,10.25239952131756,30.882516212513604,0.8434986492892567,95.12379275283034,16.91192065032059,7.262376899552796,2.4341504761641044,1.0907481924017486,0.2350179155355884,4.558306459842751,0.001566875670560408,0.25415592416417193
33.13032214385747,0.8909928718960698,252.2609169570662,0.3421963611374033,2.344773413772536,17.567437209352864,1.5375164103190362,58.399063198538116,32.899217990353755,6.216240575524893,2.3220053736394766,-2.2663487480654774,0.0,5.0,0.0,0.09473959448280939
77.98514282078222,0.4627569077470236,1769.763096994239,0.18404218893134625,0.8194887296701358,32.06252679586562,2.818191829337997,100.0,22.71815064171504,6.305422329797416,5.39504882939691,-0.478498743950582,0.0,4.323591984172377,0.04220151198041901,0.2154703747907657
70.33502533505576,0.8303473904217245,320.8708240315971,0.3463525922889302,3.781301566965358,31.702096564575566,1.8414091156154564,100.0,31.51752433638275,7.286571477921584,2.4070625829550303,-1.6691207812496383,0.0,5.0,0.0,0.009278863477965596
34.16409832963149,2.0103697255005866,875.374498991393,0.04490165976193178,5.883212855380034,15.633352307791581,2.078041866826211,52.893757719311054,30.491207053447077,4.934236510341032,4.351541098490523,3.1416721231317046,0.6255844816823287,3.4137944997566643,0.2850254267256387,0.2361384058864935
62.8110070433315,3.4316087961591952,653.2909811928198,0.22341282943833687,1.5472648772543283,26.254349092048624,1.827983761462521,89.99638443176896,40.58077683000539,5.726042866630823,3.8450126449942825,0.31014790643213835,0.21899006422170114,4.178372279196537,0.18437267485009562,0.06569585046353858
12.223174982312234,1.3001574887046383,851.197512714106,0.10347835978471359,7.651027701841806,8.454721280113775,1.8843446576407903,26.32038182087704,24.533006239556766,5.589396940655723,4.042884792583319,2.3633861343746076,0.46179444174500667,3.933048248467835,0.3842771930565281,0.21524710379082237
77.43816265456574,0.5815239782288182,787.6000584738617,0.07288078482258631,27.458030165823022,33.0499777239415,1.3081606114765918,100.0,21.370248959203934,7.029199181349869,1.4734449844132251,1.327832306467825,0.3285530085442005,3.319621279099546,0.34521461180627,0.19827630243094352
54.23911658216285,1.5313424708931325,807.110016434086,0.226798218133884,2.964562600802727,24.90342292963674,2.030479630512402,86.73518953061628,35.128958142093744,5.752586036525812,4.778710328359617,3.4890307358876815,0.79770364555784,2.799438907693844,0.4814316296603396,0.1387117832276888
32.299602297750965,3.8880959602336223,988.4326192770416,0.03772226727568491,3.829073254697834,18.204850614920776,2.511772471484922,57.94511304077291,59.01537510386309,2.524322309066862,5.121167558315516,6.778970502982908,1.0,2.0280973017125867,0.5842685309619267,0.24411673099050868
79.3604476378736,0.2697973993553078,1405.5318147001137,0.09804582464958639,4.555164825871858,35.11676370546574,2.589272636897512,100.0,17.048722266548175,6.135092854413235,3.4659534237079566,0.9121964431171191,0.1693523949420223,4.410592504974586,0.2671521852607911,0.28286424927856846
6.8200561061824665,0.4733886587517763,948.3338216585686,0.17875978209843385,6.630201044770935,4.267959620044494,1.8967828047714137,16.688987724786514,25.87472519236783,4.753591336674042,2.887995912853332,1.8595889865463613,0.4113589727483306,3.8457421629453243,0.09163184189087828,0.2666038784162272
13.06901683669524,1.653805579241679,458.4571065256866,0.0497359141748373,2.4861201417524788,8.208310065823069,1.445805698735445,30.366605004800288,17.15117948686089,4.386652288511282,1.5990889708136964,-0.9897886392149297,0.0,4.362607522343492,0.10364775435080303,0.25285753444585585
94.240932154309,6.85931577810333,243.6364141040205,0.24834494489826742,1.1396586689747445,39.52943327650237,1.8014692229393523,100.0,82.46241764035895,7.354267466489484,6.585028676969708,1.2358343863088481,0.34260608674712506,4.098807778610229,0.21392326415334068,0.12209571451051883
17.650398286329104,3.7216796388073905,507.49009359297486,0.10161017778168546,15.8538786967814,9.872517257766134,2.061332275957292,39.96911236118823,47.91399163595551,3.5920986837522353,3.1010903233683362,4.662790434308727,0.7992330090136501,2.778653172642058,0.5710905772066084,0.20010581948293904
23.735866129705684,0.8532261791208239,598.0228564468464,0.2744567057276502,15.90896688328538,10.939114860478972,1.7268448627495743,44.98092687172083,24.87867438797966,4.774042512385934,2.614793007803998,2.6445970302536006,0.6257259891030481,3.115032548845582,0.390097125651242,0.0516870296420302
42.51945913657946,3.8898761385462444,1697.6363250623403,0.2592844290552454,12.698674640578325,17.792398932981794,2.969289168455489,56.42694876722698,57.51186276529094,4.632373379712705,8.830412800564062,9.78711124778664,1.0,1.038505481683175,0.4532560764747068,0.08174071364107037
18.57274113435772,3.5083829311374437,744.3224351744603,0.306496157279761,4.3689852189652925,7.113326209432917,2.124922126069365,24.767865598719453,61.442540840605645,2.9098586231144363,5.959642578078734,6.0961852624982145,1.0,2.000654072043338,0.27136967159343195,0.1751053658051797
66.60427960715087,1.4681986310223354,129.5409117281385,0.12654792989853683,2.6789357560352136,29.397350741822287,1.5393341278163994,87.74757248519437,33.186482633441,7.238459271769439,2.914642129827068,-2.8669593127112756,0.0,5.0,0.0,0.22627451596397588
15.986929507178392,2.5246294924929096,670.4587932979001,0.1622148603352226,2.940670850053936,7.588877454980742,1.8632524642733044,31.750525785833744,44.43616607447976,5.328610328349799,4.883556114582409,1.0006201216449404,0.32125791334098763,3.4860322421056296,0.3643703013401256,0.16296291457513218
47.09084379507398,2.3333534729721723,1169.0637025527074,0.07960137645435429,5.978815669218456,21.388753835436148,1.3888321362075504,68.17196588379439,32.662709429989654,5.238846602667525,5.112723045864102,3.1015379463629595,0.7746557217349584,3.120599389218428,0.2448777093360766,0.21563323761000952
26.506362951185306,2.1642654713494394,949.8387343487858,0.04222649009618608,7.412637295547864,11.731397770115793,1.5236233696657777,47.26103690462092,36.38888124324096,6.304820712758346,5.936236697259598,3.4596949579752634,0.6498966477024987,3.5634287920490944,0.24853264936148334,0.3129241166491904
6.656327193744104,0.3200153591898465,298.80289239792404,0.08175933259614493,7.073794716664338,6.837748225497358,2.177817239471254,16.833669888283733,16.08630546630588,4.596824774066804,2.8202585606567814,2.639366461444698,0.4501080176033577,3.169640875872836,0.20786970926809406,0.2831280329945989
61.76659994497094,0.4975950762986434,397.337979195769,0.16616157088374794,4.790305533641895,24.966686337471756,2.3347650454566153,86.79438779119208,22.58817620099169,6.725313304253203,0.5,-1.985206749668171,0.0,4.442489443423777,0.0030067270333197504,0.09128596462377736
20.218642364326403,6.5676522759270135,753.8659935892617,0.14725837237001732,12.928610785893275,11.856496425322963,2.2196460187824454,32.730872942362964,73.38226502852531,4.285258536555425,6.867314176636595,7.127233270258393,1.0,1.0922579402542607,0.6111750939144684,0.02956447740713708
43.516534465702534,1.539820148535979,519.4804570290881,0.175180381752958,11.278247459466598,19.894012087897075,1.5807889203993877,64.34042248999057,34.41602249198261,7.567883447881746,3.3638653226174973,-0.14150586590867054,0.26714369388005765,4.178118470109939,0.08509171051058495,0.10803360524302635
51.088100087226856,0.9943980904030381,1559.7813036400448,0.09106266505070351,16.227798929522468,23.042548848288504,4.0,78.54427727021485,31.772170247712804,4.823302759303612,2.204435842314698,4.123383439318409,0.7547281834396729,2.1294984584497234,0.4051875514526646,0.21701068254322375
20.635069781872385,0.5504827793014395,475.87946114247075,0.10810653636555931,8.837281746594615,10.083602458672345,1.6400739483057218,36.8887104398797,26.519753408715026,4.775841887791822,4.346789053930138,4.146307295276466,0.8785537271551878,3.342872066399513,0.3371303992369064,0.25823428839804885
76.33102791616247,0.5396965982919929,215.99648185271803,0.05106584735800557,1.7732255471841527,31.872942949621333,1.7744445817586048,100.0,39.074856871969544,8.422847582309307,1.110812524677173,-4.543709547285603,0.0,5.0,0.08534418395339657,0.1861586792329588
66.54646498931336,0.021578945446192842,572.0341357215564,0.12446426350617713,4.497970812366184,27.26231557689702,0.7206460337839289,89.64432383013839,25.36740519453845,9.160935987439183,2.9679607733883326,-1.6019800684243528,0.0,5.0,0.12587642769207685,0.1287519071451482
2.109048950994932,1.6484153045976722,1568.3606116818562,0.1518702958679089,11.447107350737983,1.0,3.341538516097052,4.099209224378248,30.541490438645802,1.8572548265136362,3.50789344631026,6.673365251100312,1.0,2.594209089462714,0.22755332457599425,0.14536683868062472
64.43906465295765,3.028147714753108,400.9114381973622,0.12623988409452563,16.28246421206434,26.73448228954497,2.542603926986798,91.09220386897397,50.9944305344995,5.419717921685476,5.539100311849841,6.230251005216741,1.0,1.5116369344426224,0.5379369660953138,0.2738993946430062
20.861618234741112,6.161361105576054,246.6202461724619,0.20452425376456715,4.12651725921564,10.5683769831024,1.4901065222663108,37.991405324848145,82.73336093032444,5.573911738834866,6.184594896198163,3.971380082373328,0.7691979574021631,2.8568334497632666,0.4758128636100746,0.1341529371176929
81.45997253788587,2.2146639066828016,106.21754907307125,0.07306264758296001,21.244486530449166,35.252072734170135,2.1613540589295033,100.0,31.286622980394434,7.2587091906692915,4.274365887516407,3.570853894641764,0.7265195139731649,3.3616067023144667,0.274676554585072,0.26213159864483365
78.21233942354702,1.7957692057994372,215.99345508754757,0.10942261856078274,3.09950534232352,35.667824009048964,0.5986479359239912,100.0,46.675776770513366,9.245959557664346,5.365619349198325,-1.1776243379153928,0.0,4.323514299548995,0.18886296872161953,0.26744578155792387
13.222470387481632,2.7037580821072753,285.0488407520568,0.22946595214811372,6.673267237364739,7.562711722742619,1.8940076410656486,18.598507659900495,36.92800726726833,4.43481035683904,3.7619528099349067,3.8883380863268306,0.718097533345607,3.3642427509120987,0.3444473705009841,0.12065475388602656
78.08004418991527,1.668983717945007,1950.893566454335,0.10650781856766284,0.3990820180761511,32.89328111112544,3.752094000959691,100.0,43.90494987224553,5.252711360504551,5.517493465043348,1.1696357270749853,0.2974546877535232,4.531939581383402,0.07204393870697784,0.1860570584187333
31.50465789312745,3.8217900663037656,292.9543867639865,0.05601252965455997,4.661038157391013,13.024608205784421,1.2213547138926697,49.16990263587938,58.285930226173676,4.711634819503054,4.679427029794976,3.2186101403455774,0.6059920235572268,3.2441347399620364,0.3258337997372141,0.21540255385988777
69.98465196414575,2.9073744467434013,887.6841979195781,0.0754693432541419,2.014613844890418,28.64424162409787,3.0386198450822275,96.49190356691301,48.669776554606244,5.956842409436913,5.272981778425375,1.4834186045998479,0.3177150819894263,3.9205962914550234,0.206758450403166,0.20735684690365058
30.878348816968806,1.6869884981552825,926.4248080150102,0.15902214330444397,11.926917155459753,17.180336010818824,2.308037352662042,59.482409010903076,35.923364051612715,4.827605398548742,2.410800296995241,2.9472245794390006,0.675560639546958,3.6908508521110575,0.3280114587157256,0.038376201990003106
30.317485966429366,2.9062478041723856,468.2421623419352,0.22588379150476576,5.1349439973208995,16.727850400442343,1.945707993149277,54.06110429449266,43.109458551187466,4.571069976383635,3.173226041792491,2.203169505645194,0.38313076248569,3.3086773536644714,0.35044703358467616,0.18551911683608657
87.72403865617467,0.759909732259562,318.20070866890245,0.17556532812039755,23.624563886697,39.84321879290594,2.2352150319674564,100.0,27.475877933582318,7.358792424556843,3.333769673666381,1.7701844645396885,0.351891945885854,3.649764751887282,0.17826697996518798,0.18204444732980382
45.46144093574475,0.4700434311019606,1796.0973794364832,0.06558470325825425,6.191285169967786,22.203369749774076,4.0,73.35690506393088,25.79992605401651,3.600671790424674,3.5230633577629855,4.338557915858052,0.7896191226954399,2.610074108155224,0.4752633724650073,0.1564274041880851
70.33686494169119,4.594017119793607,694.311295904129,0.12159230267760562,12.211624559604383,28.947548130161053,1.7314036335493446,98.7205849261698,65.39582417387913,7.124316923296799,6.210307810799514,4.251991046765872,0.6924961398079338,1.9031132297033455,0.6299438843583081,0.13784762688892988
37.42159187989307,2.0837248021321213,683.1365951066493,0.04624016325607278,14.916878896626917,18.28002435674112,1.6184607441699814,56.8964554938932,21.33102429471915,6.8879765609955905,5.8504134997592185,3.2262040798317777,0.6594792111021485,3.0789378711920175,0.3126814713464386,0.19257041624961235
68.69812038245621,0.33717619924698056,565.8668540939731,0.19308113658253293,19.223835611286496,26.383371805289503,1.8850183685812438,91.41400117115279,6.064384850736914,5.845162702064204,1.7994775400380714,2.0814109431989034,0.2903753577314787,3.293704353790095,0.2299167877697675,0.13190479642659347
45.741859084832235,3.451884258808996,984.8768177366061,0.20795771822925394,1.7697138785606057,21.867419049431366,3.0431531810577743,72.8573188094586,49.20107629315065,4.646972813476585,5.284652150070388,4.297783629767895,0.7335422623680712,2.329595088234274,0.5493425156104418,0.057248013162618336
24.989256850220105,0.35351504875267314,1007.7185821423913,0.06865919349962799,1.4867349098271805,10.439710584851579,2.7187774232311375,30.607303629023257,20.156309146745844,2.456988203428237,5.107627719633575,5.03327622589148,0.9740039290610728,2.918655776581818,0.38793977404298685,0.22034164068732934
66.14951986317644,4.082697105190899,608.204911717316,0.06562754509788515,4.953903728296857,29.970587518949973,2.9462306055208067,99.86374824820949,42.86895160198079,7.904468103226897,3.1941341004119135,-1.2529344374811477,0.0,4.836164492818332,0.10529139037803245,0.18158904282251936
8.225660726500648,5.353490061735885,1201.780091239419,0.23256897052502803,15.811848454297097,5.317661593678862,1.649904774190142,20.616399789370664,65.16100782718773,5.820830280064843,7.519924710802606,5.887273644032666,1.0,2.381991220814015,0.4037808824455654,0.19098450828530938
22.74978706524111,0.2501218802601685,922.9075770288139,0.1660568740581816,1.4584354962647577,11.29861139323475,1.9029381520125697,38.035650567724346,31.041349085512458,4.083578650750505,4.091112988514727,2.574323803987277,0.48447656729314464,3.2327809481979912,0.2895414916233739,0.1367828367344064
26.79920466512761,4.206246968927937,1007.0421928335074,0.17470877393677103,2.9424419109226507,13.725226874574563,1.9536739155422627,47.630986319623524,51.07305644131809,4.628322465145136,6.869788965682089,5.293317639968952,0.9222491546447618,2.1061783625032975,0.38255663771213644,0.10003221518037406
30.560182889918117,2.6358644721199944,882.0131311818459,0.1906553226477956,6.9294883005310055,14.338657717510182,2.523487836281827,40.69625640879946,38.12451234596568,4.4781791587937665,5.166384574643982,5.777542029298454,1.0,2.3512240761364027,0.30513749613286945,0.171611780169382
52.056850418956465,6.079056907267591,925.9041475911534,0.23943519924701212,8.340205490771217,19.921495434389254,2.3305087634535835,70.3064604667636,61.38857994395614,5.754651855115078,7.566120016446211,5.86784640312737,1.0,2.800567913488302,0.2733668041980881,0.1674902106869382
24.33226973467994,3.485037697920978,331.8869932293279,0.03170845969793132,5.038900804731758,13.587547456488272,1.1960589466286815,38.5738202845021,52.60904733407372,4.167179727118854,3.761572592867568,4.085196553842927,0.8086111626850135,2.7927436886258383,0.4905886180783149,0.3365241453997049
65.95931592641543,1.160665089943816,1708.050514240664,0.17564941804993908,16.043591642309508,26.84278785070701,4.0,87.59745861942147,21.207576796076815,4.580019420736405,3.2082564330249257,4.791370630675305,0.93738796630598,2.3946860580029563,0.4927994415429403,0.18177028239003393
49.39055041385753,0.4431540275042148,515.57839076001,0.11831907623166664,4.041907025919651,23.806927883106276,1.834875714634729,73.66756608274993,21.877588609888495,6.663317309561136,0.9264712544806821,-2.60783710395249,0.0,5.0,0.05062041716043399,0.2199250373811691
41.09020141775736,0.1975456251399999,258.6363139198148,0.10938537390605317,1.1789814427622083,18.131031621880222,1.7740658614212106,54.41121933255304,25.021358776284025,6.091050367841264,2.583007385930296,-2.4753792664121876,0.0,5.0,0.12920745994312416,0.12263588888235469
7.118640380040299,1.3417628593499915,1822.476583768819,0.16948030138779832,6.54753001476808,4.077542252984335,3.3946246612712407,19.61482881985784,29.104603169479297,3.529002905708049,3.675183644976201,4.673910365641374,0.8920423499104225,2.574895206922921,0.3350216387472755,0.17404335425225612
31.698460136349222,1.154704466064301,340.26974693866816,0.22096590594508625,0.6504952181101807,15.42267047010544,1.0936293218759616,50.9710673012787,28.51283004055395,5.325732004321056,4.641946797978331,-0.1381694497191987,0.013388863259075168,3.98806058249861,0.0711685360502099,0.06494358232486772
92.4736756803545,1.1657790248583746,1219.408056954464,0.08164452629353747,10.434086005797615,40.22424127054907,2.5125932542641927,100.0,36.87508819779253,6.73565042597412,3.544073244046994,1.1908144594604386,0.24987554271461265,4.361119025419535,0.2977795498579011,0.2695456261954586
65.8550601066894,1.8015214955090093,479.5054765112466,0.2961613013491665,16.484627799073074,30.65107214220586,2.036861024924456,100.0,28.515794399649323,7.379663784738165,3.3613720032364074,1.3507515915737784,0.3041656166143727,3.718273757058792,0.31590777485588234,0.04052904286871922
27.450436796559405,0.4296663689490084,842.9072357812563,0.01932418254562163,19.368968701508383,14.93144771782443,1.9162143502921059,52.298807609510206,23.197486780162436,6.022857681263148,4.054946433321863,2.396217625186549,0.4599787879944316,3.0204582202618537,0.17512779529869754,0.3001722229458295
61.82517124385284,1.500893109582304,482.0629451862607,0.2213793976105218,3.817035118076104,26.410820451682397,2.8784940224526925,88.08760150320789,13.668968249805076,6.420675440022645,0.7102499956736684,-2.6504402849939535,0.0,5.0,0.10195808127944886,0.12616779662007033
81.49868314640491,0.9900456885214766,297.11934497618637,0.09721262205708693,18.915877572396226,32.08803638544109,2.3213581625309594,100.0,33.89475797510295,8.206094764193235,1.399120102769071,-0.6648636212965366,0.0,3.8652951714396067,0.1437611951379666,0.24583829390425346
81.06634319414471,2.8107684948039453,700.0197272075218,0.12001554514236853,1.2621335935961442,36.47813057389834,1.8552115510501894,100.0,41.48520316897189,7.87673148596811,3.7912782675418955,-2.363732255810454,0.0,5.0,0.05709156843512734,0.18889777490496168
62.63400546695288,0.6686349973422733,116.65699500806028,0.1236205034083289,8.671074643765204,27.735353808000767,0.0,100.0,35.643049774903,8.69092146863884,5.776072930701321,1.610134245679189,0.37317630323305523,3.7504942802208774,0.3369734406256192,0.1308191147457547
71.2317339397919,2.785758666430956,1819.8259421953542,0.1328408424502077,11.486700675948068,29.499659854074334,4.0,95.3433944952915,44.59410904924646,2.6534108757123924,2.5901986379149746,5.464941135354328,1.0,2.633801938768151,0.3917148573509649,0.21605228258545323
51.98089186718968,0.17259875721329815,1115.5768930469596,0.10522816203907064,6.9733342468566475,25.75993748647095,2.1202412444282177,73.50986749753645,23.127763356102697,4.9589059665654425,3.0926151464581677,2.152917922713584,0.5317449809817458,3.304960817162304,0.3546855867606927,0.29297925740584835
89.41046297903937,0.574546427145789,1272.1187941517178,0.2420136744796218,3.9069000926266018,39.37574846864665,2.721308671315768,100.0,10.354563182885201,6.64892783615681,1.1817656282910778,-3.1408233279073636,0.0,5.0,0.0,0.1734849257118512
72.33883639395488,1.7640888819747025,1153.9350781268668,0.1242542328118814,6.050621130221295,31.318977469843176,2.2970666223815592,98.68564757969013,31.373465009374545,7.63687448450342,5.348378445679025,1.8387982850169224,0.4266968774268718,2.615469052137513,0.4200000296940736,0.2126855798146186
33.15558502481373,1.5778785894703633,518.763079913775,0.2211845390905821,9.340189845257235,15.487955149065703,2.4035887592576444,52.139311022219594,30.370965841582375,3.3927397757027813,2.8467185893776197,3.9483241967673104,0.8323053988786473,2.644991375303123,0.346015356633268,0.0770445212756311
23.895723664115504,0.7922776897995224,674.8671105212625,0.2197284278938189,3.412163926308007,10.466520309063842,1.459694065112119,40.47506232113852,15.024731231379725,6.084101535124198,2.434673205713331,-0.8446668776469568,0.0,4.055493850253201,0.25476429091500896,0.18461634819308295
47.147023767252364,4.84541433430123,458.24685851486277,0.13645326438013822,12.41667602908835,20.25093620649299,0.818368706072482,70.05070125317917,41.40766196698638,6.681266059890516,5.399348238590327,3.8598949898390793,0.7034468822173467,3.4551123454172403,0.2016044355560615,0.1675402333341564
67.80453461948056,0.7618781050719811,465.8304805274361,0.10175173837965915,10.974616850843695,31.39891083443513,2.274347788577257,99.82809960155099,32.44917018678546,5.850934818466511,3.287327768546653,1.8003390127640508,0.39230544366182324,4.466771011667534,0.2634379513627655,0.23328082171543446
50.316006463595734,2.2146315068696345,335.17483583678194,0.09225177028280573,2.892905663368725,22.413515059374514,2.2235289090825323,77.74796191883306,36.80463953103045,7.121878823173115,0.957325084963907,-3.27780686934397,0.0,5.0,0.035322637117772976,0.18208770644865252
68.56568656390971,6.891471520929806,215.24942297250007,0.10975701212178944,12.0283513138184,27.964485209507583,1.2076862309084124,90.97693945897718,80.3675965476891,6.553013983070287,5.415825184251888,5.142779873587383,0.8541767130967094,2.180423528827392,0.4492429663225755,0.17448487249118616
84.35034622320768,2.04519130234837,232.29885765869628,0.1084079374302775,8.911599180438529,34.18003170550405,1.6646825416159539,100.0,25.20305858728342,7.082359379056459,2.937255677242493,0.33090167532135895,0.09014427397877234,4.1069144439485665,0.09749149070905337,0.17543355511855732
60.46381242582104,2.711333534551086,455.68829438728375,0.14746070161665034,3.7035113990498068,24.63675409274535,0.6174452826540926,88.01698451160506,45.08043908134622,7.722516187680774,4.6941692702440045,-0.0950846901075878,0.0,4.2272607849572434,0.14694075910632304,0.1658994674811212
71.62079069075011,3.6862958716998415,660.3705884607643,0.27473682494413953,3.5497837259228113,32.54761827386716,1.774446096803609,100.0,43.273724818323224,6.878923887476725,4.2445253685112325,-0.17313987417024546,0.05113911082613647,4.429462884979928,0.15726923950047064,0.016285083356436816
23.14224672434679,1.7337967574742783,827.7176986964523,0.15166389667098035,2.699594260266021,10.244401109913682,2.0584721038005283,43.07931862457507,29.942270405024583,5.4285959613974,5.505955257352985,3.3442661322092033,0.5879371097015477,2.6740341315218847,0.5736675281566723,0.2449248522426598
60.53469202705915,5.9663470803228575,191.835485253744,0.09201485083464317,14.277924667118238,27.1558456396177,1.9844622697790348,97.14221135570548,59.62258145988908,7.1592228957113395,5.662010048518306,4.357519765900143,0.8359289417619058,2.5501266235946827,0.4441177501108584,0.22929967093736492
22.181953859624198,2.3044834501163436,1000.3725954873321,0.06101362394881858,4.481439642786857,12.727263471956112,1.546609120683803,34.28202076583224,34.79261412657693,5.117706598517166,4.906195098924581,3.853618040759982,0.803860446659886,2.385643068208005,0.44908262272710175,0.20164416555781883
14.494173460648097,0.5169528253709991,743.7013483508852,0.30656557262166,7.845699444754674,8.626947325606174,2.267993278469883,31.27551167804797,19.68513891231592,3.505554550278342,2.876860171811902,2.3663467177108166,0.3006908709977075,3.194781009539092,0.41454326687202764,0.10782542199709376
27.975833283517694,8.41001724009239,738.4603466457155,0.12132604362054977,2.2531132386486092,13.007007679994498,2.024826033419036,46.377108837511585,85.60283182224819,4.253419239185545,6.228627628289449,3.761846344278213,0.7598867872152063,2.750884224434882,0.3087697367803317,0.15964334601853689
38.32505674299219,0.2587606072325446,211.06532062385676,0.14504825014735018,11.578116320928181,18.862327030599566,0.6514855422300202,66.13428532077523,22.42918117792933,6.8308987795679785,2.3006664811002038,0.43502642194819474,0.21039913122676157,4.329475819554285,0.10756267856311574,0.2667897930293575
67.34056691391793,2.2840078096903205,877.5184170252888,0.1681526153813178,9.980955140391082,27.0682650305148,3.12161205405219,91.06391286691527,33.02444841922331,4.481570814062048,3.397374049442908,3.029102438691109,0.605160527690541,3.1928836631468087,0.29025815143520295,0.16548558147622797
50.10174736637084,0.7258477514704572,819.1497413880471,0.09065357199247213,14.631293310928694,20.263523793417335,1.6325809083523037,76.45282623073876,21.84178062737251,6.879766127777055,3.556268098318037,1.0453150022781539,0.26044983834286944,4.6560067413721375,0.15921355511862828,0.19903102384922094
26.663220502934283,2.7122032586241724,573.4187396343822,0.142734023055078,2.8407581300304976,11.733733643214073,1.420794153189085,41.12885021235552,54.18499495728235,4.244475535358062,2.4475328671562857,-0.3860219725522218,0.13874622295096842,4.671714289670614,0.0,0.22078819157865226
37.97119535284202,2.3669843987609167,1696.9965150364426,0.12214675812981426,18.17026270652528,18.221627816819552,3.5850391151399252,68.13230476187712,24.411070020745942,3.8987607453872304,3.4431920659060764,5.07681194286597,1.0,3.9350978755621804,0.1183221437297559,0.2003542828576436
81.63680216801619,6.018403364940187,575.1631191189545,0.14300549527255169,2.7931942488060115,33.93652954799407,1.9196894556286925,100.0,62.140756981847225,7.792428777315111,5.508095720942092,0.8734507068556123,0.07452896501849765,3.5812226039822264,0.3819602785269888,0.12628310490267403
80.51315241755356,1.148600490594941,639.406726464783,0.08332719220925773,19.511323366295077,30.43045878829599,2.251053795854394,100.0,42.18113152000255,5.556452139781463,1.3627698261203096,0.9287755049089896,0.30636502866257487,3.5879327520399227,0.32655378479457714,0.2618527124763828
84.59714261661534,4.973943271517453,135.90520132024784,0.15139591632737553,15.895805325938301,36.32158208324601,0.7313813367465374,100.0,60.249733686918695,8.791683343332009,8.61460552666573,5.60906536731303,1.0,2.421573543529661,0.21906689123155534,0.2103714877478462
20.022416249918827,4.215129501000844,151.12182984646853,0.18093474085206576,11.124861165009657,9.680195895078624,0.8181770836540982,39.15011347599954,42.61516725870853,6.359636736011315,6.045817022352169,6.450337975244512,1.0,1.0,0.82492998804999,0.07409178196585657
27.165940711161465,1.0813851381225648,241.49024105002047,0.15822579218369515,9.918452984482762,12.246597881987148,1.4346550056536413,37.1061881938891,15.98828509055256,5.282167566409437,2.3666602427631753,1.3508925144097823,0.3515338052132975,2.995834317609351,0.45090781677746394,0.08012327294099264
18.881849652481453,3.452032273984355,536.3627177329204,0.10069490149860826,8.144754548640739,8.143926728375614,2.1767544506489336,28.28851541578083,46.158578961167926,4.666512817138257,4.143402641161773,2.5482100414227538,0.4743475269393027,3.3036257318832147,0.198587499415681,0.25384999055025464
14.412302290339886,0.4722102050594262,1476.5033336413378,0.10648673147782606,16.775138279759524,8.854815919653248,4.0,26.18950400887856,22.336061740964546,2.166329076126227,4.113330407258205,7.496763660146303,1.0,1.6416765035012872,0.5996084874556087,0.25695820132688535
23.94740507895522,3.008193812381111,1238.3212840066176,0.09520403048079659,3.201705061288063,8.933875578497922,2.7411430284961926,30.733968763157538,29.078945534943372,3.0249934988783567,3.688671025645195,2.8716274958165258,0.5782513997769284,2.562146334669224,0.37290926416380527,0.22120458628405348
37.78910101386777,1.20097087050371,893.1246158270854,0.31055192691635025,3.752910450060851,16.75322691230715,3.3441435213436765,50.49597959068652,14.88376267656049,3.4203892982176445,2.0743579459363084,0.7965126688102984,0.21515092697762184,4.153610797194565,0.2898118145635976,-0.05212585323816869
54.38942561121361,1.143585415848297,972.7197742138943,0.1921989847016248,7.516318060923628,22.794766452253537,1.8383833559995222,78.78240732503195,36.1230731127624,6.68311702586703,2.5930225574143257,0.9020845154053145,0.2683000880632968,3.6059690887570417,0.1900345440118364,0.10504283820171134
72.26390334864382,0.14310482115595932,1443.9838159161286,0.17835098211886868,7.546531449763469,31.825990154764018,2.873246300159563,100.0,12.678023536731581,6.208806755676512,4.657224919271568,2.515048992239933,0.5642545674102003,3.6015826113962364,0.2604505284504129,0.17638511833752912
27.711558531629976,1.9339259406014406,368.6415728776309,0.05601936240967426,12.654097069823246,14.220917293126085,1.2481623579760677,48.59645640093004,24.188374020087586,6.064192665822395,4.067906079966149,2.8530583742971976,0.6068396701272626,3.2346182314519374,0.41847041846073607,0.2735386102283033
68.74524894557177,3.787370349268752,1606.261787135441,0.15285598018887397,3.855419692201882,31.47610026863908,3.1259623220691006,100.0,62.0321093232564,5.956385613326322,5.006802116598999,1.6449216481891795,0.4448709383390514,3.4840748879261736,0.3119976750669517,0.09968521296926114
76.95246527894764,2.19068713512707,1586.9012535701827,0.11590151079822981,2.3539426513672685,32.49308116308957,3.1889908657802666,100.0,23.077162201053483,6.365939248509889,5.2556616669667156,2.8354729475583604,0.6270201553712216,3.120829057289287,0.45440195869622046,0.2015746609419407
59.13938305532592,4.447608782350511,2246.683845372428,0.09196571830866301,3.249366576651975,23.74246707583299,3.755510832294045,79.32416411045853,60.40123529853762,4.615486544676862,5.863062283998655,4.640154300331212,1.0,2.5665352734837406,0.44420462200902777,0.13157982727907955
44.276630146040716,0.5401848196093977,775.7208239746228,0.18211793841750817,14.197985762640863,19.293117994323566,2.729277032290911,64.64486695073944,21.083603407783745,6.4634294433671355,2.0209187651955154,0.8958305857543469,0.1674979143695851,4.382953989990758,0.19595385810784138,0.15540951877633477
33.25927015970583,1.682461886113964,2334.7186049608204,0.2734785373080046,7.262872573043455,15.707103981690384,4.0,52.85551725893821,39.66958150879529,2.9218073666336695,4.13557448415102,5.166755632540962,0.9300151263697062,2.153494582887652,0.578430686752935,0.059067645230361635
55.384044701410886,0.6387587214557477,670.8811362893532,0.08246473703619638,10.29549207256183,26.301973602755663,2.5910656157445957,88.19086393394063,34.48333984440635,5.8234124206737325,4.523449194968831,4.006637168380603,0.97030121682231,2.5708235082378414,0.33322159063067003,0.19939774363757906
70.78462623093793,3.334674633693923,578.9674618829417,0.03567541932279635,8.988911245226758,30.960992127723696,2.5235855131598486,94.59063284547615,38.97742494400079,5.489946914014541,2.786487351144726,2.8829691953823895,0.5298471520909898,2.8465379030706424,0.3199328035767425,0.17710291665070046
81.20137381971402,6.326443802432692,889.202116087039,0.26171479684239457,8.091419221042258,35.570458596616064,3.141885134461087,100.0,70.89634685274002,4.081380387309883,6.4612951385325115,6.002212655409192,1.0,1.7959819963969368,0.6715485170101444,0.038940674144979606
86.22532232839464,8.28485187809324,682.155705525302,0.1624416486811797,4.601500512414244,36.40821405047665,1.9802080847445689,100.0,93.12244047751197,8.1490816479822,6.653670831614984,2.2405921895807706,0.5101003707529483,3.7962197252345624,0.20940830341872213,0.14751106878024708
22.00777745595588,1.0001880310494546,485.22688499518523,0.01848752628844969,1.2894554098292403,9.692440036603337,2.0877982035614653,35.273152084202614,23.54837333870736,5.924545873011898,2.3454274467276788,-1.521610525925889,0.0,5.0,0.0,0.188325746243028
70.50634911467031,1.9505277111339667,1415.4128478374453,0.22703641785311232,9.439623302755995,31.515668264465813,2.7110100689330574,98.88314791957028,54.483086675699795,6.247101415619057,3.9254325856350514,3.381723812574397,0.6755162137716659,3.216493498734323,0.19882379870463823,0.16316115314764817
44.086299478165365,0.577860229425709,460.89781698978385,0.1906797096284203,17.904746455564574,20.97243526680044,1.5066811195337515,75.2329132425412,21.78909916735568,3.923689192008291,2.3863610186977984,4.27263223319819,0.7280721592380657,2.9554837178900955,0.3230833276396649,0.21579167982827768
86.10900219160057,0.8317273685211647,850.3439727412774,0.07272616958255335,2.010217201089696,35.146665374704405,2.387400382047132,100.0,41.43136138449205,6.5575555611060805,3.7657581282445403,-1.4285309415921872,0.0,4.785237336397947,0.0,0.20458132819791774
82.51544957594142,5.885435109221289,503.45724606925836,0.10492764171550603,8.892699147292765,35.65285846451914,1.5901954076567535,100.0,48.868469590407344,8.38799084502489,6.742295616232411,3.136690695875187,0.7037021962307571,2.8650488561406537,0.3594681800196156,0.22288123927076042
23.305404058952202,6.753343185435219,1057.538299826222,0.13283329187569384,1.9651206241737034,11.465705540747788,2.732599497252027,37.605469789713375,77.26114637643894,3.367013017891953,5.943695058496764,3.127216991704082,0.6003378309652371,3.5380515253624605,0.2449756510671618,0.16948820525148917
32.87841437809138,2.9430905853043066,351.2900964281997,0.19596086932997603,10.377624146875213,16.28009177234431,1.1519713518226933,56.854990687504824,58.47774929616172,6.324522263621161,3.724670175113485,2.115759331290932,0.33218412638074546,3.3437923098376956,0.3418034657102908,0.13233697051874727
60.83177435511806,2.188388588533114,919.8610549520781,0.06820369539281039,4.478750141178872,28.29759301715728,3.303846940804846,96.02556909954377,35.87788722733007,6.748977733174527,3.6523636026835,1.6082240759342736,0.37557301879026034,3.106219409473034,0.4203236415679402,0.22901772182620678
47.76418850590808,0.5874188964346149,531.5434677313385,0.21428384001456022,17.76924987122418,19.90910188950293,1.7418196167953681,75.0621313094806,21.687626724231098,6.522400587081952,2.0217843002803217,0.4533819545571086,0.0598968729044133,4.2548256592539575,0.26695257600367395,0.22799505001895293
21.325653878421832,1.9144276694356697,289.242543867955,0.14243392741516214,14.171065546394392,11.529830365894055,1.4673930152955552,35.0194361615968,40.99456239174485,3.7646346821436163,3.252726459633085,4.611619351439067,0.9232616174210067,2.493131707704512,0.540139254426907,0.1646592972188335
22.253911456863072,2.1932589472226143,746.810716846333,0.1286218215881206,20.404171147749025,9.072402249664647,1.8118458853344395,29.46675509844225,34.3515978430696,3.763733127153489,5.266529598599236,8.043648991328833,1.0,1.625523164091405,0.6520712888055133,0.21055025947566927
41.80222271711668,0.31486749223507676,190.22454382668948,0.12733376914397682,11.248561270827764,18.878041191053022,1.0916939905177587,60.539026370606855,28.176506014448567,5.510660088564654,0.9313783546189085,1.3238148559382878,0.3622397826407584,3.390622013079085,0.17604085099752653,0.1565754961847924
61.58036744193413,0.41673451042274817,311.4490112917899,0.04148471822366727,17.021902560409817,26.51155011284001,1.549818490817139,92.98593899055325,14.517508799729846,6.9194082798427194,3.8196765437722924,1.8569133686660235,0.5653123799292434,3.7189108930558556,0.359270650075403,0.19668274034669997
49.0078805855309,3.114294831653721,856.3678081799721,0.09505216049029366,2.4592676391092145,23.62640322379015,2.842110392618246,74.05380801332286,46.28946748083048,5.197889480786471,4.463635318067513,0.6977117663530976,0.17765714649018644,3.6260672373796314,0.3284125611292783,0.16820167833946925
71.6477386031849,9.790717138821648,175.19281301771247,0.18185897033876472,20.926330413293197,30.487490534066424,0.2457463340880437,96.94538475167043,87.9904619788823,9.42240312180482,7.608145509963141,4.995497868194996,0.9136588208891337,2.4619294151397377,0.3807579672235954,0.14101666457754725
71.1823078277922,8.124395064948613,300.89690884815974,0.21830114236808015,6.922905002138388,28.92563568365664,1.312829073437843,90.11271412338,89.42661228669645,8.594836092039522,3.928522127240563,-0.11188074894981137,0.01435150086312014,4.174188283153167,0.10268927080112733,0.0983513356780623
62.188699757104786,0.9275269986725428,717.0304711889892,0.09844673202786232,8.839328069013437,24.9472200231783,2.649151518908504,76.46255438751328,25.21139135239399,3.9629802918176935,3.6269081857843015,4.741915443881678,0.9518082610077643,2.328498542715602,0.4394492491176719,0.15593916233415311
93.84135257060926,2.941137257216037,1306.9960311094442,0.16079938353508672,14.155798524623279,38.29015243166043,2.805907465573171,100.0,40.319876148723665,6.860922640371504,6.294363407742396,4.498378078939314,0.7696283530915713,2.5321509610280715,0.5898766836448124,0.23733920194728608
71.17887742748623,1.546567620847179,1185.3507935242533,0.22049669490691529,9.496343067222822,32.07059096017132,2.8230340128872684,100.0,18.049186028601405,4.71110539841006,2.633386268442915,2.474199101209455,0.4408759133297007,3.7948031725046563,0.3226760515622972,0.14666588855969334
18.523737222570666,0.2991941770358502,1241.65430062481,0.026214325795274638,2.0292651371524624,9.744125245852741,2.9193912100375505,39.30725874184577,21.21884449518727,3.6908928483064782,2.2330929265143786,1.2670964848717428,0.2937895575168007,3.929464943553826,0.23588767410928166,0.293028564375768
81.74510417063988,2.7879250298515776,918.4088809222683,0.29479723360619337,18.447409350583765,36.92275220495381,2.6442862940900316,100.0,57.35486696206635,5.671485274057673,4.4897711700038485,4.31389791105885,0.8259871728776795,2.7066258987731717,0.48567276335149134,0.03793098900575968
93.04261794260049,1.510104437801002,1714.5625854011844,0.024542862456748755,4.819166747148547,39.170979937255446,3.4592035897325615,100.0,21.101294557124312,5.3297182782150845,3.893764610549668,2.877109791770544,0.5269430134518054,3.3574801930042066,0.23192031152886056,0.2558997320562645
17.39006026928273,0.3998526200667856,557.5293341035167,0.15020620247579275,2.103033354010257,7.395443235655484,3.1828436989945543,22.167790281346463,13.67833467537357,3.5584520597308424,1.1550904750924913,-0.22496467793034308,0.0,4.534796444048339,0.1960215458304933,0.12581807890970836
33.83156784165202,0.9099159444017051,1668.0128763671353,0.09194162567586546,8.678776967328115,16.148402505533763,4.0,61.22910673605507,23.848694725749272,3.5667767761761633,2.908938898809783,3.7182858729106596,0.80746395118439,2.7235620732065033,0.3462730568471515,0.3135518821904767
73.75373818749489,8.11047603434901,1051.9024367628567,0.39383576223015165,13.601093937542736,32.28387986136927,2.0991958430108473,100.0,95.46407870798845,7.819182259194908,7.840880475023823,5.47192411996202,0.9969491738685092,3.2767624416869134,0.23192752182871262,-0.10215629386863215
48.592520229318495,0.5526986895367303,68.10255870380564,0.22569632656408176,8.304512255183239,21.55364813056393,2.0705793376930806,79.07086531251032,30.868180785159517,6.082456000248481,1.5399559521661683,0.6692412777686941,0.02064796247112624,4.336683228116656,0.1850897724909807,0.020008050310233394
14.887612217124047,1.596538386785196,1584.2669168175737,0.08164769607808532,5.410776413103914,6.903058715235865,2.5388138901780093,31.61774089430781,46.07588981054925,4.2249969872859126,6.546022272269791,4.454356884950139,0.7969365546602569,2.475599346698282,0.46203824677894334,0.20668838266378414
83.60348489781204,2.226033007796672,579.1642095705569,0.06683778678258905,17.937236094819415,35.602726954745165,2.0898617004394455,100.0,32.730601834981684,7.040804205168313,3.890836288558146,3.6779900144366584,0.6910228173072972,3.2675647527290033,0.23944564785206013,0.27452579892748735
67.72209680732665,5.163579707473763,597.2320668743162,0.04525280869761448,11.756178368943647,30.33676113605741,2.1969123949825735,99.84657851636753,56.499582435482445,7.6375145495258705,5.7394728215098825,2.7720081261548115,0.7255900822111704,3.6764720567765226,0.23670589114599502,0.28907871990094647
18.15209224036766,3.954943631767358,1463.6406012767486,0.013088452995279097,4.134933327906615,12.596180344156139,2.258721273196395,36.49421277649766,42.47087438750118,3.0357307487149816,6.307366450359154,7.058075649356465,1.0,1.955689187521318,0.6794655144983346,0.2983378020996832
39.010970324577386,2.931399419839855,318.6423252636934,0.17228095366634116,10.193109628021645,20.82954539064691,1.5952666544271779,74.0994238420929,51.195990591865964,6.512164875183298,4.313966704095208,3.3494013546717127,0.5780433171460079,3.357149820592601,0.23380343260746775,0.1585000241158036
7.934777937084942,3.5147882108831117,283.3184364544447,0.01561565981583702,14.249242281445891,4.06282787705141,1.7908202123737096,19.513134229031362,46.507819130147844,3.6932325193594817,3.1521713274232215,5.392276358683156,1.0,2.921002096361933,0.4431635668582784,0.25940929986094136
55.98539042839244,7.472309260815147,550.8794106345255,0.13126503625091232,7.053776186449989,22.876743992746125,2.1424376638555884,76.39535758813409,73.70790869216776,6.842048848658109,6.440265312939988,4.706336844298247,0.7180295094463478,2.902915835772999,0.25272967164741367,0.17835076005110942
78.79450301263648,0.9541569645857813,1386.0029880249397,0.06690087323050214,16.77964948246822,32.35021652008788,2.89450013559329,100.0,26.390393075231895,5.83640662311166,2.3572032205271882,3.9043816463544214,0.6480009826123937,3.3131355524671693,0.2566226914320902,0.2349526626816522
82.37677216271598,0.9010210959226567,832.4673543328661,0.07100385817818478,13.801725117390944,35.50727413038377,2.414559475362738,100.0,27.93324368376898,5.085276501809213,2.4346802592376826,3.838105670996078,0.7942211001336843,2.9933661114168935,0.42185043696120406,0.2351429417728737
45.87358553976527,1.7646542689014442,269.2243862544751,0.03010871766503023,9.964327073380124,20.04233430791056,1.1697812389239375,70.56688058467961,33.2626105149109,6.486989164990058,3.5323277097715953,3.294372537864298,0.5619895415903868,2.994974462936295,0.3132561547514202,0.33796102698129493
50.82769036506901,2.632473222715375,733.3810341160189,0.11511774726273086,8.302151629799585,21.474839226473335,2.121041164234036,74.94287804915284,39.643090411621124,5.720550872417664,3.3721906255616982,2.2600352399027224,0.46874828830750354,3.6820253032460877,0.31345756055466867,0.16091613737409657
68.44965999708783,5.5021716782652055,541.9408237297679,0.1948234347308979,5.731238740069361,29.412147569072122,1.4427142078364743,100.0,56.99880157583685,8.492358347559636,5.305772514127862,0.4035316770943083,0.09118682776805205,3.7107830232358734,0.09302405722170537,0.0034623147993086967
60.00559164937163,2.772221300199699,539.8760130663866,0.134743691224829,10.30465777918544,27.616244512070324,0.965964404242295,89.03443751735838,43.404487235860486,7.697079612105535,4.210586982692956,0.6673831499647821,0.14391584509734412,4.028848821209683,0.2287572151507565,0.12305017801206072
52.13491329432179,0.4851320170612544,73.23585484046569,0.06567771314773034,17.11369140098836,21.212326266509727,1.326638789045673,68.73654545339035,15.61141411718914,6.166641349120553,2.414191213148936,2.482679337031633,0.5359329369564214,3.1471274209044493,0.6008097213212578,0.26101994065775486
33.70567731359003,1.1534271269649115,1053.7114687751166,0.18335612296534884,4.962011464232175,11.956979064778167,2.023253262626114,44.70791678430961,38.88243213094347,5.020504740806492,4.939258378903369,2.7155378553455267,0.59514585576117,3.3388087261771586,0.321949192152458,0.08551037523988995
26.70956953284233,1.2609010448788187,1390.4238646871602,0.24948982731901267,11.561615232741472,12.028887843365316,2.911146650632393,36.54945228054966,40.37616541081485,4.000415949858382,3.8312080776622954,4.330867938543509,0.7802268217162578,2.4788933607428416,0.3637059087825542,0.15328724937364385
49.60541355113739,2.263510598019285,824.9056690295404,0.2877739778664994,22.48924505761024,23.447321754438335,1.5309347341889108,75.41193040999664,38.852112418639635,6.733015176007232,4.758945312946243,4.129738260550102,0.7076231980287674,2.875302769244774,0.4364592550256461,0.06427110700263271
36.56365134073633,0.545996527216677,162.9782776217383,0.11703769482131977,7.050316619250481,18.73993462605361,1.3945045057079464,66.27694046495263,17.28143316946105,5.440705265826511,0.7268168951718335,-0.17557071781163136,0.0,4.5544608991729385,0.0,0.16676713877557622
70.83566408341139,2.5069911921803767,764.32696088425,0.20173522919293066,4.960759728934804,31.220451025467156,1.7413711586073148,100.0,36.56555000649491,7.978436687335622,5.439361501950708,1.8679282045602108,0.2946865979139941,3.5108517959806633,0.3017301086335431,0.08340509500016376
19.431451615027754,4.396095305773787,575.5655803544713,0.09824697642950525,9.875058808743985,9.03067250831262,2.752025574520283,19.380083036142572,49.005804322821646,3.2925858526471363,4.40813334926202,6.917942552769311,1.0,2.2156531572906104,0.41151771548288335,0.2574460449652918
24.989791170942944,1.8478993247738214,211.8076329792502,0.21219103333238204,22.035006922624195,12.009298966195956,1.3386781766435631,48.30675376283006,24.92888037417964,5.677465947903265,2.5801221290063396,4.656020941964746,0.8157920854502723,2.1174080816065954,0.5295257758751779,0.12870864243903787
7.4183802432264265,1.9300902101835882,745.2664638353422,0.3245307527605881,6.918668871269679,4.57618833509599,2.276943100613836,12.85761894525412,46.78030137133014,3.2166953325620993,4.384202618048896,5.129889583204794,0.9107919342180638,2.9538169247185877,0.39333323076492754,0.06069067225768317
67.44163376093718,0.45845794367742015,328.7300715191936,0.3248417631214472,8.559415592476142,28.523626188087185,0.804279593387362,93.409924032524,29.67247229107027,8.83983874234455,2.6403129361344733,-2.157458574774687,0.0,5.0,0.0,0.056108128177133634
49.80347423890153,1.1839171285524617,644.6433086674178,0.06280198400510496,2.468323600385723,22.616240259316374,1.7345940291927047,78.26072354637292,20.944562940363156,7.827739140321284,3.3072886855167987,-1.9053772158805298,0.0,4.651878139902248,0.2288042632027602,0.2478708004355687
62.38733932706662,6.26517473808229,377.92820293709354,0.09643649090225084,6.2025293167822095,26.78048003134661,1.0622620663696503,89.92368721185483,71.36086344033467,9.153140298414932,6.10930340388615,0.606141417665913,0.18817218913432382,4.151545067551171,0.026626028758262504,0.24964996520953187
70.87751839472169,3.1684166769481807,692.2202563907738,0.08444584959029744,4.7293167861234195,32.41882345387628,2.254685726137204,100.0,41.628750833293296,5.847466364262023,5.907638625210077,1.9063072920194184,0.4286301679137464,3.2936134725913666,0.1347269021791131,0.1763919649218098
70.20760783336237,0.40024042364362816,704.3450896568721,0.05628354682063452,7.001880732958949,30.7335127328325,2.177485417758786,100.0,25.175586817540424,7.9090610980205565,2.0866189171702465,-0.4162292764784139,0.0,4.497643986675692,0.03177701879342425,0.22770459125940723
84.84726896663332,5.453256959486093,149.29111504933505,0.1791001040241462,2.8725410220765086,36.36858072544935,0.0,100.0,69.81047177814331,9.150515630100891,6.475962408959127,0.1802435054208141,0.12825743994303584,4.105951228435442,0.07501256288257431,0.08510755329431968
26.643757843393598,1.0798676602414539,743.292052089615,0.11095393155182544,1.1847368275348171,13.912664591699768,2.6848095739116378,42.19642188485689,29.495697183023314,3.083430671450494,2.922311889771539,2.477251599494346,0.42847153161805285,3.007824825744131,0.38252937296593836,0.15197691279452483
20.59994045073208,0.7118836893325535,1780.752799230134,0.15983659299436534,3.2965464148816013,12.978995300756749,3.116367769030703,36.273229505157914,38.560564425183735,2.493937021821186,3.2763030809288214,3.5481450631021603,0.6793184227091521,2.895512607166695,0.4679767578518213,0.12175117709289607
39.83935848527409,0.9110123926551669,1104.0944867800001,0.07575386986384748,14.792045611053544,19.169682898278857,2.3404793518239018,62.41609439598264,26.125608826627158,4.047686597151654,4.404045429472928,5.627706461083375,1.0,2.0522322060802662,0.5644997254805498,0.1762909365519506
80.72031752539306,2.6200470108045404,390.35475401201376,0.174280169220347,13.976670840833417,33.81530965791069,1.2911028677964227,100.0,40.79326383148361,7.5591225381216915,3.7946971400770466,1.421118930422805,0.35753285110861005,3.4256062967339886,0.052084765200869354,0.11787025598792601
83.43740167884698,3.655884634050213,503.11151821299853,0.05652622334170055,5.361401970537417,35.115993352126594,1.4079713517630337,100.0,59.02550347385586,8.142506258771064,5.510672934633444,0.6281922596110954,0.1179344132310267,4.478125362369813,0.0,0.1519537463970117
50.42132204965837,1.1784367115157788,1236.2037294965003,0.2888061227436884,6.968751030564815,20.751427389789075,2.694405625219499,78.53129527883809,32.89645293528408,4.396775666559807,4.598615054313934,4.427167917224772,0.9036509407232624,2.35048442785987,0.40968679427792104,0.04562526873661749
30.372157219824665,3.278232560234869,130.58047228136087,0.20875562843435466,3.2986906612838447,13.241688535665384,0.7965890816979377,46.41966830306867,52.89226502547793,4.227053968235701,3.281675377432677,1.943818910747859,0.3352699066468536,3.7760399631897026,0.2374482626959897,-0.0023863366643510353
58.61446424790008,2.2516958845701955,703.4843631232811,0.2884890654323802,4.202062000695023,26.398925546399997,1.5966277878162052,93.39275474396771,41.980641756205124,6.260477559439038,4.288868220513017,1.5055317103721597,0.21646354097761855,3.747984968491698,0.28521522462927235,0.04521832693649472
31.296204220291642,1.7889481294509582,694.6253574626185,0.022661505844634153,11.450742230683476,13.60511443846048,2.593044834670267,54.06099089616283,32.24709099471951,4.693464153409367,2.51667418282422,2.6375891195664187,0.5041869270807832,4.094257220119278,0.18339796819609522,0.39013446521490625
79.67213056184445,0.4146876887109127,899.2106596847403,0.22059512830508388,15.218193103560344,32.02799117919571,1.88697869797555,100.0,29.58248201821346,7.076999402704643,2.3430469834447774,1.4186202703291415,0.3268308250243073,3.523862252752922,0.34596792888788935,0.11395030435795339
65.3652759793587,1.5532626470960615,793.3578592379821,0.23887502586639736,5.294810687887336,27.445992564701715,1.771439604051337,84.37068873890503,26.400828224726492,8.735072732025209,2.5140892206418,-3.2941975443502374,0.0,5.0,0.17858975927715068,0.08824202878721021
56.618518300496106,3.3097901675316925,352.158555449782,0.018036820761068665,5.582495381983511,24.47747091864091,2.3471664442491944,84.15968055119147,56.33568355991717,5.023342563527919,3.4042308729040385,4.35578578049244,0.7414923096585888,1.8796158334788493,0.628936828334064,0.2207718948111661
15.09208914716477,1.7104248297403928,274.610386720288,0.18094413566287254,4.746575827669147,7.7145489814693375,1.662651084242855,25.843088151651646,32.21724256380518,4.523018498804569,3.025453830212638,1.6824642259038791,0.36407424589518333,4.432875582735135,0.13505627774828458,0.10696938414949816
11.266598935500506,0.030832761021586306,845.1744058795397,0.1693239414468457,7.8157423736288525,3.8966137066996915,1.698040322842609,16.436977970215775,16.32112684616345,2.883326802132008,3.4708620062104316,4.4569173532813435,0.9115898233001014,2.386092486447782,0.30106210489257534,0.14520342222604132
35.25904176466078,6.846949454396895,897.9712030743656,0.19535965825515034,11.040569385949498,16.64355910847297,2.306610530016455,59.47342750135475,80.81330540492921,4.291446856963353,7.6686047359414315,7.464815891348847,1.0,1.7285105942086767,0.5940730674539721,0.15321403313640516
20.558735822800653,0.715061837559549,349.42073566765663,0.25949270583527245,12.86601638500961,11.345981334611627,1.6964344225089747,39.01846956524651,22.027375750255935,4.901037073345721,1.8063835498094067,2.6062140354722847,0.5182587995391751,3.264080432871668,0.36214696881342834,0.052159864450660225
72.4197451890607,2.940810322315786,497.1985082396764,0.13324439366991012,12.550002912823599,29.04101256460738,2.2203077847297816,100.0,44.24939451469539,6.699290050237353,4.289281905337038,2.4208926541704914,0.2958965447311447,3.3980437385551205,0.29660032308099793,0.2256010750464471
60.51775647068075,1.4933992323316807,1139.0032948381463,0.09037081761162116,13.622778828897005,25.88086765729213,4.0,85.13707941945384,42.96303731211924,3.1006800760642528,2.1249720921115656,4.0563904104063875,0.8797266088600701,2.637578072985855,0.3048453146379719,0.19235406194864327
30.048461765999367,2.7895705519311638,294.3122594782056,0.08546995350712011,16.380380606886856,15.790185751124659,1.676849589553964,56.38364996671739,40.43565667019315,5.589892126309643,2.7555071735920103,3.2238988044604997,0.5654097522614706,2.5696784462228988,0.47019611788706656,0.20462253709812828
18.000804173661912,1.1381283475730977,319.9284307022703,0.21723538995070296,5.013006508298281,9.172255726800385,0.9571260621991207,27.463171968073972,41.64621852030166,4.7749368906526515,3.6049604221267275,2.0339050090656303,0.3769879754190129,2.8107176324125245,0.14789776322010367,0.11782943105724106
26.31566641587361,2.9869352857928955,259.8804147684384,0.11685239521003618,3.844669583151416,14.94419537348924,1.438898325265792,39.81431130696748,37.66667485996009,5.183575500298225,1.8623921760956388,-0.7888394638167513,0.0,4.132498097716932,0.18371256876034656,0.11962014008640727
28.463116564984702,4.291693369657349,762.8811252847769,0.043667935554991634,8.300821457610065,11.600586702444552,1.856764173166893,43.773184956257545,55.5451859609319,5.253608978490138,5.828019440356691,5.279794236515219,1.0,2.653686632792118,0.39911830248495656,0.3587418201261532
39.75558991192066,1.088370414329757,426.79517201477404,0.03533336829325226,6.855290248980121,19.446554639192527,2.6344296626108825,63.77853857693275,16.48317407965331,3.936378050571995,4.330907745504032,4.460096776680958,0.828111982095002,3.182600055325945,0.1797740743793067,0.199039431406624
33.309679931423574,5.045693047349149,849.5702306205588,0.15921546838712786,11.192623761079707,14.128420321815621,1.6272478910341763,46.20086030488567,67.23774978908375,6.299521020663757,6.490247948184184,4.476485159216132,0.8440531133339014,3.041981111271682,0.3649316896833556,0.10775362285309129
62.46328005152877,3.5145715762276235,1623.6483954292837,0.1307446590930893,9.707108680158724,26.91573432003791,3.3368553630212014,92.47250167779889,58.66897387432308,5.121546174112501,4.70939023827578,3.2363210604750314,0.6314504087404194,3.250122359664359,0.23066976512120468,0.16007964892524734
27.133978635550456,0.9573050810461535,454.6583346837215,0.15664769159218492,17.488043765543697,12.819830338067568,0.6587985907640916,43.78705219447061,28.41727789444375,5.12270802915599,4.857452900455294,4.965535545908038,0.9974828913378714,2.872011576200685,0.41873217493309633,0.19720628046434027
65.12443241960993,0.6182208745894497,772.2935871913955,0.09645148402079766,13.598714952068905,29.239114400463475,2.4315593350428855,100.0,23.309865108026568,6.0338867725959915,2.473107899309273,1.031371390947127,0.31759472446301,3.6880062963294042,0.30112116174702,0.2985291364790802
71.12882504821707,2.9134535186956763,453.4771263725907,0.09083666444387974,4.65213975839615,29.66966234246345,0.9339959345341894,97.26179678139275,42.26531808512666,8.33416243330491,4.377033076158404,-0.43783807513787054,0.07645846496293923,4.114606032272451,0.03628373406446908,0.20378739215131292
31.38277803662507,6.118400052824218,840.3377334451301,0.028896368107518278,10.157456212370064,12.038031270709277,1.9420585738425133,44.33540499048272,65.72101790998808,4.558232132615677,7.118021752840197,8.259415764831889,1.0,1.2956730001628194,0.6291556509431565,0.32266530769567864
27.280239767294546,1.33844356312637,805.1378600472503,0.09890103801135425,3.484685599355278,13.361610925877107,2.6490111646748757,41.02119044007091,30.906482620581585,3.29061341854454,2.4667612225657307,0.7338098472505359,0.1754723973609207,3.9308482846639854,0.22459796058814796,0.3433870764142575
26.989643167369305,2.47439687209406,504.1919881265359,0.056335203000451015,3.1318056468274573,14.505606346098292,0.874803019637885,43.28198030068094,35.15292283155701,5.320196257820917,4.6371047009246045,2.565589652005575,0.5356777801832937,2.979118464559998,0.30326039769662616,0.25033533906275773
64.10487301498802,1.4219882159478412,535.4468434029255,0.12405549210699975,0.5729024373832934,28.68255414209009,1.7625358226484007,96.6099368828123,32.649116091024595,5.806889467525214,1.2629501594674188,-4.112820445659255,0.0,5.0,0.00014886055418617677,0.31467821825689946
76.72225251531518,0.8665466446675869,1137.6973530908597,0.05057760346892596,16.955473231649776,29.973528471742643,2.7530629628179595,99.350726559625,26.407959305648948,5.949349894747725,2.5786002354162285,1.7353750567611763,0.33719798140129587,3.700329652536163,0.20860705521949482,0.2677817700517243
75.39838385675114,2.0247637653366493,282.1153630558603,0.2212678422620679,9.345649881340746,34.7343084287638,1.1744456868183122,100.0,44.866617590271716,8.205375733735558,4.100071462587556,1.1087418089998602,0.2044899478468427,3.5086776295861357,0.22877462998937556,0.13158810249835595
23.27023580846486,2.904206117582023,487.3182427434421,0.15016986376532243,5.906791414333109,11.5815391660597,1.3657131154431073,42.242184565224704,42.71014332163237,5.539295950653889,4.28474680438982,1.2745063505664014,0.3478488306508426,4.796825823389623,0.0030965160254623064,0.16881793705540327
63.77887814412093,1.2357413107213786,634.996194358811,0.26675196075495355,5.113398685180663,30.880495495263283,0.7781891904340335,98.3374986254383,40.21854365482418,8.832226018631982,7.7320050801920175,1.3947552911088241,0.28341938486388846,3.0506145387472583,0.3854994976286824,0.11985878437241998
33.91235216326299,0.44572475713400467,893.8797354795225,0.12555747663244954,26.15861988053904,15.384055956378887,2.0769183487799747,52.286788015319914,22.27222117244286,4.7950719826222965,1.4992550373458633,3.7239638677589353,0.6936717131967177,2.6301892314983313,0.2874828275079236,0.17415755723769075
20.473234505231442,4.548246130523562,1243.8594493534847,0.06501230870376679,7.734221092623889,11.588635857933786,2.023421296802648,38.27106736144378,54.94838839715665,4.261549751810631,5.398737623352196,4.745736795866734,0.7499098419277712,2.4856882706367167,0.36415861352032264,0.26851787310514885
26.221787225516042,3.6184084021895973,231.4068054989454,0.16908764786491515,15.082952623610753,12.667768021981784,1.3051413071719578,39.27506058639298,45.392944743102234,4.9888878048556355,6.498490574425697,7.131051568123177,1.0,1.6694166557055703,0.6600425566795585,0.18359845824956866
11.504999778106903,4.37264361254573,1902.9225738671857,0.042487030128181044,13.72221773033329,5.9220627707538265,4.0,24.611522255171785,57.97530830996226,3.082502503622341,4.832806088456754,7.500455562580498,1.0,2.091017810870898,0.5080873215048841,0.23042370905377793
52.46415782276457,2.2344280557149507,237.2846643081385,0.03306712410130314,2.654078770810164,21.561561882336683,0.4165851872185381,76.48521055361266,45.22149729875456,8.18447003005102,5.080171909118605,-1.3743815448193617,0.0,4.5387508324643955,0.22116323533706117,0.2806877967297583
20.913719884512805,1.79110952690409,896.6839470028443,0.10506582825951738,1.2612128882172762,10.127296928646414,2.4482722293793295,39.56592859436902,28.68120066924609,3.091853158262209,4.473423873707918,2.2055109523695453,0.4170458096628557,3.325280596485649,0.2276577660397583,0.16336053873488995
75.97420765693357,7.379287246335663,89.07795085438838,0.21566783502076828,6.866144657083033,31.504118319695618,0.7950021966717029,100.0,84.75552357972236,9.628999530564428,6.224288741820244,0.2327788746347576,0.05712272009420565,4.005880891655875,0.14359949768664154,0.09025613542690492
32.56610788374242,5.896603161361563,397.6260599806076,0.07391766983096307,3.0209853453127753,12.795529795828353,1.3089959480770839,42.36107046605676,58.917516992117754,5.157217030922652,4.573046053150244,1.3193300875143756,0.25155925282729885,3.239286397804344,0.3937459104095805,0.27352488265820063
14.394820293940713,0.5915578116702236,1308.4294092489895,0.29414288918068054,6.234559483386289,8.217012749514412,2.846292029801679,23.31364464799104,29.494190725449446,1.534014401092596,3.023329176037126,6.4202146048688595,1.0,2.2290296437688255,0.3218921334137007,0.09734507590034697
58.567274821256596,3.8172509662662146,150.3240031822131,0.10421279503572083,32.43631646811006,27.48846793862055,1.232437127767482,96.69804859688014,53.526946133667195,7.149937045058389,4.705478141185489,5.087666879596208,0.9073465475391136,3.127764802278236,0.271488339282488,0.2858916654060529
73.90509749600125,0.6640751474717599,1237.8722404971184,0.11761042355451655,11.50900284041084,30.515188847160445,2.752522175786152,95.7657331951665,22.422110014497616,4.632445241747529,3.6967711373595478,5.450261659920285,0.9441096382315679,2.8042523542557953,0.3661156845027163,0.19230983103683327
49.679626952620644,0.3666586524156002,578.1507484062483,0.27987751392450816,2.8797627944226654,19.911923672553748,1.5005568559856142,72.90210961248266,29.092975583808,7.069925318514767,1.805993154325402,-3.3665088260553153,0.0,5.0,0.0,0.014955036558309057
48.21601998886044,2.263698304706105,522.6599408139009,0.09344309290080471,3.3556054181487833,19.727286198898586,2.1826393982003087,68.50448505229647,51.61314123592146,5.08832045422251,3.0222046324262957,0.3248818353926427,0.17605836620575255,4.5888467209172195,0.1058990371512264,0.29552045706008623
59.930363795515994,0.04011952806371607,80.38715342062682,0.010673719620839812,8.116683816156309,25.444066815504158,1.9527387982111353,84.48680446356289,35.48776577112056,6.112579563316139,1.2043176133782914,-0.1434338162723477,0.0,4.020879175616206,0.10292710488572271,0.20040593879856888
69.63175905025811,3.910063427902283,338.423374164569,0.1637976565991202,3.9095394722082117,33.45538374311148,0.4278419815855323,100.0,47.44534364703397,8.272152884770625,5.1294344427924665,0.22868343007986203,0.11556254298290158,4.078318382232883,0.1473492102870507,0.1722205593782278
54.56350573333819,1.988902678018628,258.17769316209467,0.10539290958693709,15.085093977902213,23.615846867223887,1.8450947453303637,78.10585072824237,40.93124305692553,5.8198214969736055,1.0016565615290274,0.9218403190450941,0.3027992731665395,3.6695613345047917,0.2397281469468564,0.15670249652020135
15.547046644683757,3.164376188322208,472.4816177899437,0.03594659292098524,9.134401585660449,7.0896431657165175,2.215126352509564,28.178911326846887,33.417754490767976,3.5417713651947764,4.0105429768019665,4.225859720476421,0.7626892358808934,2.9822068135166377,0.4424686752657933,0.22482222056444823
40.60167999904528,0.4827721133302297,423.85980430115353,0.028756974525057023,9.22599659942454,21.108065899879314,1.6465170371444757,59.64670056658641,26.90720300105412,5.613446353497913,1.529747011799978,1.2005117284454905,0.2164784985010949,3.9579200526058433,0.14242411547973355,0.27065119734133397
0.0,8.698937394891589,1052.1401141217782,0.0526754629902647,11.35091585391115,1.0,1.4286382471784402,7.794056311071009,88.21163189360738,3.986705730252721,6.939608173245592,7.739128341553168,1.0,1.659889812469845,0.551603243414654,0.23346703226181614
70.08651288833919,3.600134085346085,782.4053205987109,0.22011916833108522,17.34212567257527,30.412536160616447,3.091103879257232,96.84794005386115,42.16638875159773,4.220869887076785,5.031735734981258,6.691685416870598,1.0,1.6384507970350581,0.5230099260589682,0.19198890308475897
62.20993941148575,3.2276197909468904,1444.0943305466594,0.11372553972827086,6.858699220896862,26.125610714584017,3.7737369765059046,88.38519144663162,61.66893793129642,4.7298830412041335,5.6434281417070435,5.7841898739746656,1.0,2.3915535314372907,0.673467125594956,0.12973210928887613
16.692221446355504,0.6031972827419088,154.71132289628272,0.10810502448524355,4.298242201531663,9.200507970936783,0.8975168401926721,39.36852858602368,20.31098747465863,7.000480767509949,3.897490067330979,-0.8192726018674383,0.0,4.715126682188627,0.024725737221415633,0.2667737472352705
25.65310955312989,1.4409000315301956,448.32559182273013,0.029805956373625556,11.958240346588134,14.58607004872021,0.7417116001604753,49.34528833883782,41.19792748162562,6.112650496718592,2.838276681031645,0.6324500468500351,0.2591942331741166,4.265831502280992,0.16183721370398096,0.2738614781764928
60.17916083798952,0.6667072430640726,365.57516833651226,0.15854968264502994,1.5131694937748719,25.19108291988472,0.8461043384759175,79.54518426483024,26.263954635497743,5.245819817589636,2.8976581111131323,-0.7760823003574282,0.0,4.459401332608107,0.15439818742385347,0.2602650992062646
46.25510513045006,2.34889840777761,2304.347402299143,0.10144985261901429,5.290879445987653,19.824862986973756,4.0,72.94226044354892,37.875698943855994,4.213543676855693,6.869296182520373,7.768868304061648,1.0,1.4765208645613357,0.5969740275774361,0.1804733428176955
33.050350216532344,4.38859688080819,1163.9433601944788,0.2007348354885806,6.886313975115561,14.402839991026578,3.383080646372452,51.23794490005653,50.34925249199975,3.7140950501428103,3.8552869371396277,5.286383048276922,1.0,2.3303237089237916,0.4258471295096526,0.22747142839304402
21.081264352407967,2.9497666512995426,588.680001582198,0.06782611401648628,3.698504000389329,11.237714169512728,1.6477054740426897,39.17502373605415,43.27522620628443,5.003560892203591,4.796029522105337,2.3374104315546123,0.4739140299952674,3.36203687275092,0.23560411009356932,0.16743106812600436
26.340768107936555,0.5843610747616883,903.3728643126939,0.14425303146527219,9.209898686446397,14.200646389492501,2.795040771326063,48.43291381446154,33.571200980821494,3.677493968273547,2.690181799687688,3.4947286464805027,0.6080437858750484,3.6127862137013977,0.2322200166354307,0.18953743947819818
47.059347407120335,4.359132801207857,309.36596201579175,0.09788198311011043,17.153620060209203,20.672604506452206,1.381445633877993,71.46610642757854,52.71224281125355,6.900079460247845,5.223504301229005,4.534586472743024,0.9115159002174864,3.0665058811566452,0.25132262684422735,0.2207609357457314
45.20372297208275,4.1122902956697684,1335.4046378346504,0.18760703763982128,3.9902952219804795,20.113317961051127,2.832473926642423,70.4601623816113,57.5105651410984,4.683640631340752,3.956663070104577,3.5635705849792574,0.6816651184744174,2.9425565029763407,0.3419090236141717,0.02743959676679575
86.25726466315648,3.360839055978452,961.6207320873025,0.2533515322400751,15.896261730482388,40.59047969139697,2.4889653526551148,100.0,49.61426394594836,5.797083649213591,5.613473365590141,6.264865498440873,1.0,2.2037103743291566,0.3176715370147663,0.1801005467280974
85.21835217484696,7.986760587362421,388.28506371137,0.2618591285173247,6.246549863086605,32.608033108155745,1.1405223274528768,100.0,82.28406875079682,7.8350009857741245,7.68190334080237,3.9933284534413485,0.6985470373396183,3.1705804493562826,0.4723779862125803,0.1328417913640097
69.15010788363706,0.16909974721453264,35.80466765941937,0.012778182141687699,3.576562052409451,30.039026068454728,0.6929124626870355,100.0,32.857431833863274,7.9026853765464455,3.608432270810056,-1.8221787455681502,0.0,5.0,0.08811555552970987,0.2382012225317413
67.49983679753488,1.3806864573116349,3110.1414032736493,0.16381848972507887,7.373527020603151,31.296374504402436,4.0,97.48475055977714,52.93188869754207,4.370134794538224,7.805873935552378,8.245500247710636,1.0,1.2445226426843423,0.6406309243261453,0.2265882310261872
76.51461528325473,3.1218746903132715,224.80599379757774,0.16414564953341737,8.073946248127754,32.158535963935755,1.6334904697730581,100.0,46.279710150584236,9.286052002889493,3.6921632272792344,-0.9124598376384523,0.0,5.0,0.13006415945016758,0.09211368825429275
62.92537369135187,6.680619217074709,693.4270579550996,0.17924690392695308,8.655536966057044,26.24378747694672,1.743510655878278,79.07448989569728,72.744947376242,6.670244262105126,7.385310465898094,5.819732094429741,1.0,2.1509166055035105,0.5085295750590555,0.1490563162754412
78.73862295983652,3.03774187610863,787.0221223130715,0.035134125360953825,10.644178821533552,33.926620972633636,2.806494376844858,100.0,31.320373568597525,6.580637775733148,5.304628768626809,3.4357792600935064,0.7609556959563222,4.248534510140427,0.23860566809878397,0.2793208566793873
83.06556726950537,0.3656641296340035,137.43773988633106,0.13003479642776947,5.879966931727874,34.41039653298182,1.952131349030281,100.0,29.9206638246546,7.786962369452683,0.949372848576787,-2.6372648640703615,0.0,5.0,0.021370276693820273,0.06972005134367124
84.91990613092894,0.9385994342328249,833.4701159666884,0.2257599139552244,7.177224384774045,36.158248176141306,2.3176643828844496,100.0,33.80225856799708,7.928908772335925,4.016939274746143,0.15619923177999107,0.17442325428772765,3.9894338976648966,0.17664403384917018,0.08388852019014376
10.539730241233556,1.4420137338729289,1475.3166192418842,0.16630279753069915,3.0769638756081634,6.987509762729066,3.394073676557759,21.501227786741975,26.656019424089042,2.162471936760804,3.6819784305501333,5.060996471215784,0.9659386328359327,3.304649413081241,0.44734731677690504,0.1639195391273991
56.19671831773718,2.8370624425435853,342.3905642881951,0.051588854497816874,4.434081526442794,25.352704187439095,1.14518374165805,80.65375159720469,47.06320531470497,6.435775500662495,3.072068793415525,-0.7888310963769946,0.0,5.0,0.0,0.2731990474865958
32.386432030955234,6.1858922909191145,309.24363739937854,0.0753849517664258,6.740923353281316,11.984701835868579,1.1856824543889855,41.58528409288786,69.52155101159882,4.288334777716163,6.100341525103842,6.094470737227394,1.0,2.3008994979047035,0.4413925492180262,0.23796075966856053
81.89669831165345,0.25201139017088003,691.7756732744559,0.2451523012039902,4.376370476481095,33.204543630555065,1.5257913554064957,100.0,26.731630468340747,6.868757111082006,3.6599122323840447,-0.6567827476416652,0.0,4.4778616539447595,0.15994115549270063,0.10288417673577893
77.52516644004648,0.28348446401457356,633.6145190677994,0.3642014835748449,26.783875581271502,33.56291535757853,1.8769986955686493,100.0,25.070146809896872,8.007843330791994,2.280397701684211,0.16776310828491792,0.039054243581685584,3.6383834891909,0.2827204018079805,-0.09067741822862357
33.1992839968827,3.5336105874320785,2631.210667455802,0.28228760794812924,20.414163030290197,16.983648369379434,4.0,57.272254705629244,55.72831097800821,3.549261237403407,7.16029049053718,9.730708722119111,1.0,1.0,0.6975076635978706,0.0835269604937964
14.419562771342157,0.07402129126424445,717.6699697295059,0.07276087675837442,3.2354876211170778,10.63810195060958,0.7860429681326446,31.595978524829786,11.512504017205458,6.336362190545407,4.253094244266938,0.5085958858910902,0.19817282203731632,4.0680157847542455,0.17991227092112783,0.21602327686165068
21.463454063740194,0.31495977818645904,462.77965346816063,0.24544617472969985,3.5047472384192546,11.399825623802922,1.5637155121044433,35.60295023446335,20.203740201922866,3.3689701654135025,5.208494793286851,4.848294235368161,0.8497838027333523,2.8638454845557018,0.4017374728191543,0.0739041435566736
27.727894924575367,0.8712578546685164,234.48537559156964,0.1464986967358855,7.162514000710906,12.798362014885527,1.5721759637918113,49.28176198479363,28.616906098690695,5.769921693249683,2.9854585745561835,1.105513044015596,0.1008568347341961,3.6121792526421848,0.18101304685647873,0.10225064068062495
36.44709433448241,1.5483278519303045,302.00261146692907,0.19585841845456442,6.621683411290488,17.95281563962858,2.1831148125250097,59.656224831336715,24.562064184264848,5.2753660039056225,1.8685838056569617,0.7775552889397116,0.147124151749902,3.7584873421726965,0.3563668645911665,0.0807971736339416
42.84774886230136,1.893594929504973,1039.5980422857792,0.20054331541221812,5.010957246535614,20.516258306613718,3.619711309736507,60.515144559196365,30.200697069961766,4.966492916764004,0.9743181426780261,0.10846467601559906,0.13234125849518977,4.177177639721823,0.08284931036041134,0.21143282575825295
21.869919379113067,0.5943976148992136,304.3056947136014,0.22231905477784147,4.492745496559535,12.585932061290158,1.9944533182236213,44.19159370270346,37.634998286785134,3.678828100780491,1.3909870505607136,0.11498853432115586,0.06634802728000667,3.9619278374824334,0.2943834788727926,0.1951281110307261
22.0396655440042,0.4719335191168299,317.78859763349993,0.21920210266297696,4.1191295805301555,9.882204928430399,1.6540824195101023,35.844372712982235,17.864845588373214,4.48715384871611,1.3223438870265027,1.3785607095275252,0.3317762163785972,4.107713094408955,0.2265192161994567,0.13538666000089658
68.95206880374604,0.3875302584127354,1237.107046988444,0.009460685612121033,29.579536028805112,30.818243815137027,3.327366672489043,98.86538987666789,30.962670007655866,6.340722014044366,1.7619330364486439,1.4707559168185607,0.3559416549406421,3.396783461099499,0.2950024537704582,0.2878267471501943
67.86400988310294,2.3831637860052584,1458.4639803933185,0.07221255145521954,3.606690273457935,29.241689966910396,2.8398166354432126,94.22341676179616,30.155592644032275,6.7591626159747,5.032744318124458,2.24075537495993,0.3604106614252825,3.5823752560699056,0.3840831693430303,0.17728063791914617
31.42975887623696,2.956796438897509,417.09137386906417,0.07214484523343542,5.414993522681721,16.59941826684783,2.0739038935759098,48.20588286608617,45.39184483244398,4.254325397450344,2.5970435074823044,2.87933225569214,0.5561937432596679,3.4614621226363713,0.3036266318816385,0.1872010741263474
60.397501371400544,8.139614707059255,403.11260142632585,0.07413057116661026,2.9072497534105786,24.961967102206692,1.0156813489180523,87.38895931161716,90.4502226110087,6.821387521292846,5.491850037265931,0.09601599860533105,0.1654440753270246,3.988289086040292,0.11771124877794484,0.20787810622720884
40.685071963266346,2.0418929766691813,436.1117805015619,0.315297767840458,2.8578181361936323,19.930603935993318,1.406087740850439,60.86000795711961,23.516919017608295,4.448925926163699,2.9749213706113373,2.2633148376081564,0.417778346764054,3.8355552602669443,0.10152468588943539,-0.00894898833966945
17.255612909890772,1.4586604996829364,421.47923064250233,0.03099381770178145,0.20307421224585948,7.2146384253114615,1.0213665720029197,29.388840129588004,37.97810375899516,5.912681965464237,4.468004755062435,-1.743132627718687,0.0,4.964240375183132,0.06695859875021751,0.20155748737845786
34.2754490572825,3.2278389333555846,311.7783255138097,0.17327587453788668,4.335878161662986,15.508079066436052,1.7456665356098369,55.986302576964526,35.015075081560894,6.439370015723387,3.248151354614265,-0.07359125023270754,0.0,4.477758204506993,0.16796306960399432,0.08249584061224115
25.019012534404155,0.15273195208574317,561.9711123775064,0.0848076085318538,10.67254147944259,13.614078219472667,1.565700767213496,41.063586924859244,23.366009546544383,5.10104297457612,3.1565885703827696,2.369769127872628,0.5722514771792169,2.791440066726544,0.4701673346283649,0.27367177575544993
78.36024748529113,4.376744678205003,293.27720788452774,0.19119413910836444,4.681646685933559,33.95354424669092,1.9860910491589348,100.0,47.777650326014644,7.927341222173175,2.780323510152562,-0.018825089090747094,0.0,4.123391540120061,0.08316217292187038,0.16672989013580813
55.64868765174545,1.2749346295545703,1240.5466789748673,0.02887707786890059,7.616896063982776,21.608046070780716,3.2948229584395388,76.2538375089968,35.98045406606873,4.430004670407749,4.3826238252612715,4.663000127383831,0.8559429283230553,2.4577022295272406,0.5207412136964651,0.2382441731188014
34.58417979630248,3.8316151688333417,711.9443587842642,0.2403787171340357,0.3332324223149643,17.385676626371048,2.025512078433876,61.14010827898812,59.10424745630995,7.15628414299581,6.16630597936237,-0.8811015452364395,0.0227161524966719,5.0,0.05930762884299175,0.023079860466409863
67.5242700392125,1.9493459096061936,944.2653229609654,0.11971675653430923,18.65629969882975,27.32929361169466,2.4926041219817954,95.67043546317741,47.15936781864526,7.412698856167083,5.505293074504676,3.133702158921378,0.5688408024910683,2.8222863806036322,0.2723102287964213,0.16455936239235783
20.17874219628391,3.5323599853561705,244.7073032888825,0.18699205940304933,14.197130265814256,7.154450031196054,0.750499882621911,29.80891953350895,46.89100916769793,5.090677330274673,5.172067932700428,5.391725263528395,0.9772918242309837,2.683975615584934,0.2822700255833312,0.18232182087665627
40.782866306916745,4.509628584058628,2163.3188046041005,0.21836269684603893,4.153017830456153,18.894971525189383,4.0,57.69462774302118,53.38220553068545,2.1532992765958183,6.298972562518792,6.385649603682635,1.0,1.8718151626655217,0.47318719020781164,0.24201737349409724
13.513748474478845,2.551652788962366,1042.8845386787068,0.06153044793315405,26.032989227009654,6.574312864538834,2.5659283286908328,13.95691250609842,54.25580303385167,3.508533744521759,5.726898382960785,10.447605547647107,1.0,1.0,0.8013629505277041,0.24955032354685489
69.27356309045987,0.152852317214183,1432.1446600655147,0.21618274389629466,2.573595074801907,30.661245654116108,3.172095784905641,100.0,22.48772714604862,6.515565614865415,2.5537472802019727,-1.130259783459435,0.0,4.85029493802201,0.22032400226207471,0.07104714762981765
20.670420945639687,2.338894548187227,1778.877829153625,0.2536020986629084,4.407859074486458,13.338657012434826,4.0,42.920543898686184,47.82264099019611,2.140646163758439,5.377976249955105,6.616361296450067,1.0,2.036006496417557,0.6657153609622349,0.07979259140761745
72.81834297810987,0.27231929375699143,450.37972001782725,0.04419538918518289,10.140030806187555,30.01025910431799,2.4214656233544707,100.0,27.72716906318516,6.7162517762671845,3.0088153751007365,0.9448042714923138,0.30435310741114263,3.7891258916764263,0.3138197576222512,0.339317520208789
15.354669406970123,2.5838515932769552,830.4898618874375,0.06269259046487692,1.9522009087630576,5.714285741276234,2.321434858328682,19.189451527186918,39.133221969492,3.78087698121503,4.190971558826569,1.675022058797901,0.29053926879583347,3.5291292094030586,0.23763413129539063,0.28967896744755595
20.90142772105567,1.0541160221021424,2317.219732883913,0.08112746824675227,4.197273312454854,8.003738041608322,4.0,27.853941084716357,21.621611516489892,2.207194709572752,4.753726434139089,6.198998114784101,1.0,2.697510570363942,0.3590355794923345,0.22872179373353058
50.31403191832064,3.4171001848310545,595.033038638789,0.1717186495276401,12.535874467284943,24.647885145887976,2.3418974698572232,78.23187708151387,48.99350992327274,5.314747211339828,4.262102247980825,4.877114240642489,1.0,3.205824995778938,0.45340044752057646,0.08217592269304827
81.73229702383325,1.8033885801776415,1205.8413286235161,0.04233730929924656,14.891458224707375,36.695978421734424,3.549965638234497,100.0,35.12864323114588,4.277399718421011,2.419328510076906,3.452636273509383,0.6998283662454564,3.1739499279122745,0.4881065929549706,0.3101169249755616
46.82981995997969,0.5988309068632217,1849.68865286036,0.03527108477037555,7.587357007730118,21.707119398253962,3.696764080150175,75.78427840683939,22.988870781169876,2.5481444749354676,2.4985454796473254,3.7598659337427844,0.780975759869194,2.709396078338236,0.4601620140467556,0.2539126668803492
35.686188364923595,2.8196966505445444,674.0286483036173,0.10974142875460818,8.389317613755034,16.39679277576521,2.105260560283585,61.48225364260161,30.158833093320055,4.666862205800569,3.0782385258651273,2.725902146211577,0.45453099948451714,3.782581196707552,0.2920267215792863,0.25044412787518117
81.39582840020095,1.7234691368745907,135.6326323795402,0.14075360194502592,11.813263981749408,33.68828340689575,1.488248358885843,100.0,45.87679318539614,5.6930240771013265,3.4840893209534354,2.8479023296550725,0.5459934503502959,3.3287190241059608,0.25929786389449494,0.21110335154453047
77.41196659165014,0.34304965919796737,1012.8288044788444,0.17542361037319834,11.367782939081511,33.64710374840264,1.404008153198558,100.0,17.51895716885616,7.812809463481084,5.459023377043105,1.4716105292149417,0.30624991572422516,3.3292395056452615,0.3095844102861561,0.18142323073260913
80.29617710564129,6.417155308530835,1008.7305123831104,0.0290730748517775,3.58081610878726,34.28690639035057,2.142018235875987,100.0,67.36357025179383,5.973763705052423,7.323707711512185,4.568663614016719,0.9823321381660024,3.432966187232721,0.25693692354318587,0.23428777844403118
57.400465766397325,13.751015327055104,564.8857377248424,0.08968912886266882,9.600662716618492,22.547191844822756,2.2304214414008374,77.72966503793522,100.0,6.251647855770043,11.398903327191883,10.738311583306599,1.0,1.0,0.8847017468326204,0.22152861405055066
27.538743273515752,4.381610634058872,458.5933302864199,0.025787837879073624,4.34556048107637,10.207863821622082,1.1019875354508721,33.9547876919156,53.969372900610495,4.958734954675265,6.323968458739445,5.328966583299943,0.9916819652059883,2.4251757664510856,0.35034664887272066,0.2616997349989825
17.525753087454433,1.5674576373667874,319.55111108032315,0.10585817273446659,4.606804437863641,9.289721792503206,1.756057814573253,39.51120543552564,39.378930762920064,5.529043659614164,3.755383682835136,2.1184995755697367,0.5354633419888488,3.975243340605207,0.17559270371751762,0.2382926697725279
74.28645188401036,1.8517409633410942,81.8091851555339,0.14467752109226628,11.970451187557792,31.58247442904152,0.7978471316492053,100.0,47.78293744513103,9.779438300920601,3.636451426111264,0.7107226315861979,0.12324509478984239,3.7150894743894805,0.16794465069741504,0.21206157167470652
33.413320978387794,0.9104089198909725,30.170755373446678,0.15921292277950572,19.4497786605744,17.349439164316962,1.1263159137164156,51.61531202531989,22.922822153259805,6.769333142308883,3.111923312507386,2.2117832566044506,0.4565597644298359,3.5762262775277414,0.3603571422220744,0.12115280367662831
32.39485819021125,0.5728616367594901,394.4057340015944,0.17102406481943258,3.4844274907132484,16.080047516487138,1.6261796125516457,45.36516651641844,22.80219358138811,4.1967607496005535,1.8540266192148196,-0.19026604787397405,0.0,4.6082204372769775,0.10674543746594896,0.20815912686715793
28.380526275383872,3.772829965799489,619.3702733754635,0.294636213443325,9.621950459379159,13.193699049477805,0.9089288674684466,43.29055748928061,44.60969009181235,5.556542368387901,4.632351540338275,3.4070279275732656,0.8585889273747628,3.6292313033081838,0.15865018914913154,0.07468292648158728
76.40658150414889,0.7058858181032397,671.291506389771,0.08581208250297301,7.27018816649882,33.227277765588504,2.540604915637287,100.0,25.43669716024474,7.235191028604895,2.666937064232542,-0.7782366005490827,0.0,4.173274175248821,0.12903305996610612,0.3358093978317357
67.74907944447475,4.085321031055659,2757.3836098197235,0.22851199853854867,14.349730433265146,30.289640606414793,4.0,100.0,39.96674780102189,4.713458573367746,7.7232194633174585,8.133281019946958,1.0,1.4794304453810967,0.5743166062411216,0.192217691190797
39.402329321924256,1.3813889996093587,461.16955274264217,0.05429783339792095,2.6218851281244233,18.513500954908107,3.220503238984846,67.46583139996096,31.01898470201321,5.410762578541524,0.5,-2.362768988096164,0.0,5.0,0.06917670647922505,0.18007481822403987
86.20876958799876,3.009099413033004,1206.6832945715553,0.10448799033629229,6.18657580831439,36.63817362980676,2.138943367390473,100.0,62.320181082641994,6.528668379219617,5.172210189871801,2.7437527583488386,0.41443915930604147,3.944103986539502,0.15081284771142517,0.19297102852890097
52.92487344108006,0.3327051991688552,1097.8269024527847,0.0764163757401755,19.072452293071773,24.66663677512149,2.725232281563793,82.77913653825956,12.025158244502705,4.922987621948515,3.300610794731839,4.385685778611836,0.8153723934933468,2.4867993161827995,0.4912123285672249,0.22859283464340957
36.15348382965216,0.1617561036691356,341.4520103656201,0.1860395245983532,2.983292644282301,17.169037899930476,0.7778714993439565,54.356152326693724,4.212613546548351,6.547273516090564,2.8906240650773127,-1.6931215471119363,0.0,4.462521967019591,0.22175052848680754,0.1285894985363981
78.43106295431147,3.8468350729523415,862.7825718087985,0.21679001480624005,11.08090911220376,31.24508192564319,2.6488028260072354,100.0,36.62751802979087,6.424788985003529,4.969537059190132,4.151888554645992,0.6275446465859553,2.3732390187189973,0.42654740779583683,0.0751689891502766
86.21637348296427,0.9868488101537243,297.72240407944275,0.07348183295927473,6.841992950760491,36.49083038907597,1.2336135112483988,100.0,10.676559975995264,8.222487438929086,1.7649957451829463,-2.7120956333978516,0.0,5.0,0.0,0.20125718911874077
33.2956916200387,0.5283866936105588,265.4241011357305,0.23142058397374957,3.251823211131707,14.09328423618317,1.5870565732339679,57.149409914941245,17.828889804774512,5.606642933434148,2.3460542939203575,-0.5933833242526725,0.0,4.791465289799134,0.021415158566708024,0.13839650303819973
29.558282797915126,1.4667527120373969,759.9316683290298,0.2979208255534762,2.1369976308749536,13.196497446679844,2.351776709523759,42.35968575936951,40.400191672056295,3.5604610664584992,3.0015112382867284,1.73302828467743,0.2621483130370301,3.724559334564556,0.3421485137873051,0.09623296676699652
55.85626762458526,0.5073630163625116,317.76802053127824,0.2896811905261763,4.457552857494921,25.6439804144109,1.4426480667614507,85.25471389711035,27.656489398098397,7.4924487069231285,4.07476572759319,1.037816268512255,0.2585323158713118,3.8243237425126138,0.31941801499849176,0.029906813486645645
32.114871720064194,1.5598354725900816,1546.3417487153083,0.12203131554852545,8.618790709825783,14.897312342217338,4.0,53.18662554054249,45.17450955490274,4.6608285057698895,3.9493367345598522,4.532669362859128,0.8169054868415295,2.7603832895565197,0.5074119311300154,0.26653050448586957
70.55856950318288,1.136576214963378,455.19382928690055,0.36390768232080256,4.2475722627873616,31.377097058809323,2.1387903106884534,100.0,22.86470724960876,6.836985838753657,2.5940487617254018,-1.469101942286951,0.0,5.0,0.0,0.07282540082221955
79.54191613644217,0.4082259082235923,480.0715125254488,0.11584523603037543,3.1877464777262974,32.51821918271877,1.164364557434773,100.0,11.674478914599485,7.955647489771862,3.7903614156402785,-1.849897967015103,0.0,5.0,0.08959906421947587,0.18954512658399764
42.44554278967021,0.6583737789797077,153.68284516905916,0.3171002270652597,0.752047992196571,16.76109523821356,0.6801310241375089,60.815385767249296,25.47220538632964,6.9153174127398565,1.6969355793213263,-4.09308104988807,0.0,4.49886111809537,0.21023980166883527,-0.05092035420968641
51.44234133837203,0.1955642832044619,1586.6952639744045,0.19688274410679163,8.407582550144378,23.234910970431635,2.526133201160698,79.55390774306241,5.802931415694674,4.67675202870356,3.704246292519069,3.0804486734517167,0.4679608285188286,2.5846217993612024,0.46071838710003904,0.17573867429173334
80.48943804699364,1.3334419293386908,394.70765145327016,0.11573862437752772,11.032551060827272,34.24052956885928,0.9933580617416122,100.0,24.27429932793749,8.995589203805105,2.4953427216242843,-0.4546135442089212,0.0496997105892199,4.968719997887077,0.0,0.19232983349306312
34.543733902415966,0.621311168450414,183.83022097059444,0.06715821744481063,2.6461828744388027,16.23213966577449,1.5656997680281737,52.249330657039245,25.01255752212859,5.538992009955102,2.545621513994913,-0.9805632452821245,0.0,4.4960686438941435,0.11443325278448085,0.16052777290440667
53.067023189408204,0.9977527866434932,481.8805550907194,0.027113078052566048,5.379039951061637,22.505183406728676,2.384761218950866,78.41543765167332,10.223544169859206,4.783141415928048,2.1874180317195755,0.9453613685113588,0.1754850219771521,3.659612303605395,0.40818828020388587,0.3169543668923182
23.983870836297985,3.134231160424306,302.0089826110853,0.08409183574263829,2.3429368867824136,10.835159850096105,0.25872226299954026,33.06787549382203,40.001464850730834,5.760480163990633,5.453769351721295,2.929627609052061,0.6350787092683775,3.0268770404160876,0.45189704387938673,0.19747309900864393
53.94915905251387,7.063517733312567,1025.817678264631,0.09386093337252079,17.986223192003937,22.473962843681058,2.52061396832964,70.98485749083713,72.7531521819635,5.130256362730684,6.4548887048509975,7.083297530853729,1.0,2.2152193993675895,0.387700702927798,0.1869138924472225
4.222416722119256,0.25235253653294515,661.1876436946692,0.11982933870502568,1.7594434073077756,3.5673897205591367,0.9798120097820582,15.190547931298731,17.447645617854974,4.562167387451701,2.4964924922280307,-0.6280049465455817,0.0,4.9060354495594325,0.022848502251497566,0.2843753830847245
31.70494433030709,2.1726329074885244,887.8655054354397,0.14161400032236368,3.946131499121711,14.247065424920512,2.3073523057816123,50.5954047296024,41.21907584820045,3.705709027428151,3.875771343234512,3.5039152618758345,0.8225517010551837,3.1736735890615186,0.17220945435626878,0.1657366009909118
67.57721969826281,2.9594360522455494,765.0763973487582,0.26018215752619883,4.53609947107502,31.3801067472059,1.9390444843202288,98.97823781987972,44.33905186421907,6.097224600067593,3.9202993814558087,1.6640962465801714,0.4752555231630522,3.515957390205112,0.19723074927747247,0.05057274024371227
50.793683173779286,3.265263819285998,746.888167122838,0.1347627089773667,9.274812348905417,23.857569900685434,2.351582823580208,67.3575249441328,49.49830188891465,6.218435189649289,5.642965020756661,3.8966243722287284,0.7631044026601592,3.1353752712794334,0.44930977901708735,0.20126196266924573
33.5334770090396,2.617862148955859,621.7306164313173,0.06067751305803032,10.297170069508605,15.358764050793997,1.3614162646309613,53.55867160110981,40.68450798747208,5.041290440527724,3.3123996813916334,3.8549757363281776,0.8415452985713581,3.1982750795199006,0.30595231272218426,0.2101848425053276
59.71765385983271,1.840798234858482,1302.515954452737,0.1304436265709358,4.584176083117712,23.897226378898438,3.0041221509007996,84.18481881964735,44.70495385724957,4.144059276044086,6.293998047621729,6.251017506993255,1.0,1.8121642274050123,0.5866526646448686,0.202627589406666
89.60164968188089,0.1955126884629842,315.7813613656108,0.2841867882480487,3.870017768235918,39.01578308179146,1.470374848203285,100.0,22.137436945685035,8.116498258119078,0.5,-4.288661847171096,0.0,5.0,0.0,0.13152935189513548
84.96503718547301,4.788459417185296,273.895496820722,0.2526055409256984,12.432599169577632,36.14745758162148,1.8944538453156214,100.0,55.658455846530984,6.221987973365066,5.71206284385637,4.832466868035259,0.9149643350880186,2.572480867703752,0.4581657470853971,0.05071445736351465
25.08889255155336,0.11935585762058788,988.133312153422,0.07265434782526006,8.031403520002213,12.5399218122965,1.678465440919508,48.90115541820249,22.33117995041731,5.563109229683002,1.661352752256067,-0.7103879296187865,0.0,5.0,0.13196352952043644,0.27513275890600725
40.33227231668858,0.5276253572506079,159.06634976650992,0.06912122273071034,11.25339694358982,20.766121033122264,1.8763804893663698,62.694923402750504,33.62706616444085,6.603736838591313,0.9386791568711934,-0.926112974305282,0.0,4.434021772244698,0.2799570428801864,0.19596128593023096
80.33363131903315,2.523473795195668,2018.4545914622095,0.18510330696695934,5.670401453192807,33.997996577140285,4.0,100.0,38.741872103971325,5.076379611824619,4.041372117076719,2.224076097442355,0.4428403725820451,2.9505522470571584,0.2581739204553417,0.07342465399753983
16.445621186337824,5.390088710095153,404.80857155414986,0.0919986869628949,3.093121877813293,8.795067448187329,2.1012969337507035,29.776991251434797,69.48586634952343,5.044801442419957,3.9556143989660297,1.7723393613303406,0.4841533887288437,3.7809628435093394,0.20468526620695013,0.14903742041148194
20.24726231994004,4.50071746731613,596.3059267590139,0.3477550121723788,4.566689221788355,11.860897811781495,2.345093616831959,39.74266934147892,48.59366025363914,3.523515042016628,3.695636517405914,3.497947490324543,0.6765296473583108,2.90901425736311,0.3835922200432642,0.0748090581405938
57.42715631038904,1.7675759801975508,725.6246540229608,0.13940193448868715,18.270665584176605,24.782576644622278,1.8345188638844507,80.92775252367163,31.382648099993006,7.163312000973953,3.4648920976932884,2.9913467223762296,0.5512953595737288,3.0330985714713052,0.2257759617928528,0.23444542103166655
59.38972260605455,4.038608166254992,476.0343555379603,0.04656638105341568,4.574659205822886,25.32525486644317,0.9842857543878099,86.50010602209107,37.876315162844165,8.56335924724744,3.1395631718279935,-1.4637258502515809,0.0,4.368828932655044,0.1666403965410587,0.2144681946802997
